dataset_or_repository	accession_or_doi	asset_type	file_name	official_url	source_version	download_date	size_bytes	sha256	license	verification_status	source_manifest	release_note
GSE100179	GSE100179	processed_expression_matrix	GSE100179_2017-07-21-annotated-RMA-SKETCH.RMA-GENE-FULL-Group1.txt.gz	https://www.ncbi.nlm.nih.gov/geo/download/?acc=GSE100179&format=file&file=GSE100179_2017-07-21-annotated-RMA-SKETCH.RMA-GENE-FULL-Group1.txt.gz	GEO_current_public_record	2026-07-24T21:09:58Z	24157585	5f354d8a379d504d8f2fb81e4e7582675506333cb69f7a2386440b54be037385	See official repository record	verified	metadata/file_manifest.tsv	Raw data not included in release candidate
GSE100179	GSE100179	raw_CEL_archive	GSE100179_RAW.tar	https://www.ncbi.nlm.nih.gov/geo/download/?acc=GSE100179&format=file	GEO_current_public_record	2026-07-24T21:21:17Z	1603164160	5a51fb55e35593e2f6d5d85b7038fa9c72c8b388d01cfde3895e863f146bc164	See official repository record	verified	metadata/file_manifest.tsv	Raw data not included in release candidate
GSE100179	GSE100179	series_metadata	GSE100179_series_metadata.soft.txt	https://www.ncbi.nlm.nih.gov/geo/query/acc.cgi?acc=GSE100179&targ=self&form=text&view=quick	GEO_current_public_record	2026-07-24T21:21:18Z	4500	d6e06039f8821c62b41d9709ec71102e91b578c45d4d86fdbc8863b496033b28	See official repository record	verified	metadata/file_manifest.tsv	Raw data not included in release candidate
GSE132465	GSE132465	cell_metadata	GSE132465_GEO_processed_CRC_10X_cell_annotation.txt.gz	https://www.ncbi.nlm.nih.gov/geo/download/?acc=GSE132465&format=file&file=GSE132465_GEO_processed_CRC_10X_cell_annotation.txt.gz	GEO_current_public_record	2026-07-24T21:21:21Z	434022	4bf2ebdadc88da53b0c46e654a6576e841925addc25c981d7cdbc0d988b4677c	See official repository record	verified	metadata/file_manifest.tsv	Raw data not included in release candidate
GSE132465	GSE132465	processed_raw_UMI_count_matrix	GSE132465_GEO_processed_CRC_10X_raw_UMI_count_matrix.txt.gz	https://www.ncbi.nlm.nih.gov/geo/download/?acc=GSE132465&format=file&file=GSE132465_GEO_processed_CRC_10X_raw_UMI_count_matrix.txt.gz	GEO_current_public_record	2026-07-24T21:22:19Z	128941455	deff856c7fe1d2c845af5b31e1c65a1dd95ea29541772a66c89bda3aaa8c0666	See official repository record	verified	metadata/file_manifest.tsv	Raw data not included in release candidate
GSE132465	GSE132465	series_metadata	GSE132465_series_metadata.soft.txt	https://www.ncbi.nlm.nih.gov/geo/query/acc.cgi?acc=GSE132465&targ=self&form=text&view=quick	GEO_current_public_record	2026-07-24T21:22:21Z	3838	4fa5c96bca126d97aa7c8f725390476b1998d93be281a17b03d392efc8b50bc3	See official repository record	verified	metadata/file_manifest.tsv	Raw data not included in release candidate
GSE161277	GSE161277	series_metadata	GSE161277_series_metadata.soft.txt	https://www.ncbi.nlm.nih.gov/geo/query/acc.cgi?acc=GSE161277&targ=self&form=text&view=quick	GEO_current_public_record	2026-07-24T21:22:23Z	2341	0a76ad10ac778f8915af2e07e7a76b34195aa54a2f2b7549ec00a55a9e2d7e89	See official repository record	verified	metadata/file_manifest.tsv	Raw data not included in release candidate
GSE161277	GSE161277	processed_count_or_feature_matrix	GSM4904234_Patient0_carcinoma_barcodes.tsv.gz	https://www.ncbi.nlm.nih.gov/geo/download/?acc=GSM4904234&format=file&file=GSM4904234%5FPatient0%5Fcarcinoma%5Fbarcodes%2Etsv%2Egz	GEO_current_public_record	2026-07-24T21:22:25Z	15621	5c0b93e4346d5a0903fa310af45132929f2718e36c73680d65e434e5ba8d460b	See official repository record	verified	metadata/file_manifest.tsv	Raw data not included in release candidate
GSE161277	GSE161277	processed_count_or_feature_matrix	GSM4904234_Patient0_carcinoma_features.tsv.gz	https://www.ncbi.nlm.nih.gov/geo/download/?acc=GSM4904234&format=file&file=GSM4904234%5FPatient0%5Fcarcinoma%5Ffeatures%2Etsv%2Egz	GEO_current_public_record	2026-07-24T21:22:28Z	304728	0779f16f0d6cf0cd8d03b8a94f67a63251def0d6741370914651af6e049734bb	See official repository record	verified	metadata/file_manifest.tsv	Raw data not included in release candidate
GSE161277	GSE161277	processed_count_or_feature_matrix	GSM4904234_Patient0_carcinoma_matrix.mtx.gz	https://www.ncbi.nlm.nih.gov/geo/download/?acc=GSM4904234&format=file&file=GSM4904234%5FPatient0%5Fcarcinoma%5Fmatrix%2Emtx%2Egz	GEO_current_public_record	2026-07-24T21:22:38Z	19218032	52f100d6f1d438b3bd3cb3b8f6e461edd9a379eac8203a36313538bc196d1f8e	See official repository record	verified	metadata/file_manifest.tsv	Raw data not included in release candidate
GSE161277	GSE161277	processed_count_or_feature_matrix	GSM4904235_Patient1_adenoma_barcodes.tsv.gz	https://www.ncbi.nlm.nih.gov/geo/download/?acc=GSM4904235&format=file&file=GSM4904235%5FPatient1%5Fadenoma%5Fbarcodes%2Etsv%2Egz	GEO_current_public_record	2026-07-24T21:22:40Z	21293	c58f55c899677c36ca6cec7b9bc963b7c02be515b1749ddb2a7da7fb73bbe41d	See official repository record	verified	metadata/file_manifest.tsv	Raw data not included in release candidate
GSE161277	GSE161277	processed_count_or_feature_matrix	GSM4904235_Patient1_adenoma_features.tsv.gz	https://www.ncbi.nlm.nih.gov/geo/download/?acc=GSM4904235&format=file&file=GSM4904235%5FPatient1%5Fadenoma%5Ffeatures%2Etsv%2Egz	GEO_current_public_record	2026-07-24T21:22:42Z	304728	81b95887bb2f2e210c76947a298b7048b9fe8e323d16a18a0bfae208c88b5059	See official repository record	verified	metadata/file_manifest.tsv	Raw data not included in release candidate
GSE161277	GSE161277	processed_count_or_feature_matrix	GSM4904235_Patient1_adenoma_matrix.mtx.gz	https://www.ncbi.nlm.nih.gov/geo/download/?acc=GSM4904235&format=file&file=GSM4904235%5FPatient1%5Fadenoma%5Fmatrix%2Emtx%2Egz	GEO_current_public_record	2026-07-24T21:22:55Z	37894017	32d404b1a3636b086558a520d9260983a7be5424e10201074531bfcc4551e9bb	See official repository record	verified	metadata/file_manifest.tsv	Raw data not included in release candidate
GSE161277	GSE161277	processed_count_or_feature_matrix	GSM4904236_Patient1_carcinoma_barcodes.tsv.gz	https://www.ncbi.nlm.nih.gov/geo/download/?acc=GSM4904236&format=file&file=GSM4904236%5FPatient1%5Fcarcinoma%5Fbarcodes%2Etsv%2Egz	GEO_current_public_record	2026-07-24T21:22:57Z	20139	55d246c448dc3bbb05657c1c0f933a9bc3749e381b184671c7833c0044ca052e	See official repository record	verified	metadata/file_manifest.tsv	Raw data not included in release candidate
GSE161277	GSE161277	processed_count_or_feature_matrix	GSM4904236_Patient1_carcinoma_features.tsv.gz	https://www.ncbi.nlm.nih.gov/geo/download/?acc=GSM4904236&format=file&file=GSM4904236%5FPatient1%5Fcarcinoma%5Ffeatures%2Etsv%2Egz	GEO_current_public_record	2026-07-24T21:22:59Z	304728	bb8017e2ee981e843a45ee5f6489e17d87d434c61a9993524b2d9cdb6bd0c603	See official repository record	verified	metadata/file_manifest.tsv	Raw data not included in release candidate
GSE161277	GSE161277	processed_count_or_feature_matrix	GSM4904236_Patient1_carcinoma_matrix.mtx.gz	https://www.ncbi.nlm.nih.gov/geo/download/?acc=GSM4904236&format=file&file=GSM4904236%5FPatient1%5Fcarcinoma%5Fmatrix%2Emtx%2Egz	GEO_current_public_record	2026-07-24T21:23:11Z	47137308	f85fcb4749bf6a8f1dc57d447ef5537c5fd38e97d192f248f083d8f2407c7185	See official repository record	verified	metadata/file_manifest.tsv	Raw data not included in release candidate
GSE161277	GSE161277	processed_count_or_feature_matrix	GSM4904237_Patient1_normal_barcodes.tsv.gz	https://www.ncbi.nlm.nih.gov/geo/download/?acc=GSM4904237&format=file&file=GSM4904237%5FPatient1%5Fnormal%5Fbarcodes%2Etsv%2Egz	GEO_current_public_record	2026-07-24T21:23:13Z	20139	3b8b2da32dc667f6c0d0b3e26a09740a4772667550f8afe5998f83b7ec52ee04	See official repository record	verified	metadata/file_manifest.tsv	Raw data not included in release candidate
GSE161277	GSE161277	processed_count_or_feature_matrix	GSM4904237_Patient1_normal_features.tsv.gz	https://www.ncbi.nlm.nih.gov/geo/download/?acc=GSM4904237&format=file&file=GSM4904237%5FPatient1%5Fnormal%5Ffeatures%2Etsv%2Egz	GEO_current_public_record	2026-07-24T21:23:15Z	304728	5cd80355ee25cc78e6540aa587465ea3dc6d86767f83452d7f9798f3be70f082	See official repository record	verified	metadata/file_manifest.tsv	Raw data not included in release candidate
GSE161277	GSE161277	processed_count_or_feature_matrix	GSM4904237_Patient1_normal_matrix.mtx.gz	https://www.ncbi.nlm.nih.gov/geo/download/?acc=GSM4904237&format=file&file=GSM4904237%5FPatient1%5Fnormal%5Fmatrix%2Emtx%2Egz	GEO_current_public_record	2026-07-24T21:23:25Z	21225624	413fcf468dd1ef7417f9c562192300c30dc93762ff3964ed336909b29b3b6232	See official repository record	verified	metadata/file_manifest.tsv	Raw data not included in release candidate
GSE161277	GSE161277	processed_count_or_feature_matrix	GSM4904238_Patient2_adenoma_barcodes.tsv.gz	https://www.ncbi.nlm.nih.gov/geo/download/?acc=GSM4904238&format=file&file=GSM4904238%5FPatient2%5Fadenoma%5Fbarcodes%2Etsv%2Egz	GEO_current_public_record	2026-07-24T21:23:27Z	22610	535b2a271ff8c598903e264af347bdd802dc73830cc27ff650c959d03fa2310b	See official repository record	verified	metadata/file_manifest.tsv	Raw data not included in release candidate
GSE161277	GSE161277	processed_count_or_feature_matrix	GSM4904238_Patient2_adenoma_features.tsv.gz	https://www.ncbi.nlm.nih.gov/geo/download/?acc=GSM4904238&format=file&file=GSM4904238%5FPatient2%5Fadenoma%5Ffeatures%2Etsv%2Egz	GEO_current_public_record	2026-07-24T21:23:30Z	304728	d84aafd263550a55c9af2b09931fc8e198f860b548f4d49dad69c68a9cca5e58	See official repository record	verified	metadata/file_manifest.tsv	Raw data not included in release candidate
GSE161277	GSE161277	processed_count_or_feature_matrix	GSM4904238_Patient2_adenoma_matrix.mtx.gz	https://www.ncbi.nlm.nih.gov/geo/download/?acc=GSM4904238&format=file&file=GSM4904238%5FPatient2%5Fadenoma%5Fmatrix%2Emtx%2Egz	GEO_current_public_record	2026-07-24T21:23:45Z	32425384	75275dcc82ecb7dec9a74390284969a9cf076606be2527a4193fa3cb4d8abc34	See official repository record	verified	metadata/file_manifest.tsv	Raw data not included in release candidate
GSE161277	GSE161277	processed_count_or_feature_matrix	GSM4904239_Patient2_carcinoma_barcodes.tsv.gz	https://www.ncbi.nlm.nih.gov/geo/download/?acc=GSM4904239&format=file&file=GSM4904239%5FPatient2%5Fcarcinoma%5Fbarcodes%2Etsv%2Egz	GEO_current_public_record	2026-07-24T21:23:46Z	37068	54ca6f0502e1942526d68a634fa3ec8dc67f3f27411cde9a8e9ac7bd847474e0	See official repository record	verified	metadata/file_manifest.tsv	Raw data not included in release candidate
GSE161277	GSE161277	processed_count_or_feature_matrix	GSM4904239_Patient2_carcinoma_features.tsv.gz	https://www.ncbi.nlm.nih.gov/geo/download/?acc=GSM4904239&format=file&file=GSM4904239%5FPatient2%5Fcarcinoma%5Ffeatures%2Etsv%2Egz	GEO_current_public_record	2026-07-24T21:23:49Z	304728	dc3b93c1addd0d9eb4e45b13d4ab8a07a606d4a31f8ff45cbefd2bf000611f83	See official repository record	verified	metadata/file_manifest.tsv	Raw data not included in release candidate
GSE161277	GSE161277	processed_count_or_feature_matrix	GSM4904239_Patient2_carcinoma_matrix.mtx.gz	https://www.ncbi.nlm.nih.gov/geo/download/?acc=GSM4904239&format=file&file=GSM4904239%5FPatient2%5Fcarcinoma%5Fmatrix%2Emtx%2Egz	GEO_current_public_record	2026-07-24T21:24:09Z	48106764	8d86c010884eb190e9fec6fe58acdf0502230f8fe737b103f5bfef3052ef76a6	See official repository record	verified	metadata/file_manifest.tsv	Raw data not included in release candidate
GSE161277	GSE161277	processed_count_or_feature_matrix	GSM4904240_Patient2_normal_barcodes.tsv.gz	https://www.ncbi.nlm.nih.gov/geo/download/?acc=GSM4904240&format=file&file=GSM4904240%5FPatient2%5Fnormal%5Fbarcodes%2Etsv%2Egz	GEO_current_public_record	2026-07-24T21:24:12Z	37543	651fc63779f58b454b54bd28e56cce7b86f540deae43ba2603b795170a896abf	See official repository record	verified	metadata/file_manifest.tsv	Raw data not included in release candidate
GSE161277	GSE161277	processed_count_or_feature_matrix	GSM4904240_Patient2_normal_features.tsv.gz	https://www.ncbi.nlm.nih.gov/geo/download/?acc=GSM4904240&format=file&file=GSM4904240%5FPatient2%5Fnormal%5Ffeatures%2Etsv%2Egz	GEO_current_public_record	2026-07-24T21:24:14Z	304728	28327fb863dd13c3d6d648cd6478abb5e2ec1c1387c2cf9f7d6943cd0c0be44b	See official repository record	verified	metadata/file_manifest.tsv	Raw data not included in release candidate
GSE161277	GSE161277	processed_count_or_feature_matrix	GSM4904240_Patient2_normal_matrix.mtx.gz	https://www.ncbi.nlm.nih.gov/geo/download/?acc=GSM4904240&format=file&file=GSM4904240%5FPatient2%5Fnormal%5Fmatrix%2Emtx%2Egz	GEO_current_public_record	2026-07-24T21:24:26Z	41459785	5b3856f619718b9120ee092b9127ae5d75e0ff75b5a0c63b6438e3c8da609ad4	See official repository record	verified	metadata/file_manifest.tsv	Raw data not included in release candidate
GSE161277	GSE161277	processed_count_or_feature_matrix	GSM4904241_Patient2_para-cancer_barcodes.tsv.gz	https://www.ncbi.nlm.nih.gov/geo/download/?acc=GSM4904241&format=file&file=GSM4904241%5FPatient2%5Fpara%2Dcancer%5Fbarcodes%2Etsv%2Egz	GEO_current_public_record	2026-07-24T21:24:28Z	24685	0601e5aae45312c299ac812c779acd1a7577a456021cc73e644af00154ad9503	See official repository record	verified	metadata/file_manifest.tsv	Raw data not included in release candidate
GSE161277	GSE161277	processed_count_or_feature_matrix	GSM4904241_Patient2_para-cancer_features.tsv.gz	https://www.ncbi.nlm.nih.gov/geo/download/?acc=GSM4904241&format=file&file=GSM4904241%5FPatient2%5Fpara%2Dcancer%5Ffeatures%2Etsv%2Egz	GEO_current_public_record	2026-07-24T21:24:32Z	304728	3e9271a95e9423d84141a49dc8389015643a3ae35bc667fdb18d48b7558bd9c7	See official repository record	verified	metadata/file_manifest.tsv	Raw data not included in release candidate
GSE161277	GSE161277	processed_count_or_feature_matrix	GSM4904241_Patient2_para-cancer_matrix.mtx.gz	https://www.ncbi.nlm.nih.gov/geo/download/?acc=GSM4904241&format=file&file=GSM4904241%5FPatient2%5Fpara%2Dcancer%5Fmatrix%2Emtx%2Egz	GEO_current_public_record	2026-07-24T21:24:49Z	24519298	ff519394607d5783d49c18f201e3a6fe043599e0512a90599d1fe4826473f964	See official repository record	verified	metadata/file_manifest.tsv	Raw data not included in release candidate
GSE161277	GSE161277	processed_count_or_feature_matrix	GSM4904242_Patient3_adenoma_1_barcodes.tsv.gz	https://www.ncbi.nlm.nih.gov/geo/download/?acc=GSM4904242&format=file&file=GSM4904242%5FPatient3%5Fadenoma%5F1%5Fbarcodes%2Etsv%2Egz	GEO_current_public_record	2026-07-24T21:24:51Z	21365	ca8b295928b8b86d031549e941450647a6c2d1a0a37a4c09e59748f7867d1ab1	See official repository record	verified	metadata/file_manifest.tsv	Raw data not included in release candidate
GSE161277	GSE161277	processed_count_or_feature_matrix	GSM4904242_Patient3_adenoma_1_features.tsv.gz	https://www.ncbi.nlm.nih.gov/geo/download/?acc=GSM4904242&format=file&file=GSM4904242%5FPatient3%5Fadenoma%5F1%5Ffeatures%2Etsv%2Egz	GEO_current_public_record	2026-07-24T21:24:54Z	304728	90a08c1050e521a56096756e6e9a8fc41154532ac5ee29a7ddb319af102c11c6	See official repository record	verified	metadata/file_manifest.tsv	Raw data not included in release candidate
GSE161277	GSE161277	processed_count_or_feature_matrix	GSM4904242_Patient3_adenoma_1_matrix.mtx.gz	https://www.ncbi.nlm.nih.gov/geo/download/?acc=GSM4904242&format=file&file=GSM4904242%5FPatient3%5Fadenoma%5F1%5Fmatrix%2Emtx%2Egz	GEO_current_public_record	2026-07-24T21:25:04Z	21818511	700eef23490b6c5ca6035e97754bb4f41990fd3ebee53e3d061bee6d010a1040	See official repository record	verified	metadata/file_manifest.tsv	Raw data not included in release candidate
GSE161277	GSE161277	processed_count_or_feature_matrix	GSM4904243_Patient3_adenoma_2_barcodes.tsv.gz	https://www.ncbi.nlm.nih.gov/geo/download/?acc=GSM4904243&format=file&file=GSM4904243%5FPatient3%5Fadenoma%5F2%5Fbarcodes%2Etsv%2Egz	GEO_current_public_record	2026-07-24T21:25:05Z	14154	8c575534924e38faef7c28a7f93addcc7604dd84bd0c2a551708c44da9477783	See official repository record	verified	metadata/file_manifest.tsv	Raw data not included in release candidate
GSE161277	GSE161277	processed_count_or_feature_matrix	GSM4904243_Patient3_adenoma_2_features.tsv.gz	https://www.ncbi.nlm.nih.gov/geo/download/?acc=GSM4904243&format=file&file=GSM4904243%5FPatient3%5Fadenoma%5F2%5Ffeatures%2Etsv%2Egz	GEO_current_public_record	2026-07-24T21:25:09Z	304728	ac246eb250c310b11198b9bf721057c18820bb479e1855cffa1b5622fc620f28	See official repository record	verified	metadata/file_manifest.tsv	Raw data not included in release candidate
GSE161277	GSE161277	processed_count_or_feature_matrix	GSM4904243_Patient3_adenoma_2_matrix.mtx.gz	https://www.ncbi.nlm.nih.gov/geo/download/?acc=GSM4904243&format=file&file=GSM4904243%5FPatient3%5Fadenoma%5F2%5Fmatrix%2Emtx%2Egz	GEO_current_public_record	2026-07-24T21:25:14Z	14558698	ba56d82a282f34ffce16582f99e999c687016fdbefca0a04f911566cf6f18a4d	See official repository record	verified	metadata/file_manifest.tsv	Raw data not included in release candidate
GSE161277	GSE161277	processed_count_or_feature_matrix	GSM4904244_Patient3_blood_barcodes.tsv.gz	https://www.ncbi.nlm.nih.gov/geo/download/?acc=GSM4904244&format=file&file=GSM4904244%5FPatient3%5Fblood%5Fbarcodes%2Etsv%2Egz	GEO_current_public_record	2026-07-24T21:25:16Z	11790	af92ba4e22b03ff055a90a847ad21db53d4ef122a0d4f670abf2c012ca454fd7	See official repository record	verified	metadata/file_manifest.tsv	Raw data not included in release candidate
GSE161277	GSE161277	processed_count_or_feature_matrix	GSM4904244_Patient3_blood_features.tsv.gz	https://www.ncbi.nlm.nih.gov/geo/download/?acc=GSM4904244&format=file&file=GSM4904244%5FPatient3%5Fblood%5Ffeatures%2Etsv%2Egz	GEO_current_public_record	2026-07-24T21:25:18Z	304728	c766462cd2265fbd57024986dcfe81e3801830dfcc4f2a650842b39e267d1fa1	See official repository record	verified	metadata/file_manifest.tsv	Raw data not included in release candidate
GSE161277	GSE161277	processed_count_or_feature_matrix	GSM4904244_Patient3_blood_matrix.mtx.gz	https://www.ncbi.nlm.nih.gov/geo/download/?acc=GSM4904244&format=file&file=GSM4904244%5FPatient3%5Fblood%5Fmatrix%2Emtx%2Egz	GEO_current_public_record	2026-07-24T21:25:24Z	8791859	1d9931140b6d0116c317edf5051305100f33bcc5ddd75c6d577c28957842369b	See official repository record	verified	metadata/file_manifest.tsv	Raw data not included in release candidate
GSE161277	GSE161277	processed_count_or_feature_matrix	GSM4904245_Patient3_carcinoma_barcodes.tsv.gz	https://www.ncbi.nlm.nih.gov/geo/download/?acc=GSM4904245&format=file&file=GSM4904245%5FPatient3%5Fcarcinoma%5Fbarcodes%2Etsv%2Egz	GEO_current_public_record	2026-07-24T21:25:26Z	14035	a0817c915265f047f8e0fa8cbc970ac8333db1f09190209aedf584800bfa356d	See official repository record	verified	metadata/file_manifest.tsv	Raw data not included in release candidate
GSE161277	GSE161277	processed_count_or_feature_matrix	GSM4904245_Patient3_carcinoma_features.tsv.gz	https://www.ncbi.nlm.nih.gov/geo/download/?acc=GSM4904245&format=file&file=GSM4904245%5FPatient3%5Fcarcinoma%5Ffeatures%2Etsv%2Egz	GEO_current_public_record	2026-07-24T21:25:29Z	304728	7889b4e61b230efe9de85d281bb79f19c2e9ab18d0709776f293f5c6a073819f	See official repository record	verified	metadata/file_manifest.tsv	Raw data not included in release candidate
GSE161277	GSE161277	processed_count_or_feature_matrix	GSM4904245_Patient3_carcinoma_matrix.mtx.gz	https://www.ncbi.nlm.nih.gov/geo/download/?acc=GSM4904245&format=file&file=GSM4904245%5FPatient3%5Fcarcinoma%5Fmatrix%2Emtx%2Egz	GEO_current_public_record	2026-07-24T21:25:36Z	13159603	5afcfb5192de55d5c5820178381a685e8c6877f664b66729df017b1aff95afe7	See official repository record	verified	metadata/file_manifest.tsv	Raw data not included in release candidate
GSE161277	GSE161277	processed_count_or_feature_matrix	GSM4904246_Patient3_normal_barcodes.tsv.gz	https://www.ncbi.nlm.nih.gov/geo/download/?acc=GSM4904246&format=file&file=GSM4904246%5FPatient3%5Fnormal%5Fbarcodes%2Etsv%2Egz	GEO_current_public_record	2026-07-24T21:25:38Z	21640	f7204df709697b9130f7d3906faa368e5732471588855b269c489a657a35775d	See official repository record	verified	metadata/file_manifest.tsv	Raw data not included in release candidate
GSE161277	GSE161277	processed_count_or_feature_matrix	GSM4904246_Patient3_normal_features.tsv.gz	https://www.ncbi.nlm.nih.gov/geo/download/?acc=GSM4904246&format=file&file=GSM4904246%5FPatient3%5Fnormal%5Ffeatures%2Etsv%2Egz	GEO_current_public_record	2026-07-24T21:26:05Z	304728	1536686981a4255b391c9685c3b8a39c9c78211757efedf66210e9611a7cbd4d	See official repository record	verified	metadata/file_manifest.tsv	Raw data not included in release candidate
GSE161277	GSE161277	processed_count_or_feature_matrix	GSM4904246_Patient3_normal_matrix.mtx.gz	https://www.ncbi.nlm.nih.gov/geo/download/?acc=GSM4904246&format=file&file=GSM4904246%5FPatient3%5Fnormal%5Fmatrix%2Emtx%2Egz	GEO_current_public_record	2026-07-24T21:26:15Z	19597408	c6dc6ffb300ac34e7df7d602bb6f4b539fe852b9567c5c2b84b1b43e78e5d57e	See official repository record	verified	metadata/file_manifest.tsv	Raw data not included in release candidate
GSE201348	GSE201348	series_metadata	GSE201348_series_metadata.soft.txt	https://www.ncbi.nlm.nih.gov/geo/query/acc.cgi?acc=GSE201348&targ=self&form=text&view=quick	GEO_current_public_record	2026-07-24T21:26:17Z	5012	2968061a1efc85db66657a5de9a1c090a0db9024e98afde74e862938dc5364fa	See official repository record	verified	metadata/file_manifest.tsv	Raw data not included in release candidate
GSE201348	GSE201348	processed_count_or_feature_matrix	GSM6061645_A001-C-007_barcodes.tsv.gz	https://www.ncbi.nlm.nih.gov/geo/download/?acc=GSM6061645&format=file&file=GSM6061645%5FA001%2DC%2D007%5Fbarcodes%2Etsv%2Egz	GEO_current_public_record	2026-07-24T21:26:19Z	9350	e7b9c897b5d191cb0a548d7762bdbef48eaa6607878aad0a2cab222cf1e90313	See official repository record	verified	metadata/file_manifest.tsv	Raw data not included in release candidate
GSE201348	GSE201348	processed_count_or_feature_matrix	GSM6061645_A001-C-007_features.tsv.gz	https://www.ncbi.nlm.nih.gov/geo/download/?acc=GSM6061645&format=file&file=GSM6061645%5FA001%2DC%2D007%5Ffeatures%2Etsv%2Egz	GEO_current_public_record	2026-07-24T21:26:21Z	304728	b374b096dee65dd9b3d3304ee1053452cc97ff807c86dddd2a28414a9e1bc005	See official repository record	verified	metadata/file_manifest.tsv	Raw data not included in release candidate
GSE201348	GSE201348	processed_count_or_feature_matrix	GSM6061645_A001-C-007_matrix.mtx.gz	https://www.ncbi.nlm.nih.gov/geo/download/?acc=GSM6061645&format=file&file=GSM6061645%5FA001%2DC%2D007%5Fmatrix%2Emtx%2Egz	GEO_current_public_record	2026-07-24T21:26:25Z	8078162	55ecd6b33cf5841ca54f962041fad51a6db0980bca9ae3762febeda29828fecb	See official repository record	verified	metadata/file_manifest.tsv	Raw data not included in release candidate
GSE201348	GSE201348	processed_count_or_feature_matrix	GSM6061646_A001-C-014_barcodes.tsv.gz	https://www.ncbi.nlm.nih.gov/geo/download/?acc=GSM6061646&format=file&file=GSM6061646%5FA001%2DC%2D014%5Fbarcodes%2Etsv%2Egz	GEO_current_public_record	2026-07-24T21:26:27Z	20726	34d239aac16e4198841da0ef4e9372e82b30f38fa492ee736a5c069d6772da26	See official repository record	verified	metadata/file_manifest.tsv	Raw data not included in release candidate
GSE201348	GSE201348	processed_count_or_feature_matrix	GSM6061646_A001-C-014_features.tsv.gz	https://www.ncbi.nlm.nih.gov/geo/download/?acc=GSM6061646&format=file&file=GSM6061646%5FA001%2DC%2D014%5Ffeatures%2Etsv%2Egz	GEO_current_public_record	2026-07-24T21:26:30Z	304728	c2fee4a54c61267859716f72db891f3f2c0231ef8e22c0b8fb2a2b373e2d407f	See official repository record	verified	metadata/file_manifest.tsv	Raw data not included in release candidate
GSE201348	GSE201348	processed_count_or_feature_matrix	GSM6061646_A001-C-014_matrix.mtx.gz	https://www.ncbi.nlm.nih.gov/geo/download/?acc=GSM6061646&format=file&file=GSM6061646%5FA001%2DC%2D014%5Fmatrix%2Emtx%2Egz	GEO_current_public_record	2026-07-24T21:26:37Z	12780309	18f6068520183c1f8e4e78cd8f051d68b17ce71f4b8cc0207f2c49e4d985d54e	See official repository record	verified	metadata/file_manifest.tsv	Raw data not included in release candidate
GSE201348	GSE201348	processed_count_or_feature_matrix	GSM6061647_A001-C-023_barcodes.tsv.gz	https://www.ncbi.nlm.nih.gov/geo/download/?acc=GSM6061647&format=file&file=GSM6061647%5FA001%2DC%2D023%5Fbarcodes%2Etsv%2Egz	GEO_current_public_record	2026-07-24T21:26:38Z	13303	f73b5d6cefb5759513a57c0590844eca469b151d6011e9f0eef77e7fc522c458	See official repository record	verified	metadata/file_manifest.tsv	Raw data not included in release candidate
GSE201348	GSE201348	processed_count_or_feature_matrix	GSM6061647_A001-C-023_features.tsv.gz	https://www.ncbi.nlm.nih.gov/geo/download/?acc=GSM6061647&format=file&file=GSM6061647%5FA001%2DC%2D023%5Ffeatures%2Etsv%2Egz	GEO_current_public_record	2026-07-24T21:26:41Z	304728	a097bef0f720ee5b25b3ba1b3326b0a65365e27e4c0ac45ee8f66a4101ba7f39	See official repository record	verified	metadata/file_manifest.tsv	Raw data not included in release candidate
GSE201348	GSE201348	processed_count_or_feature_matrix	GSM6061647_A001-C-023_matrix.mtx.gz	https://www.ncbi.nlm.nih.gov/geo/download/?acc=GSM6061647&format=file&file=GSM6061647%5FA001%2DC%2D023%5Fmatrix%2Emtx%2Egz	GEO_current_public_record	2026-07-24T21:26:46Z	6366017	16aa014b49a69a4d0ffd66fa213e41c0db6be8222f63b183aea11a34812fe6d5	See official repository record	verified	metadata/file_manifest.tsv	Raw data not included in release candidate
GSE201348	GSE201348	processed_count_or_feature_matrix	GSM6061648_A001-C-104_barcodes.tsv.gz	https://www.ncbi.nlm.nih.gov/geo/download/?acc=GSM6061648&format=file&file=GSM6061648%5FA001%2DC%2D104%5Fbarcodes%2Etsv%2Egz	GEO_current_public_record	2026-07-24T21:26:48Z	16272	0b5b2a0e4e8f81157be64c442fe662ebb5e342fda96263a71655268aff565d7a	See official repository record	verified	metadata/file_manifest.tsv	Raw data not included in release candidate
GSE201348	GSE201348	processed_count_or_feature_matrix	GSM6061648_A001-C-104_features.tsv.gz	https://www.ncbi.nlm.nih.gov/geo/download/?acc=GSM6061648&format=file&file=GSM6061648%5FA001%2DC%2D104%5Ffeatures%2Etsv%2Egz	GEO_current_public_record	2026-07-24T21:26:50Z	304728	073b015ef441ea384918d8867bd15385a9fbb784a279d720cba614e6294632b3	See official repository record	verified	metadata/file_manifest.tsv	Raw data not included in release candidate
GSE201348	GSE201348	processed_count_or_feature_matrix	GSM6061648_A001-C-104_matrix.mtx.gz	https://www.ncbi.nlm.nih.gov/geo/download/?acc=GSM6061648&format=file&file=GSM6061648%5FA001%2DC%2D104%5Fmatrix%2Emtx%2Egz	GEO_current_public_record	2026-07-24T21:26:57Z	13403732	839cc332b90aadf2f6152a84bb2d469461fc0dd882422f8429f314582d7418e1	See official repository record	verified	metadata/file_manifest.tsv	Raw data not included in release candidate
GSE201348	GSE201348	processed_count_or_feature_matrix	GSM6061649_A001-C-108_barcodes.tsv.gz	https://www.ncbi.nlm.nih.gov/geo/download/?acc=GSM6061649&format=file&file=GSM6061649%5FA001%2DC%2D108%5Fbarcodes%2Etsv%2Egz	GEO_current_public_record	2026-07-24T21:26:59Z	24838	f605d549eb3310254f1e709166a70e79661b93097a8ca6f55cdef9e9cbadcccd	See official repository record	verified	metadata/file_manifest.tsv	Raw data not included in release candidate
GSE201348	GSE201348	processed_count_or_feature_matrix	GSM6061649_A001-C-108_features.tsv.gz	https://www.ncbi.nlm.nih.gov/geo/download/?acc=GSM6061649&format=file&file=GSM6061649%5FA001%2DC%2D108%5Ffeatures%2Etsv%2Egz	GEO_current_public_record	2026-07-24T21:27:01Z	304728	52bac4c478258faac66454330404a37acbf8062b86a7bf4d39ca7ac39b2f90b6	See official repository record	verified	metadata/file_manifest.tsv	Raw data not included in release candidate
GSE201348	GSE201348	processed_count_or_feature_matrix	GSM6061649_A001-C-108_matrix.mtx.gz	https://www.ncbi.nlm.nih.gov/geo/download/?acc=GSM6061649&format=file&file=GSM6061649%5FA001%2DC%2D108%5Fmatrix%2Emtx%2Egz	GEO_current_public_record	2026-07-24T21:27:07Z	18674907	784c9b524899693af7857866cd3f52190245fb6a201cc9220cc94181ca4ece2d	See official repository record	verified	metadata/file_manifest.tsv	Raw data not included in release candidate
GSE201348	GSE201348	processed_count_or_feature_matrix	GSM6061650_A001-C-119_barcodes.tsv.gz	https://www.ncbi.nlm.nih.gov/geo/download/?acc=GSM6061650&format=file&file=GSM6061650%5FA001%2DC%2D119%5Fbarcodes%2Etsv%2Egz	GEO_current_public_record	2026-07-24T21:27:10Z	58505	a546687b48234a8d0f4fd56ae0bc1a185ef06837597ef489020ac447eec4ca1e	See official repository record	verified	metadata/file_manifest.tsv	Raw data not included in release candidate
GSE201348	GSE201348	processed_count_or_feature_matrix	GSM6061650_A001-C-119_features.tsv.gz	https://www.ncbi.nlm.nih.gov/geo/download/?acc=GSM6061650&format=file&file=GSM6061650%5FA001%2DC%2D119%5Ffeatures%2Etsv%2Egz	GEO_current_public_record	2026-07-24T21:27:12Z	304728	0f191a6b00abd6b7c16dd941ace4e39b2c0249d79b724d676a91b27837bc9c31	See official repository record	verified	metadata/file_manifest.tsv	Raw data not included in release candidate
GSE201348	GSE201348	processed_count_or_feature_matrix	GSM6061650_A001-C-119_matrix.mtx.gz	https://www.ncbi.nlm.nih.gov/geo/download/?acc=GSM6061650&format=file&file=GSM6061650%5FA001%2DC%2D119%5Fmatrix%2Emtx%2Egz	GEO_current_public_record	2026-07-24T21:27:17Z	8346419	aeca351ef1c9e50fa8c28160d519103af81679b7a980b8fb0cdffc8606b5b356	See official repository record	verified	metadata/file_manifest.tsv	Raw data not included in release candidate
GSE201348	GSE201348	processed_count_or_feature_matrix	GSM6061651_A001-C-124_barcodes.tsv.gz	https://www.ncbi.nlm.nih.gov/geo/download/?acc=GSM6061651&format=file&file=GSM6061651%5FA001%2DC%2D124%5Fbarcodes%2Etsv%2Egz	GEO_current_public_record	2026-07-24T21:27:19Z	17888	cbef04bb4958ab68edb0bfa16e2d42319d26a23fcd6ee1ef679f9ce3bcae0014	See official repository record	verified	metadata/file_manifest.tsv	Raw data not included in release candidate
GSE201348	GSE201348	processed_count_or_feature_matrix	GSM6061651_A001-C-124_features.tsv.gz	https://www.ncbi.nlm.nih.gov/geo/download/?acc=GSM6061651&format=file&file=GSM6061651%5FA001%2DC%2D124%5Ffeatures%2Etsv%2Egz	GEO_current_public_record	2026-07-24T21:27:22Z	304728	f67823a4d1aef4682f2c855263110e99dbef48b67f72f5cc064ee364bfe84652	See official repository record	verified	metadata/file_manifest.tsv	Raw data not included in release candidate
GSE201348	GSE201348	processed_count_or_feature_matrix	GSM6061651_A001-C-124_matrix.mtx.gz	https://www.ncbi.nlm.nih.gov/geo/download/?acc=GSM6061651&format=file&file=GSM6061651%5FA001%2DC%2D124%5Fmatrix%2Emtx%2Egz	GEO_current_public_record	2026-07-24T21:27:28Z	16368170	5ef79bf27a8591e3e70e3962f6f1e3bea4c343c89a222ca05ede729192c9edfd	See official repository record	verified	metadata/file_manifest.tsv	Raw data not included in release candidate
GSE201348	GSE201348	processed_count_or_feature_matrix	GSM6061652_A001-C-202_barcodes.tsv.gz	https://www.ncbi.nlm.nih.gov/geo/download/?acc=GSM6061652&format=file&file=GSM6061652%5FA001%2DC%2D202%5Fbarcodes%2Etsv%2Egz	GEO_current_public_record	2026-07-24T21:27:30Z	7322	0a454fbdbf8647f1b8f5ca84e1a0673b3a4da6b6407c7b02d4fc9f1611fac200	See official repository record	verified	metadata/file_manifest.tsv	Raw data not included in release candidate
GSE201348	GSE201348	processed_count_or_feature_matrix	GSM6061652_A001-C-202_features.tsv.gz	https://www.ncbi.nlm.nih.gov/geo/download/?acc=GSM6061652&format=file&file=GSM6061652%5FA001%2DC%2D202%5Ffeatures%2Etsv%2Egz	GEO_current_public_record	2026-07-24T21:27:32Z	304728	3eab27b161443c512d9dcdfb67679604392abf36de4311f9f9551e76a2662023	See official repository record	verified	metadata/file_manifest.tsv	Raw data not included in release candidate
GSE201348	GSE201348	processed_count_or_feature_matrix	GSM6061652_A001-C-202_matrix.mtx.gz	https://www.ncbi.nlm.nih.gov/geo/download/?acc=GSM6061652&format=file&file=GSM6061652%5FA001%2DC%2D202%5Fmatrix%2Emtx%2Egz	GEO_current_public_record	2026-07-24T21:27:37Z	4138999	433556d2f4621a329f4a060fd199ce82f69d5e71ff2d0a95021a3c658791a713	See official repository record	verified	metadata/file_manifest.tsv	Raw data not included in release candidate
GSE201348	GSE201348	processed_count_or_feature_matrix	GSM6061653_A001-C-203_barcodes.tsv.gz	https://www.ncbi.nlm.nih.gov/geo/download/?acc=GSM6061653&format=file&file=GSM6061653%5FA001%2DC%2D203%5Fbarcodes%2Etsv%2Egz	GEO_current_public_record	2026-07-24T21:27:39Z	16721	7002935f7daaeb5a70e2997e044b9ab318e78e897f9210fc49a44ec18721a2c0	See official repository record	verified	metadata/file_manifest.tsv	Raw data not included in release candidate
GSE201348	GSE201348	processed_count_or_feature_matrix	GSM6061653_A001-C-203_features.tsv.gz	https://www.ncbi.nlm.nih.gov/geo/download/?acc=GSM6061653&format=file&file=GSM6061653%5FA001%2DC%2D203%5Ffeatures%2Etsv%2Egz	GEO_current_public_record	2026-07-24T21:27:41Z	304728	4c4210e833844477a1accbf7f2b0045d541a57cedb18233642a0eaa8cd512a23	See official repository record	verified	metadata/file_manifest.tsv	Raw data not included in release candidate
GSE201348	GSE201348	processed_count_or_feature_matrix	GSM6061653_A001-C-203_matrix.mtx.gz	https://www.ncbi.nlm.nih.gov/geo/download/?acc=GSM6061653&format=file&file=GSM6061653%5FA001%2DC%2D203%5Fmatrix%2Emtx%2Egz	GEO_current_public_record	2026-07-24T21:27:50Z	12779226	e5e9ae8bf9e50b82fd1644f2023b7fe3cf39bb993ccd94c8156076b00c408a25	See official repository record	verified	metadata/file_manifest.tsv	Raw data not included in release candidate
GSE201348	GSE201348	processed_count_or_feature_matrix	GSM6061654_A001-C-207_barcodes.tsv.gz	https://www.ncbi.nlm.nih.gov/geo/download/?acc=GSM6061654&format=file&file=GSM6061654%5FA001%2DC%2D207%5Fbarcodes%2Etsv%2Egz	GEO_current_public_record	2026-07-24T21:27:52Z	12293	3dcaf6a9b5d5ad10339d786376d1313ede22cd25e0a2528ce55361b2d364b67b	See official repository record	verified	metadata/file_manifest.tsv	Raw data not included in release candidate
GSE201348	GSE201348	processed_count_or_feature_matrix	GSM6061654_A001-C-207_features.tsv.gz	https://www.ncbi.nlm.nih.gov/geo/download/?acc=GSM6061654&format=file&file=GSM6061654%5FA001%2DC%2D207%5Ffeatures%2Etsv%2Egz	GEO_current_public_record	2026-07-24T21:27:54Z	304728	a26128e1b57bc44e949bd223f04425820f1de1caa61b84b18696b1e1d88665a0	See official repository record	verified	metadata/file_manifest.tsv	Raw data not included in release candidate
GSE201348	GSE201348	processed_count_or_feature_matrix	GSM6061654_A001-C-207_matrix.mtx.gz	https://www.ncbi.nlm.nih.gov/geo/download/?acc=GSM6061654&format=file&file=GSM6061654%5FA001%2DC%2D207%5Fmatrix%2Emtx%2Egz	GEO_current_public_record	2026-07-24T21:28:06Z	10716327	153577508377a75343cae7e2942328ebde06ae08b10dd838dc97e82be1c3d52a	See official repository record	verified	metadata/file_manifest.tsv	Raw data not included in release candidate
GSE201348	GSE201348	processed_count_or_feature_matrix	GSM6061655_A001-C-223_barcodes.tsv.gz	https://www.ncbi.nlm.nih.gov/geo/download/?acc=GSM6061655&format=file&file=GSM6061655%5FA001%2DC%2D223%5Fbarcodes%2Etsv%2Egz	GEO_current_public_record	2026-07-24T21:28:07Z	25497	b4702333f42e383d066cf87dcf116d3d5c98ee9a129cef2e09ca3ec892c9ccfb	See official repository record	verified	metadata/file_manifest.tsv	Raw data not included in release candidate
GSE201348	GSE201348	processed_count_or_feature_matrix	GSM6061655_A001-C-223_features.tsv.gz	https://www.ncbi.nlm.nih.gov/geo/download/?acc=GSM6061655&format=file&file=GSM6061655%5FA001%2DC%2D223%5Ffeatures%2Etsv%2Egz	GEO_current_public_record	2026-07-24T21:28:10Z	304728	7fe7b6d5261bb0cc230ddb59c3f7da0253b8a51e0d6e6c56978308f9553b52e3	See official repository record	verified	metadata/file_manifest.tsv	Raw data not included in release candidate
GSE201348	GSE201348	processed_count_or_feature_matrix	GSM6061655_A001-C-223_matrix.mtx.gz	https://www.ncbi.nlm.nih.gov/geo/download/?acc=GSM6061655&format=file&file=GSM6061655%5FA001%2DC%2D223%5Fmatrix%2Emtx%2Egz	GEO_current_public_record	2026-07-24T21:28:16Z	7225612	3641c887abcce7f9667c0a39b8256ea68eb2342f6bdda9ff857d23060d9a049b	See official repository record	verified	metadata/file_manifest.tsv	Raw data not included in release candidate
GSE201348	GSE201348	processed_count_or_feature_matrix	GSM6061656_A002-C-010_barcodes.tsv.gz	https://www.ncbi.nlm.nih.gov/geo/download/?acc=GSM6061656&format=file&file=GSM6061656%5FA002%2DC%2D010%5Fbarcodes%2Etsv%2Egz	GEO_current_public_record	2026-07-24T21:28:18Z	35124	8bbca816566a90202f339a0ad602f5bda937df851f36274de5f9a100bcc3ad14	See official repository record	verified	metadata/file_manifest.tsv	Raw data not included in release candidate
GSE201348	GSE201348	processed_count_or_feature_matrix	GSM6061656_A002-C-010_features.tsv.gz	https://www.ncbi.nlm.nih.gov/geo/download/?acc=GSM6061656&format=file&file=GSM6061656%5FA002%2DC%2D010%5Ffeatures%2Etsv%2Egz	GEO_current_public_record	2026-07-24T21:28:21Z	304728	f41eb0047388b481dcfbbf0ca4f7377ee2066cd6fc47aba018076fe1cf4dda02	See official repository record	verified	metadata/file_manifest.tsv	Raw data not included in release candidate
GSE201348	GSE201348	processed_count_or_feature_matrix	GSM6061656_A002-C-010_matrix.mtx.gz	https://www.ncbi.nlm.nih.gov/geo/download/?acc=GSM6061656&format=file&file=GSM6061656%5FA002%2DC%2D010%5Fmatrix%2Emtx%2Egz	GEO_current_public_record	2026-07-24T21:28:33Z	36076700	435754f05aa72cc1268d458cd2a092f3822ee95fb2aee13c02f7dca38759b3af	See official repository record	verified	metadata/file_manifest.tsv	Raw data not included in release candidate
GSE201348	GSE201348	processed_count_or_feature_matrix	GSM6061657_A002-C-010-R0_barcodes.tsv.gz	https://www.ncbi.nlm.nih.gov/geo/download/?acc=GSM6061657&format=file&file=GSM6061657%5FA002%2DC%2D010%2DR0%5Fbarcodes%2Etsv%2Egz	GEO_current_public_record	2026-07-24T21:28:36Z	108915	c1dd2436c9b267a1592519edca80549fe0bc04bb3ceb66edca6456332e7070bf	See official repository record	verified	metadata/file_manifest.tsv	Raw data not included in release candidate
GSE201348	GSE201348	processed_count_or_feature_matrix	GSM6061657_A002-C-010-R0_features.tsv.gz	https://www.ncbi.nlm.nih.gov/geo/download/?acc=GSM6061657&format=file&file=GSM6061657%5FA002%2DC%2D010%2DR0%5Ffeatures%2Etsv%2Egz	GEO_current_public_record	2026-07-24T21:28:38Z	304728	9cad16a674c17348f05d7243a6529fe57b5cd147a6fe29ead1a3e550506b9f75	See official repository record	verified	metadata/file_manifest.tsv	Raw data not included in release candidate
GSE201348	GSE201348	processed_count_or_feature_matrix	GSM6061657_A002-C-010-R0_matrix.mtx.gz	https://www.ncbi.nlm.nih.gov/geo/download/?acc=GSM6061657&format=file&file=GSM6061657%5FA002%2DC%2D010%2DR0%5Fmatrix%2Emtx%2Egz	GEO_current_public_record	2026-07-24T21:28:48Z	22399072	4ab6314ea9b59c948a925643d2d5797ebc64ced1f4111d5daff1794489bafa60	See official repository record	verified	metadata/file_manifest.tsv	Raw data not included in release candidate
GSE201348	GSE201348	processed_count_or_feature_matrix	GSM6061658_A002-C-016_barcodes.tsv.gz	https://www.ncbi.nlm.nih.gov/geo/download/?acc=GSM6061658&format=file&file=GSM6061658%5FA002%2DC%2D016%5Fbarcodes%2Etsv%2Egz	GEO_current_public_record	2026-07-24T21:28:50Z	72516	65a4d249d994ab4465c0e136a5ff9ce27d867b0a4087c47dc93b3426673db2d6	See official repository record	verified	metadata/file_manifest.tsv	Raw data not included in release candidate
GSE201348	GSE201348	processed_count_or_feature_matrix	GSM6061658_A002-C-016_features.tsv.gz	https://www.ncbi.nlm.nih.gov/geo/download/?acc=GSM6061658&format=file&file=GSM6061658%5FA002%2DC%2D016%5Ffeatures%2Etsv%2Egz	GEO_current_public_record	2026-07-24T21:28:52Z	304728	3360164fb07fbcceaa4045a61590f9f0b070f60dd74170e4ea3a549be6f0cd54	See official repository record	verified	metadata/file_manifest.tsv	Raw data not included in release candidate
GSE201348	GSE201348	processed_count_or_feature_matrix	GSM6061658_A002-C-016_matrix.mtx.gz	https://www.ncbi.nlm.nih.gov/geo/download/?acc=GSM6061658&format=file&file=GSM6061658%5FA002%2DC%2D016%5Fmatrix%2Emtx%2Egz	GEO_current_public_record	2026-07-24T21:29:03Z	28303612	3e06f6759389f5c51c9851b3b503bdc8b8e73c85d901e85bbe0435f34a92233b	See official repository record	verified	metadata/file_manifest.tsv	Raw data not included in release candidate
GSE201348	GSE201348	processed_count_or_feature_matrix	GSM6061659_A002-C-021_barcodes.tsv.gz	https://www.ncbi.nlm.nih.gov/geo/download/?acc=GSM6061659&format=file&file=GSM6061659%5FA002%2DC%2D021%5Fbarcodes%2Etsv%2Egz	GEO_current_public_record	2026-07-24T21:29:05Z	14749	c8fe7f78c364394bbfdb8bb79b78dea75baf3d5f4b56624af278059681db5b0a	See official repository record	verified	metadata/file_manifest.tsv	Raw data not included in release candidate
GSE201348	GSE201348	processed_count_or_feature_matrix	GSM6061659_A002-C-021_features.tsv.gz	https://www.ncbi.nlm.nih.gov/geo/download/?acc=GSM6061659&format=file&file=GSM6061659%5FA002%2DC%2D021%5Ffeatures%2Etsv%2Egz	GEO_current_public_record	2026-07-24T21:29:08Z	304728	f50ce842b8decf4d552db86c310382f4bd21330dd510ed91857a068fedbf92e4	See official repository record	verified	metadata/file_manifest.tsv	Raw data not included in release candidate
GSE201348	GSE201348	processed_count_or_feature_matrix	GSM6061659_A002-C-021_matrix.mtx.gz	https://www.ncbi.nlm.nih.gov/geo/download/?acc=GSM6061659&format=file&file=GSM6061659%5FA002%2DC%2D021%5Fmatrix%2Emtx%2Egz	GEO_current_public_record	2026-07-24T21:29:17Z	25462022	fac1a679849d8ca02e5247c99ec260f755e190c6791e19ead34c8b62ddcc5bc1	See official repository record	verified	metadata/file_manifest.tsv	Raw data not included in release candidate
GSE201348	GSE201348	processed_count_or_feature_matrix	GSM6061660_A002-C-024_barcodes.tsv.gz	https://www.ncbi.nlm.nih.gov/geo/download/?acc=GSM6061660&format=file&file=GSM6061660%5FA002%2DC%2D024%5Fbarcodes%2Etsv%2Egz	GEO_current_public_record	2026-07-24T21:29:19Z	23919	313b9b5a6c356ff1940de7ea0cc378cfc600dd353f49fa6ad100ce92e623010f	See official repository record	verified	metadata/file_manifest.tsv	Raw data not included in release candidate
GSE201348	GSE201348	processed_count_or_feature_matrix	GSM6061660_A002-C-024_features.tsv.gz	https://www.ncbi.nlm.nih.gov/geo/download/?acc=GSM6061660&format=file&file=GSM6061660%5FA002%2DC%2D024%5Ffeatures%2Etsv%2Egz	GEO_current_public_record	2026-07-24T21:29:21Z	304728	cef9d6f7058df4535593da0983c5accba2adcf38bb4157e2fe86315089cf9896	See official repository record	verified	metadata/file_manifest.tsv	Raw data not included in release candidate
GSE201348	GSE201348	processed_count_or_feature_matrix	GSM6061660_A002-C-024_matrix.mtx.gz	https://www.ncbi.nlm.nih.gov/geo/download/?acc=GSM6061660&format=file&file=GSM6061660%5FA002%2DC%2D024%5Fmatrix%2Emtx%2Egz	GEO_current_public_record	2026-07-24T21:29:31Z	29847821	db64959c12b9158db406b4b1c4fc2bc6f88791b73b3c6132f3c5c177a7acd781	See official repository record	verified	metadata/file_manifest.tsv	Raw data not included in release candidate
GSE201348	GSE201348	processed_count_or_feature_matrix	GSM6061661_A002-C-106_barcodes.tsv.gz	https://www.ncbi.nlm.nih.gov/geo/download/?acc=GSM6061661&format=file&file=GSM6061661%5FA002%2DC%2D106%5Fbarcodes%2Etsv%2Egz	GEO_current_public_record	2026-07-24T21:29:34Z	260007	db98a87a4eebbde90252fdfb8148c0ff18ee4e6dea5c8db214a6a4c36cd6f609	See official repository record	verified	metadata/file_manifest.tsv	Raw data not included in release candidate
GSE201348	GSE201348	processed_count_or_feature_matrix	GSM6061661_A002-C-106_features.tsv.gz	https://www.ncbi.nlm.nih.gov/geo/download/?acc=GSM6061661&format=file&file=GSM6061661%5FA002%2DC%2D106%5Ffeatures%2Etsv%2Egz	GEO_current_public_record	2026-07-24T21:29:36Z	304728	f526c10e4ea0a394cf0cd03796f26551af74243d195e0a6348bf361d78460dd2	See official repository record	verified	metadata/file_manifest.tsv	Raw data not included in release candidate
GSE201348	GSE201348	processed_count_or_feature_matrix	GSM6061661_A002-C-106_matrix.mtx.gz	https://www.ncbi.nlm.nih.gov/geo/download/?acc=GSM6061661&format=file&file=GSM6061661%5FA002%2DC%2D106%5Fmatrix%2Emtx%2Egz	GEO_current_public_record	2026-07-24T21:29:44Z	22075355	1ff401db5f195b01608e0990fb16a171b99874d81024a18d8ee0337c9b9c8480	See official repository record	verified	metadata/file_manifest.tsv	Raw data not included in release candidate
GSE201348	GSE201348	processed_count_or_feature_matrix	GSM6061662_A002-C-114_barcodes.tsv.gz	https://www.ncbi.nlm.nih.gov/geo/download/?acc=GSM6061662&format=file&file=GSM6061662%5FA002%2DC%2D114%5Fbarcodes%2Etsv%2Egz	GEO_current_public_record	2026-07-24T21:29:46Z	43786	e6ee847578db9b50aea160668f90a80adbd94c54f5d3baaafe12f7d50fe9c0b5	See official repository record	verified	metadata/file_manifest.tsv	Raw data not included in release candidate
GSE201348	GSE201348	processed_count_or_feature_matrix	GSM6061662_A002-C-114_features.tsv.gz	https://www.ncbi.nlm.nih.gov/geo/download/?acc=GSM6061662&format=file&file=GSM6061662%5FA002%2DC%2D114%5Ffeatures%2Etsv%2Egz	GEO_current_public_record	2026-07-24T21:29:49Z	304728	9249f0e445abf8b339644badedc54a59743ee2b53776ce0db400b22d36e1fb03	See official repository record	verified	metadata/file_manifest.tsv	Raw data not included in release candidate
GSE201348	GSE201348	processed_count_or_feature_matrix	GSM6061662_A002-C-114_matrix.mtx.gz	https://www.ncbi.nlm.nih.gov/geo/download/?acc=GSM6061662&format=file&file=GSM6061662%5FA002%2DC%2D114%5Fmatrix%2Emtx%2Egz	GEO_current_public_record	2026-07-24T21:29:54Z	13245778	1c37819b3ca17ba0783b8dce9f18cd51df0ba3483ec5c44f9caaa5af25f5f081	See official repository record	verified	metadata/file_manifest.tsv	Raw data not included in release candidate
GSE201348	GSE201348	processed_count_or_feature_matrix	GSM6061663_A002-C-116_barcodes.tsv.gz	https://www.ncbi.nlm.nih.gov/geo/download/?acc=GSM6061663&format=file&file=GSM6061663%5FA002%2DC%2D116%5Fbarcodes%2Etsv%2Egz	GEO_current_public_record	2026-07-24T21:29:57Z	356595	51f89316f9c626d74de16cbf073bd1c79f99436e226f20d9d8d1332e514ad047	See official repository record	verified	metadata/file_manifest.tsv	Raw data not included in release candidate
GSE201348	GSE201348	processed_count_or_feature_matrix	GSM6061663_A002-C-116_features.tsv.gz	https://www.ncbi.nlm.nih.gov/geo/download/?acc=GSM6061663&format=file&file=GSM6061663%5FA002%2DC%2D116%5Ffeatures%2Etsv%2Egz	GEO_current_public_record	2026-07-24T21:29:59Z	304728	8c093059246e524e1b46cec0b3b85dfe2d11e9442495d150b971f33b6588349f	See official repository record	verified	metadata/file_manifest.tsv	Raw data not included in release candidate
GSE201348	GSE201348	processed_count_or_feature_matrix	GSM6061663_A002-C-116_matrix.mtx.gz	https://www.ncbi.nlm.nih.gov/geo/download/?acc=GSM6061663&format=file&file=GSM6061663%5FA002%2DC%2D116%5Fmatrix%2Emtx%2Egz	GEO_current_public_record	2026-07-24T21:30:33Z	96171827	84b23fbc64a77fcf52b93a0f706dba920f9cf0cc3354c3e0a3c70600ac61419d	See official repository record	verified	metadata/file_manifest.tsv	Raw data not included in release candidate
GSE201348	GSE201348	processed_count_or_feature_matrix	GSM6061664_A002-C-121_barcodes.tsv.gz	https://www.ncbi.nlm.nih.gov/geo/download/?acc=GSM6061664&format=file&file=GSM6061664%5FA002%2DC%2D121%5Fbarcodes%2Etsv%2Egz	GEO_current_public_record	2026-07-24T21:30:35Z	48873	9ea4c87edcb36788d2b97c6a5837faab95758e24f9ddaf0f05be7fb3ebbc119b	See official repository record	verified	metadata/file_manifest.tsv	Raw data not included in release candidate
GSE201348	GSE201348	processed_count_or_feature_matrix	GSM6061664_A002-C-121_features.tsv.gz	https://www.ncbi.nlm.nih.gov/geo/download/?acc=GSM6061664&format=file&file=GSM6061664%5FA002%2DC%2D121%5Ffeatures%2Etsv%2Egz	GEO_current_public_record	2026-07-24T21:30:38Z	304728	7f8b305de7ea20afbbcd154f771344616d81ab3202a5e8c49f43dedd9f7b7366	See official repository record	verified	metadata/file_manifest.tsv	Raw data not included in release candidate
GSE201348	GSE201348	processed_count_or_feature_matrix	GSM6061664_A002-C-121_matrix.mtx.gz	https://www.ncbi.nlm.nih.gov/geo/download/?acc=GSM6061664&format=file&file=GSM6061664%5FA002%2DC%2D121%5Fmatrix%2Emtx%2Egz	GEO_current_public_record	2026-07-24T21:30:49Z	28296597	130a3bb428748817cbc8c2f9b9c0d3998d76be2dac462c4350efcf443c40f12a	See official repository record	verified	metadata/file_manifest.tsv	Raw data not included in release candidate
GSE201348	GSE201348	processed_count_or_feature_matrix	GSM6061665_A002-C-121-R0_barcodes.tsv.gz	https://www.ncbi.nlm.nih.gov/geo/download/?acc=GSM6061665&format=file&file=GSM6061665%5FA002%2DC%2D121%2DR0%5Fbarcodes%2Etsv%2Egz	GEO_current_public_record	2026-07-24T21:30:51Z	12496	38fd300383579ede18b4f3ceeff7ef9758e935eb3a2ad07f1422f0f5de04327f	See official repository record	verified	metadata/file_manifest.tsv	Raw data not included in release candidate
GSE201348	GSE201348	processed_count_or_feature_matrix	GSM6061665_A002-C-121-R0_features.tsv.gz	https://www.ncbi.nlm.nih.gov/geo/download/?acc=GSM6061665&format=file&file=GSM6061665%5FA002%2DC%2D121%2DR0%5Ffeatures%2Etsv%2Egz	GEO_current_public_record	2026-07-24T21:30:53Z	304728	01952fb651c69a1f491f59e5e6d628ebbe0acebca0a3b8de2a6d49e51c08ceb6	See official repository record	verified	metadata/file_manifest.tsv	Raw data not included in release candidate
GSE201348	GSE201348	processed_count_or_feature_matrix	GSM6061665_A002-C-121-R0_matrix.mtx.gz	https://www.ncbi.nlm.nih.gov/geo/download/?acc=GSM6061665&format=file&file=GSM6061665%5FA002%2DC%2D121%2DR0%5Fmatrix%2Emtx%2Egz	GEO_current_public_record	2026-07-24T21:30:59Z	10201690	d9dcbd5ce568cd85e56d6649b4c368078f97594fcf792755ee5fcdbee3c1c5ab	See official repository record	verified	metadata/file_manifest.tsv	Raw data not included in release candidate
GSE201348	GSE201348	processed_count_or_feature_matrix	GSM6061666_A002-C-201_barcodes.tsv.gz	https://www.ncbi.nlm.nih.gov/geo/download/?acc=GSM6061666&format=file&file=GSM6061666%5FA002%2DC%2D201%5Fbarcodes%2Etsv%2Egz	GEO_current_public_record	2026-07-24T21:31:02Z	36857	83e7ce0142d5c0202d8dbac9f45665521f63b5d8d68121eb59ed53ffd8c74a6c	See official repository record	verified	metadata/file_manifest.tsv	Raw data not included in release candidate
GSE201348	GSE201348	processed_count_or_feature_matrix	GSM6061666_A002-C-201_features.tsv.gz	https://www.ncbi.nlm.nih.gov/geo/download/?acc=GSM6061666&format=file&file=GSM6061666%5FA002%2DC%2D201%5Ffeatures%2Etsv%2Egz	GEO_current_public_record	2026-07-24T21:31:07Z	304728	204ad9210dc75b719bdf0907357c49f0f529cf71f265c736a2db5c3ac20554e7	See official repository record	verified	metadata/file_manifest.tsv	Raw data not included in release candidate
GSE201348	GSE201348	processed_count_or_feature_matrix	GSM6061666_A002-C-201_matrix.mtx.gz	https://www.ncbi.nlm.nih.gov/geo/download/?acc=GSM6061666&format=file&file=GSM6061666%5FA002%2DC%2D201%5Fmatrix%2Emtx%2Egz	GEO_current_public_record	2026-07-24T21:31:27Z	16090429	6fa10fc431586b943823d2d47178f672c3cda8bf10ae2ef73ab5d2f23ee41965	See official repository record	verified	metadata/file_manifest.tsv	Raw data not included in release candidate
GSE201348	GSE201348	processed_count_or_feature_matrix	GSM6061667_A002-C-203_barcodes.tsv.gz	https://www.ncbi.nlm.nih.gov/geo/download/?acc=GSM6061667&format=file&file=GSM6061667%5FA002%2DC%2D203%5Fbarcodes%2Etsv%2Egz	GEO_current_public_record	2026-07-24T21:31:29Z	33641	9206a0df94b49942907d85a3a2f74ab4a57fb053a9b64d9f2ee3a7c25a292c64	See official repository record	verified	metadata/file_manifest.tsv	Raw data not included in release candidate
GSE201348	GSE201348	processed_count_or_feature_matrix	GSM6061667_A002-C-203_features.tsv.gz	https://www.ncbi.nlm.nih.gov/geo/download/?acc=GSM6061667&format=file&file=GSM6061667%5FA002%2DC%2D203%5Ffeatures%2Etsv%2Egz	GEO_current_public_record	2026-07-24T21:31:33Z	304728	8168ca9d4ece484c89b086f0289255792d7d7b9348ddabaa41ffef9aaf0ce6f5	See official repository record	verified	metadata/file_manifest.tsv	Raw data not included in release candidate
GSE201348	GSE201348	processed_count_or_feature_matrix	GSM6061667_A002-C-203_matrix.mtx.gz	https://www.ncbi.nlm.nih.gov/geo/download/?acc=GSM6061667&format=file&file=GSM6061667%5FA002%2DC%2D203%5Fmatrix%2Emtx%2Egz	GEO_current_public_record	2026-07-24T21:31:47Z	33351247	600b8fa4b57fa5ee057b41e58b5b59b440d4f9443458f82551452fda359f270d	See official repository record	verified	metadata/file_manifest.tsv	Raw data not included in release candidate
GSE201348	GSE201348	processed_count_or_feature_matrix	GSM6061668_A002-C-204_barcodes.tsv.gz	https://www.ncbi.nlm.nih.gov/geo/download/?acc=GSM6061668&format=file&file=GSM6061668%5FA002%2DC%2D204%5Fbarcodes%2Etsv%2Egz	GEO_current_public_record	2026-07-24T21:31:49Z	227354	27aa2ac4842084ff0ad69756d6826869d505190b81fdff424249fe9f627c95e7	See official repository record	verified	metadata/file_manifest.tsv	Raw data not included in release candidate
GSE201348	GSE201348	processed_count_or_feature_matrix	GSM6061668_A002-C-204_features.tsv.gz	https://www.ncbi.nlm.nih.gov/geo/download/?acc=GSM6061668&format=file&file=GSM6061668%5FA002%2DC%2D204%5Ffeatures%2Etsv%2Egz	GEO_current_public_record	2026-07-24T21:31:52Z	304728	47734929bc965a2507e214f82262089cc1dc03fcb9ce5913a4a30f0a36995a7f	See official repository record	verified	metadata/file_manifest.tsv	Raw data not included in release candidate
GSE201348	GSE201348	processed_count_or_feature_matrix	GSM6061668_A002-C-204_matrix.mtx.gz	https://www.ncbi.nlm.nih.gov/geo/download/?acc=GSM6061668&format=file&file=GSM6061668%5FA002%2DC%2D204%5Fmatrix%2Emtx%2Egz	GEO_current_public_record	2026-07-24T21:32:00Z	28202433	b571e7689f26047f31efa84eda1fd081003f620c2f7154f66426442dd0ec43e1	See official repository record	verified	metadata/file_manifest.tsv	Raw data not included in release candidate
GSE201348	GSE201348	processed_count_or_feature_matrix	GSM6061669_A002-C-205_barcodes.tsv.gz	https://www.ncbi.nlm.nih.gov/geo/download/?acc=GSM6061669&format=file&file=GSM6061669%5FA002%2DC%2D205%5Fbarcodes%2Etsv%2Egz	GEO_current_public_record	2026-07-24T21:32:02Z	81691	78cf67b23d32ada0d90a8a4b523e7da2296a42449c2b70467957a9a70b7f82aa	See official repository record	verified	metadata/file_manifest.tsv	Raw data not included in release candidate
GSE201348	GSE201348	processed_count_or_feature_matrix	GSM6061669_A002-C-205_features.tsv.gz	https://www.ncbi.nlm.nih.gov/geo/download/?acc=GSM6061669&format=file&file=GSM6061669%5FA002%2DC%2D205%5Ffeatures%2Etsv%2Egz	GEO_current_public_record	2026-07-24T21:32:05Z	304728	8222de5955c524c04eb332bca8e4b72a9b0d24a9ce250a338200a006ef707818	See official repository record	verified	metadata/file_manifest.tsv	Raw data not included in release candidate
GSE201348	GSE201348	processed_count_or_feature_matrix	GSM6061669_A002-C-205_matrix.mtx.gz	https://www.ncbi.nlm.nih.gov/geo/download/?acc=GSM6061669&format=file&file=GSM6061669%5FA002%2DC%2D205%5Fmatrix%2Emtx%2Egz	GEO_current_public_record	2026-07-24T21:32:12Z	16709098	24f75a1ceab2a7d6aae877c2c71155bd1d06cf43771a7ef2d6bdb7c489c5a4fe	See official repository record	verified	metadata/file_manifest.tsv	Raw data not included in release candidate
GSE201348	GSE201348	processed_count_or_feature_matrix	GSM6061670_A002-C-212_barcodes.tsv.gz	https://www.ncbi.nlm.nih.gov/geo/download/?acc=GSM6061670&format=file&file=GSM6061670%5FA002%2DC%2D212%5Fbarcodes%2Etsv%2Egz	GEO_current_public_record	2026-07-24T21:32:13Z	24265	ba9d8bae33a9d2d5a95ec0b5b3a23983e568f78dfbc104fea8a16d0edcf8280f	See official repository record	verified	metadata/file_manifest.tsv	Raw data not included in release candidate
GSE201348	GSE201348	processed_count_or_feature_matrix	GSM6061670_A002-C-212_features.tsv.gz	https://www.ncbi.nlm.nih.gov/geo/download/?acc=GSM6061670&format=file&file=GSM6061670%5FA002%2DC%2D212%5Ffeatures%2Etsv%2Egz	GEO_current_public_record	2026-07-24T21:32:16Z	304728	592ed204b842bcfdf3fba5a5747e7c6bc6d7a9ab68b421040b6311672fa3fd8c	See official repository record	verified	metadata/file_manifest.tsv	Raw data not included in release candidate
GSE201348	GSE201348	processed_count_or_feature_matrix	GSM6061670_A002-C-212_matrix.mtx.gz	https://www.ncbi.nlm.nih.gov/geo/download/?acc=GSM6061670&format=file&file=GSM6061670%5FA002%2DC%2D212%5Fmatrix%2Emtx%2Egz	GEO_current_public_record	2026-07-24T21:32:26Z	16306027	d10013e18f0008e1e66807b0f921953e11d013e2cb155d7cc33c31fa5d36571a	See official repository record	verified	metadata/file_manifest.tsv	Raw data not included in release candidate
GSE201348	GSE201348	processed_count_or_feature_matrix	GSM6061671_A008-E-008_barcodes.tsv.gz	https://www.ncbi.nlm.nih.gov/geo/download/?acc=GSM6061671&format=file&file=GSM6061671%5FA008%2DE%2D008%5Fbarcodes%2Etsv%2Egz	GEO_current_public_record	2026-07-24T21:32:27Z	39254	38b65dcbf94fa73a847de534099a0b8a344402f620fddc86831b520324975d5d	See official repository record	verified	metadata/file_manifest.tsv	Raw data not included in release candidate
GSE201348	GSE201348	processed_count_or_feature_matrix	GSM6061671_A008-E-008_features.tsv.gz	https://www.ncbi.nlm.nih.gov/geo/download/?acc=GSM6061671&format=file&file=GSM6061671%5FA008%2DE%2D008%5Ffeatures%2Etsv%2Egz	GEO_current_public_record	2026-07-24T21:32:30Z	304728	8f12b81f3f29c8571f0545ac946a742257e8800ff605e272546366dbddbeabcd	See official repository record	verified	metadata/file_manifest.tsv	Raw data not included in release candidate
GSE201348	GSE201348	processed_count_or_feature_matrix	GSM6061671_A008-E-008_matrix.mtx.gz	https://www.ncbi.nlm.nih.gov/geo/download/?acc=GSM6061671&format=file&file=GSM6061671%5FA008%2DE%2D008%5Fmatrix%2Emtx%2Egz	GEO_current_public_record	2026-07-24T21:32:37Z	10323034	81c2b1e1fa7f75352f2e4c3688471da558d8526abf60afb5ccb1099573703cc0	See official repository record	verified	metadata/file_manifest.tsv	Raw data not included in release candidate
GSE201348	GSE201348	processed_count_or_feature_matrix	GSM6061672_A008-E-015_barcodes.tsv.gz	https://www.ncbi.nlm.nih.gov/geo/download/?acc=GSM6061672&format=file&file=GSM6061672%5FA008%2DE%2D015%5Fbarcodes%2Etsv%2Egz	GEO_current_public_record	2026-07-24T21:32:38Z	28294	16a40372010282affe4110f34af54d2ed42d62b91f93d2cb60280c193f922a3c	See official repository record	verified	metadata/file_manifest.tsv	Raw data not included in release candidate
GSE201348	GSE201348	processed_count_or_feature_matrix	GSM6061672_A008-E-015_features.tsv.gz	https://www.ncbi.nlm.nih.gov/geo/download/?acc=GSM6061672&format=file&file=GSM6061672%5FA008%2DE%2D015%5Ffeatures%2Etsv%2Egz	GEO_current_public_record	2026-07-24T21:32:41Z	304728	b967918d8030d79ce0c8eb9c6db58117b2876395142ef42f356c99d1fa35a11d	See official repository record	verified	metadata/file_manifest.tsv	Raw data not included in release candidate
GSE201348	GSE201348	processed_count_or_feature_matrix	GSM6061672_A008-E-015_matrix.mtx.gz	https://www.ncbi.nlm.nih.gov/geo/download/?acc=GSM6061672&format=file&file=GSM6061672%5FA008%2DE%2D015%5Fmatrix%2Emtx%2Egz	GEO_current_public_record	2026-07-24T21:32:50Z	37441672	afba0b49f0fef8f7efa0195186a028c1842d898aab08d59f1a63ba1c7cbdce7f	See official repository record	verified	metadata/file_manifest.tsv	Raw data not included in release candidate
GSE201348	GSE201348	processed_count_or_feature_matrix	GSM6061673_A010-E-018_barcodes.tsv.gz	https://www.ncbi.nlm.nih.gov/geo/download/?acc=GSM6061673&format=file&file=GSM6061673%5FA010%2DE%2D018%5Fbarcodes%2Etsv%2Egz	GEO_current_public_record	2026-07-24T21:32:52Z	42584	15ad702e51618fb368ab4b3a0a434d527252f632f46572297bf805e4a6dec82e	See official repository record	verified	metadata/file_manifest.tsv	Raw data not included in release candidate
GSE201348	GSE201348	processed_count_or_feature_matrix	GSM6061673_A010-E-018_features.tsv.gz	https://www.ncbi.nlm.nih.gov/geo/download/?acc=GSM6061673&format=file&file=GSM6061673%5FA010%2DE%2D018%5Ffeatures%2Etsv%2Egz	GEO_current_public_record	2026-07-24T21:32:55Z	304728	e786bede4a17618e0a1e1eee28c2963a92cf6967c67b758c8214f9ffcdf0199a	See official repository record	verified	metadata/file_manifest.tsv	Raw data not included in release candidate
GSE201348	GSE201348	processed_count_or_feature_matrix	GSM6061673_A010-E-018_matrix.mtx.gz	https://www.ncbi.nlm.nih.gov/geo/download/?acc=GSM6061673&format=file&file=GSM6061673%5FA010%2DE%2D018%5Fmatrix%2Emtx%2Egz	GEO_current_public_record	2026-07-24T21:33:02Z	8925648	9e20b8b4b391fd780c5bee7bbb2f58898e732502fa1c45c76ee4058301a650b4	See official repository record	verified	metadata/file_manifest.tsv	Raw data not included in release candidate
GSE201348	GSE201348	processed_count_or_feature_matrix	GSM6061674_A010-E-023_barcodes.tsv.gz	https://www.ncbi.nlm.nih.gov/geo/download/?acc=GSM6061674&format=file&file=GSM6061674%5FA010%2DE%2D023%5Fbarcodes%2Etsv%2Egz	GEO_current_public_record	2026-07-24T21:33:04Z	204060	c584cd8790d58d9cc4d3b9aba0984752ff4d0df6b0c8d32eee0c59b78b0ce7be	See official repository record	verified	metadata/file_manifest.tsv	Raw data not included in release candidate
GSE201348	GSE201348	processed_count_or_feature_matrix	GSM6061674_A010-E-023_features.tsv.gz	https://www.ncbi.nlm.nih.gov/geo/download/?acc=GSM6061674&format=file&file=GSM6061674%5FA010%2DE%2D023%5Ffeatures%2Etsv%2Egz	GEO_current_public_record	2026-07-24T21:33:07Z	304728	9a4c2fab2383e1db727831ca5e87687e17baa91299d5aa5643a1a5920aa00324	See official repository record	verified	metadata/file_manifest.tsv	Raw data not included in release candidate
GSE201348	GSE201348	processed_count_or_feature_matrix	GSM6061674_A010-E-023_matrix.mtx.gz	https://www.ncbi.nlm.nih.gov/geo/download/?acc=GSM6061674&format=file&file=GSM6061674%5FA010%2DE%2D023%5Fmatrix%2Emtx%2Egz	GEO_current_public_record	2026-07-24T21:33:13Z	11088525	8e12bbe269d70a8a664819966daeaf61a204a18a66e2599d3be2ce67dc7aa35b	See official repository record	verified	metadata/file_manifest.tsv	Raw data not included in release candidate
GSE201348	GSE201348	processed_count_or_feature_matrix	GSM6061675_A014-C-001_barcodes.tsv.gz	https://www.ncbi.nlm.nih.gov/geo/download/?acc=GSM6061675&format=file&file=GSM6061675%5FA014%2DC%2D001%5Fbarcodes%2Etsv%2Egz	GEO_current_public_record	2026-07-24T21:33:17Z	275026	20aa01f2b1391fa12723c82a48895f566b79318d0248474f66b2e9e19ee7c1a0	See official repository record	verified	metadata/file_manifest.tsv	Raw data not included in release candidate
GSE201348	GSE201348	processed_count_or_feature_matrix	GSM6061675_A014-C-001_features.tsv.gz	https://www.ncbi.nlm.nih.gov/geo/download/?acc=GSM6061675&format=file&file=GSM6061675%5FA014%2DC%2D001%5Ffeatures%2Etsv%2Egz	GEO_current_public_record	2026-07-24T21:33:19Z	304728	0c3121a2ab873a71339d60ee39335ee70461330507420e432a7bf98a5f32b3fc	See official repository record	verified	metadata/file_manifest.tsv	Raw data not included in release candidate
GSE201348	GSE201348	processed_count_or_feature_matrix	GSM6061675_A014-C-001_matrix.mtx.gz	https://www.ncbi.nlm.nih.gov/geo/download/?acc=GSM6061675&format=file&file=GSM6061675%5FA014%2DC%2D001%5Fmatrix%2Emtx%2Egz	GEO_current_public_record	2026-07-24T21:33:33Z	13380950	0548b63e60c614354839c05c1064bf7bf5bf14c366c1e19934c36356f0c67a2e	See official repository record	verified	metadata/file_manifest.tsv	Raw data not included in release candidate
GSE201348	GSE201348	processed_count_or_feature_matrix	GSM6061676_A014-C-008_barcodes.tsv.gz	https://www.ncbi.nlm.nih.gov/geo/download/?acc=GSM6061676&format=file&file=GSM6061676%5FA014%2DC%2D008%5Fbarcodes%2Etsv%2Egz	GEO_current_public_record	2026-07-24T21:33:35Z	21225	53e1dabe14726f704c84b77daf86e171242bd323a75547ee3169f1747be0bda0	See official repository record	verified	metadata/file_manifest.tsv	Raw data not included in release candidate
GSE201348	GSE201348	processed_count_or_feature_matrix	GSM6061676_A014-C-008_features.tsv.gz	https://www.ncbi.nlm.nih.gov/geo/download/?acc=GSM6061676&format=file&file=GSM6061676%5FA014%2DC%2D008%5Ffeatures%2Etsv%2Egz	GEO_current_public_record	2026-07-24T21:33:38Z	304728	62a8650579102abd66f5c8b79fd13379512fff237ead6af9fe8c7c95c2b66eb3	See official repository record	verified	metadata/file_manifest.tsv	Raw data not included in release candidate
GSE201348	GSE201348	processed_count_or_feature_matrix	GSM6061676_A014-C-008_matrix.mtx.gz	https://www.ncbi.nlm.nih.gov/geo/download/?acc=GSM6061676&format=file&file=GSM6061676%5FA014%2DC%2D008%5Fmatrix%2Emtx%2Egz	GEO_current_public_record	2026-07-24T21:33:43Z	6521184	7d6d9c605369a05f1a0c56f046913a5ebedbee0bbb573108ad7105da6a6d7b6d	See official repository record	verified	metadata/file_manifest.tsv	Raw data not included in release candidate
GSE201348	GSE201348	processed_count_or_feature_matrix	GSM6061677_A014-C-040_barcodes.tsv.gz	https://www.ncbi.nlm.nih.gov/geo/download/?acc=GSM6061677&format=file&file=GSM6061677%5FA014%2DC%2D040%5Fbarcodes%2Etsv%2Egz	GEO_current_public_record	2026-07-24T21:33:45Z	19700	b6f2d5c1e38c06a2a1aecb6c672964ca955cf175851231b4bfc56082231e16fb	See official repository record	verified	metadata/file_manifest.tsv	Raw data not included in release candidate
GSE201348	GSE201348	processed_count_or_feature_matrix	GSM6061677_A014-C-040_features.tsv.gz	https://www.ncbi.nlm.nih.gov/geo/download/?acc=GSM6061677&format=file&file=GSM6061677%5FA014%2DC%2D040%5Ffeatures%2Etsv%2Egz	GEO_current_public_record	2026-07-24T21:33:48Z	304728	e44a2b5deb11904bfc866fc7350f4b1a62fb95c97ef643513063ecf115c60b96	See official repository record	verified	metadata/file_manifest.tsv	Raw data not included in release candidate
GSE201348	GSE201348	processed_count_or_feature_matrix	GSM6061677_A014-C-040_matrix.mtx.gz	https://www.ncbi.nlm.nih.gov/geo/download/?acc=GSM6061677&format=file&file=GSM6061677%5FA014%2DC%2D040%5Fmatrix%2Emtx%2Egz	GEO_current_public_record	2026-07-24T21:33:53Z	6605912	a221965d573d57c6608bbbc7f447de8c06e0a4ae08bd179ff80971e995602add	See official repository record	verified	metadata/file_manifest.tsv	Raw data not included in release candidate
GSE201348	GSE201348	processed_count_or_feature_matrix	GSM6061678_A014-C-043_barcodes.tsv.gz	https://www.ncbi.nlm.nih.gov/geo/download/?acc=GSM6061678&format=file&file=GSM6061678%5FA014%2DC%2D043%5Fbarcodes%2Etsv%2Egz	GEO_current_public_record	2026-07-24T21:33:55Z	32821	cbef660eb00fce788704a1daa1bb0c1b220286fdcc9fdca52461a3632cff89c8	See official repository record	verified	metadata/file_manifest.tsv	Raw data not included in release candidate
GSE201348	GSE201348	processed_count_or_feature_matrix	GSM6061678_A014-C-043_features.tsv.gz	https://www.ncbi.nlm.nih.gov/geo/download/?acc=GSM6061678&format=file&file=GSM6061678%5FA014%2DC%2D043%5Ffeatures%2Etsv%2Egz	GEO_current_public_record	2026-07-24T21:33:58Z	304728	9903400ffc832baa6022312470ced5894df077375e90f4190c757fd7fb37d7d7	See official repository record	verified	metadata/file_manifest.tsv	Raw data not included in release candidate
GSE201348	GSE201348	processed_count_or_feature_matrix	GSM6061678_A014-C-043_matrix.mtx.gz	https://www.ncbi.nlm.nih.gov/geo/download/?acc=GSM6061678&format=file&file=GSM6061678%5FA014%2DC%2D043%5Fmatrix%2Emtx%2Egz	GEO_current_public_record	2026-07-24T21:34:04Z	8154779	119d269df1ae7afb6525a2e80dab105a499f4c3c051508bb0079b097addeeb7c	See official repository record	verified	metadata/file_manifest.tsv	Raw data not included in release candidate
GSE201348	GSE201348	processed_count_or_feature_matrix	GSM6061679_A014-C-052_barcodes.tsv.gz	https://www.ncbi.nlm.nih.gov/geo/download/?acc=GSM6061679&format=file&file=GSM6061679%5FA014%2DC%2D052%5Fbarcodes%2Etsv%2Egz	GEO_current_public_record	2026-07-24T21:34:05Z	24951	899e07bfe4adc16608db2a57fdaad5e2a14ef674af14b59da485dc08b9b3f222	See official repository record	verified	metadata/file_manifest.tsv	Raw data not included in release candidate
GSE201348	GSE201348	processed_count_or_feature_matrix	GSM6061679_A014-C-052_features.tsv.gz	https://www.ncbi.nlm.nih.gov/geo/download/?acc=GSM6061679&format=file&file=GSM6061679%5FA014%2DC%2D052%5Ffeatures%2Etsv%2Egz	GEO_current_public_record	2026-07-24T21:34:08Z	304728	d7320f13b611bc48bcf420844451803d0ed0a6068710faa5e6f09d8c2ce0ef6e	See official repository record	verified	metadata/file_manifest.tsv	Raw data not included in release candidate
GSE201348	GSE201348	processed_count_or_feature_matrix	GSM6061679_A014-C-052_matrix.mtx.gz	https://www.ncbi.nlm.nih.gov/geo/download/?acc=GSM6061679&format=file&file=GSM6061679%5FA014%2DC%2D052%5Fmatrix%2Emtx%2Egz	GEO_current_public_record	2026-07-24T21:34:16Z	35578745	1b06558367ae0d4aad852ca96375928285850bda7b74817dc5f67e34b091b7b7	See official repository record	verified	metadata/file_manifest.tsv	Raw data not included in release candidate
GSE201348	GSE201348	processed_count_or_feature_matrix	GSM6061680_A014-C-054_barcodes.tsv.gz	https://www.ncbi.nlm.nih.gov/geo/download/?acc=GSM6061680&format=file&file=GSM6061680%5FA014%2DC%2D054%5Fbarcodes%2Etsv%2Egz	GEO_current_public_record	2026-07-24T21:34:18Z	23680	4fc6dd848c3c6d55c54eaed41118a63b5e5d153d1127ba5b270e44b2ea372e49	See official repository record	verified	metadata/file_manifest.tsv	Raw data not included in release candidate
GSE201348	GSE201348	processed_count_or_feature_matrix	GSM6061680_A014-C-054_features.tsv.gz	https://www.ncbi.nlm.nih.gov/geo/download/?acc=GSM6061680&format=file&file=GSM6061680%5FA014%2DC%2D054%5Ffeatures%2Etsv%2Egz	GEO_current_public_record	2026-07-24T21:34:21Z	304728	11bd918476ac0bb7c66643eae0225233a2b801261d28ae1e82cb72edcc146372	See official repository record	verified	metadata/file_manifest.tsv	Raw data not included in release candidate
GSE201348	GSE201348	processed_count_or_feature_matrix	GSM6061680_A014-C-054_matrix.mtx.gz	https://www.ncbi.nlm.nih.gov/geo/download/?acc=GSM6061680&format=file&file=GSM6061680%5FA014%2DC%2D054%5Fmatrix%2Emtx%2Egz	GEO_current_public_record	2026-07-24T21:34:33Z	27872375	49b2324a00f5a7fbf0b427d218006d61d2b342911517caa99993a69f04713e74	See official repository record	verified	metadata/file_manifest.tsv	Raw data not included in release candidate
GSE201348	GSE201348	processed_count_or_feature_matrix	GSM6061681_A014-C-101_barcodes.tsv.gz	https://www.ncbi.nlm.nih.gov/geo/download/?acc=GSM6061681&format=file&file=GSM6061681%5FA014%2DC%2D101%5Fbarcodes%2Etsv%2Egz	GEO_current_public_record	2026-07-24T21:34:35Z	39581	a89853b7429a78bcc2811bb1efe26ab6fa7fb54fba53f7df32fd7838e0dbc6aa	See official repository record	verified	metadata/file_manifest.tsv	Raw data not included in release candidate
GSE201348	GSE201348	processed_count_or_feature_matrix	GSM6061681_A014-C-101_features.tsv.gz	https://www.ncbi.nlm.nih.gov/geo/download/?acc=GSM6061681&format=file&file=GSM6061681%5FA014%2DC%2D101%5Ffeatures%2Etsv%2Egz	GEO_current_public_record	2026-07-24T21:34:37Z	304728	46e32430a427aa09178c73aa986b53015a02aa989e1eb07258c7bba163f13a06	See official repository record	verified	metadata/file_manifest.tsv	Raw data not included in release candidate
GSE201348	GSE201348	processed_count_or_feature_matrix	GSM6061681_A014-C-101_matrix.mtx.gz	https://www.ncbi.nlm.nih.gov/geo/download/?acc=GSM6061681&format=file&file=GSM6061681%5FA014%2DC%2D101%5Fmatrix%2Emtx%2Egz	GEO_current_public_record	2026-07-24T21:34:42Z	6507127	8524f19099abcda460e310a035f865cebefd8c1fee2aee07c9bb89d26b958ffb	See official repository record	verified	metadata/file_manifest.tsv	Raw data not included in release candidate
GSE201348	GSE201348	processed_count_or_feature_matrix	GSM6061682_A014-C-108_barcodes.tsv.gz	https://www.ncbi.nlm.nih.gov/geo/download/?acc=GSM6061682&format=file&file=GSM6061682%5FA014%2DC%2D108%5Fbarcodes%2Etsv%2Egz	GEO_current_public_record	2026-07-24T21:34:44Z	13827	019a1ba1bd0857a8b4502783711985ea6eca62eec80d789961a8a054cda5e522	See official repository record	verified	metadata/file_manifest.tsv	Raw data not included in release candidate
GSE201348	GSE201348	processed_count_or_feature_matrix	GSM6061682_A014-C-108_features.tsv.gz	https://www.ncbi.nlm.nih.gov/geo/download/?acc=GSM6061682&format=file&file=GSM6061682%5FA014%2DC%2D108%5Ffeatures%2Etsv%2Egz	GEO_current_public_record	2026-07-24T21:34:47Z	304728	e7511ea0e270ab861409200d772e23d306bae11f6016570c7e383fc2316273aa	See official repository record	verified	metadata/file_manifest.tsv	Raw data not included in release candidate
GSE201348	GSE201348	processed_count_or_feature_matrix	GSM6061682_A014-C-108_matrix.mtx.gz	https://www.ncbi.nlm.nih.gov/geo/download/?acc=GSM6061682&format=file&file=GSM6061682%5FA014%2DC%2D108%5Fmatrix%2Emtx%2Egz	GEO_current_public_record	2026-07-24T21:34:53Z	12206625	a44537aec2614d07461117c256172786b0535608cbd6e75c8fbca1a56218b54a	See official repository record	verified	metadata/file_manifest.tsv	Raw data not included in release candidate
GSE201348	GSE201348	processed_count_or_feature_matrix	GSM6061683_A014-C-111_barcodes.tsv.gz	https://www.ncbi.nlm.nih.gov/geo/download/?acc=GSM6061683&format=file&file=GSM6061683%5FA014%2DC%2D111%5Fbarcodes%2Etsv%2Egz	GEO_current_public_record	2026-07-24T21:34:54Z	29090	841781dd5c3240387d2a28c611ba61b3565993896b9838214a064f39a327300b	See official repository record	verified	metadata/file_manifest.tsv	Raw data not included in release candidate
GSE201348	GSE201348	processed_count_or_feature_matrix	GSM6061683_A014-C-111_features.tsv.gz	https://www.ncbi.nlm.nih.gov/geo/download/?acc=GSM6061683&format=file&file=GSM6061683%5FA014%2DC%2D111%5Ffeatures%2Etsv%2Egz	GEO_current_public_record	2026-07-24T21:34:57Z	304728	6098304b96cda7b2b0858405998cff763f248e2ee8dd831b75bae6d6bc7e55c2	See official repository record	verified	metadata/file_manifest.tsv	Raw data not included in release candidate
GSE201348	GSE201348	processed_count_or_feature_matrix	GSM6061683_A014-C-111_matrix.mtx.gz	https://www.ncbi.nlm.nih.gov/geo/download/?acc=GSM6061683&format=file&file=GSM6061683%5FA014%2DC%2D111%5Fmatrix%2Emtx%2Egz	GEO_current_public_record	2026-07-24T21:35:02Z	10880946	fb0495737bd91efd1be1ff8d12ce185d906084b202021e101eee63894f970c1f	See official repository record	verified	metadata/file_manifest.tsv	Raw data not included in release candidate
GSE201348	GSE201348	processed_count_or_feature_matrix	GSM6061684_A014-C-114_barcodes.tsv.gz	https://www.ncbi.nlm.nih.gov/geo/download/?acc=GSM6061684&format=file&file=GSM6061684%5FA014%2DC%2D114%5Fbarcodes%2Etsv%2Egz	GEO_current_public_record	2026-07-24T21:35:04Z	20107	97c35d4917906d5db33a07adc29e9b725abe56ca854507f045a5851112f27c5a	See official repository record	verified	metadata/file_manifest.tsv	Raw data not included in release candidate
GSE201348	GSE201348	processed_count_or_feature_matrix	GSM6061684_A014-C-114_features.tsv.gz	https://www.ncbi.nlm.nih.gov/geo/download/?acc=GSM6061684&format=file&file=GSM6061684%5FA014%2DC%2D114%5Ffeatures%2Etsv%2Egz	GEO_current_public_record	2026-07-24T21:35:06Z	304728	07d97d9b26a95ce900e259c9b24236120eedd6dbeede22081bb4d4edf4d49b1e	See official repository record	verified	metadata/file_manifest.tsv	Raw data not included in release candidate
GSE201348	GSE201348	processed_count_or_feature_matrix	GSM6061684_A014-C-114_matrix.mtx.gz	https://www.ncbi.nlm.nih.gov/geo/download/?acc=GSM6061684&format=file&file=GSM6061684%5FA014%2DC%2D114%5Fmatrix%2Emtx%2Egz	GEO_current_public_record	2026-07-24T21:35:14Z	14118147	7bb19da3815b06cc4855d2e5cf540ae10534ee4e7ed6e0e1b72fd248246d8364	See official repository record	verified	metadata/file_manifest.tsv	Raw data not included in release candidate
GSE201348	GSE201348	processed_count_or_feature_matrix	GSM6061685_A014-C-201_barcodes.tsv.gz	https://www.ncbi.nlm.nih.gov/geo/download/?acc=GSM6061685&format=file&file=GSM6061685%5FA014%2DC%2D201%5Fbarcodes%2Etsv%2Egz	GEO_current_public_record	2026-07-24T21:35:16Z	17570	3231f48615cc8866c73044229875fe16513ddb2e8802cd2122ae282a61aba4d0	See official repository record	verified	metadata/file_manifest.tsv	Raw data not included in release candidate
GSE201348	GSE201348	processed_count_or_feature_matrix	GSM6061685_A014-C-201_features.tsv.gz	https://www.ncbi.nlm.nih.gov/geo/download/?acc=GSM6061685&format=file&file=GSM6061685%5FA014%2DC%2D201%5Ffeatures%2Etsv%2Egz	GEO_current_public_record	2026-07-24T21:35:19Z	304728	fa846c9221f4395dfa3a2b40fea271d23373d8fb20812eaf337de4cffb589813	See official repository record	verified	metadata/file_manifest.tsv	Raw data not included in release candidate
GSE201348	GSE201348	processed_count_or_feature_matrix	GSM6061685_A014-C-201_matrix.mtx.gz	https://www.ncbi.nlm.nih.gov/geo/download/?acc=GSM6061685&format=file&file=GSM6061685%5FA014%2DC%2D201%5Fmatrix%2Emtx%2Egz	GEO_current_public_record	2026-07-24T21:35:25Z	13594231	36a04a056d7f0398a318e60def7532a0b7c2adf84fd2c068a37d3e84af510c51	See official repository record	verified	metadata/file_manifest.tsv	Raw data not included in release candidate
GSE201348	GSE201348	processed_count_or_feature_matrix	GSM6061686_A015-C-001_barcodes.tsv.gz	https://www.ncbi.nlm.nih.gov/geo/download/?acc=GSM6061686&format=file&file=GSM6061686%5FA015%2DC%2D001%5Fbarcodes%2Etsv%2Egz	GEO_current_public_record	2026-07-24T21:35:27Z	6560	7e2691d4c8b825574d781c021ce563a551198563fc671584f30f612040e40b0e	See official repository record	verified	metadata/file_manifest.tsv	Raw data not included in release candidate
GSE201348	GSE201348	processed_count_or_feature_matrix	GSM6061686_A015-C-001_features.tsv.gz	https://www.ncbi.nlm.nih.gov/geo/download/?acc=GSM6061686&format=file&file=GSM6061686%5FA015%2DC%2D001%5Ffeatures%2Etsv%2Egz	GEO_current_public_record	2026-07-24T21:35:30Z	304728	f1928970e1783675693718d1483be1b77365af0c7846fe99b31b1b9ffe743530	See official repository record	verified	metadata/file_manifest.tsv	Raw data not included in release candidate
GSE201348	GSE201348	processed_count_or_feature_matrix	GSM6061686_A015-C-001_matrix.mtx.gz	https://www.ncbi.nlm.nih.gov/geo/download/?acc=GSM6061686&format=file&file=GSM6061686%5FA015%2DC%2D001%5Fmatrix%2Emtx%2Egz	GEO_current_public_record	2026-07-24T21:35:34Z	3706163	178a25961c265972efad9ba587cd7299e823e1ccecd04611bf8f9bee72c360a6	See official repository record	verified	metadata/file_manifest.tsv	Raw data not included in release candidate
GSE201348	GSE201348	processed_count_or_feature_matrix	GSM6061687_A015-C-002_barcodes.tsv.gz	https://www.ncbi.nlm.nih.gov/geo/download/?acc=GSM6061687&format=file&file=GSM6061687%5FA015%2DC%2D002%5Fbarcodes%2Etsv%2Egz	GEO_current_public_record	2026-07-24T21:35:36Z	186295	c9e5c4d58330510cb84ea7c218942c03269de244e8f834828e6f592c9fa6622c	See official repository record	verified	metadata/file_manifest.tsv	Raw data not included in release candidate
GSE201348	GSE201348	processed_count_or_feature_matrix	GSM6061687_A015-C-002_features.tsv.gz	https://www.ncbi.nlm.nih.gov/geo/download/?acc=GSM6061687&format=file&file=GSM6061687%5FA015%2DC%2D002%5Ffeatures%2Etsv%2Egz	GEO_current_public_record	2026-07-24T21:35:39Z	304728	ba512181e3dc48dfec8415c81fb1fbff50c479ce74863be30a6038e30d86e329	See official repository record	verified	metadata/file_manifest.tsv	Raw data not included in release candidate
GSE201348	GSE201348	processed_count_or_feature_matrix	GSM6061687_A015-C-002_matrix.mtx.gz	https://www.ncbi.nlm.nih.gov/geo/download/?acc=GSM6061687&format=file&file=GSM6061687%5FA015%2DC%2D002%5Fmatrix%2Emtx%2Egz	GEO_current_public_record	2026-07-24T21:35:51Z	29025498	9c883bda738c2a9714cd71c4a1c41d794e606ec9b1e7d623f0254b80b2ce45c0	See official repository record	verified	metadata/file_manifest.tsv	Raw data not included in release candidate
GSE201348	GSE201348	processed_count_or_feature_matrix	GSM6061688_A015-C-005_barcodes.tsv.gz	https://www.ncbi.nlm.nih.gov/geo/download/?acc=GSM6061688&format=file&file=GSM6061688%5FA015%2DC%2D005%5Fbarcodes%2Etsv%2Egz	GEO_current_public_record	2026-07-24T21:35:52Z	29383	c22e271a0f07b8ac8773dad9171f212c97e91b23ae3a2b74a65465f4d5b4613d	See official repository record	verified	metadata/file_manifest.tsv	Raw data not included in release candidate
GSE201348	GSE201348	processed_count_or_feature_matrix	GSM6061688_A015-C-005_features.tsv.gz	https://www.ncbi.nlm.nih.gov/geo/download/?acc=GSM6061688&format=file&file=GSM6061688%5FA015%2DC%2D005%5Ffeatures%2Etsv%2Egz	GEO_current_public_record	2026-07-24T21:35:55Z	304728	edebb73716bce7749199a54c3096c88ea9280b96107e5c0cbbc114f9b8743907	See official repository record	verified	metadata/file_manifest.tsv	Raw data not included in release candidate
GSE201348	GSE201348	processed_count_or_feature_matrix	GSM6061688_A015-C-005_matrix.mtx.gz	https://www.ncbi.nlm.nih.gov/geo/download/?acc=GSM6061688&format=file&file=GSM6061688%5FA015%2DC%2D005%5Fmatrix%2Emtx%2Egz	GEO_current_public_record	2026-07-24T21:36:20Z	24980460	1656f1ef84ec1aab6194b675d906cf4e6c532eaaf4844c90300b0e1f19a7caf0	See official repository record	verified	metadata/file_manifest.tsv	Raw data not included in release candidate
GSE201348	GSE201348	processed_count_or_feature_matrix	GSM6061689_A015-C-006_barcodes.tsv.gz	https://www.ncbi.nlm.nih.gov/geo/download/?acc=GSM6061689&format=file&file=GSM6061689%5FA015%2DC%2D006%5Fbarcodes%2Etsv%2Egz	GEO_current_public_record	2026-07-24T21:36:23Z	47245	b00b6594c90fedba0ce7add822c6ac5d0fff95b5c9760bc3fdea79d100278832	See official repository record	verified	metadata/file_manifest.tsv	Raw data not included in release candidate
GSE201348	GSE201348	processed_count_or_feature_matrix	GSM6061689_A015-C-006_features.tsv.gz	https://www.ncbi.nlm.nih.gov/geo/download/?acc=GSM6061689&format=file&file=GSM6061689%5FA015%2DC%2D006%5Ffeatures%2Etsv%2Egz	GEO_current_public_record	2026-07-24T21:36:25Z	304728	739bf4abe84a65a3413de8a0d9b52f8db815c95e36f99ccd46b2eda4bcc10b0f	See official repository record	verified	metadata/file_manifest.tsv	Raw data not included in release candidate
GSE201348	GSE201348	processed_count_or_feature_matrix	GSM6061689_A015-C-006_matrix.mtx.gz	https://www.ncbi.nlm.nih.gov/geo/download/?acc=GSM6061689&format=file&file=GSM6061689%5FA015%2DC%2D006%5Fmatrix%2Emtx%2Egz	GEO_current_public_record	2026-07-24T21:36:31Z	9774723	a2d01df425bdfd1752ceef34c587f8785575761d6203d531fe4042e761f4c2be	See official repository record	verified	metadata/file_manifest.tsv	Raw data not included in release candidate
GSE201348	GSE201348	processed_count_or_feature_matrix	GSM6061690_A015-C-008_barcodes.tsv.gz	https://www.ncbi.nlm.nih.gov/geo/download/?acc=GSM6061690&format=file&file=GSM6061690%5FA015%2DC%2D008%5Fbarcodes%2Etsv%2Egz	GEO_current_public_record	2026-07-24T21:36:32Z	6022	ea325cd1b4d62f722ca7951d4c878e1ad77ed8f9a0d6e115bebdf563b8ddefdd	See official repository record	verified	metadata/file_manifest.tsv	Raw data not included in release candidate
GSE201348	GSE201348	processed_count_or_feature_matrix	GSM6061690_A015-C-008_features.tsv.gz	https://www.ncbi.nlm.nih.gov/geo/download/?acc=GSM6061690&format=file&file=GSM6061690%5FA015%2DC%2D008%5Ffeatures%2Etsv%2Egz	GEO_current_public_record	2026-07-24T21:36:35Z	304728	98b52eca430fa3998e864630d9615f86f90b0c4b1bf1748152f0ddcdcd808864	See official repository record	verified	metadata/file_manifest.tsv	Raw data not included in release candidate
GSE201348	GSE201348	processed_count_or_feature_matrix	GSM6061690_A015-C-008_matrix.mtx.gz	https://www.ncbi.nlm.nih.gov/geo/download/?acc=GSM6061690&format=file&file=GSM6061690%5FA015%2DC%2D008%5Fmatrix%2Emtx%2Egz	GEO_current_public_record	2026-07-24T21:36:39Z	6462221	a72f75e654254c005cbd5ef7b42d505b72a1ef851c7113fa68c00ed5b8565ee4	See official repository record	verified	metadata/file_manifest.tsv	Raw data not included in release candidate
GSE201348	GSE201348	processed_count_or_feature_matrix	GSM6061691_A015-C-010_barcodes.tsv.gz	https://www.ncbi.nlm.nih.gov/geo/download/?acc=GSM6061691&format=file&file=GSM6061691%5FA015%2DC%2D010%5Fbarcodes%2Etsv%2Egz	GEO_current_public_record	2026-07-24T21:36:41Z	24960	04a3028ea029720f2465f15646a0b3a7b00caea22e6eed767d4f384ea42559b3	See official repository record	verified	metadata/file_manifest.tsv	Raw data not included in release candidate
GSE201348	GSE201348	processed_count_or_feature_matrix	GSM6061691_A015-C-010_features.tsv.gz	https://www.ncbi.nlm.nih.gov/geo/download/?acc=GSM6061691&format=file&file=GSM6061691%5FA015%2DC%2D010%5Ffeatures%2Etsv%2Egz	GEO_current_public_record	2026-07-24T21:36:44Z	304728	e4cc7485171aea3c7d9ffca0b7f62a58ed0a3c9c143cd0695e5ff74b3e1eb32c	See official repository record	verified	metadata/file_manifest.tsv	Raw data not included in release candidate
GSE201348	GSE201348	processed_count_or_feature_matrix	GSM6061691_A015-C-010_matrix.mtx.gz	https://www.ncbi.nlm.nih.gov/geo/download/?acc=GSM6061691&format=file&file=GSM6061691%5FA015%2DC%2D010%5Fmatrix%2Emtx%2Egz	GEO_current_public_record	2026-07-24T21:36:50Z	10067852	eb248a3366c8ede93227c9b0a04d5ced9ef9d1882ed5b783b2ca672d35a98ee7	See official repository record	verified	metadata/file_manifest.tsv	Raw data not included in release candidate
GSE201348	GSE201348	processed_count_or_feature_matrix	GSM6061692_A015-C-104_barcodes.tsv.gz	https://www.ncbi.nlm.nih.gov/geo/download/?acc=GSM6061692&format=file&file=GSM6061692%5FA015%2DC%2D104%5Fbarcodes%2Etsv%2Egz	GEO_current_public_record	2026-07-24T21:36:52Z	33562	916ada1364e0c601fac3c7da7bcfe6fd5a6c97441458e957dd09e4c6bcecd600	See official repository record	verified	metadata/file_manifest.tsv	Raw data not included in release candidate
GSE201348	GSE201348	processed_count_or_feature_matrix	GSM6061692_A015-C-104_features.tsv.gz	https://www.ncbi.nlm.nih.gov/geo/download/?acc=GSM6061692&format=file&file=GSM6061692%5FA015%2DC%2D104%5Ffeatures%2Etsv%2Egz	GEO_current_public_record	2026-07-24T21:36:54Z	304728	19e1a8eedd474bd98beda996cd09c72cec67535ef6eb2a14b3d6a503240dd90d	See official repository record	verified	metadata/file_manifest.tsv	Raw data not included in release candidate
GSE201348	GSE201348	processed_count_or_feature_matrix	GSM6061692_A015-C-104_matrix.mtx.gz	https://www.ncbi.nlm.nih.gov/geo/download/?acc=GSM6061692&format=file&file=GSM6061692%5FA015%2DC%2D104%5Fmatrix%2Emtx%2Egz	GEO_current_public_record	2026-07-24T21:37:17Z	10337162	e213b7400b2f0422a06dd87af71a97263234f1dab9033ad87d63d5bc284eda9d	See official repository record	verified	metadata/file_manifest.tsv	Raw data not included in release candidate
GSE201348	GSE201348	processed_count_or_feature_matrix	GSM6061693_A015-C-106_barcodes.tsv.gz	https://www.ncbi.nlm.nih.gov/geo/download/?acc=GSM6061693&format=file&file=GSM6061693%5FA015%2DC%2D106%5Fbarcodes%2Etsv%2Egz	GEO_current_public_record	2026-07-24T21:37:19Z	20143	fa9497f8b819a0f95172ba4926a06902ca8049b39a3c3aa18bddc5ea4ce4e049	See official repository record	verified	metadata/file_manifest.tsv	Raw data not included in release candidate
GSE201348	GSE201348	processed_count_or_feature_matrix	GSM6061693_A015-C-106_features.tsv.gz	https://www.ncbi.nlm.nih.gov/geo/download/?acc=GSM6061693&format=file&file=GSM6061693%5FA015%2DC%2D106%5Ffeatures%2Etsv%2Egz	GEO_current_public_record	2026-07-24T21:37:21Z	304728	3e12af67d4606091f6c47cc3f851fc395e37b12894ed45bda64355667bf57fc9	See official repository record	verified	metadata/file_manifest.tsv	Raw data not included in release candidate
GSE201348	GSE201348	processed_count_or_feature_matrix	GSM6061693_A015-C-106_matrix.mtx.gz	https://www.ncbi.nlm.nih.gov/geo/download/?acc=GSM6061693&format=file&file=GSM6061693%5FA015%2DC%2D106%5Fmatrix%2Emtx%2Egz	GEO_current_public_record	2026-07-24T21:37:30Z	14730943	7df913c0d7e6db8155840bd4ca336120f82dd5659183bf22884045c2a13c9aad	See official repository record	verified	metadata/file_manifest.tsv	Raw data not included in release candidate
GSE201348	GSE201348	processed_count_or_feature_matrix	GSM6061694_A015-C-109_barcodes.tsv.gz	https://www.ncbi.nlm.nih.gov/geo/download/?acc=GSM6061694&format=file&file=GSM6061694%5FA015%2DC%2D109%5Fbarcodes%2Etsv%2Egz	GEO_current_public_record	2026-07-24T21:37:32Z	87945	8225ce6e032a1dc8e5b60287c4ff36a44c4f853e1463a5d686592ce6a57a2be6	See official repository record	verified	metadata/file_manifest.tsv	Raw data not included in release candidate
GSE201348	GSE201348	processed_count_or_feature_matrix	GSM6061694_A015-C-109_features.tsv.gz	https://www.ncbi.nlm.nih.gov/geo/download/?acc=GSM6061694&format=file&file=GSM6061694%5FA015%2DC%2D109%5Ffeatures%2Etsv%2Egz	GEO_current_public_record	2026-07-24T21:37:35Z	304728	72b06d58b9412eaebf8dfd6b9539775541766c3e5c457c26312f0f8defe36fce	See official repository record	verified	metadata/file_manifest.tsv	Raw data not included in release candidate
GSE201348	GSE201348	processed_count_or_feature_matrix	GSM6061694_A015-C-109_matrix.mtx.gz	https://www.ncbi.nlm.nih.gov/geo/download/?acc=GSM6061694&format=file&file=GSM6061694%5FA015%2DC%2D109%5Fmatrix%2Emtx%2Egz	GEO_current_public_record	2026-07-24T21:37:41Z	10756253	6c48518152eb8187fe01a506644e486d79077def919524abfe5eca2941eb5276	See official repository record	verified	metadata/file_manifest.tsv	Raw data not included in release candidate
GSE201348	GSE201348	processed_count_or_feature_matrix	GSM6061695_A015-C-202_barcodes.tsv.gz	https://www.ncbi.nlm.nih.gov/geo/download/?acc=GSM6061695&format=file&file=GSM6061695%5FA015%2DC%2D202%5Fbarcodes%2Etsv%2Egz	GEO_current_public_record	2026-07-24T21:37:43Z	8616	379086944ff1537b518ea32689f913dde7dd20ce23c86b2e1117ea7feed6d83c	See official repository record	verified	metadata/file_manifest.tsv	Raw data not included in release candidate
GSE201348	GSE201348	processed_count_or_feature_matrix	GSM6061695_A015-C-202_features.tsv.gz	https://www.ncbi.nlm.nih.gov/geo/download/?acc=GSM6061695&format=file&file=GSM6061695%5FA015%2DC%2D202%5Ffeatures%2Etsv%2Egz	GEO_current_public_record	2026-07-24T21:37:45Z	304728	2ac77b3c12b5075fa89bd1e90f6cd50c0f241d58d45382f9cb82f0c747d65beb	See official repository record	verified	metadata/file_manifest.tsv	Raw data not included in release candidate
GSE201348	GSE201348	processed_count_or_feature_matrix	GSM6061695_A015-C-202_matrix.mtx.gz	https://www.ncbi.nlm.nih.gov/geo/download/?acc=GSM6061695&format=file&file=GSM6061695%5FA015%2DC%2D202%5Fmatrix%2Emtx%2Egz	GEO_current_public_record	2026-07-24T21:37:52Z	9719811	5d3481ea2c89cb13a10e45b05c328ac92dd6da49a6522b8649c198d75acadbfb	See official repository record	verified	metadata/file_manifest.tsv	Raw data not included in release candidate
GSE201348	GSE201348	processed_count_or_feature_matrix	GSM6061696_A015-C-203_barcodes.tsv.gz	https://www.ncbi.nlm.nih.gov/geo/download/?acc=GSM6061696&format=file&file=GSM6061696%5FA015%2DC%2D203%5Fbarcodes%2Etsv%2Egz	GEO_current_public_record	2026-07-24T21:37:54Z	44246	5d40298ca06e7977e471461aa7c972578f5e92960e1678beee843f3e80608247	See official repository record	verified	metadata/file_manifest.tsv	Raw data not included in release candidate
GSE201348	GSE201348	processed_count_or_feature_matrix	GSM6061696_A015-C-203_features.tsv.gz	https://www.ncbi.nlm.nih.gov/geo/download/?acc=GSM6061696&format=file&file=GSM6061696%5FA015%2DC%2D203%5Ffeatures%2Etsv%2Egz	GEO_current_public_record	2026-07-24T21:37:57Z	304728	65ff4a2e40f13bf469feae8975f212665ac346bde00c2f0d3c1d48c215bb7e74	See official repository record	verified	metadata/file_manifest.tsv	Raw data not included in release candidate
GSE201348	GSE201348	processed_count_or_feature_matrix	GSM6061696_A015-C-203_matrix.mtx.gz	https://www.ncbi.nlm.nih.gov/geo/download/?acc=GSM6061696&format=file&file=GSM6061696%5FA015%2DC%2D203%5Fmatrix%2Emtx%2Egz	GEO_current_public_record	2026-07-24T21:38:07Z	18282645	ed9dce405cb0c26bb0ddb76657179fe3abd3848b75288cfd16c0724407faa459	See official repository record	verified	metadata/file_manifest.tsv	Raw data not included in release candidate
GSE201348	GSE201348	processed_count_or_feature_matrix	GSM6061697_A015-C-204_barcodes.tsv.gz	https://www.ncbi.nlm.nih.gov/geo/download/?acc=GSM6061697&format=file&file=GSM6061697%5FA015%2DC%2D204%5Fbarcodes%2Etsv%2Egz	GEO_current_public_record	2026-07-24T21:38:09Z	17846	152438a1ca8873a22ba1653a76d1aa3a087c7ff0b580aa7e7ddb99c0cc0eab5c	See official repository record	verified	metadata/file_manifest.tsv	Raw data not included in release candidate
GSE201348	GSE201348	processed_count_or_feature_matrix	GSM6061697_A015-C-204_features.tsv.gz	https://www.ncbi.nlm.nih.gov/geo/download/?acc=GSM6061697&format=file&file=GSM6061697%5FA015%2DC%2D204%5Ffeatures%2Etsv%2Egz	GEO_current_public_record	2026-07-24T21:38:11Z	304728	f7a400aa89d84e92dd5beaddbedbe4908cc9a4176ba360258b6ca321574f862c	See official repository record	verified	metadata/file_manifest.tsv	Raw data not included in release candidate
GSE201348	GSE201348	processed_count_or_feature_matrix	GSM6061697_A015-C-204_matrix.mtx.gz	https://www.ncbi.nlm.nih.gov/geo/download/?acc=GSM6061697&format=file&file=GSM6061697%5FA015%2DC%2D204%5Fmatrix%2Emtx%2Egz	GEO_current_public_record	2026-07-24T21:38:19Z	12312410	c9dd436b4495e6eff60f77dc4feb5f3380c2083a4f62f5ad4a4c9a90b1e138e7	See official repository record	verified	metadata/file_manifest.tsv	Raw data not included in release candidate
GSE201348	GSE201348	processed_count_or_feature_matrix	GSM6061698_A015-C-208_barcodes.tsv.gz	https://www.ncbi.nlm.nih.gov/geo/download/?acc=GSM6061698&format=file&file=GSM6061698%5FA015%2DC%2D208%5Fbarcodes%2Etsv%2Egz	GEO_current_public_record	2026-07-24T21:38:20Z	6773	aa876fa3b8602fa0389f68c6bf1cdbda1579ea6a73560f9efb1937b1d999be81	See official repository record	verified	metadata/file_manifest.tsv	Raw data not included in release candidate
GSE201348	GSE201348	processed_count_or_feature_matrix	GSM6061698_A015-C-208_features.tsv.gz	https://www.ncbi.nlm.nih.gov/geo/download/?acc=GSM6061698&format=file&file=GSM6061698%5FA015%2DC%2D208%5Ffeatures%2Etsv%2Egz	GEO_current_public_record	2026-07-24T21:38:23Z	304728	fee474580253e8f40b296f5df3cbf426f8ba402bdf053102661cf9031736d22d	See official repository record	verified	metadata/file_manifest.tsv	Raw data not included in release candidate
GSE201348	GSE201348	processed_count_or_feature_matrix	GSM6061698_A015-C-208_matrix.mtx.gz	https://www.ncbi.nlm.nih.gov/geo/download/?acc=GSM6061698&format=file&file=GSM6061698%5FA015%2DC%2D208%5Fmatrix%2Emtx%2Egz	GEO_current_public_record	2026-07-24T21:38:37Z	7035847	38beaf877b4d8f1ae7cbe7f858ccb340c763ae27666da2e273cd88c1a3164f33	See official repository record	verified	metadata/file_manifest.tsv	Raw data not included in release candidate
GSE201348	GSE201348	processed_count_or_feature_matrix	GSM6061699_A018-E-013_barcodes.tsv.gz	https://www.ncbi.nlm.nih.gov/geo/download/?acc=GSM6061699&format=file&file=GSM6061699%5FA018%2DE%2D013%5Fbarcodes%2Etsv%2Egz	GEO_current_public_record	2026-07-24T21:38:39Z	70013	f4fd754a8e8956a853dea33f65228a9a0945768e15da1962b71503221711163c	See official repository record	verified	metadata/file_manifest.tsv	Raw data not included in release candidate
GSE201348	GSE201348	processed_count_or_feature_matrix	GSM6061699_A018-E-013_features.tsv.gz	https://www.ncbi.nlm.nih.gov/geo/download/?acc=GSM6061699&format=file&file=GSM6061699%5FA018%2DE%2D013%5Ffeatures%2Etsv%2Egz	GEO_current_public_record	2026-07-24T21:38:42Z	304728	8a41f17c46805088b7d8c3dd6559381a7f1b6e3c56fa457fdb5a06198469ae31	See official repository record	verified	metadata/file_manifest.tsv	Raw data not included in release candidate
GSE201348	GSE201348	processed_count_or_feature_matrix	GSM6061699_A018-E-013_matrix.mtx.gz	https://www.ncbi.nlm.nih.gov/geo/download/?acc=GSM6061699&format=file&file=GSM6061699%5FA018%2DE%2D013%5Fmatrix%2Emtx%2Egz	GEO_current_public_record	2026-07-24T21:38:47Z	6963464	e37c06c7122ad798e9453de2449143ddb01e7a64bf6ecc04e961e3ac4119dbf4	See official repository record	verified	metadata/file_manifest.tsv	Raw data not included in release candidate
GSE201348	GSE201348	processed_count_or_feature_matrix	GSM6061700_A018-E-020_barcodes.tsv.gz	https://www.ncbi.nlm.nih.gov/geo/download/?acc=GSM6061700&format=file&file=GSM6061700%5FA018%2DE%2D020%5Fbarcodes%2Etsv%2Egz	GEO_current_public_record	2026-07-24T21:38:49Z	36675	0bfbaf4c1297a9b7579b80463fe21d12272a5e429f368d3e39007a8b2197c387	See official repository record	verified	metadata/file_manifest.tsv	Raw data not included in release candidate
GSE201348	GSE201348	processed_count_or_feature_matrix	GSM6061700_A018-E-020_features.tsv.gz	https://www.ncbi.nlm.nih.gov/geo/download/?acc=GSM6061700&format=file&file=GSM6061700%5FA018%2DE%2D020%5Ffeatures%2Etsv%2Egz	GEO_current_public_record	2026-07-24T21:38:51Z	304728	cc7534e263ff429736182cce96bc753fbc8b07e2d91a09e76465548cf3786a40	See official repository record	verified	metadata/file_manifest.tsv	Raw data not included in release candidate
GSE201348	GSE201348	processed_count_or_feature_matrix	GSM6061700_A018-E-020_matrix.mtx.gz	https://www.ncbi.nlm.nih.gov/geo/download/?acc=GSM6061700&format=file&file=GSM6061700%5FA018%2DE%2D020%5Fmatrix%2Emtx%2Egz	GEO_current_public_record	2026-07-24T21:38:58Z	13095015	a65b800719dfb71abca30e4059a015442cc0cc33cc976bb3b79c4bb5d0fd25db	See official repository record	verified	metadata/file_manifest.tsv	Raw data not included in release candidate
GSE201348	GSE201348	processed_count_or_feature_matrix	GSM6061701_A022-E-022_barcodes.tsv.gz	https://www.ncbi.nlm.nih.gov/geo/download/?acc=GSM6061701&format=file&file=GSM6061701%5FA022%2DE%2D022%5Fbarcodes%2Etsv%2Egz	GEO_current_public_record	2026-07-24T21:39:00Z	35212	862f3fae1eae269316a1402038a9b63054317a115e0863cd1aaa9bf90c063fdf	See official repository record	verified	metadata/file_manifest.tsv	Raw data not included in release candidate
GSE201348	GSE201348	processed_count_or_feature_matrix	GSM6061701_A022-E-022_features.tsv.gz	https://www.ncbi.nlm.nih.gov/geo/download/?acc=GSM6061701&format=file&file=GSM6061701%5FA022%2DE%2D022%5Ffeatures%2Etsv%2Egz	GEO_current_public_record	2026-07-24T21:39:02Z	304728	2b8be267a86fca2e036a46ddf2c77e358ca8547a260a9f1769ca02c1ab788de9	See official repository record	verified	metadata/file_manifest.tsv	Raw data not included in release candidate
GSE201348	GSE201348	processed_count_or_feature_matrix	GSM6061701_A022-E-022_matrix.mtx.gz	https://www.ncbi.nlm.nih.gov/geo/download/?acc=GSM6061701&format=file&file=GSM6061701%5FA022%2DE%2D022%5Fmatrix%2Emtx%2Egz	GEO_current_public_record	2026-07-24T21:39:07Z	3870360	26907572517a75016f37f0ba2ac157c7c3b6fe5d43e91ad212c4f846ada61ad7	See official repository record	verified	metadata/file_manifest.tsv	Raw data not included in release candidate
GSE201348	GSE201348	processed_count_or_feature_matrix	GSM6061702_CRC1_8810_barcodes.tsv.gz	https://www.ncbi.nlm.nih.gov/geo/download/?acc=GSM6061702&format=file&file=GSM6061702%5FCRC1%5F8810%5Fbarcodes%2Etsv%2Egz	GEO_current_public_record	2026-07-24T21:39:09Z	46581	3091c1a42043a788633ce017dd3c0df1209d18b15867b5ba2951b876d103e370	See official repository record	verified	metadata/file_manifest.tsv	Raw data not included in release candidate
GSE201348	GSE201348	processed_count_or_feature_matrix	GSM6061702_CRC1_8810_features.tsv.gz	https://www.ncbi.nlm.nih.gov/geo/download/?acc=GSM6061702&format=file&file=GSM6061702%5FCRC1%5F8810%5Ffeatures%2Etsv%2Egz	GEO_current_public_record	2026-07-24T21:39:12Z	304728	f75ae76be0e8210e99d79d1614fed5e47ba1a5993132b9dffd6dd74a9850ff8c	See official repository record	verified	metadata/file_manifest.tsv	Raw data not included in release candidate
GSE201348	GSE201348	processed_count_or_feature_matrix	GSM6061702_CRC1_8810_matrix.mtx.gz	https://www.ncbi.nlm.nih.gov/geo/download/?acc=GSM6061702&format=file&file=GSM6061702%5FCRC1%5F8810%5Fmatrix%2Emtx%2Egz	GEO_current_public_record	2026-07-24T21:39:50Z	45040007	1ea77d0671ef6cdc10f51ad4129e5670cb1a5e35cdb700802ba0e7f972d0a9ba	See official repository record	verified	metadata/file_manifest.tsv	Raw data not included in release candidate
GSE201348	GSE201348	processed_count_or_feature_matrix	GSM6061703_CRC2_15564_barcodes.tsv.gz	https://www.ncbi.nlm.nih.gov/geo/download/?acc=GSM6061703&format=file&file=GSM6061703%5FCRC2%5F15564%5Fbarcodes%2Etsv%2Egz	GEO_current_public_record	2026-07-24T21:39:52Z	185592	97457e7e85f6f85230ac1d15cbba1cdcad61f26a25df579763f9e5ad83f23dab	See official repository record	verified	metadata/file_manifest.tsv	Raw data not included in release candidate
GSE201348	GSE201348	processed_count_or_feature_matrix	GSM6061703_CRC2_15564_features.tsv.gz	https://www.ncbi.nlm.nih.gov/geo/download/?acc=GSM6061703&format=file&file=GSM6061703%5FCRC2%5F15564%5Ffeatures%2Etsv%2Egz	GEO_current_public_record	2026-07-24T21:39:55Z	304728	1474934092d7644b89449a6940f7e03579ca762a51b39e9c8b905d64a0b11bb3	See official repository record	verified	metadata/file_manifest.tsv	Raw data not included in release candidate
GSE201348	GSE201348	processed_count_or_feature_matrix	GSM6061703_CRC2_15564_matrix.mtx.gz	https://www.ncbi.nlm.nih.gov/geo/download/?acc=GSM6061703&format=file&file=GSM6061703%5FCRC2%5F15564%5Fmatrix%2Emtx%2Egz	GEO_current_public_record	2026-07-24T21:40:07Z	18423052	c8e269ca6960e234c541f9849ba9e8d31d501da4da190821f352f9b7f90443e6	See official repository record	verified	metadata/file_manifest.tsv	Raw data not included in release candidate
GSE201348	GSE201348	processed_count_or_feature_matrix	GSM6061704_CRC3_11773_barcodes.tsv.gz	https://www.ncbi.nlm.nih.gov/geo/download/?acc=GSM6061704&format=file&file=GSM6061704%5FCRC3%5F11773%5Fbarcodes%2Etsv%2Egz	GEO_current_public_record	2026-07-24T21:40:08Z	21687	1ff5f9a2a75143c14f39d474566f922906215d0d9102d3bf46f396413b725227	See official repository record	verified	metadata/file_manifest.tsv	Raw data not included in release candidate
GSE201348	GSE201348	processed_count_or_feature_matrix	GSM6061704_CRC3_11773_features.tsv.gz	https://www.ncbi.nlm.nih.gov/geo/download/?acc=GSM6061704&format=file&file=GSM6061704%5FCRC3%5F11773%5Ffeatures%2Etsv%2Egz	GEO_current_public_record	2026-07-24T21:40:11Z	304728	653916d450ca59e29507625010566b2284a39bd4ed674e9674793c6ffc732dff	See official repository record	verified	metadata/file_manifest.tsv	Raw data not included in release candidate
GSE201348	GSE201348	processed_count_or_feature_matrix	GSM6061704_CRC3_11773_matrix.mtx.gz	https://www.ncbi.nlm.nih.gov/geo/download/?acc=GSM6061704&format=file&file=GSM6061704%5FCRC3%5F11773%5Fmatrix%2Emtx%2Egz	GEO_current_public_record	2026-07-24T21:40:23Z	17164309	d5ef3fa702aaf61e8fe50c911c4aac858eaa63ebc79e4c5a296e4059a551f3d0	See official repository record	verified	metadata/file_manifest.tsv	Raw data not included in release candidate
GSE201348	GSE201348	processed_count_or_feature_matrix	GSM6061705_F007_barcodes.tsv.gz	https://www.ncbi.nlm.nih.gov/geo/download/?acc=GSM6061705&format=file&file=GSM6061705%5FF007%5Fbarcodes%2Etsv%2Egz	GEO_current_public_record	2026-07-24T21:40:24Z	9238	2cd0d566f0395e6a6c84ad8d0a70735c9c6f3556edfd5c69322e0b479edf68e2	See official repository record	verified	metadata/file_manifest.tsv	Raw data not included in release candidate
GSE201348	GSE201348	processed_count_or_feature_matrix	GSM6061705_F007_features.tsv.gz	https://www.ncbi.nlm.nih.gov/geo/download/?acc=GSM6061705&format=file&file=GSM6061705%5FF007%5Ffeatures%2Etsv%2Egz	GEO_current_public_record	2026-07-24T21:40:27Z	304728	2274c0119ec81144e1cdd429741dbb2ed3c212f4e3b3f3569bd59eb5beae9d88	See official repository record	verified	metadata/file_manifest.tsv	Raw data not included in release candidate
GSE201348	GSE201348	processed_count_or_feature_matrix	GSM6061705_F007_matrix.mtx.gz	https://www.ncbi.nlm.nih.gov/geo/download/?acc=GSM6061705&format=file&file=GSM6061705%5FF007%5Fmatrix%2Emtx%2Egz	GEO_current_public_record	2026-07-24T21:40:31Z	5034904	fc195fc7ef067bad6e8950f50d4213d735039ab4f22bee1b2787707eec6a932d	See official repository record	verified	metadata/file_manifest.tsv	Raw data not included in release candidate
GSE201348	GSE201348	processed_count_or_feature_matrix	GSM6061706_F034_barcodes.tsv.gz	https://www.ncbi.nlm.nih.gov/geo/download/?acc=GSM6061706&format=file&file=GSM6061706%5FF034%5Fbarcodes%2Etsv%2Egz	GEO_current_public_record	2026-07-24T21:40:33Z	25671	a0aac0864cb65f6aba7ea0372075c9edb81f9fbda880948a94ea38fd68a6f9c1	See official repository record	verified	metadata/file_manifest.tsv	Raw data not included in release candidate
GSE201348	GSE201348	processed_count_or_feature_matrix	GSM6061706_F034_features.tsv.gz	https://www.ncbi.nlm.nih.gov/geo/download/?acc=GSM6061706&format=file&file=GSM6061706%5FF034%5Ffeatures%2Etsv%2Egz	GEO_current_public_record	2026-07-24T21:40:36Z	304728	969cb3c658aa54c5969e99142c47374d8ef69783d2ebe4b4ffec96c4280a07ba	See official repository record	verified	metadata/file_manifest.tsv	Raw data not included in release candidate
GSE201348	GSE201348	processed_count_or_feature_matrix	GSM6061706_F034_matrix.mtx.gz	https://www.ncbi.nlm.nih.gov/geo/download/?acc=GSM6061706&format=file&file=GSM6061706%5FF034%5Fmatrix%2Emtx%2Egz	GEO_current_public_record	2026-07-24T21:40:44Z	11786000	d873d2d64d48c9aedfff9315f6d3e5093efbea3c60b00627fc52d298f85c8c9b	See official repository record	verified	metadata/file_manifest.tsv	Raw data not included in release candidate
GSE201348	GSE201348	processed_count_or_feature_matrix	GSM6061707_F072B_barcodes.tsv.gz	https://www.ncbi.nlm.nih.gov/geo/download/?acc=GSM6061707&format=file&file=GSM6061707%5FF072B%5Fbarcodes%2Etsv%2Egz	GEO_current_public_record	2026-07-24T21:40:46Z	38619	368386e981ecb04ada0ec7f0420c22bbd0442166614b828584afd6d39de58b46	See official repository record	verified	metadata/file_manifest.tsv	Raw data not included in release candidate
GSE201348	GSE201348	processed_count_or_feature_matrix	GSM6061707_F072B_features.tsv.gz	https://www.ncbi.nlm.nih.gov/geo/download/?acc=GSM6061707&format=file&file=GSM6061707%5FF072B%5Ffeatures%2Etsv%2Egz	GEO_current_public_record	2026-07-24T21:40:48Z	304728	08ac2b304e29d0063672190d9ec93c80e2d0a3e61e4691d1d3511587ccaf32f3	See official repository record	verified	metadata/file_manifest.tsv	Raw data not included in release candidate
GSE201348	GSE201348	processed_count_or_feature_matrix	GSM6061707_F072B_matrix.mtx.gz	https://www.ncbi.nlm.nih.gov/geo/download/?acc=GSM6061707&format=file&file=GSM6061707%5FF072B%5Fmatrix%2Emtx%2Egz	GEO_current_public_record	2026-07-24T21:40:58Z	36129601	0781d080daedeb3c46791b82fb2f86f579b2130c6333a3369dc48a9cccec0c8f	See official repository record	verified	metadata/file_manifest.tsv	Raw data not included in release candidate
GSE201348	GSE201348	processed_count_or_feature_matrix	GSM6061708_F091_barcodes.tsv.gz	https://www.ncbi.nlm.nih.gov/geo/download/?acc=GSM6061708&format=file&file=GSM6061708%5FF091%5Fbarcodes%2Etsv%2Egz	GEO_current_public_record	2026-07-24T21:41:00Z	333354	12928b83844366d64c03a96e8e2bb8a2c2e173c11879fa145fcacdfc5121e783	See official repository record	verified	metadata/file_manifest.tsv	Raw data not included in release candidate
GSE201348	GSE201348	processed_count_or_feature_matrix	GSM6061708_F091_features.tsv.gz	https://www.ncbi.nlm.nih.gov/geo/download/?acc=GSM6061708&format=file&file=GSM6061708%5FF091%5Ffeatures%2Etsv%2Egz	GEO_current_public_record	2026-07-24T21:41:03Z	304728	a2bcf25e888f9aa6a379529e56a00625fa8ff27def06f2c7c81d192f92807136	See official repository record	verified	metadata/file_manifest.tsv	Raw data not included in release candidate
GSE201348	GSE201348	processed_count_or_feature_matrix	GSM6061708_F091_matrix.mtx.gz	https://www.ncbi.nlm.nih.gov/geo/download/?acc=GSM6061708&format=file&file=GSM6061708%5FF091%5Fmatrix%2Emtx%2Egz	GEO_current_public_record	2026-07-24T21:41:11Z	17524104	434449da45092d4e8a12eb6b33559d148085fe22e9e78a304f29334b8064f39a	See official repository record	verified	metadata/file_manifest.tsv	Raw data not included in release candidate
GSE201348	GSE201348	processed_count_or_feature_matrix	GSM6061709_B001-A-301_barcodes.tsv.gz	https://www.ncbi.nlm.nih.gov/geo/download/?acc=GSM6061709&format=file&file=GSM6061709%5FB001%2DA%2D301%5Fbarcodes%2Etsv%2Egz	GEO_current_public_record	2026-07-24T21:41:13Z	23405	07b9fd65cbdce51bdc8cb6aaaf3e4575e15484937295bcf5618e369de3beda6d	See official repository record	verified	metadata/file_manifest.tsv	Raw data not included in release candidate
GSE201348	GSE201348	processed_count_or_feature_matrix	GSM6061709_B001-A-301_features.tsv.gz	https://www.ncbi.nlm.nih.gov/geo/download/?acc=GSM6061709&format=file&file=GSM6061709%5FB001%2DA%2D301%5Ffeatures%2Etsv%2Egz	GEO_current_public_record	2026-07-24T21:41:16Z	304728	b35bd406d31c33e1c2cb2489908a5e783c4936d3200838ef323bdcc0c094bb4c	See official repository record	verified	metadata/file_manifest.tsv	Raw data not included in release candidate
GSE201348	GSE201348	processed_count_or_feature_matrix	GSM6061709_B001-A-301_matrix.mtx.gz	https://www.ncbi.nlm.nih.gov/geo/download/?acc=GSM6061709&format=file&file=GSM6061709%5FB001%2DA%2D301%5Fmatrix%2Emtx%2Egz	GEO_current_public_record	2026-07-24T21:41:25Z	23264899	a8ad0ebe9a88675867972c002eb60839ade6de7fc781cf51bf13611a80708350	See official repository record	verified	metadata/file_manifest.tsv	Raw data not included in release candidate
GSE201348	GSE201348	processed_count_or_feature_matrix	GSM6061710_B001-A-401_barcodes.tsv.gz	https://www.ncbi.nlm.nih.gov/geo/download/?acc=GSM6061710&format=file&file=GSM6061710%5FB001%2DA%2D401%5Fbarcodes%2Etsv%2Egz	GEO_current_public_record	2026-07-24T21:41:26Z	12235	1e9a49383a7b3931a915f951a97ba9739a5c3238598785dfdf130f7d3e63fac1	See official repository record	verified	metadata/file_manifest.tsv	Raw data not included in release candidate
GSE201348	GSE201348	processed_count_or_feature_matrix	GSM6061710_B001-A-401_features.tsv.gz	https://www.ncbi.nlm.nih.gov/geo/download/?acc=GSM6061710&format=file&file=GSM6061710%5FB001%2DA%2D401%5Ffeatures%2Etsv%2Egz	GEO_current_public_record	2026-07-24T21:41:29Z	304728	e40dbad906a9ff91a450cebc846e0b38065929a96e68150846f5067b82b66b61	See official repository record	verified	metadata/file_manifest.tsv	Raw data not included in release candidate
GSE201348	GSE201348	processed_count_or_feature_matrix	GSM6061710_B001-A-401_matrix.mtx.gz	https://www.ncbi.nlm.nih.gov/geo/download/?acc=GSM6061710&format=file&file=GSM6061710%5FB001%2DA%2D401%5Fmatrix%2Emtx%2Egz	GEO_current_public_record	2026-07-24T21:41:35Z	10002812	24bd9aa69a24ebe434fcad76b073015d8005fa7c1fc7512214c8cb715b0e61be	See official repository record	verified	metadata/file_manifest.tsv	Raw data not included in release candidate
GSE201348	GSE201348	processed_count_or_feature_matrix	GSM6061711_B001-A-406_barcodes.tsv.gz	https://www.ncbi.nlm.nih.gov/geo/download/?acc=GSM6061711&format=file&file=GSM6061711%5FB001%2DA%2D406%5Fbarcodes%2Etsv%2Egz	GEO_current_public_record	2026-07-24T21:41:36Z	14823	3f5cc800ae495475df68beda0443ac9290075513227662d6e937b39a4b945de5	See official repository record	verified	metadata/file_manifest.tsv	Raw data not included in release candidate
GSE201348	GSE201348	processed_count_or_feature_matrix	GSM6061711_B001-A-406_features.tsv.gz	https://www.ncbi.nlm.nih.gov/geo/download/?acc=GSM6061711&format=file&file=GSM6061711%5FB001%2DA%2D406%5Ffeatures%2Etsv%2Egz	GEO_current_public_record	2026-07-24T21:41:39Z	304728	0b3b48ff6252c56dfe611999d58e9dc1982c1c85c0b890f1f2907d02b2458785	See official repository record	verified	metadata/file_manifest.tsv	Raw data not included in release candidate
GSE201348	GSE201348	processed_count_or_feature_matrix	GSM6061711_B001-A-406_matrix.mtx.gz	https://www.ncbi.nlm.nih.gov/geo/download/?acc=GSM6061711&format=file&file=GSM6061711%5FB001%2DA%2D406%5Fmatrix%2Emtx%2Egz	GEO_current_public_record	2026-07-24T21:41:46Z	17108225	5c31d9ddad7374978cff09ba71121ca949e8b04911ec85a5dcaef395e068b91d	See official repository record	verified	metadata/file_manifest.tsv	Raw data not included in release candidate
GSE201348	GSE201348	processed_count_or_feature_matrix	GSM6061712_B001-A-501_barcodes.tsv.gz	https://www.ncbi.nlm.nih.gov/geo/download/?acc=GSM6061712&format=file&file=GSM6061712%5FB001%2DA%2D501%5Fbarcodes%2Etsv%2Egz	GEO_current_public_record	2026-07-24T21:41:48Z	17182	8d8acb89571566afc097b8f0472547448dd03ec2a47e0959128c20782b5304ce	See official repository record	verified	metadata/file_manifest.tsv	Raw data not included in release candidate
GSE201348	GSE201348	processed_count_or_feature_matrix	GSM6061712_B001-A-501_features.tsv.gz	https://www.ncbi.nlm.nih.gov/geo/download/?acc=GSM6061712&format=file&file=GSM6061712%5FB001%2DA%2D501%5Ffeatures%2Etsv%2Egz	GEO_current_public_record	2026-07-24T21:41:50Z	304728	6f94683e303fa553fc13cbee195878c9604b808008f20bbf53432daa38e5bb0e	See official repository record	verified	metadata/file_manifest.tsv	Raw data not included in release candidate
GSE201348	GSE201348	processed_count_or_feature_matrix	GSM6061712_B001-A-501_matrix.mtx.gz	https://www.ncbi.nlm.nih.gov/geo/download/?acc=GSM6061712&format=file&file=GSM6061712%5FB001%2DA%2D501%5Fmatrix%2Emtx%2Egz	GEO_current_public_record	2026-07-24T21:41:58Z	17101714	2e204ddfe886f73a269d1cfae88e793b39267fdbd4f6aefe3ba258cccfb5b83d	See official repository record	verified	metadata/file_manifest.tsv	Raw data not included in release candidate
GSE201348	GSE201348	processed_count_or_feature_matrix	GSM6061713_B004-A-004_barcodes.tsv.gz	https://www.ncbi.nlm.nih.gov/geo/download/?acc=GSM6061713&format=file&file=GSM6061713%5FB004%2DA%2D004%5Fbarcodes%2Etsv%2Egz	GEO_current_public_record	2026-07-24T21:42:00Z	19135	00a18bf7069cebcdeec7bd67b4fc4620d2929735348a7efeeffd94ed512290e2	See official repository record	verified	metadata/file_manifest.tsv	Raw data not included in release candidate
GSE201348	GSE201348	processed_count_or_feature_matrix	GSM6061713_B004-A-004_features.tsv.gz	https://www.ncbi.nlm.nih.gov/geo/download/?acc=GSM6061713&format=file&file=GSM6061713%5FB004%2DA%2D004%5Ffeatures%2Etsv%2Egz	GEO_current_public_record	2026-07-24T21:42:02Z	304728	d801386b81600bb652491fc9de50e210bae8f99b3984771bf5dc58098a8c6334	See official repository record	verified	metadata/file_manifest.tsv	Raw data not included in release candidate
GSE201348	GSE201348	processed_count_or_feature_matrix	GSM6061713_B004-A-004_matrix.mtx.gz	https://www.ncbi.nlm.nih.gov/geo/download/?acc=GSM6061713&format=file&file=GSM6061713%5FB004%2DA%2D004%5Fmatrix%2Emtx%2Egz	GEO_current_public_record	2026-07-24T21:42:10Z	20479398	40941176130affc200a2ddac0d70a8f0cebdc5399fbf394dd4073dcffd2fe32a	See official repository record	verified	metadata/file_manifest.tsv	Raw data not included in release candidate
GSE201348	GSE201348	processed_count_or_feature_matrix	GSM6061714_B004-A-008_barcodes.tsv.gz	https://www.ncbi.nlm.nih.gov/geo/download/?acc=GSM6061714&format=file&file=GSM6061714%5FB004%2DA%2D008%5Fbarcodes%2Etsv%2Egz	GEO_current_public_record	2026-07-24T21:42:12Z	28113	1cf6fa84bb5fc4bb0bd47e9422b4b157b89c92b5799bc1169023c7a8de1e59e8	See official repository record	verified	metadata/file_manifest.tsv	Raw data not included in release candidate
GSE201348	GSE201348	processed_count_or_feature_matrix	GSM6061714_B004-A-008_features.tsv.gz	https://www.ncbi.nlm.nih.gov/geo/download/?acc=GSM6061714&format=file&file=GSM6061714%5FB004%2DA%2D008%5Ffeatures%2Etsv%2Egz	GEO_current_public_record	2026-07-24T21:42:14Z	304728	34da3e2a9152924ab517c36fec4b1329b950a170588f8a51ab7f1557a3477e72	See official repository record	verified	metadata/file_manifest.tsv	Raw data not included in release candidate
GSE201348	GSE201348	processed_count_or_feature_matrix	GSM6061714_B004-A-008_matrix.mtx.gz	https://www.ncbi.nlm.nih.gov/geo/download/?acc=GSM6061714&format=file&file=GSM6061714%5FB004%2DA%2D008%5Fmatrix%2Emtx%2Egz	GEO_current_public_record	2026-07-24T21:42:42Z	29959440	09bd0d45f60d24250b11fb22f089968a9715b7bf879cacad15dce3d522619ccd	See official repository record	verified	metadata/file_manifest.tsv	Raw data not included in release candidate
GSE201348	GSE201348	processed_count_or_feature_matrix	GSM6061715_B004-A-104_barcodes.tsv.gz	https://www.ncbi.nlm.nih.gov/geo/download/?acc=GSM6061715&format=file&file=GSM6061715%5FB004%2DA%2D104%5Fbarcodes%2Etsv%2Egz	GEO_current_public_record	2026-07-24T21:42:44Z	65797	e34f459d4bb0403db4c640584ea2c509c4028826dfc4130677c507a176030ab9	See official repository record	verified	metadata/file_manifest.tsv	Raw data not included in release candidate
GSE201348	GSE201348	processed_count_or_feature_matrix	GSM6061715_B004-A-104_features.tsv.gz	https://www.ncbi.nlm.nih.gov/geo/download/?acc=GSM6061715&format=file&file=GSM6061715%5FB004%2DA%2D104%5Ffeatures%2Etsv%2Egz	GEO_current_public_record	2026-07-24T21:42:47Z	304728	ecaa24fea5614481cfabffa6b36083b95493069357e30a7bc926f4eaccbc4b80	See official repository record	verified	metadata/file_manifest.tsv	Raw data not included in release candidate
GSE201348	GSE201348	processed_count_or_feature_matrix	GSM6061715_B004-A-104_matrix.mtx.gz	https://www.ncbi.nlm.nih.gov/geo/download/?acc=GSM6061715&format=file&file=GSM6061715%5FB004%2DA%2D104%5Fmatrix%2Emtx%2Egz	GEO_current_public_record	2026-07-24T21:42:54Z	23661978	8b97a0092d5114577f59f893095b71c5116c960e2d574af024c874c5af9ba414	See official repository record	verified	metadata/file_manifest.tsv	Raw data not included in release candidate
GSE201348	GSE201348	processed_count_or_feature_matrix	GSM6061716_B004-A-204_barcodes.tsv.gz	https://www.ncbi.nlm.nih.gov/geo/download/?acc=GSM6061716&format=file&file=GSM6061716%5FB004%2DA%2D204%5Fbarcodes%2Etsv%2Egz	GEO_current_public_record	2026-07-24T21:43:08Z	27435	956c3ccfc96f2718266ff192b858211b1320a0498db4688784e4850922c5d08f	See official repository record	verified	metadata/file_manifest.tsv	Raw data not included in release candidate
GSE201348	GSE201348	processed_count_or_feature_matrix	GSM6061716_B004-A-204_features.tsv.gz	https://www.ncbi.nlm.nih.gov/geo/download/?acc=GSM6061716&format=file&file=GSM6061716%5FB004%2DA%2D204%5Ffeatures%2Etsv%2Egz	GEO_current_public_record	2026-07-24T21:43:10Z	304728	e8cb2ad7e343a3af6bf2c0f04a2e0388a3ff3a6fbcd3cf7dc48672ac20430cdf	See official repository record	verified	metadata/file_manifest.tsv	Raw data not included in release candidate
GSE201348	GSE201348	processed_count_or_feature_matrix	GSM6061716_B004-A-204_matrix.mtx.gz	https://www.ncbi.nlm.nih.gov/geo/download/?acc=GSM6061716&format=file&file=GSM6061716%5FB004%2DA%2D204%5Fmatrix%2Emtx%2Egz	GEO_current_public_record	2026-07-24T21:43:28Z	32660454	a8a576625b76d2b9a3b1789b3fa6e28c964b96799e7b834d5ff7cc0a8e18e2b5	See official repository record	verified	metadata/file_manifest.tsv	Raw data not included in release candidate
GSE226997	GSE226997	series_metadata	GSE226997_series_metadata.soft.txt	https://www.ncbi.nlm.nih.gov/geo/query/acc.cgi?acc=GSE226997&targ=self&form=text&view=quick	GEO_current_public_record	2026-07-24T21:43:30Z	1716	95e687e785331d49cca197ac081af9483dd865d8cfac15fcced5085437b3dc52	See official repository record	verified	metadata/file_manifest.tsv	Raw data not included in release candidate
GSE41657	GSE41657	raw_feature_extraction_TXT	GSE41657_RAW.tar	https://www.ncbi.nlm.nih.gov/geo/download/?acc=GSE41657&format=file	GEO_current_public_record	2026-07-24T21:44:22Z	201512960	eef0a046462dbd6c106352d099607dd18bd777bce9e1dec8894c3f4062b04b53	See official repository record	verified	metadata/file_manifest.tsv	Raw data not included in release candidate
GSE41657	GSE41657	series_metadata	GSE41657_series_metadata.soft.txt	https://www.ncbi.nlm.nih.gov/geo/query/acc.cgi?acc=GSE41657&targ=self&form=text&view=quick	GEO_current_public_record	2026-07-24T21:44:23Z	6272	7f94f3242cf23b3b722113043b531854ee4fdf39fccc0587ea4eafde9f635647	See official repository record	verified	metadata/file_manifest.tsv	Raw data not included in release candidate
GSE8671	GSE8671	raw_CEL_archive	GSE8671_RAW.tar	https://www.ncbi.nlm.nih.gov/geo/download/?acc=GSE8671&format=file	GEO_current_public_record	2026-07-24T21:48:36Z	585113600	02a8c36b2f2a346aebb6973cca5de928faf197653bc945f80c40083a4a7870e2	See official repository record	verified	metadata/file_manifest.tsv	Raw data not included in release candidate
GSE8671	GSE8671	series_metadata	GSE8671_series_metadata.soft.txt	https://www.ncbi.nlm.nih.gov/geo/query/acc.cgi?acc=GSE8671&targ=self&form=text&view=quick	GEO_current_public_record	2026-07-24T21:48:38Z	4566	ef1d338535f11d3b42bb76e697597d3973d65fc2aef097c6afdc8254dc95db1a	See official repository record	verified	metadata/file_manifest.tsv	Raw data not included in release candidate
GSE99573	GSE99573	raw_CEL_archive	GSE99573_RAW.tar	https://www.ncbi.nlm.nih.gov/geo/download/?acc=GSE99573&format=file	GEO_current_public_record	2026-07-24T22:20:55Z	7127214080	80cc17d2317d26da0dd739fe76f292b3c2212f5b6ced4c85611f94f3fe2dcdff	See official repository record	verified	metadata/file_manifest.tsv	Raw data not included in release candidate
GSE99573	GSE99573	series_metadata	GSE99573_series_metadata.soft.txt	https://www.ncbi.nlm.nih.gov/geo/query/acc.cgi?acc=GSE99573&targ=self&form=text&view=quick	GEO_current_public_record	2026-07-24T22:20:58Z	14842	df077231e1aecb919a283382c499345ed2d8c374cff439c958c298141328d3ee	See official repository record	verified	metadata/file_manifest.tsv	Raw data not included in release candidate
TCGA-COAD	TCGA-COAD	STAR_gene_counts	007344ca-2cc3-4837-9b44-824040f7ac16.rna_seq.augmented_star_gene_counts.tsv	https://api.gdc.cancer.gov/data/cd3ed542-e30f-46a9-9ad5-51af33188505	GDC_file_uuid:cd3ed542-e30f-46a9-9ad5-51af33188505	2026-07-24T22:21:05Z	4207813	cf08761e3e52784e3b3d23628118b1d7385b63f977307f2641b58cb66f895483	See official repository record	verified	metadata/file_manifest.tsv	Raw data not included in release candidate
TCGA-COAD	TCGA-COAD	STAR_gene_counts	0177d00d-7d3f-43c8-8d0f-e6333e73efa4.rna_seq.augmented_star_gene_counts.tsv	https://api.gdc.cancer.gov/data/6cf80607-4f94-497e-90f1-767d17e1564c	GDC_file_uuid:6cf80607-4f94-497e-90f1-767d17e1564c	2026-07-24T22:21:11Z	4233603	abd6133f59cbbbca833d0310cfca999d41e3843e53861b6470b8ef10deea8d13	See official repository record	verified	metadata/file_manifest.tsv	Raw data not included in release candidate
TCGA-COAD	TCGA-COAD	STAR_gene_counts	023160e4-1d9a-499c-9bfa-1b3aacf284f2.rna_seq.augmented_star_gene_counts.tsv	https://api.gdc.cancer.gov/data/de0f7996-1854-4b32-a2f9-1c99484b9e54	GDC_file_uuid:de0f7996-1854-4b32-a2f9-1c99484b9e54	2026-07-24T22:21:15Z	4236890	ac14887505fa523ec4db67057a72defbb3349e89a4af1eb4ad86a9765fa949d3	See official repository record	verified	metadata/file_manifest.tsv	Raw data not included in release candidate
TCGA-COAD	TCGA-COAD	STAR_gene_counts	0278634b-4a08-48df-ad10-35da36e56b19.rna_seq.augmented_star_gene_counts.tsv	https://api.gdc.cancer.gov/data/f8554600-a893-4226-a527-c4839f1bf33b	GDC_file_uuid:f8554600-a893-4226-a527-c4839f1bf33b	2026-07-24T22:21:20Z	4253152	1cb522e88cb5ef4ae451dddd31ed0b3994b16fca4fba6e9cb2ac86fd78636091	See official repository record	verified	metadata/file_manifest.tsv	Raw data not included in release candidate
TCGA-COAD	TCGA-COAD	STAR_gene_counts	02c0aa6a-a7ea-4606-8449-7437df54802c.rna_seq.augmented_star_gene_counts.tsv	https://api.gdc.cancer.gov/data/dff97726-0d19-4c0e-bb91-009f543fb5e2	GDC_file_uuid:dff97726-0d19-4c0e-bb91-009f543fb5e2	2026-07-24T22:21:24Z	4242436	1d5a3ac536072c5dea366104c05e447afc65ab8281638f8e58248d9db7d35a87	See official repository record	verified	metadata/file_manifest.tsv	Raw data not included in release candidate
TCGA-COAD	TCGA-COAD	STAR_gene_counts	02faba9d-8eda-4967-995d-61a0c13b843c.rna_seq.augmented_star_gene_counts.tsv	https://api.gdc.cancer.gov/data/982c34fb-e9cb-47b3-841a-850ad949cf41	GDC_file_uuid:982c34fb-e9cb-47b3-841a-850ad949cf41	2026-07-24T22:21:28Z	4197081	6e0fc7c8d8b7186ba996a8142b10b38690d585ef1b942ae5cc28bb42dae9e65b	See official repository record	verified	metadata/file_manifest.tsv	Raw data not included in release candidate
TCGA-COAD	TCGA-COAD	STAR_gene_counts	02fde1b1-c95c-4d8f-b57b-355b55072108.rna_seq.augmented_star_gene_counts.tsv	https://api.gdc.cancer.gov/data/bcd03012-2f1c-4e2b-b2ed-833ff561a30f	GDC_file_uuid:bcd03012-2f1c-4e2b-b2ed-833ff561a30f	2026-07-24T22:21:32Z	4225133	5d761ceab9345ee93f5d3bd73043d8cdbe6adc1e4531b0e4668901cbcb0211d1	See official repository record	verified	metadata/file_manifest.tsv	Raw data not included in release candidate
TCGA-COAD	TCGA-COAD	STAR_gene_counts	0357aa51-9436-4923-9b1e-eb22bdf647df.rna_seq.augmented_star_gene_counts.tsv	https://api.gdc.cancer.gov/data/f22b9830-6c68-4680-91d8-ed37f042ca4e	GDC_file_uuid:f22b9830-6c68-4680-91d8-ed37f042ca4e	2026-07-24T22:21:36Z	4232608	3aad4039537d75c8c3e65c11c56c6fa52fdf3e18df9da312658f1a6e79b358d2	See official repository record	verified	metadata/file_manifest.tsv	Raw data not included in release candidate
TCGA-COAD	TCGA-COAD	STAR_gene_counts	0429cf04-6e5c-41dd-b4a9-4f7ad15d15bc.rna_seq.augmented_star_gene_counts.tsv	https://api.gdc.cancer.gov/data/3836f766-08fc-4496-8470-3f9e51b14b3c	GDC_file_uuid:3836f766-08fc-4496-8470-3f9e51b14b3c	2026-07-24T22:21:40Z	4213928	b1ae197f687ec86cf5d21d6c8492c8f5ddf074cc9ab81a756ecc96da39984ee0	See official repository record	verified	metadata/file_manifest.tsv	Raw data not included in release candidate
TCGA-COAD	TCGA-COAD	STAR_gene_counts	05167d53-0b47-4131-bfa4-450b236b9fd5.rna_seq.augmented_star_gene_counts.tsv	https://api.gdc.cancer.gov/data/019bfec7-ec6c-4cd6-808b-3e6e058e55f9	GDC_file_uuid:019bfec7-ec6c-4cd6-808b-3e6e058e55f9	2026-07-24T22:21:45Z	4195857	a619746c90db7ac6fa0fbc7df751c3f9017142c233b836ea6d6c68864000269e	See official repository record	verified	metadata/file_manifest.tsv	Raw data not included in release candidate
TCGA-COAD	TCGA-COAD	STAR_gene_counts	054d5602-4089-4f34-a667-14c8edbb4167.rna_seq.augmented_star_gene_counts.tsv	https://api.gdc.cancer.gov/data/27404c59-9a94-4c61-ac2e-12bc30e12b4a	GDC_file_uuid:27404c59-9a94-4c61-ac2e-12bc30e12b4a	2026-07-24T22:21:49Z	4205541	91d59dfbc3d4ceda6df064b2f612e504d2fd61aa4bd0bece539a4c7c1fb73285	See official repository record	verified	metadata/file_manifest.tsv	Raw data not included in release candidate
TCGA-COAD	TCGA-COAD	STAR_gene_counts	06114a88-396c-4815-8949-910e46345e47.rna_seq.augmented_star_gene_counts.tsv	https://api.gdc.cancer.gov/data/c5f88d68-c755-403c-97a1-d0863d06a56b	GDC_file_uuid:c5f88d68-c755-403c-97a1-d0863d06a56b	2026-07-24T22:21:54Z	4190933	205971a3db1f51c3c32c74f2992b682bd9f7e8475ff6f6052d8fdfa5d0a59d75	See official repository record	verified	metadata/file_manifest.tsv	Raw data not included in release candidate
TCGA-COAD	TCGA-COAD	STAR_gene_counts	064ec215-7600-4e5d-be51-e757284f3e54.rna_seq.augmented_star_gene_counts.tsv	https://api.gdc.cancer.gov/data/f0454026-bc1e-4f6b-ba65-645a1a126298	GDC_file_uuid:f0454026-bc1e-4f6b-ba65-645a1a126298	2026-07-24T22:21:58Z	4233450	9e47c8e9c20e953cd27401508aa4ba76c5d2a130ebfd02e532fe58016bd0b57f	See official repository record	verified	metadata/file_manifest.tsv	Raw data not included in release candidate
TCGA-COAD	TCGA-COAD	STAR_gene_counts	07234abb-aa8c-434f-898c-6f7ba28c5850.rna_seq.augmented_star_gene_counts.tsv	https://api.gdc.cancer.gov/data/cbdb3ec7-c304-42c4-92ed-71adce5a0af1	GDC_file_uuid:cbdb3ec7-c304-42c4-92ed-71adce5a0af1	2026-07-24T22:22:02Z	4236582	680c0e727e23d2eaf744609a60319d442ee7bb08bc14d3bcca786b6d42981623	See official repository record	verified	metadata/file_manifest.tsv	Raw data not included in release candidate
TCGA-COAD	TCGA-COAD	STAR_gene_counts	078de409-654a-4fef-80ce-f0d26b6a8cb1.rna_seq.augmented_star_gene_counts.tsv	https://api.gdc.cancer.gov/data/c5a8d31c-5a09-4d40-84a6-545eb0115c0f	GDC_file_uuid:c5a8d31c-5a09-4d40-84a6-545eb0115c0f	2026-07-24T22:22:06Z	4207777	545c5c11a8ee98c5a5b65ef0460e987cc2eb7f3bab9bdc265033c291dfcf46bb	See official repository record	verified	metadata/file_manifest.tsv	Raw data not included in release candidate
TCGA-COAD	TCGA-COAD	STAR_gene_counts	0801726c-9faf-4905-8cd9-71ad4fc3df25.rna_seq.augmented_star_gene_counts.tsv	https://api.gdc.cancer.gov/data/3d6546ee-5ed5-4c74-a62b-f3fb397e66c3	GDC_file_uuid:3d6546ee-5ed5-4c74-a62b-f3fb397e66c3	2026-07-24T22:22:10Z	4234417	0e5f4ed194bc25beac2a19ca346e874e08b7cae8914450727867757222aa1744	See official repository record	verified	metadata/file_manifest.tsv	Raw data not included in release candidate
TCGA-COAD	TCGA-COAD	STAR_gene_counts	080d03cb-01ea-4dc7-af41-12e3f3877283.rna_seq.augmented_star_gene_counts.tsv	https://api.gdc.cancer.gov/data/4ac61ffe-124c-44c6-842d-8bcf241b101f	GDC_file_uuid:4ac61ffe-124c-44c6-842d-8bcf241b101f	2026-07-24T22:22:14Z	4231242	16ca3478383d6c2099e2f8fe5ec17a0a0c803ac9d30f3911a98055630910a2d3	See official repository record	verified	metadata/file_manifest.tsv	Raw data not included in release candidate
TCGA-COAD	TCGA-COAD	STAR_gene_counts	085e4228-8ed7-44d7-9ab5-8a096434b650.rna_seq.augmented_star_gene_counts.tsv	https://api.gdc.cancer.gov/data/ab6d59e0-21c2-4273-b094-3596d1b8b825	GDC_file_uuid:ab6d59e0-21c2-4273-b094-3596d1b8b825	2026-07-24T22:22:18Z	4231843	79573c5afe5f03e4e180005ea9bd3c88ef5739361944c4c567482c1acbe1fc8d	See official repository record	verified	metadata/file_manifest.tsv	Raw data not included in release candidate
TCGA-COAD	TCGA-COAD	STAR_gene_counts	09f3976d-4e95-41b4-bc0b-27eea3e20bb3.rna_seq.augmented_star_gene_counts.tsv	https://api.gdc.cancer.gov/data/bdc3b4bb-dea2-4e41-b297-51540a68e68c	GDC_file_uuid:bdc3b4bb-dea2-4e41-b297-51540a68e68c	2026-07-24T22:22:22Z	4248591	207d9b779ccdd2a55f3da3ac9b5473d3d9e2ecee9995b9bb5481d64ccb15e720	See official repository record	verified	metadata/file_manifest.tsv	Raw data not included in release candidate
TCGA-COAD	TCGA-COAD	STAR_gene_counts	0ae6d322-a938-4752-aac6-226e6687a297.rna_seq.augmented_star_gene_counts.tsv	https://api.gdc.cancer.gov/data/8ac00cf3-69d6-46be-af59-10dd4b521fe0	GDC_file_uuid:8ac00cf3-69d6-46be-af59-10dd4b521fe0	2026-07-24T22:22:26Z	4219902	753e590df6edeea497cde839edb554dbf56fa56d379aa63b7dea0673bfb86ace	See official repository record	verified	metadata/file_manifest.tsv	Raw data not included in release candidate
TCGA-COAD	TCGA-COAD	STAR_gene_counts	0c5e45df-149d-4667-8154-312c5e6f246b.rna_seq.augmented_star_gene_counts.tsv	https://api.gdc.cancer.gov/data/adb1af0e-75e6-4a9f-924e-c8e05e69085c	GDC_file_uuid:adb1af0e-75e6-4a9f-924e-c8e05e69085c	2026-07-24T22:22:30Z	4239894	6d46cee0edb810f0ad05de25d031beae7e7accb1b68f369c838cd7d825e40c38	See official repository record	verified	metadata/file_manifest.tsv	Raw data not included in release candidate
TCGA-COAD	TCGA-COAD	STAR_gene_counts	0d373d8e-2507-4d88-8e19-d3f7b66955b4.rna_seq.augmented_star_gene_counts.tsv	https://api.gdc.cancer.gov/data/3f4c314a-57a9-483e-826c-e963a466ae57	GDC_file_uuid:3f4c314a-57a9-483e-826c-e963a466ae57	2026-07-24T22:22:34Z	4182406	8b3cf8ba5fe8480591971a5add52ae2aecbb6a92c5366beb21ea69c6923d4723	See official repository record	verified	metadata/file_manifest.tsv	Raw data not included in release candidate
TCGA-COAD	TCGA-COAD	STAR_gene_counts	0e1c98de-b4e2-4f42-beca-9948f867a46b.rna_seq.augmented_star_gene_counts.tsv	https://api.gdc.cancer.gov/data/e119e5f6-aac4-4ccb-9cf1-78085f1821a9	GDC_file_uuid:e119e5f6-aac4-4ccb-9cf1-78085f1821a9	2026-07-24T22:22:38Z	4197490	df7a11abde8cb83a6b84b18f6500dc5f1216956b82e7d017a2668fe72ab59a98	See official repository record	verified	metadata/file_manifest.tsv	Raw data not included in release candidate
TCGA-COAD	TCGA-COAD	STAR_gene_counts	0ef944a9-2a51-4518-8a4f-4e7226248061.rna_seq.augmented_star_gene_counts.tsv	https://api.gdc.cancer.gov/data/bbdcb071-7d15-4264-a8c9-d57487c035cf	GDC_file_uuid:bbdcb071-7d15-4264-a8c9-d57487c035cf	2026-07-24T22:22:42Z	4236772	5b12a677db01558c0fca9bb3c894131d37c0608b301b8c01a10178813f9aad18	See official repository record	verified	metadata/file_manifest.tsv	Raw data not included in release candidate
TCGA-COAD	TCGA-COAD	STAR_gene_counts	0f35c851-1cb8-4f75-a661-eae9111b7362.rna_seq.augmented_star_gene_counts.tsv	https://api.gdc.cancer.gov/data/00cdff29-697a-4a17-ba67-cf55c006b827	GDC_file_uuid:00cdff29-697a-4a17-ba67-cf55c006b827	2026-07-24T22:22:47Z	4241366	be1f31889a88eb42be690856f45af524ec51c364db252626672d4bb1aeb77d62	See official repository record	verified	metadata/file_manifest.tsv	Raw data not included in release candidate
TCGA-COAD	TCGA-COAD	STAR_gene_counts	0ffd0bed-35a4-4fec-9d56-1d4ae5dcb507.rna_seq.augmented_star_gene_counts.tsv	https://api.gdc.cancer.gov/data/52ff3499-fd89-4efd-a1d5-aa6400af197a	GDC_file_uuid:52ff3499-fd89-4efd-a1d5-aa6400af197a	2026-07-24T22:22:50Z	4209302	8d79b8376220998c1485d5afe0bc3f81239b83c4d729eaddbb56d4ab681b007b	See official repository record	verified	metadata/file_manifest.tsv	Raw data not included in release candidate
TCGA-COAD	TCGA-COAD	STAR_gene_counts	10013d81-e167-4aa0-b548-5bb359ed403a.rna_seq.augmented_star_gene_counts.tsv	https://api.gdc.cancer.gov/data/56c23214-8903-47cc-8290-e8bd59f24d11	GDC_file_uuid:56c23214-8903-47cc-8290-e8bd59f24d11	2026-07-24T22:22:55Z	4207578	3cff4b5ef972fbebb3a7805ea12acaf5d552a51c98e8f2aa73c81dcb62359f53	See official repository record	verified	metadata/file_manifest.tsv	Raw data not included in release candidate
TCGA-COAD	TCGA-COAD	STAR_gene_counts	1192c1a7-ec36-4f8e-bfbd-67071eb044af.rna_seq.augmented_star_gene_counts.tsv	https://api.gdc.cancer.gov/data/eb39fa39-ad3c-406f-b6dc-86b68419877d	GDC_file_uuid:eb39fa39-ad3c-406f-b6dc-86b68419877d	2026-07-24T22:22:59Z	4238355	b58c054c7f2238a4ee418291e1d2909cc202aa7904b61c15d708b3380e572296	See official repository record	verified	metadata/file_manifest.tsv	Raw data not included in release candidate
TCGA-COAD	TCGA-COAD	STAR_gene_counts	12183b9e-ecf0-4eaa-9422-157dfa09a66b.rna_seq.augmented_star_gene_counts.tsv	https://api.gdc.cancer.gov/data/ee9928b8-17fa-450c-8897-42fc700c1c98	GDC_file_uuid:ee9928b8-17fa-450c-8897-42fc700c1c98	2026-07-24T22:23:03Z	4158192	7d2a4a287a20d2ed69c9b584dad86f3befd6b4f1caede416a75637eda8455094	See official repository record	verified	metadata/file_manifest.tsv	Raw data not included in release candidate
TCGA-COAD	TCGA-COAD	STAR_gene_counts	12b633ae-2a36-40b0-a4a3-c1d5f021fa23.rna_seq.augmented_star_gene_counts.tsv	https://api.gdc.cancer.gov/data/a77adf63-487b-476e-bd33-903005c1dba9	GDC_file_uuid:a77adf63-487b-476e-bd33-903005c1dba9	2026-07-24T22:23:07Z	4210950	769a083658cb3743ffc30c8929f8bd6238dfc8f3e65a3a614c45aa19d7a7c189	See official repository record	verified	metadata/file_manifest.tsv	Raw data not included in release candidate
TCGA-COAD	TCGA-COAD	STAR_gene_counts	131a9973-dfc9-4897-8c19-d5c43cecba0a.rna_seq.augmented_star_gene_counts.tsv	https://api.gdc.cancer.gov/data/7cba9b28-fd44-4211-b772-e3f1649f21b6	GDC_file_uuid:7cba9b28-fd44-4211-b772-e3f1649f21b6	2026-07-24T22:23:11Z	4196500	4280d653780cfc280548f19aa1a10b6a3d2b9cf4d35eba049c24b1d06895f12a	See official repository record	verified	metadata/file_manifest.tsv	Raw data not included in release candidate
TCGA-COAD	TCGA-COAD	STAR_gene_counts	131e315e-6653-4199-b653-42b81644dad9.rna_seq.augmented_star_gene_counts.tsv	https://api.gdc.cancer.gov/data/24678a85-dba7-4e0f-8ba8-feeb0652681c	GDC_file_uuid:24678a85-dba7-4e0f-8ba8-feeb0652681c	2026-07-24T22:23:15Z	4174442	6812ba870f9afe93df8ef9300cd4785b46a4f2f8a4fd8cba1703361ecbdbebdf	See official repository record	verified	metadata/file_manifest.tsv	Raw data not included in release candidate
TCGA-COAD	TCGA-COAD	STAR_gene_counts	1323d4f2-5d37-46a2-a615-c30f8b15c37e.rna_seq.augmented_star_gene_counts.tsv	https://api.gdc.cancer.gov/data/f7615b8b-ab4b-47cc-9f55-c15c0cdc3e72	GDC_file_uuid:f7615b8b-ab4b-47cc-9f55-c15c0cdc3e72	2026-07-24T22:23:19Z	4234909	5994ee1d14261c5cb4f58742fff489609f0b40612131d78fd87f17945ebda0e1	See official repository record	verified	metadata/file_manifest.tsv	Raw data not included in release candidate
TCGA-COAD	TCGA-COAD	STAR_gene_counts	13649cf2-1dc4-408f-9063-31a2b9bb7157.rna_seq.augmented_star_gene_counts.tsv	https://api.gdc.cancer.gov/data/cee77d7f-4428-4df1-8532-7782481459a1	GDC_file_uuid:cee77d7f-4428-4df1-8532-7782481459a1	2026-07-24T22:23:23Z	4232276	b9cf5e4d715bad79fb78fe556896c99080bc3de5c6179d284ea6a4ad83acdb71	See official repository record	verified	metadata/file_manifest.tsv	Raw data not included in release candidate
TCGA-COAD	TCGA-COAD	STAR_gene_counts	149505ae-e005-4aee-b144-5d697b52677e.rna_seq.augmented_star_gene_counts.tsv	https://api.gdc.cancer.gov/data/0361fa03-68ca-498f-9de5-0efa5cbf8c70	GDC_file_uuid:0361fa03-68ca-498f-9de5-0efa5cbf8c70	2026-07-24T22:23:27Z	4225804	19b543db6b67e2fc4a6c0c1624594025614159c6f731ebd42f077146adfa13a2	See official repository record	verified	metadata/file_manifest.tsv	Raw data not included in release candidate
TCGA-COAD	TCGA-COAD	STAR_gene_counts	16072816-2afe-4204-9abf-70a38e62db6f.rna_seq.augmented_star_gene_counts.tsv	https://api.gdc.cancer.gov/data/6c26af65-bb77-411b-9d85-308b109764f9	GDC_file_uuid:6c26af65-bb77-411b-9d85-308b109764f9	2026-07-24T22:23:31Z	4204914	fd7cd7903cfa0dfa516fb0cc5aa832d3ece3224177cebcc65063975ae73a4a59	See official repository record	verified	metadata/file_manifest.tsv	Raw data not included in release candidate
TCGA-COAD	TCGA-COAD	STAR_gene_counts	1652b0a3-dc1d-4490-9632-07673713deb1.rna_seq.augmented_star_gene_counts.tsv	https://api.gdc.cancer.gov/data/1f78d18b-ca75-4ab4-9b5e-dc1a0da9d6d3	GDC_file_uuid:1f78d18b-ca75-4ab4-9b5e-dc1a0da9d6d3	2026-07-24T22:23:35Z	4198477	c0e2cc48ce97cf38736aeaa258e2d4b30200bb510d3dbf274e4f39aacdb865c3	See official repository record	verified	metadata/file_manifest.tsv	Raw data not included in release candidate
TCGA-COAD	TCGA-COAD	STAR_gene_counts	17d3d480-5503-419e-92cd-cbc7db9659d2.rna_seq.augmented_star_gene_counts.tsv	https://api.gdc.cancer.gov/data/efe4c597-71d5-4a06-849a-782d2d0d841e	GDC_file_uuid:efe4c597-71d5-4a06-849a-782d2d0d841e	2026-07-24T22:23:40Z	4243758	32c86bbf9ef494378e1c2b28e2507946ce7a8a64b7c424b185823e75f13e89b1	See official repository record	verified	metadata/file_manifest.tsv	Raw data not included in release candidate
TCGA-COAD	TCGA-COAD	STAR_gene_counts	185b401a-bdc4-46b9-b2a5-7a66938f28f2.rna_seq.augmented_star_gene_counts.tsv	https://api.gdc.cancer.gov/data/c679154e-df11-4b05-9584-76437286d2ee	GDC_file_uuid:c679154e-df11-4b05-9584-76437286d2ee	2026-07-24T22:23:44Z	4213612	f4dcd00b485acaae5d794bc76dd1069d304a4ea9eb2911505241adda8b8fccba	See official repository record	verified	metadata/file_manifest.tsv	Raw data not included in release candidate
TCGA-COAD	TCGA-COAD	STAR_gene_counts	18f03a3f-c2d2-4c3b-a246-e8a78e6aa479.rna_seq.augmented_star_gene_counts.tsv	https://api.gdc.cancer.gov/data/ed60e9c4-79ee-46f0-95fb-db16430f344a	GDC_file_uuid:ed60e9c4-79ee-46f0-95fb-db16430f344a	2026-07-24T22:23:48Z	4203729	77f9c2b5560420b7dfd93456538db2b57f734e459c712839bba8d9aa04752891	See official repository record	verified	metadata/file_manifest.tsv	Raw data not included in release candidate
TCGA-COAD	TCGA-COAD	STAR_gene_counts	19645f04-0021-4b2d-ad56-b1342c6ca519.rna_seq.augmented_star_gene_counts.tsv	https://api.gdc.cancer.gov/data/bfb91635-bf2c-4311-8b57-33c15b520869	GDC_file_uuid:bfb91635-bf2c-4311-8b57-33c15b520869	2026-07-24T22:23:52Z	4214404	94a3361c322021e4469e4349ac344dcbd86cc915d317de6438f4cfa5d1d17846	See official repository record	verified	metadata/file_manifest.tsv	Raw data not included in release candidate
TCGA-COAD	TCGA-COAD	STAR_gene_counts	1a68a242-045b-4566-afd7-192df87b02d3.rna_seq.augmented_star_gene_counts.tsv	https://api.gdc.cancer.gov/data/f011f33d-53c0-40b6-8368-f771155f287e	GDC_file_uuid:f011f33d-53c0-40b6-8368-f771155f287e	2026-07-24T22:23:56Z	4206092	f6079e04d355f911773407f57d69862f1032c09b6b8d89b6ecbe6eaf3d103e9d	See official repository record	verified	metadata/file_manifest.tsv	Raw data not included in release candidate
TCGA-COAD	TCGA-COAD	STAR_gene_counts	1a7a23fc-67d0-47d7-a4bf-0acd6ff15836.rna_seq.augmented_star_gene_counts.tsv	https://api.gdc.cancer.gov/data/6869f997-6119-4a64-9dd8-4fe7266171e9	GDC_file_uuid:6869f997-6119-4a64-9dd8-4fe7266171e9	2026-07-24T22:24:01Z	4237467	41fa34a0746dc0997eb45ddc45ce664df312f685a3aa7d10ed8daf40f4cc1d83	See official repository record	verified	metadata/file_manifest.tsv	Raw data not included in release candidate
TCGA-COAD	TCGA-COAD	STAR_gene_counts	1a7b3a4d-bf0b-4ddc-b23c-1d4c4590ee1a.rna_seq.augmented_star_gene_counts.tsv	https://api.gdc.cancer.gov/data/23d33ac1-a9db-463b-9f86-06603e02f357	GDC_file_uuid:23d33ac1-a9db-463b-9f86-06603e02f357	2026-07-24T22:24:05Z	4210191	28d60678a30a51a8d1b4f2794b4af1a64047bfb4a401984cb59b95efe27c3211	See official repository record	verified	metadata/file_manifest.tsv	Raw data not included in release candidate
TCGA-COAD	TCGA-COAD	STAR_gene_counts	1ab4a652-7fde-4128-ade4-0a1c56eede64.rna_seq.augmented_star_gene_counts.tsv	https://api.gdc.cancer.gov/data/6a8837ae-657f-4892-bbfd-758161967afc	GDC_file_uuid:6a8837ae-657f-4892-bbfd-758161967afc	2026-07-24T22:24:09Z	4202001	3790b62c57375acd239a01833b04693a176ef7f1144b5606a05f0a6f2e7c32b1	See official repository record	verified	metadata/file_manifest.tsv	Raw data not included in release candidate
TCGA-COAD	TCGA-COAD	STAR_gene_counts	1ac3f1b2-5b83-470c-b1d3-d35d813f3e65.rna_seq.augmented_star_gene_counts.tsv	https://api.gdc.cancer.gov/data/5daf6c21-bca3-4440-95d1-b4dc239f7911	GDC_file_uuid:5daf6c21-bca3-4440-95d1-b4dc239f7911	2026-07-24T22:24:13Z	4234907	75ba46ea517374dfb79bd6da7e9051ab82bc6c6aff3e7fb6f187602368822c43	See official repository record	verified	metadata/file_manifest.tsv	Raw data not included in release candidate
TCGA-COAD	TCGA-COAD	STAR_gene_counts	1b192a49-01cb-4459-a7a7-fdebe428f386.rna_seq.augmented_star_gene_counts.tsv	https://api.gdc.cancer.gov/data/791f56f1-2e3c-42a1-bead-fe38e9000eae	GDC_file_uuid:791f56f1-2e3c-42a1-bead-fe38e9000eae	2026-07-24T22:24:17Z	4230820	8cb8efb49c906846e81702e69263dd9c4646326a34b2bd9a8406dc58fc86a394	See official repository record	verified	metadata/file_manifest.tsv	Raw data not included in release candidate
TCGA-COAD	TCGA-COAD	STAR_gene_counts	1ba54adc-765f-403a-8987-61f94db2a65b.rna_seq.augmented_star_gene_counts.tsv	https://api.gdc.cancer.gov/data/7079a45a-d00b-44f3-9b0d-8c686180966b	GDC_file_uuid:7079a45a-d00b-44f3-9b0d-8c686180966b	2026-07-24T22:24:21Z	4221087	df2cfb90dee0296131f60e96045cd6a150e3efa3bc4a0d7d0dcfdd2af5b54970	See official repository record	verified	metadata/file_manifest.tsv	Raw data not included in release candidate
TCGA-COAD	TCGA-COAD	STAR_gene_counts	1c3d6580-0dc8-4346-a4f7-0bb404d4a245.rna_seq.augmented_star_gene_counts.tsv	https://api.gdc.cancer.gov/data/8165c64e-bff2-41f1-9ab7-a90beb4430de	GDC_file_uuid:8165c64e-bff2-41f1-9ab7-a90beb4430de	2026-07-24T22:24:26Z	4187003	882ded052b390e775e8a14deac137986b918a761627eafcd92958149e2c0fe37	See official repository record	verified	metadata/file_manifest.tsv	Raw data not included in release candidate
TCGA-COAD	TCGA-COAD	STAR_gene_counts	1cbc5c3a-eb0f-4492-9171-5e0a61923c33.rna_seq.augmented_star_gene_counts.tsv	https://api.gdc.cancer.gov/data/09866ae2-461d-4bc5-88e7-0cc338e502fd	GDC_file_uuid:09866ae2-461d-4bc5-88e7-0cc338e502fd	2026-07-24T22:24:30Z	4229281	42f38ac0ec0bb5d4b7796f48c52173975b35020a2529565221134efeb9e6f0b9	See official repository record	verified	metadata/file_manifest.tsv	Raw data not included in release candidate
TCGA-COAD	TCGA-COAD	STAR_gene_counts	1e0f16e6-de1c-4d1e-b1f6-5fabbea1591b.rna_seq.augmented_star_gene_counts.tsv	https://api.gdc.cancer.gov/data/b3bec9bc-73c9-41c9-beb2-68a5f06ee2ef	GDC_file_uuid:b3bec9bc-73c9-41c9-beb2-68a5f06ee2ef	2026-07-24T22:24:34Z	4203327	f3ac290a4a7370a606bc4dd5aa7e28042c079ec882b1ed86d7bbb8e6120777ef	See official repository record	verified	metadata/file_manifest.tsv	Raw data not included in release candidate
TCGA-COAD	TCGA-COAD	STAR_gene_counts	1e409782-57e3-42ab-8952-678a4cdb6b2f.rna_seq.augmented_star_gene_counts.tsv	https://api.gdc.cancer.gov/data/7284b6cc-f8bd-4e96-8638-90310fa5b8b8	GDC_file_uuid:7284b6cc-f8bd-4e96-8638-90310fa5b8b8	2026-07-24T22:24:39Z	4214425	2c933a3413ce6232cb8eb0a91c9dc97504686987e0beeb679c1c1b04246e2c7a	See official repository record	verified	metadata/file_manifest.tsv	Raw data not included in release candidate
TCGA-COAD	TCGA-COAD	STAR_gene_counts	1e82995c-f318-4225-96d4-f1e98bcbf60b.rna_seq.augmented_star_gene_counts.tsv	https://api.gdc.cancer.gov/data/c1467372-92b2-451e-a45f-42e25c5dcf37	GDC_file_uuid:c1467372-92b2-451e-a45f-42e25c5dcf37	2026-07-24T22:24:43Z	4191276	6a89de6eddbb10ade974c3ae5cda4057f7f02f1ad9a42f1c185a47852158fb2e	See official repository record	verified	metadata/file_manifest.tsv	Raw data not included in release candidate
TCGA-COAD	TCGA-COAD	STAR_gene_counts	1f1b77a0-a237-47d7-b672-320c327517a3.rna_seq.augmented_star_gene_counts.tsv	https://api.gdc.cancer.gov/data/ebe82d8c-d8d1-4938-a9e5-9ef562c07367	GDC_file_uuid:ebe82d8c-d8d1-4938-a9e5-9ef562c07367	2026-07-24T22:24:47Z	4247657	c3f4cf81d40dae59b3e5070663a10e36f467f48a1478c4cd052896a89ad8c897	See official repository record	verified	metadata/file_manifest.tsv	Raw data not included in release candidate
TCGA-COAD	TCGA-COAD	STAR_gene_counts	20ed86b0-2e3d-44ec-88cd-eac5486fe15c.rna_seq.augmented_star_gene_counts.tsv	https://api.gdc.cancer.gov/data/7389dfaa-fa36-431f-a3b9-960b4fb9d836	GDC_file_uuid:7389dfaa-fa36-431f-a3b9-960b4fb9d836	2026-07-24T22:24:51Z	4222773	9dc94244958a4a67ba8d9386774871e792e487fa7c0a30b0b84cee13026a5ef0	See official repository record	verified	metadata/file_manifest.tsv	Raw data not included in release candidate
TCGA-COAD	TCGA-COAD	STAR_gene_counts	21196229-e39e-4846-be58-a1055b3ae50e.rna_seq.augmented_star_gene_counts.tsv	https://api.gdc.cancer.gov/data/b41c1914-0771-4d0a-b56e-41f712e65bf9	GDC_file_uuid:b41c1914-0771-4d0a-b56e-41f712e65bf9	2026-07-24T22:24:55Z	4234097	45e8be784d2e7951f0e140378a9cc5fb55aec7377ca09d04bceeb1357ab6ed45	See official repository record	verified	metadata/file_manifest.tsv	Raw data not included in release candidate
TCGA-COAD	TCGA-COAD	STAR_gene_counts	212e6f9a-015d-47d4-bb40-ee432504970f.rna_seq.augmented_star_gene_counts.tsv	https://api.gdc.cancer.gov/data/40fa17c0-c7e8-40df-8375-f1dde93d5e9c	GDC_file_uuid:40fa17c0-c7e8-40df-8375-f1dde93d5e9c	2026-07-24T22:25:00Z	4242013	6ad75637b4902404f7dd4f0fec4dacd355e4ccdab52a33ffc25aaaeccda3a65f	See official repository record	verified	metadata/file_manifest.tsv	Raw data not included in release candidate
TCGA-COAD	TCGA-COAD	STAR_gene_counts	213f702a-56fd-4ab0-940c-a71e4e01b6f8.rna_seq.augmented_star_gene_counts.tsv	https://api.gdc.cancer.gov/data/2a9575e3-6fd5-46be-a101-3bbb3ba391e4	GDC_file_uuid:2a9575e3-6fd5-46be-a101-3bbb3ba391e4	2026-07-24T22:25:04Z	4228879	651777537c0bc4a9a19b85ab486de4eb4860bfa1c25d77308c3c18c83bb47af2	See official repository record	verified	metadata/file_manifest.tsv	Raw data not included in release candidate
TCGA-COAD	TCGA-COAD	STAR_gene_counts	22620634-aa34-4cb5-a37f-5a7b0c47cd0e.rna_seq.augmented_star_gene_counts.tsv	https://api.gdc.cancer.gov/data/74d0fe4a-e123-4c5d-b00e-9f177c64294d	GDC_file_uuid:74d0fe4a-e123-4c5d-b00e-9f177c64294d	2026-07-24T22:25:08Z	4233360	46888f78c2d5c2b76cf31b0b99e9635b605eafed539bd1fb940de7df54928e6a	See official repository record	verified	metadata/file_manifest.tsv	Raw data not included in release candidate
TCGA-COAD	TCGA-COAD	STAR_gene_counts	23b70cde-f829-473b-b253-fd87eef7605f.rna_seq.augmented_star_gene_counts.tsv	https://api.gdc.cancer.gov/data/4ba379c6-bfff-44fc-8c24-ecde87a78249	GDC_file_uuid:4ba379c6-bfff-44fc-8c24-ecde87a78249	2026-07-24T22:25:12Z	4241266	3a8cca461470114dc86e567677b278fb36c1f121fd494cf2719830bebd50fd91	See official repository record	verified	metadata/file_manifest.tsv	Raw data not included in release candidate
TCGA-COAD	TCGA-COAD	STAR_gene_counts	24975492-6b9f-445b-9f6b-daee2f8363d3.rna_seq.augmented_star_gene_counts.tsv	https://api.gdc.cancer.gov/data/d2aee6c3-29d3-44ef-96a5-b0a2d23dcec5	GDC_file_uuid:d2aee6c3-29d3-44ef-96a5-b0a2d23dcec5	2026-07-24T22:25:16Z	4250218	da28597c0d03d2484369ea9874cae7c939a355a779c30fb9a4d32518a3259efa	See official repository record	verified	metadata/file_manifest.tsv	Raw data not included in release candidate
TCGA-COAD	TCGA-COAD	STAR_gene_counts	24d909f2-cdc8-4509-91d5-e18fffcf90eb.rna_seq.augmented_star_gene_counts.tsv	https://api.gdc.cancer.gov/data/d49d7f13-243f-4840-97bf-371d862c8de5	GDC_file_uuid:d49d7f13-243f-4840-97bf-371d862c8de5	2026-07-24T22:25:20Z	4211856	2ded45c894b696220d0147222079d68f86b0079760729ce2e0a63ed15aca5f3b	See official repository record	verified	metadata/file_manifest.tsv	Raw data not included in release candidate
TCGA-COAD	TCGA-COAD	STAR_gene_counts	25400212-48de-48a9-96d3-2fc2ee23fd41.rna_seq.augmented_star_gene_counts.tsv	https://api.gdc.cancer.gov/data/e1bda03e-0c86-4b1d-a711-420ee75d6ebd	GDC_file_uuid:e1bda03e-0c86-4b1d-a711-420ee75d6ebd	2026-07-24T22:25:25Z	4230522	ebf7929d2db20f8aa39163bdae06926e056df719e60cf05d6460033e2cfdc3b6	See official repository record	verified	metadata/file_manifest.tsv	Raw data not included in release candidate
TCGA-COAD	TCGA-COAD	STAR_gene_counts	2595272f-8c61-4020-b1b4-a7ff38dbc5b6.rna_seq.augmented_star_gene_counts.tsv	https://api.gdc.cancer.gov/data/b2edd86b-860a-4420-9be8-a19d0405f6b0	GDC_file_uuid:b2edd86b-860a-4420-9be8-a19d0405f6b0	2026-07-24T22:25:29Z	4235644	2d85ec9c907d9ded778726cfc0d1de7c035df7e9ba3648602854011888834731	See official repository record	verified	metadata/file_manifest.tsv	Raw data not included in release candidate
TCGA-COAD	TCGA-COAD	STAR_gene_counts	26251cd8-7e90-46bb-a025-1328d83c83ee.rna_seq.augmented_star_gene_counts.tsv	https://api.gdc.cancer.gov/data/9e632342-a45b-4bd1-87d1-0e53a32f4c18	GDC_file_uuid:9e632342-a45b-4bd1-87d1-0e53a32f4c18	2026-07-24T22:25:33Z	4209843	4fec89ea69bddf4bcd0c237058b4670f13e761e034e5b1483dde67b5c13bb3d6	See official repository record	verified	metadata/file_manifest.tsv	Raw data not included in release candidate
TCGA-COAD	TCGA-COAD	STAR_gene_counts	26596228-9935-4e5d-8e41-d10f51e0f364.rna_seq.augmented_star_gene_counts.tsv	https://api.gdc.cancer.gov/data/cca7879a-744d-488a-a2e9-67dd4a40946d	GDC_file_uuid:cca7879a-744d-488a-a2e9-67dd4a40946d	2026-07-24T22:25:37Z	4242914	bfdb90f16d516be3d528967db309cdd47db786de92fa51a0d4846369bd9dae66	See official repository record	verified	metadata/file_manifest.tsv	Raw data not included in release candidate
TCGA-COAD	TCGA-COAD	STAR_gene_counts	270a14bb-8ae5-4372-a66b-b3d71bf217f7.rna_seq.augmented_star_gene_counts.tsv	https://api.gdc.cancer.gov/data/54f615f0-aa45-43a1-8ad8-098868fab3c3	GDC_file_uuid:54f615f0-aa45-43a1-8ad8-098868fab3c3	2026-07-24T22:25:41Z	4229170	b16bf8e8a856f96b8c8d632dba234fb14cd4fbe122da0ba2704b2382bb67aeaa	See official repository record	verified	metadata/file_manifest.tsv	Raw data not included in release candidate
TCGA-COAD	TCGA-COAD	STAR_gene_counts	27871087-0449-4f04-bc72-a975681a198a.rna_seq.augmented_star_gene_counts.tsv	https://api.gdc.cancer.gov/data/9ce2bb36-5b1e-4a58-bc5e-dc072b217ba4	GDC_file_uuid:9ce2bb36-5b1e-4a58-bc5e-dc072b217ba4	2026-07-24T22:25:45Z	4211162	c46741d4a3205783f50784c30511dc75f769aa77ffc896646c8efe1ec4dda63b	See official repository record	verified	metadata/file_manifest.tsv	Raw data not included in release candidate
TCGA-COAD	TCGA-COAD	STAR_gene_counts	28f73ee0-f218-4884-81c6-e6b4ba2fdccd.rna_seq.augmented_star_gene_counts.tsv	https://api.gdc.cancer.gov/data/543dd4ba-033b-49ea-bde6-b14dc8fb2913	GDC_file_uuid:543dd4ba-033b-49ea-bde6-b14dc8fb2913	2026-07-24T22:25:49Z	4210893	3483e3feda436a9f8ac61abe6cf187b68a64f8692e19becc502c8f828f08a462	See official repository record	verified	metadata/file_manifest.tsv	Raw data not included in release candidate
TCGA-COAD	TCGA-COAD	STAR_gene_counts	290b89f5-2a44-424b-b77d-a190dcb93e07.rna_seq.augmented_star_gene_counts.tsv	https://api.gdc.cancer.gov/data/b3ebddcc-1177-40a7-baa5-51000c1b7123	GDC_file_uuid:b3ebddcc-1177-40a7-baa5-51000c1b7123	2026-07-24T22:25:53Z	4199935	3ae6a10814959dda1a38e31db5a56e5447c6c7c78e990110ade703e52c881967	See official repository record	verified	metadata/file_manifest.tsv	Raw data not included in release candidate
TCGA-COAD	TCGA-COAD	STAR_gene_counts	2962498a-6b66-4b24-bef2-a409797f9245.rna_seq.augmented_star_gene_counts.tsv	https://api.gdc.cancer.gov/data/68917e07-a850-4ebb-9ae8-9044cccd023c	GDC_file_uuid:68917e07-a850-4ebb-9ae8-9044cccd023c	2026-07-24T22:25:57Z	4232044	bffb6ac8ae7c0a2c8434576cb06d33b6201c975f367a0ea8b5e03af2f4cef960	See official repository record	verified	metadata/file_manifest.tsv	Raw data not included in release candidate
TCGA-COAD	TCGA-COAD	STAR_gene_counts	299f36bd-d9fd-41f5-8a29-3382e147a14f.rna_seq.augmented_star_gene_counts.tsv	https://api.gdc.cancer.gov/data/94f29a8c-1dcb-44ff-a96b-e9267ec84347	GDC_file_uuid:94f29a8c-1dcb-44ff-a96b-e9267ec84347	2026-07-24T22:26:01Z	4194221	97c375904eee45aafc7350ce44d8370ad50924e344b4d68c33259c0da108b4f7	See official repository record	verified	metadata/file_manifest.tsv	Raw data not included in release candidate
TCGA-COAD	TCGA-COAD	STAR_gene_counts	29c49da8-3d12-425d-abe6-de2be5e6807f.rna_seq.augmented_star_gene_counts.tsv	https://api.gdc.cancer.gov/data/64266f7c-cdd4-4718-bdd4-014ed664822b	GDC_file_uuid:64266f7c-cdd4-4718-bdd4-014ed664822b	2026-07-24T22:26:05Z	4211877	aafaa5b5ee1405f175994177318d5c36bff0e9105c8af30f6559bdbde9796913	See official repository record	verified	metadata/file_manifest.tsv	Raw data not included in release candidate
TCGA-COAD	TCGA-COAD	STAR_gene_counts	2ad90ba0-8038-4bad-afa3-d176f63b42f0.rna_seq.augmented_star_gene_counts.tsv	https://api.gdc.cancer.gov/data/eaa3364f-2b25-449e-8852-c7a6bdaa455f	GDC_file_uuid:eaa3364f-2b25-449e-8852-c7a6bdaa455f	2026-07-24T22:26:10Z	4231272	d9d5ccbd04e7a774fa16b999b3ff14bf8e86bc236fddd902735aa118360042e5	See official repository record	verified	metadata/file_manifest.tsv	Raw data not included in release candidate
TCGA-COAD	TCGA-COAD	STAR_gene_counts	2afaf830-457d-42d1-8697-e5c9a2d885a1.rna_seq.augmented_star_gene_counts.tsv	https://api.gdc.cancer.gov/data/3d4b05f4-cce7-4dcf-a17e-6172cb81febb	GDC_file_uuid:3d4b05f4-cce7-4dcf-a17e-6172cb81febb	2026-07-24T22:26:14Z	4222242	a42fb8ab43c8b01155b6914d465d99932bab4a49ddea3cda534596ae3400f36e	See official repository record	verified	metadata/file_manifest.tsv	Raw data not included in release candidate
TCGA-COAD	TCGA-COAD	STAR_gene_counts	2b2c2ebc-e83c-442e-88ae-1a2569ac892f.rna_seq.augmented_star_gene_counts.tsv	https://api.gdc.cancer.gov/data/cc01ff43-77ea-43a2-9180-d7b40ac6b26e	GDC_file_uuid:cc01ff43-77ea-43a2-9180-d7b40ac6b26e	2026-07-24T22:26:18Z	4234878	c5c2875ed068c9b3e6d0b69f77cf9783686238cd6abd6e8018df60aa393f0653	See official repository record	verified	metadata/file_manifest.tsv	Raw data not included in release candidate
TCGA-COAD	TCGA-COAD	STAR_gene_counts	2b4d9589-717b-457e-af56-a457d40bf334.rna_seq.augmented_star_gene_counts.tsv	https://api.gdc.cancer.gov/data/24eadb72-4bbd-4145-857b-fe9da0ce5aa4	GDC_file_uuid:24eadb72-4bbd-4145-857b-fe9da0ce5aa4	2026-07-24T22:26:22Z	4210724	4d8738c97dffbb24f13bb58a7f7fe1aac6de81c6696c8306ad9348b545834cd6	See official repository record	verified	metadata/file_manifest.tsv	Raw data not included in release candidate
TCGA-COAD	TCGA-COAD	STAR_gene_counts	2bcd2fcf-9050-4713-aa6b-6cb1419d7ba6.rna_seq.augmented_star_gene_counts.tsv	https://api.gdc.cancer.gov/data/4d5c8043-1add-495f-b0c9-166f79e89dea	GDC_file_uuid:4d5c8043-1add-495f-b0c9-166f79e89dea	2026-07-24T22:26:26Z	4231950	b9aec2847d5d20a87efb87f7eeb4c1c518533e19a6457e012785b850cd203c29	See official repository record	verified	metadata/file_manifest.tsv	Raw data not included in release candidate
TCGA-COAD	TCGA-COAD	STAR_gene_counts	2c10534e-5fb7-49b0-8f57-584cb31f3a08.rna_seq.augmented_star_gene_counts.tsv	https://api.gdc.cancer.gov/data/a570b2ac-a4ea-439f-a90b-39b84fd4cae0	GDC_file_uuid:a570b2ac-a4ea-439f-a90b-39b84fd4cae0	2026-07-24T22:26:30Z	4239651	e71692cf79298fb4276e629391d616e83b0e183681b4ee281ec4bdedd3349796	See official repository record	verified	metadata/file_manifest.tsv	Raw data not included in release candidate
TCGA-COAD	TCGA-COAD	STAR_gene_counts	2cec663c-00c8-48b5-967b-f2a53c0fb409.rna_seq.augmented_star_gene_counts.tsv	https://api.gdc.cancer.gov/data/fbf0b466-f383-441f-84ff-2513b6792b90	GDC_file_uuid:fbf0b466-f383-441f-84ff-2513b6792b90	2026-07-24T22:26:34Z	4248181	c8b03db1bee0dd090a8164643f32885928684305f3727f866d540ce6e8a57a47	See official repository record	verified	metadata/file_manifest.tsv	Raw data not included in release candidate
TCGA-COAD	TCGA-COAD	STAR_gene_counts	2cf34da3-fe4b-42b4-bd32-9bf8930b6054.rna_seq.augmented_star_gene_counts.tsv	https://api.gdc.cancer.gov/data/b18dafa7-46e3-45da-ba05-c9941305056e	GDC_file_uuid:b18dafa7-46e3-45da-ba05-c9941305056e	2026-07-24T22:26:38Z	4209657	e175fa5f5ef49cfcb280ab97af30d1eabd29c04c323d06c3af61bad7337a5349	See official repository record	verified	metadata/file_manifest.tsv	Raw data not included in release candidate
TCGA-COAD	TCGA-COAD	STAR_gene_counts	2d83a9e6-da2d-47e1-b2e7-4b07b108f7bd.rna_seq.augmented_star_gene_counts.tsv	https://api.gdc.cancer.gov/data/8c19e926-ff17-4187-8d76-27ced1deb81d	GDC_file_uuid:8c19e926-ff17-4187-8d76-27ced1deb81d	2026-07-24T22:26:42Z	4200090	3be5a4b87344211ee962f7856c6071bdf231ea331990e1f126554b2945f42ba3	See official repository record	verified	metadata/file_manifest.tsv	Raw data not included in release candidate
TCGA-COAD	TCGA-COAD	STAR_gene_counts	2d8478f6-41ac-47f5-ac3c-337af7245f5b.rna_seq.augmented_star_gene_counts.tsv	https://api.gdc.cancer.gov/data/0d42dff4-8815-4b8d-b11c-705dfdb0a5b8	GDC_file_uuid:0d42dff4-8815-4b8d-b11c-705dfdb0a5b8	2026-07-24T22:26:46Z	4238170	ca16d82e83227917908d29bfac14c0c4b86b100df6906f898d85218df8977b27	See official repository record	verified	metadata/file_manifest.tsv	Raw data not included in release candidate
TCGA-COAD	TCGA-COAD	STAR_gene_counts	2d85d8b8-a590-4a3a-96f2-3f44b5a77032.rna_seq.augmented_star_gene_counts.tsv	https://api.gdc.cancer.gov/data/028cf419-71ca-4bcd-9f45-3c1c394f1f17	GDC_file_uuid:028cf419-71ca-4bcd-9f45-3c1c394f1f17	2026-07-24T22:26:51Z	4242590	bfe7f5bb0195cef5c895775c17ac671e591272f3ad3fa5ab9bf8cb46711f230d	See official repository record	verified	metadata/file_manifest.tsv	Raw data not included in release candidate
TCGA-COAD	TCGA-COAD	STAR_gene_counts	2d8cab40-0dda-4d6d-a9ba-83a82a7e1c15.rna_seq.augmented_star_gene_counts.tsv	https://api.gdc.cancer.gov/data/8f274599-5005-414e-8be2-d992fb1a10ce	GDC_file_uuid:8f274599-5005-414e-8be2-d992fb1a10ce	2026-07-24T22:26:55Z	4234632	7fb2f55c49379fd73c8b2392cd33d1441a49d98994749eb026fcdb759750bb43	See official repository record	verified	metadata/file_manifest.tsv	Raw data not included in release candidate
TCGA-COAD	TCGA-COAD	STAR_gene_counts	2da96325-01f7-4e52-8d45-b1a5742775f0.rna_seq.augmented_star_gene_counts.tsv	https://api.gdc.cancer.gov/data/afc66963-6f8d-4d99-a008-d44065e1cacf	GDC_file_uuid:afc66963-6f8d-4d99-a008-d44065e1cacf	2026-07-24T22:26:59Z	4241294	e102f9b69ac6dda29c9651637ce037848265719d2337ac0c107f414c803e58ad	See official repository record	verified	metadata/file_manifest.tsv	Raw data not included in release candidate
TCGA-COAD	TCGA-COAD	STAR_gene_counts	2db6d1af-ff0c-468f-a056-cf278a0bbf7c.rna_seq.augmented_star_gene_counts.tsv	https://api.gdc.cancer.gov/data/d3980bb6-edb0-482e-a8fb-2da0d0ca36d9	GDC_file_uuid:d3980bb6-edb0-482e-a8fb-2da0d0ca36d9	2026-07-24T22:27:04Z	4223459	ddbb8af4521c9d6d90ba716164f82edb56521c96428fb7334c0c3aea346f6798	See official repository record	verified	metadata/file_manifest.tsv	Raw data not included in release candidate
TCGA-COAD	TCGA-COAD	STAR_gene_counts	2dbf638a-46c1-4ec8-b81d-d859c7dcf989.rna_seq.augmented_star_gene_counts.tsv	https://api.gdc.cancer.gov/data/da670207-560b-42d7-a906-bd9d590b631a	GDC_file_uuid:da670207-560b-42d7-a906-bd9d590b631a	2026-07-24T22:27:08Z	4233028	abae92dbaef173aabd4031a299a96be764eb616986852daed18bef196177c2ec	See official repository record	verified	metadata/file_manifest.tsv	Raw data not included in release candidate
TCGA-COAD	TCGA-COAD	STAR_gene_counts	2e15a781-21c1-421b-9e92-6d2d414e0d14.rna_seq.augmented_star_gene_counts.tsv	https://api.gdc.cancer.gov/data/ac06b430-d5ba-4f7b-b5ba-efa9cef1b798	GDC_file_uuid:ac06b430-d5ba-4f7b-b5ba-efa9cef1b798	2026-07-24T22:27:12Z	4230273	de6e8bbe1544c76b8f36c4c891cbb886a23f3567615f4e7899bf7968cb583eca	See official repository record	verified	metadata/file_manifest.tsv	Raw data not included in release candidate
TCGA-COAD	TCGA-COAD	STAR_gene_counts	2eaa09cd-8e3e-4de9-ab96-7a290d780a01.rna_seq.augmented_star_gene_counts.tsv	https://api.gdc.cancer.gov/data/57824d48-ad20-4ed1-a5d4-e458e9a75b46	GDC_file_uuid:57824d48-ad20-4ed1-a5d4-e458e9a75b46	2026-07-24T22:27:16Z	4234693	f21343446057403ac4daf70f1c935b227257576d1a4610ef9c55ae1ab6e09578	See official repository record	verified	metadata/file_manifest.tsv	Raw data not included in release candidate
TCGA-COAD	TCGA-COAD	STAR_gene_counts	301853fd-348d-4a99-9625-7da725023c1d.rna_seq.augmented_star_gene_counts.tsv	https://api.gdc.cancer.gov/data/b91f5802-022a-4414-8c40-466787b36793	GDC_file_uuid:b91f5802-022a-4414-8c40-466787b36793	2026-07-24T22:27:20Z	4208328	017fd6f11bfc29586ec43596f551b758215f1b275b06c7d649fa29f31e00bcb2	See official repository record	verified	metadata/file_manifest.tsv	Raw data not included in release candidate
TCGA-COAD	TCGA-COAD	STAR_gene_counts	302722c6-102e-4b1b-845e-78920380e337.rna_seq.augmented_star_gene_counts.tsv	https://api.gdc.cancer.gov/data/c720993c-c50a-4223-a7af-4c1b7114557a	GDC_file_uuid:c720993c-c50a-4223-a7af-4c1b7114557a	2026-07-24T22:27:24Z	4230872	ff5503804412ae9041cd2a556d423ca7762800d84628359a84e77ba59051ec10	See official repository record	verified	metadata/file_manifest.tsv	Raw data not included in release candidate
TCGA-COAD	TCGA-COAD	STAR_gene_counts	308a5759-8930-433f-8d11-4c3da6ed0e29.rna_seq.augmented_star_gene_counts.tsv	https://api.gdc.cancer.gov/data/3c18b7f5-f53e-4721-a470-ae4410c0592b	GDC_file_uuid:3c18b7f5-f53e-4721-a470-ae4410c0592b	2026-07-24T22:27:28Z	4231934	6d394de5ededa6ac7b9185f3fcba027107c3d600cd084413a1f4fbbce789de06	See official repository record	verified	metadata/file_manifest.tsv	Raw data not included in release candidate
TCGA-COAD	TCGA-COAD	STAR_gene_counts	30fdca7b-ecb1-4096-b2d2-41831f283ae1.rna_seq.augmented_star_gene_counts.tsv	https://api.gdc.cancer.gov/data/aac08efd-3649-4b78-bb52-420b3e99b8e6	GDC_file_uuid:aac08efd-3649-4b78-bb52-420b3e99b8e6	2026-07-24T22:27:32Z	4231492	39dd55e29760e5c40a96708876d3d96a357a37e830b0028acf4172eccc14153e	See official repository record	verified	metadata/file_manifest.tsv	Raw data not included in release candidate
TCGA-COAD	TCGA-COAD	STAR_gene_counts	3167e7b0-a9a9-4d27-9321-b316f92f50a0.rna_seq.augmented_star_gene_counts.tsv	https://api.gdc.cancer.gov/data/19828bf2-51d5-4cb2-9193-360427a38ae9	GDC_file_uuid:19828bf2-51d5-4cb2-9193-360427a38ae9	2026-07-24T22:27:36Z	4210885	191e72a1943047018174f9ad6388e2fd4b36d59caf4bc8d150464fb37832b4b3	See official repository record	verified	metadata/file_manifest.tsv	Raw data not included in release candidate
TCGA-COAD	TCGA-COAD	STAR_gene_counts	3168d3ce-487b-4834-8370-ce8b73fc39ce.rna_seq.augmented_star_gene_counts.tsv	https://api.gdc.cancer.gov/data/2315807c-35c4-422a-bf00-91b366d53113	GDC_file_uuid:2315807c-35c4-422a-bf00-91b366d53113	2026-07-24T22:27:41Z	4230809	2a9279e618296a21a8e8f86b1fbf78689d7d7434760f9da95eff42a0efe73dac	See official repository record	verified	metadata/file_manifest.tsv	Raw data not included in release candidate
TCGA-COAD	TCGA-COAD	STAR_gene_counts	32adc071-1061-45e9-9600-256135f594d9.rna_seq.augmented_star_gene_counts.tsv	https://api.gdc.cancer.gov/data/1530ffe4-22f1-40b1-96d8-57f1509a0171	GDC_file_uuid:1530ffe4-22f1-40b1-96d8-57f1509a0171	2026-07-24T22:27:45Z	4205868	52f9db9a980c96cebfe6164ac83b0e9cd9634d03f133e2f3b3b768fb733f1f85	See official repository record	verified	metadata/file_manifest.tsv	Raw data not included in release candidate
TCGA-COAD	TCGA-COAD	STAR_gene_counts	3383d8e1-d61d-4346-a589-007ad2829e36.rna_seq.augmented_star_gene_counts.tsv	https://api.gdc.cancer.gov/data/0d1e7193-6623-4c34-b3fe-5a7f0a6a9913	GDC_file_uuid:0d1e7193-6623-4c34-b3fe-5a7f0a6a9913	2026-07-24T22:27:49Z	4243245	92cbe3997219bf4942536aa1d2e4388a34798a050b6411cd2c870b827741ba14	See official repository record	verified	metadata/file_manifest.tsv	Raw data not included in release candidate
TCGA-COAD	TCGA-COAD	STAR_gene_counts	349c48ca-ced2-42db-8a50-ea3293116623.rna_seq.augmented_star_gene_counts.tsv	https://api.gdc.cancer.gov/data/8116cc59-d87d-4af5-9d62-05721ff9b340	GDC_file_uuid:8116cc59-d87d-4af5-9d62-05721ff9b340	2026-07-24T22:27:54Z	4207707	da212f21526ef74310fe644ff07ae5489c7da720f1308e442529be9cf857a43f	See official repository record	verified	metadata/file_manifest.tsv	Raw data not included in release candidate
TCGA-COAD	TCGA-COAD	STAR_gene_counts	34a7b3e9-caae-48d1-97a4-2bcb00fa2383.rna_seq.augmented_star_gene_counts.tsv	https://api.gdc.cancer.gov/data/23d865c5-28e5-4e97-b812-12d792c8742a	GDC_file_uuid:23d865c5-28e5-4e97-b812-12d792c8742a	2026-07-24T22:27:58Z	4238757	915d819095d65104745e6d55c7a25b51f6ed2c495320f3f4d6c54c81514aa60c	See official repository record	verified	metadata/file_manifest.tsv	Raw data not included in release candidate
TCGA-COAD	TCGA-COAD	STAR_gene_counts	34b0602a-c93d-4734-b860-a2cb66091e2e.rna_seq.augmented_star_gene_counts.tsv	https://api.gdc.cancer.gov/data/9a6cef0c-1db2-4ec8-9918-b261ce6f5a86	GDC_file_uuid:9a6cef0c-1db2-4ec8-9918-b261ce6f5a86	2026-07-24T22:28:02Z	4212141	29d2c2ed31f34bae6436e1d44b1802c654fa2db2b48a21d1466bbcc4398c2a5b	See official repository record	verified	metadata/file_manifest.tsv	Raw data not included in release candidate
TCGA-COAD	TCGA-COAD	STAR_gene_counts	367ce5cb-52f9-4c87-aaa3-2808fca08bef.rna_seq.augmented_star_gene_counts.tsv	https://api.gdc.cancer.gov/data/4167d62e-8d12-4cba-9198-157975a8ea25	GDC_file_uuid:4167d62e-8d12-4cba-9198-157975a8ea25	2026-07-24T22:28:06Z	4196323	02395660c2c352af5d7b740ca09b1b0d20ffaf964bffb16890371aeb84fb4b79	See official repository record	verified	metadata/file_manifest.tsv	Raw data not included in release candidate
TCGA-COAD	TCGA-COAD	STAR_gene_counts	37784b02-1e45-4806-b4c3-2b3ad50dbfb3.rna_seq.augmented_star_gene_counts.tsv	https://api.gdc.cancer.gov/data/b7752772-2720-4f19-a763-15a54e6d8bc6	GDC_file_uuid:b7752772-2720-4f19-a763-15a54e6d8bc6	2026-07-24T22:28:10Z	4228468	4fb8daef9adaee649a555710ef5f39bd2e3ba6d8a1a72d3741fa5641653cd7df	See official repository record	verified	metadata/file_manifest.tsv	Raw data not included in release candidate
TCGA-COAD	TCGA-COAD	STAR_gene_counts	37cb9185-9334-45cc-8afe-6aea6784aaba.rna_seq.augmented_star_gene_counts.tsv	https://api.gdc.cancer.gov/data/f61f7fba-0254-4e9a-b334-b15bba0cf7b9	GDC_file_uuid:f61f7fba-0254-4e9a-b334-b15bba0cf7b9	2026-07-24T22:28:14Z	4234438	2e5b27da739e9edffe252d94c2e6fda3b41d57212c02b3c68c37439cc15e18dd	See official repository record	verified	metadata/file_manifest.tsv	Raw data not included in release candidate
TCGA-COAD	TCGA-COAD	STAR_gene_counts	385264e6-e205-4fc5-a0e2-5fd9bdcd8d01.rna_seq.augmented_star_gene_counts.tsv	https://api.gdc.cancer.gov/data/cd7ab148-0328-4e3d-8874-5808ae0d9fc2	GDC_file_uuid:cd7ab148-0328-4e3d-8874-5808ae0d9fc2	2026-07-24T22:28:19Z	4183796	b092b3c6b2dc61137a5d3c58dbd2784dc65aede5fc964c85939f592237838ee6	See official repository record	verified	metadata/file_manifest.tsv	Raw data not included in release candidate
TCGA-COAD	TCGA-COAD	STAR_gene_counts	395e165c-8e84-4203-af1e-f7e1f17d2edd.rna_seq.augmented_star_gene_counts.tsv	https://api.gdc.cancer.gov/data/39e09a21-6d1a-4a34-8227-8f30bbd5065b	GDC_file_uuid:39e09a21-6d1a-4a34-8227-8f30bbd5065b	2026-07-24T22:28:22Z	4206737	9da25e99733a02cf03eaa493aa6acffb0ffff3a16873833778325fd96cb4d3b6	See official repository record	verified	metadata/file_manifest.tsv	Raw data not included in release candidate
TCGA-COAD	TCGA-COAD	STAR_gene_counts	3965d9aa-9012-4985-b7ab-14c1bcf5713f.rna_seq.augmented_star_gene_counts.tsv	https://api.gdc.cancer.gov/data/ba4ed4b0-664f-4773-ac2b-52821a614dfd	GDC_file_uuid:ba4ed4b0-664f-4773-ac2b-52821a614dfd	2026-07-24T22:28:27Z	4225776	e0a3e83f458486f34f1d8672472dc06840feb67c740f2c6e96606a0d83c147ef	See official repository record	verified	metadata/file_manifest.tsv	Raw data not included in release candidate
TCGA-COAD	TCGA-COAD	STAR_gene_counts	39857506-1b61-498b-aee6-b8d80f66db1b.rna_seq.augmented_star_gene_counts.tsv	https://api.gdc.cancer.gov/data/e8890508-2f98-460e-91f6-b03e3e213823	GDC_file_uuid:e8890508-2f98-460e-91f6-b03e3e213823	2026-07-24T22:28:31Z	4233136	eea728cf5241f12d4c5020cf5f04e25b2b504434176e8b09abaf34735ecad048	See official repository record	verified	metadata/file_manifest.tsv	Raw data not included in release candidate
TCGA-COAD	TCGA-COAD	STAR_gene_counts	3a957f25-6238-495b-97a8-383d1d89c411.rna_seq.augmented_star_gene_counts.tsv	https://api.gdc.cancer.gov/data/65f0fed3-8b9c-4f73-9fad-78c9f2f5b7d3	GDC_file_uuid:65f0fed3-8b9c-4f73-9fad-78c9f2f5b7d3	2026-07-24T22:28:35Z	4233941	974e80c73b63c369b1c361b0b4d838f88fa9bd324dd8c54380c54a85a4a067d6	See official repository record	verified	metadata/file_manifest.tsv	Raw data not included in release candidate
TCGA-COAD	TCGA-COAD	STAR_gene_counts	3ba89ed5-e704-40d1-bb04-5a0ba48e446d.rna_seq.augmented_star_gene_counts.tsv	https://api.gdc.cancer.gov/data/9c40ef24-ff74-4f0b-850a-38de94a90c75	GDC_file_uuid:9c40ef24-ff74-4f0b-850a-38de94a90c75	2026-07-24T22:28:39Z	4204518	1afaf3e274663033b364afb122a1362dcd90f00a386164643620ef6d945e23af	See official repository record	verified	metadata/file_manifest.tsv	Raw data not included in release candidate
TCGA-COAD	TCGA-COAD	STAR_gene_counts	3bc40056-88b6-483c-8701-747eb6e851c4.rna_seq.augmented_star_gene_counts.tsv	https://api.gdc.cancer.gov/data/69ccf4e3-15a5-4e1d-91af-402100e85349	GDC_file_uuid:69ccf4e3-15a5-4e1d-91af-402100e85349	2026-07-24T22:28:43Z	4246959	234a6666cfb9c036e04cd29b45af1820c159ebbac1dce6c7b51cbf3c7d4e647b	See official repository record	verified	metadata/file_manifest.tsv	Raw data not included in release candidate
TCGA-COAD	TCGA-COAD	STAR_gene_counts	3d1f89ec-ac0b-40f8-ac89-ed0c2d4967b7.rna_seq.augmented_star_gene_counts.tsv	https://api.gdc.cancer.gov/data/fc576c96-455b-412f-b70d-f491c22b42f9	GDC_file_uuid:fc576c96-455b-412f-b70d-f491c22b42f9	2026-07-24T22:28:47Z	4236022	5196b3a9f4e8db00c8d0c2afe13a88847b801ccdd46aa71088d10a33859d8b7a	See official repository record	verified	metadata/file_manifest.tsv	Raw data not included in release candidate
TCGA-COAD	TCGA-COAD	STAR_gene_counts	3d6b96fa-5efa-4c8a-9a12-2718304252d4.rna_seq.augmented_star_gene_counts.tsv	https://api.gdc.cancer.gov/data/a666a0f3-e5ed-40b5-b425-5fe0190d30dd	GDC_file_uuid:a666a0f3-e5ed-40b5-b425-5fe0190d30dd	2026-07-24T22:28:51Z	4187366	d6b7f2273b5991a5e592e9cb4c6184673809ab7a8fa66912e203580524a10f5a	See official repository record	verified	metadata/file_manifest.tsv	Raw data not included in release candidate
TCGA-COAD	TCGA-COAD	STAR_gene_counts	3d97737f-01a1-43f1-ba35-ee7cc84dc7ff.rna_seq.augmented_star_gene_counts.tsv	https://api.gdc.cancer.gov/data/785ff3a1-fff1-41fb-8c1e-21e530e407f5	GDC_file_uuid:785ff3a1-fff1-41fb-8c1e-21e530e407f5	2026-07-24T22:28:56Z	4212937	7db4b503eebfa14e523359a0d28fea3de81284dd1281f069fda742fbd26e11ad	See official repository record	verified	metadata/file_manifest.tsv	Raw data not included in release candidate
TCGA-COAD	TCGA-COAD	STAR_gene_counts	3e2f2be1-9d8d-4412-92eb-9f3d5c3ea3ef.rna_seq.augmented_star_gene_counts.tsv	https://api.gdc.cancer.gov/data/53ab9977-2dae-4338-abe2-a0fdde405fff	GDC_file_uuid:53ab9977-2dae-4338-abe2-a0fdde405fff	2026-07-24T22:29:00Z	4214992	b4b93864c29e37b0475e4a76ceec2f28ba61a2a2004b96a7afa2ce39e4db7be3	See official repository record	verified	metadata/file_manifest.tsv	Raw data not included in release candidate
TCGA-COAD	TCGA-COAD	STAR_gene_counts	3ef878b7-f7c7-4ce5-ae5b-dac3f70155e7.rna_seq.augmented_star_gene_counts.tsv	https://api.gdc.cancer.gov/data/a7affc28-aba2-41ab-8f5c-be859ae055dc	GDC_file_uuid:a7affc28-aba2-41ab-8f5c-be859ae055dc	2026-07-24T22:29:04Z	4208716	bfbf89c5d2a2bb01c1af553522381933325f8775f14fbc081de05ba70c1d099e	See official repository record	verified	metadata/file_manifest.tsv	Raw data not included in release candidate
TCGA-COAD	TCGA-COAD	STAR_gene_counts	3f4d7ca5-e07b-4872-bc0b-226eafaf7dcd.rna_seq.augmented_star_gene_counts.tsv	https://api.gdc.cancer.gov/data/6c49d9d6-05ca-4f54-a2a9-332bc90f9641	GDC_file_uuid:6c49d9d6-05ca-4f54-a2a9-332bc90f9641	2026-07-24T22:29:08Z	4210869	fa4e60cdeb87eee3a4ec8af67fb1ee768f1cdf11ab6610926fa86f282a82da03	See official repository record	verified	metadata/file_manifest.tsv	Raw data not included in release candidate
TCGA-COAD	TCGA-COAD	STAR_gene_counts	3fa3af13-58f0-4c5b-b009-f6f936fb07b5.rna_seq.augmented_star_gene_counts.tsv	https://api.gdc.cancer.gov/data/9241b482-83dd-4af6-a29b-46df53716352	GDC_file_uuid:9241b482-83dd-4af6-a29b-46df53716352	2026-07-24T22:29:12Z	4212388	a62a1303451c232609f72cd9d7ad4d12b5e5baa0f95d4657e67aa1810138e46d	See official repository record	verified	metadata/file_manifest.tsv	Raw data not included in release candidate
TCGA-COAD	TCGA-COAD	STAR_gene_counts	3fb72cab-7e39-4e1c-8d8c-8ae10b9ce714.rna_seq.augmented_star_gene_counts.tsv	https://api.gdc.cancer.gov/data/d36ca98a-b08d-4312-9f2a-15d32598a42c	GDC_file_uuid:d36ca98a-b08d-4312-9f2a-15d32598a42c	2026-07-24T22:29:17Z	4222540	7dbdcf48e159afaa5abdaf10bdc5f511e2805837d41941625ef43f56df9d2589	See official repository record	verified	metadata/file_manifest.tsv	Raw data not included in release candidate
TCGA-COAD	TCGA-COAD	STAR_gene_counts	3fcb923c-5dd2-4d6f-a6bb-8074ffb762be.rna_seq.augmented_star_gene_counts.tsv	https://api.gdc.cancer.gov/data/54aeec49-699f-4d71-b567-b8a68e216643	GDC_file_uuid:54aeec49-699f-4d71-b567-b8a68e216643	2026-07-24T22:29:21Z	4233600	99e94d50622a7c7458baaace916b80ef19d75a8ead5a74fcf7e4491bf721aa99	See official repository record	verified	metadata/file_manifest.tsv	Raw data not included in release candidate
TCGA-COAD	TCGA-COAD	STAR_gene_counts	40b98f15-43cb-426b-880c-951a4b28c3e2.rna_seq.augmented_star_gene_counts.tsv	https://api.gdc.cancer.gov/data/66905cb5-6459-48fd-b04c-bc69ac477228	GDC_file_uuid:66905cb5-6459-48fd-b04c-bc69ac477228	2026-07-24T22:29:25Z	4233852	abc2360d7fd9c1772b0a3b0cc000929007028f159bbdb421fb3143665ae3f854	See official repository record	verified	metadata/file_manifest.tsv	Raw data not included in release candidate
TCGA-COAD	TCGA-COAD	STAR_gene_counts	4108a871-c064-4537-9331-e59798d7d492.rna_seq.augmented_star_gene_counts.tsv	https://api.gdc.cancer.gov/data/245c9ca4-50f5-4855-8a44-5bde3f482b8b	GDC_file_uuid:245c9ca4-50f5-4855-8a44-5bde3f482b8b	2026-07-24T22:29:29Z	4241986	a2f2f63403bd803f02b33e18e624bbda09084458d3dc5efc9bcd7904b35f9ed3	See official repository record	verified	metadata/file_manifest.tsv	Raw data not included in release candidate
TCGA-COAD	TCGA-COAD	STAR_gene_counts	4232e82f-4d7d-456d-a662-da3134cb9c58.rna_seq.augmented_star_gene_counts.tsv	https://api.gdc.cancer.gov/data/05f2ad36-dc5f-4df4-8f79-afe4f46f81fb	GDC_file_uuid:05f2ad36-dc5f-4df4-8f79-afe4f46f81fb	2026-07-24T22:29:33Z	4212875	557b2be79c88bf343148a292f0736c0197eeacd170510fd67f5f262608f55695	See official repository record	verified	metadata/file_manifest.tsv	Raw data not included in release candidate
TCGA-COAD	TCGA-COAD	STAR_gene_counts	425dc52d-fb29-45d5-8d94-aab524136a83.rna_seq.augmented_star_gene_counts.tsv	https://api.gdc.cancer.gov/data/21b76e1c-1129-4c97-8c87-a7fc5d251e5f	GDC_file_uuid:21b76e1c-1129-4c97-8c87-a7fc5d251e5f	2026-07-24T22:29:37Z	4242225	79df8dc021614472a76c8eee26d642181dde49a4431ed84d1f52c3fd81f398c0	See official repository record	verified	metadata/file_manifest.tsv	Raw data not included in release candidate
TCGA-COAD	TCGA-COAD	STAR_gene_counts	42b88263-95a0-43fb-b7e4-a840df8d4a92.rna_seq.augmented_star_gene_counts.tsv	https://api.gdc.cancer.gov/data/5f4a46f3-0fbe-4521-ab43-20bcb15793f1	GDC_file_uuid:5f4a46f3-0fbe-4521-ab43-20bcb15793f1	2026-07-24T22:29:41Z	4228816	580c4b5b8b5ad295ba3582d2bc5645b6c8524c15951e1290c83c8a747aa05176	See official repository record	verified	metadata/file_manifest.tsv	Raw data not included in release candidate
TCGA-COAD	TCGA-COAD	STAR_gene_counts	43c9d567-691b-4f12-b083-c6eeeff8e453.rna_seq.augmented_star_gene_counts.tsv	https://api.gdc.cancer.gov/data/9afe56f7-2570-4358-8734-5c94e10e83d1	GDC_file_uuid:9afe56f7-2570-4358-8734-5c94e10e83d1	2026-07-24T22:29:45Z	4213996	6c534280550366ba04662ed34286da0230502d05ad7eb0e57423fe59b5d8e0a4	See official repository record	verified	metadata/file_manifest.tsv	Raw data not included in release candidate
TCGA-COAD	TCGA-COAD	STAR_gene_counts	43f847d6-bb0a-46f0-9193-dabf72330b4f.rna_seq.augmented_star_gene_counts.tsv	https://api.gdc.cancer.gov/data/88473424-2ecc-4684-af54-42d6fad65ad1	GDC_file_uuid:88473424-2ecc-4684-af54-42d6fad65ad1	2026-07-24T22:29:49Z	4242665	e14238230322c813328527a4a5412388bf6d5f47ecae58a9d082b8905729de16	See official repository record	verified	metadata/file_manifest.tsv	Raw data not included in release candidate
TCGA-COAD	TCGA-COAD	STAR_gene_counts	45a2676b-25ba-41b0-9e55-08c6eb3a8f2f.rna_seq.augmented_star_gene_counts.tsv	https://api.gdc.cancer.gov/data/5302caac-c374-4f48-9f94-9613cc7f7a94	GDC_file_uuid:5302caac-c374-4f48-9f94-9613cc7f7a94	2026-07-24T22:29:53Z	4209007	2be8b79220641116c9ff018f07cc3bd5f3a8c666f539b9f6fa92798cd8bde829	See official repository record	verified	metadata/file_manifest.tsv	Raw data not included in release candidate
TCGA-COAD	TCGA-COAD	STAR_gene_counts	45a758dc-af09-48d3-8cd2-15232593f385.rna_seq.augmented_star_gene_counts.tsv	https://api.gdc.cancer.gov/data/e7eed773-b87c-4138-8d0e-72c85d85509b	GDC_file_uuid:e7eed773-b87c-4138-8d0e-72c85d85509b	2026-07-24T22:29:58Z	4220450	ae20d178dfdd25eb6da8c9ba12fbbc258b6a98c16a8d8261f0818d54298ff2ca	See official repository record	verified	metadata/file_manifest.tsv	Raw data not included in release candidate
TCGA-COAD	TCGA-COAD	STAR_gene_counts	45b4921e-fce7-41f8-bb63-ed98343ceec8.rna_seq.augmented_star_gene_counts.tsv	https://api.gdc.cancer.gov/data/fbba778e-fd6d-4da5-a0b2-99d7dcc047d6	GDC_file_uuid:fbba778e-fd6d-4da5-a0b2-99d7dcc047d6	2026-07-24T22:30:02Z	4215127	ee0e6348983488d4dbdf5063bb7d9941bea750f9865dc2a986fbfb6d32ca18ef	See official repository record	verified	metadata/file_manifest.tsv	Raw data not included in release candidate
TCGA-COAD	TCGA-COAD	STAR_gene_counts	45bb01dd-5506-42f2-9093-3ea378bec587.rna_seq.augmented_star_gene_counts.tsv	https://api.gdc.cancer.gov/data/477b8769-8e6d-408d-a1d6-a57ece08fb9a	GDC_file_uuid:477b8769-8e6d-408d-a1d6-a57ece08fb9a	2026-07-24T22:30:06Z	4237869	ab3c4258bb5dc3c5746748131859fa339999a88ff352401ab059875f98e92cca	See official repository record	verified	metadata/file_manifest.tsv	Raw data not included in release candidate
TCGA-COAD	TCGA-COAD	STAR_gene_counts	4613d81b-e9ba-4c36-96a5-d7c9667b83ec.rna_seq.augmented_star_gene_counts.tsv	https://api.gdc.cancer.gov/data/2831af62-6269-4f8c-b142-f8ff2c6f897d	GDC_file_uuid:2831af62-6269-4f8c-b142-f8ff2c6f897d	2026-07-24T22:30:10Z	4202714	db51aca178d21bfa8396b22d85276db2c80f2d6e8e520ff44681742495ea6867	See official repository record	verified	metadata/file_manifest.tsv	Raw data not included in release candidate
TCGA-COAD	TCGA-COAD	STAR_gene_counts	46a6f49d-2ab8-41fb-ba8c-951a160e5d08.rna_seq.augmented_star_gene_counts.tsv	https://api.gdc.cancer.gov/data/69add746-94ce-4b57-bf7a-f80bf10bdc01	GDC_file_uuid:69add746-94ce-4b57-bf7a-f80bf10bdc01	2026-07-24T22:30:14Z	4226005	e158e68b099a474564974cc345c3f702be7d6aa72a322dbe5c1c00322282e367	See official repository record	verified	metadata/file_manifest.tsv	Raw data not included in release candidate
TCGA-COAD	TCGA-COAD	STAR_gene_counts	47661ed9-5c0e-442d-b072-3da8b14fab02.rna_seq.augmented_star_gene_counts.tsv	https://api.gdc.cancer.gov/data/fdceffa7-a393-45e6-98f2-f3292d1a38ea	GDC_file_uuid:fdceffa7-a393-45e6-98f2-f3292d1a38ea	2026-07-24T22:30:18Z	4191981	75e9ae5b93599194f3ae45a3b89c0e35396eb97eb291ca0f5db606d3ed525af6	See official repository record	verified	metadata/file_manifest.tsv	Raw data not included in release candidate
TCGA-COAD	TCGA-COAD	STAR_gene_counts	4769f22f-eeaf-4108-9555-55cc5d6ae27b.rna_seq.augmented_star_gene_counts.tsv	https://api.gdc.cancer.gov/data/2dea7278-7221-43e6-bf22-713777beb618	GDC_file_uuid:2dea7278-7221-43e6-bf22-713777beb618	2026-07-24T22:30:23Z	4222959	9542ed507fdc5f5f4301ad5d6531e266724a0c88735a8b87b32a6380f91f8e09	See official repository record	verified	metadata/file_manifest.tsv	Raw data not included in release candidate
TCGA-COAD	TCGA-COAD	STAR_gene_counts	479512bb-9444-4bea-b644-3f56094f443e.rna_seq.augmented_star_gene_counts.tsv	https://api.gdc.cancer.gov/data/0d104bd9-575e-483f-b827-55e617bb6d65	GDC_file_uuid:0d104bd9-575e-483f-b827-55e617bb6d65	2026-07-24T22:30:27Z	4244276	4e52b978f5eb9dbef2f49d0467ed69e2bf599a8bd62cf7b8dcf98cba3ea578e9	See official repository record	verified	metadata/file_manifest.tsv	Raw data not included in release candidate
TCGA-COAD	TCGA-COAD	STAR_gene_counts	47b69c13-020e-43d0-ac3c-686acf4932a2.rna_seq.augmented_star_gene_counts.tsv	https://api.gdc.cancer.gov/data/5eb29c68-1645-45ab-8c15-4d09285f4c9e	GDC_file_uuid:5eb29c68-1645-45ab-8c15-4d09285f4c9e	2026-07-24T22:30:31Z	4234620	18a84b2fab8a69e648681b6e58aad2c9abf0d62016cf1c1d50803b8b42263f2f	See official repository record	verified	metadata/file_manifest.tsv	Raw data not included in release candidate
TCGA-COAD	TCGA-COAD	STAR_gene_counts	48128da3-329b-45c5-be65-c8cbeccddb97.rna_seq.augmented_star_gene_counts.tsv	https://api.gdc.cancer.gov/data/359bacfe-23d1-4d3b-870e-8f98982540ce	GDC_file_uuid:359bacfe-23d1-4d3b-870e-8f98982540ce	2026-07-24T22:30:36Z	4206013	db6a4b414653ddf9826ca7196d1142e2aef3cc136fd776f188fdea80c03fc9c6	See official repository record	verified	metadata/file_manifest.tsv	Raw data not included in release candidate
TCGA-COAD	TCGA-COAD	STAR_gene_counts	4925248f-21e2-476e-937c-02e0a748c77b.rna_seq.augmented_star_gene_counts.tsv	https://api.gdc.cancer.gov/data/60ef8c92-dcad-401e-b92e-09a51eb305f2	GDC_file_uuid:60ef8c92-dcad-401e-b92e-09a51eb305f2	2026-07-24T22:30:40Z	4234060	39080200c1712c6b54b3efeec2b6251a58c9c7b78416261d0d1f86c8ce88cf04	See official repository record	verified	metadata/file_manifest.tsv	Raw data not included in release candidate
TCGA-COAD	TCGA-COAD	STAR_gene_counts	49df6599-2159-457c-a94f-980cab788dbf.rna_seq.augmented_star_gene_counts.tsv	https://api.gdc.cancer.gov/data/f29d3d45-b381-4fe5-af7a-eab8a4d010f4	GDC_file_uuid:f29d3d45-b381-4fe5-af7a-eab8a4d010f4	2026-07-24T22:30:44Z	4222956	9458e9fa17df3a9aac68a11093b9786cedeaea7becc63b8575f09f64d4ea9dc5	See official repository record	verified	metadata/file_manifest.tsv	Raw data not included in release candidate
TCGA-COAD	TCGA-COAD	STAR_gene_counts	4b6234cb-85ed-43bf-8eba-e26c7d0c1133.rna_seq.augmented_star_gene_counts.tsv	https://api.gdc.cancer.gov/data/9c1722f7-0125-48c9-9951-71d7729d951a	GDC_file_uuid:9c1722f7-0125-48c9-9951-71d7729d951a	2026-07-24T22:30:48Z	4229793	a872b7c76b32fe234f1a1aed4ecaf4697ed00b81a145976e42f5c1e1e24161d7	See official repository record	verified	metadata/file_manifest.tsv	Raw data not included in release candidate
TCGA-COAD	TCGA-COAD	STAR_gene_counts	4bafe83e-072c-4042-bd3d-5f108391ed89.rna_seq.augmented_star_gene_counts.tsv	https://api.gdc.cancer.gov/data/04981c65-5d1e-4ced-bfd0-8db2e078b5c2	GDC_file_uuid:04981c65-5d1e-4ced-bfd0-8db2e078b5c2	2026-07-24T22:30:52Z	4214788	3e5fa6411b49e162c3b350e8601fc4f9424b70eade8f073c6e21dc75124baff1	See official repository record	verified	metadata/file_manifest.tsv	Raw data not included in release candidate
TCGA-COAD	TCGA-COAD	STAR_gene_counts	4c7083b3-eccc-4d80-a31d-6fd3cd0222b4.rna_seq.augmented_star_gene_counts.tsv	https://api.gdc.cancer.gov/data/835d2360-3e00-4c3c-9d01-039a2915bd4c	GDC_file_uuid:835d2360-3e00-4c3c-9d01-039a2915bd4c	2026-07-24T22:30:57Z	4231830	2a5cf82a41f11c3267591e973a304e24b2fa27f150dd4a2dcd4bb338a5827cff	See official repository record	verified	metadata/file_manifest.tsv	Raw data not included in release candidate
TCGA-COAD	TCGA-COAD	STAR_gene_counts	4c8b5d7c-d82b-4504-9b9e-3946ca14251e.rna_seq.augmented_star_gene_counts.tsv	https://api.gdc.cancer.gov/data/7b6985b9-fa94-42c7-9590-48ad6e2e7114	GDC_file_uuid:7b6985b9-fa94-42c7-9590-48ad6e2e7114	2026-07-24T22:31:01Z	4234008	9479369fcb531ce479e0e367bbf0400889ec075c5c645f448a7a9e7991fbb6fe	See official repository record	verified	metadata/file_manifest.tsv	Raw data not included in release candidate
TCGA-COAD	TCGA-COAD	STAR_gene_counts	4ca680a2-88a3-421c-9df4-3285e94e2817.rna_seq.augmented_star_gene_counts.tsv	https://api.gdc.cancer.gov/data/0caeddec-a904-4c53-be6d-56c83975eae0	GDC_file_uuid:0caeddec-a904-4c53-be6d-56c83975eae0	2026-07-24T22:31:05Z	4219025	a86ce994d95714e056646d849ed10a0bcef7b26401459263ca9f6e140f3de4f7	See official repository record	verified	metadata/file_manifest.tsv	Raw data not included in release candidate
TCGA-COAD	TCGA-COAD	STAR_gene_counts	4d33ae3d-d6e6-47cd-bb5d-52134a7bcf8d.rna_seq.augmented_star_gene_counts.tsv	https://api.gdc.cancer.gov/data/534054c8-b88f-4b5f-b718-f4ca8484b83c	GDC_file_uuid:534054c8-b88f-4b5f-b718-f4ca8484b83c	2026-07-24T22:31:09Z	4222918	81379e441fe6bdf9f480f15f21cbc601696eb7c6b60d2fd373d1f5708caab70f	See official repository record	verified	metadata/file_manifest.tsv	Raw data not included in release candidate
TCGA-COAD	TCGA-COAD	STAR_gene_counts	4d347bfa-eb25-4e9d-9594-4e1d99545678.rna_seq.augmented_star_gene_counts.tsv	https://api.gdc.cancer.gov/data/6484ba83-32ed-492e-99c9-8f78f7b530e1	GDC_file_uuid:6484ba83-32ed-492e-99c9-8f78f7b530e1	2026-07-24T22:31:13Z	4207488	cb267d24f9a54466154fe0a92794045345bbb82a7ea682d957ef848a17bb7a1f	See official repository record	verified	metadata/file_manifest.tsv	Raw data not included in release candidate
TCGA-COAD	TCGA-COAD	STAR_gene_counts	4db40a0d-ef66-41de-b993-e722581158dc.rna_seq.augmented_star_gene_counts.tsv	https://api.gdc.cancer.gov/data/74bac7fb-444d-480c-8a92-8dc427206c2c	GDC_file_uuid:74bac7fb-444d-480c-8a92-8dc427206c2c	2026-07-24T22:31:17Z	4223756	32a538cabc11d1eb906813685aaaef4d3d2ca96d932a36b1c61ac00dbbebd3e8	See official repository record	verified	metadata/file_manifest.tsv	Raw data not included in release candidate
TCGA-COAD	TCGA-COAD	STAR_gene_counts	4dd48c58-cb90-4197-ba50-2aaca555e6d1.rna_seq.augmented_star_gene_counts.tsv	https://api.gdc.cancer.gov/data/3c00f619-f9c3-4747-88bc-359e9ddec812	GDC_file_uuid:3c00f619-f9c3-4747-88bc-359e9ddec812	2026-07-24T22:31:22Z	4235699	6b1b68c5d7d80082bdb833328daf0d292fbedf84a4182e9acfc31f613de0d5a2	See official repository record	verified	metadata/file_manifest.tsv	Raw data not included in release candidate
TCGA-COAD	TCGA-COAD	STAR_gene_counts	4df6c488-ef2f-4019-a1b0-3a3624039be8.rna_seq.augmented_star_gene_counts.tsv	https://api.gdc.cancer.gov/data/da8c975b-65b4-4e9d-a919-16da8d5a7b1f	GDC_file_uuid:da8c975b-65b4-4e9d-a919-16da8d5a7b1f	2026-07-24T22:31:26Z	4207285	90ecadbb708ee87d4b98e406774e32c4c88941d7d4c8193f61f4c5355cad0741	See official repository record	verified	metadata/file_manifest.tsv	Raw data not included in release candidate
TCGA-COAD	TCGA-COAD	STAR_gene_counts	4e2a5058-c190-49de-97f4-0ba7be7ebfe8.rna_seq.augmented_star_gene_counts.tsv	https://api.gdc.cancer.gov/data/07576e90-dbad-4c35-8fcd-e9ef89c8addc	GDC_file_uuid:07576e90-dbad-4c35-8fcd-e9ef89c8addc	2026-07-24T22:31:30Z	4223915	9fa35d95ef9bffed7716061487a0188e7e291a3d2234d86e4242410d6a5b02a1	See official repository record	verified	metadata/file_manifest.tsv	Raw data not included in release candidate
TCGA-COAD	TCGA-COAD	STAR_gene_counts	4f0b1ac0-c503-4852-9a44-cb4231f4b17b.rna_seq.augmented_star_gene_counts.tsv	https://api.gdc.cancer.gov/data/d9c85ce8-73b4-4100-8ec0-193677f11da0	GDC_file_uuid:d9c85ce8-73b4-4100-8ec0-193677f11da0	2026-07-24T22:31:34Z	4220791	7f487fd129e0699bc5667dd0715144bb011dfa9e64c67158962cd932f2338009	See official repository record	verified	metadata/file_manifest.tsv	Raw data not included in release candidate
TCGA-COAD	TCGA-COAD	STAR_gene_counts	4f2a0f62-df55-4972-aeb4-fb32e6c9a522.rna_seq.augmented_star_gene_counts.tsv	https://api.gdc.cancer.gov/data/7321ea01-8e94-4dfe-b4b6-ab48a3a880f4	GDC_file_uuid:7321ea01-8e94-4dfe-b4b6-ab48a3a880f4	2026-07-24T22:31:39Z	4216637	9b6400af0c771ac021f15294d79f3ace63c1e434a1ac1ce53b72683bce8f731d	See official repository record	verified	metadata/file_manifest.tsv	Raw data not included in release candidate
TCGA-COAD	TCGA-COAD	STAR_gene_counts	4f709f4b-3140-47be-b55a-7713062545e9.rna_seq.augmented_star_gene_counts.tsv	https://api.gdc.cancer.gov/data/184cc3d2-1c43-4584-9fef-059c8395779a	GDC_file_uuid:184cc3d2-1c43-4584-9fef-059c8395779a	2026-07-24T22:31:44Z	4230979	d4e31f346ea8553b4da496228924c0526516bdd643a76913e7005efea9590e98	See official repository record	verified	metadata/file_manifest.tsv	Raw data not included in release candidate
TCGA-COAD	TCGA-COAD	STAR_gene_counts	4f77bbd8-bf22-4cf9-8a16-5057e30ed148.rna_seq.augmented_star_gene_counts.tsv	https://api.gdc.cancer.gov/data/92bf2aa9-61cb-49e0-a941-18db0ac87383	GDC_file_uuid:92bf2aa9-61cb-49e0-a941-18db0ac87383	2026-07-24T22:31:48Z	4214285	bf49493a722e748b3a7ba8593730482e856cc0f9bb844f5148961379cd2625f0	See official repository record	verified	metadata/file_manifest.tsv	Raw data not included in release candidate
TCGA-COAD	TCGA-COAD	STAR_gene_counts	4fd42f6e-b04a-4726-b35f-a19d17a6e7bb.rna_seq.augmented_star_gene_counts.tsv	https://api.gdc.cancer.gov/data/647ec81e-775b-42ad-bd83-286dfc4f91dd	GDC_file_uuid:647ec81e-775b-42ad-bd83-286dfc4f91dd	2026-07-24T22:31:52Z	4220767	07320eff6108acaea11734287b92b90e10396f353e28a4ea5cee00f410473293	See official repository record	verified	metadata/file_manifest.tsv	Raw data not included in release candidate
TCGA-COAD	TCGA-COAD	STAR_gene_counts	513fb61a-1339-45d2-8963-6337e3aff5df.rna_seq.augmented_star_gene_counts.tsv	https://api.gdc.cancer.gov/data/f8c9f623-fea7-4608-ac73-342e1c349647	GDC_file_uuid:f8c9f623-fea7-4608-ac73-342e1c349647	2026-07-24T22:31:57Z	4220014	b710c1a31702b904bac2bbb18d8205f059c9e82602e8dcd2b0e02e78f6a07b0f	See official repository record	verified	metadata/file_manifest.tsv	Raw data not included in release candidate
TCGA-COAD	TCGA-COAD	STAR_gene_counts	518420d3-dfdf-4163-99a4-2b8d7a04056c.rna_seq.augmented_star_gene_counts.tsv	https://api.gdc.cancer.gov/data/df410102-8821-4bff-825a-c169897b3b99	GDC_file_uuid:df410102-8821-4bff-825a-c169897b3b99	2026-07-24T22:32:01Z	4201029	5ad84011a19a0f2cdc9d8166f0a7395cafe896ee487641369712d80cfa4980f4	See official repository record	verified	metadata/file_manifest.tsv	Raw data not included in release candidate
TCGA-COAD	TCGA-COAD	STAR_gene_counts	51b2184b-d837-47df-b157-8759c5fa2101.rna_seq.augmented_star_gene_counts.tsv	https://api.gdc.cancer.gov/data/f15bfb93-71dc-4593-9ef4-e5e909a8fe64	GDC_file_uuid:f15bfb93-71dc-4593-9ef4-e5e909a8fe64	2026-07-24T22:32:05Z	4230904	cd62527c40535dc438d4654e7ae1a61a63a1a5047e6964506c3530728070afe5	See official repository record	verified	metadata/file_manifest.tsv	Raw data not included in release candidate
TCGA-COAD	TCGA-COAD	STAR_gene_counts	52472301-36c6-4c99-97bd-b016d8a282d6.rna_seq.augmented_star_gene_counts.tsv	https://api.gdc.cancer.gov/data/3456d4a1-bb29-4559-8c4e-c9b0e512fae3	GDC_file_uuid:3456d4a1-bb29-4559-8c4e-c9b0e512fae3	2026-07-24T22:32:09Z	4216110	a283ace38bc6659ec5160e2d22c3b5c2a652718d4c9720f16315f1198783440f	See official repository record	verified	metadata/file_manifest.tsv	Raw data not included in release candidate
TCGA-COAD	TCGA-COAD	STAR_gene_counts	526e2e75-cc0e-4c03-916c-908fbc271854.rna_seq.augmented_star_gene_counts.tsv	https://api.gdc.cancer.gov/data/676943d6-aa9b-4576-abb1-eeaf56850b0b	GDC_file_uuid:676943d6-aa9b-4576-abb1-eeaf56850b0b	2026-07-24T22:32:13Z	4209094	adff33c41eb6ed66883bf43e530f3f637c6d836a396c6cc803e8e3d7c86d290f	See official repository record	verified	metadata/file_manifest.tsv	Raw data not included in release candidate
TCGA-COAD	TCGA-COAD	STAR_gene_counts	52bfcfee-5de0-4e8f-9f11-7a643858bcb0.rna_seq.augmented_star_gene_counts.tsv	https://api.gdc.cancer.gov/data/3455127d-0c83-4a52-ae3f-750717615d4d	GDC_file_uuid:3455127d-0c83-4a52-ae3f-750717615d4d	2026-07-24T22:32:17Z	4239182	ef98a98b88a05b0db83410568c44c0b74d0fab251163f54f2d41fd58d8228929	See official repository record	verified	metadata/file_manifest.tsv	Raw data not included in release candidate
TCGA-COAD	TCGA-COAD	STAR_gene_counts	53c767aa-2609-45c7-90ad-c0204f3c2b24.rna_seq.augmented_star_gene_counts.tsv	https://api.gdc.cancer.gov/data/e8c55bee-e33c-4d7c-b100-65e3413bea12	GDC_file_uuid:e8c55bee-e33c-4d7c-b100-65e3413bea12	2026-07-24T22:32:22Z	4232056	2a6ad000fb9be0344284b324242e777d6c5faac4fa51a3bcbd5ab9c8dd645968	See official repository record	verified	metadata/file_manifest.tsv	Raw data not included in release candidate
TCGA-COAD	TCGA-COAD	STAR_gene_counts	544499d8-b5a8-4ed8-ae99-6f7a504530e7.rna_seq.augmented_star_gene_counts.tsv	https://api.gdc.cancer.gov/data/7f04a807-65ac-4a97-a367-363334a28170	GDC_file_uuid:7f04a807-65ac-4a97-a367-363334a28170	2026-07-24T22:32:26Z	4227031	01f6e1c42af8f5452498b11bf88fda630ce247757cc4d9c0bc3bef649d4a80fc	See official repository record	verified	metadata/file_manifest.tsv	Raw data not included in release candidate
TCGA-COAD	TCGA-COAD	STAR_gene_counts	544dbca2-f436-4cb7-9e11-572ead91d28d.rna_seq.augmented_star_gene_counts.tsv	https://api.gdc.cancer.gov/data/c9d2b1f4-93fc-4841-8575-4ba9aa0b1ed2	GDC_file_uuid:c9d2b1f4-93fc-4841-8575-4ba9aa0b1ed2	2026-07-24T22:32:30Z	4243992	7a44920630f1c464e5854f5007e2455e03eea3f6398f7d4737f327ce50d12b87	See official repository record	verified	metadata/file_manifest.tsv	Raw data not included in release candidate
TCGA-COAD	TCGA-COAD	STAR_gene_counts	549d8df6-cdec-42fa-9951-ffd98ecee10f.rna_seq.augmented_star_gene_counts.tsv	https://api.gdc.cancer.gov/data/87a262f1-f67f-4c26-ad37-9f8b7b72fc97	GDC_file_uuid:87a262f1-f67f-4c26-ad37-9f8b7b72fc97	2026-07-24T22:32:34Z	4235491	2fa26ff6bd390937822195f4b20b8493cd054ad86bebe62345c78005273aed15	See official repository record	verified	metadata/file_manifest.tsv	Raw data not included in release candidate
TCGA-COAD	TCGA-COAD	STAR_gene_counts	568a845e-d8a0-47b5-af77-896831524b16.rna_seq.augmented_star_gene_counts.tsv	https://api.gdc.cancer.gov/data/b7361545-c3a4-4208-aaed-72e4e5282d2f	GDC_file_uuid:b7361545-c3a4-4208-aaed-72e4e5282d2f	2026-07-24T22:32:38Z	4223185	487709a1789f83402bc207415d8fd5a6a615735ff39dd0c6e201726d907e4e5a	See official repository record	verified	metadata/file_manifest.tsv	Raw data not included in release candidate
TCGA-COAD	TCGA-COAD	STAR_gene_counts	56c90a71-00af-4e8a-a75d-01a39d44d1f3.rna_seq.augmented_star_gene_counts.tsv	https://api.gdc.cancer.gov/data/11fb2ab9-4116-4cea-95f9-0c0ca111cc2f	GDC_file_uuid:11fb2ab9-4116-4cea-95f9-0c0ca111cc2f	2026-07-24T22:32:43Z	4202978	aef32bd35992330539ddcb1ccc8fd621aae695fe9087206cf51173a4875a1ebb	See official repository record	verified	metadata/file_manifest.tsv	Raw data not included in release candidate
TCGA-COAD	TCGA-COAD	STAR_gene_counts	572c3cf7-a0df-40d2-bc64-3fde805c72a7.rna_seq.augmented_star_gene_counts.tsv	https://api.gdc.cancer.gov/data/d0b39c4a-a06f-4c52-84b4-3c6483651685	GDC_file_uuid:d0b39c4a-a06f-4c52-84b4-3c6483651685	2026-07-24T22:32:47Z	4240257	dd4787299f5978e26ed4cd556a888e251caff3f71b0d659d39802edf7c1f3234	See official repository record	verified	metadata/file_manifest.tsv	Raw data not included in release candidate
TCGA-COAD	TCGA-COAD	STAR_gene_counts	576325e7-0f30-406c-9147-80e3edcf8b57.rna_seq.augmented_star_gene_counts.tsv	https://api.gdc.cancer.gov/data/57c425f6-9625-407e-93b8-1d03858fd1f6	GDC_file_uuid:57c425f6-9625-407e-93b8-1d03858fd1f6	2026-07-24T22:32:51Z	4215375	4d3f789d61b7f8b68da862fd5b044342de107c22ab3d4b8e8fc7bc028bd26f06	See official repository record	verified	metadata/file_manifest.tsv	Raw data not included in release candidate
TCGA-COAD	TCGA-COAD	STAR_gene_counts	57c4a274-647d-4499-a8f8-a79e446ab4a7.rna_seq.augmented_star_gene_counts.tsv	https://api.gdc.cancer.gov/data/928ab9a3-b688-4003-92eb-57280506fa65	GDC_file_uuid:928ab9a3-b688-4003-92eb-57280506fa65	2026-07-24T22:32:55Z	4237357	581b68cb0852f2e854100f1952c4012dbdb097acc4c28519b0279114d7bab2a1	See official repository record	verified	metadata/file_manifest.tsv	Raw data not included in release candidate
TCGA-COAD	TCGA-COAD	STAR_gene_counts	58369b53-786a-49fb-879c-8395f94bf125.rna_seq.augmented_star_gene_counts.tsv	https://api.gdc.cancer.gov/data/8820d985-4eaf-4915-b2ca-125e027626aa	GDC_file_uuid:8820d985-4eaf-4915-b2ca-125e027626aa	2026-07-24T22:33:00Z	4210387	c442589082e6ceda690ecadd0b89653e216c2036ded7838a25b02a3b68339c7f	See official repository record	verified	metadata/file_manifest.tsv	Raw data not included in release candidate
TCGA-COAD	TCGA-COAD	STAR_gene_counts	58c2404d-b213-4a7f-a8fc-11081a88091b.rna_seq.augmented_star_gene_counts.tsv	https://api.gdc.cancer.gov/data/9ef88bb5-07dd-43ce-9bc2-d5fe1167b972	GDC_file_uuid:9ef88bb5-07dd-43ce-9bc2-d5fe1167b972	2026-07-24T22:33:04Z	4239221	a673f1f9ef81e8911fb8788c2191a418a283d7a905ddf9feaa8b7106dde33039	See official repository record	verified	metadata/file_manifest.tsv	Raw data not included in release candidate
TCGA-COAD	TCGA-COAD	STAR_gene_counts	5901ebff-017f-4d0d-be85-dbe959815548.rna_seq.augmented_star_gene_counts.tsv	https://api.gdc.cancer.gov/data/a699ac84-2b1c-4cea-99f2-62d8873b4940	GDC_file_uuid:a699ac84-2b1c-4cea-99f2-62d8873b4940	2026-07-24T22:33:08Z	4222467	059c7c258c77d9ecf8e8deac8f886cf3c2237aecad309f0cfe15ac87be17034d	See official repository record	verified	metadata/file_manifest.tsv	Raw data not included in release candidate
TCGA-COAD	TCGA-COAD	STAR_gene_counts	590d46bc-3db8-4e22-8550-b3e4ba0affba.rna_seq.augmented_star_gene_counts.tsv	https://api.gdc.cancer.gov/data/de842417-f80c-4b0a-b34e-ef3fad9cd301	GDC_file_uuid:de842417-f80c-4b0a-b34e-ef3fad9cd301	2026-07-24T22:33:15Z	4238709	82cf5ab3e6e48434b14f105296b807fee2e64c9fcf42c7fe220eb6a304de816a	See official repository record	verified	metadata/file_manifest.tsv	Raw data not included in release candidate
TCGA-COAD	TCGA-COAD	STAR_gene_counts	5943bf89-bad2-4461-8d80-7f9481810257.rna_seq.augmented_star_gene_counts.tsv	https://api.gdc.cancer.gov/data/47b78d42-09f6-4191-a62f-8671c69f29a7	GDC_file_uuid:47b78d42-09f6-4191-a62f-8671c69f29a7	2026-07-24T22:33:19Z	4226824	d14aae660d5b81254c0ee709ce6fc63ed97e6435cdee1be71543a7adc72f54bb	See official repository record	verified	metadata/file_manifest.tsv	Raw data not included in release candidate
TCGA-COAD	TCGA-COAD	STAR_gene_counts	59f108c6-677f-4cf2-89fd-6bd15133dd6f.rna_seq.augmented_star_gene_counts.tsv	https://api.gdc.cancer.gov/data/2213ea96-985f-46e9-8f5b-b26f2cc0df71	GDC_file_uuid:2213ea96-985f-46e9-8f5b-b26f2cc0df71	2026-07-24T22:33:23Z	4236722	a9444037ad9369e34cfa73c3ac80c4bd683e4dcb2571c598b3ef3410f7a3eeae	See official repository record	verified	metadata/file_manifest.tsv	Raw data not included in release candidate
TCGA-COAD	TCGA-COAD	STAR_gene_counts	5a575c2e-b083-4897-87e5-4d2e823bf73f.rna_seq.augmented_star_gene_counts.tsv	https://api.gdc.cancer.gov/data/a2a4b9b5-7d9e-41fa-8d59-6447d62134ea	GDC_file_uuid:a2a4b9b5-7d9e-41fa-8d59-6447d62134ea	2026-07-24T22:33:27Z	4244744	1144640343655aa1002cf519db9c07c4e231e58e1d89242a08ac8ac49e2487a1	See official repository record	verified	metadata/file_manifest.tsv	Raw data not included in release candidate
TCGA-COAD	TCGA-COAD	STAR_gene_counts	5ab068b1-411a-4083-a1ab-3ca7569a54a0.rna_seq.augmented_star_gene_counts.tsv	https://api.gdc.cancer.gov/data/5c5b5e90-ee6b-42ba-9918-246db0be7756	GDC_file_uuid:5c5b5e90-ee6b-42ba-9918-246db0be7756	2026-07-24T22:33:31Z	4233401	baefc3e8edba60e6313678f4e3f230702bd1d03774fbb423b5253a1c42fa9794	See official repository record	verified	metadata/file_manifest.tsv	Raw data not included in release candidate
TCGA-COAD	TCGA-COAD	STAR_gene_counts	5abd486a-6aed-4dcf-a2a2-2537af6cdd9c.rna_seq.augmented_star_gene_counts.tsv	https://api.gdc.cancer.gov/data/3e43db02-7668-4a5e-8ffd-7df2ce478ffc	GDC_file_uuid:3e43db02-7668-4a5e-8ffd-7df2ce478ffc	2026-07-24T22:33:35Z	4228838	f0d5bec131f9b2f48613d1ca948269ed19b484a9b33a18955c948ccdd6b52d18	See official repository record	verified	metadata/file_manifest.tsv	Raw data not included in release candidate
TCGA-COAD	TCGA-COAD	STAR_gene_counts	5af57d46-5acb-424a-9675-ee3dd20db062.rna_seq.augmented_star_gene_counts.tsv	https://api.gdc.cancer.gov/data/a6307b70-2831-447d-ae24-b0454ef867e9	GDC_file_uuid:a6307b70-2831-447d-ae24-b0454ef867e9	2026-07-24T22:33:40Z	4240521	8d0377da598807d35e91090ecd8e81eed9ad9cebeec11fbdd5806c4cb1d70e93	See official repository record	verified	metadata/file_manifest.tsv	Raw data not included in release candidate
TCGA-COAD	TCGA-COAD	STAR_gene_counts	5af838ac-ab79-41c0-81fb-168cf9b1cf50.rna_seq.augmented_star_gene_counts.tsv	https://api.gdc.cancer.gov/data/1b94d854-680a-4ed8-8892-99cdcf3f794f	GDC_file_uuid:1b94d854-680a-4ed8-8892-99cdcf3f794f	2026-07-24T22:33:44Z	4244437	2f4a4850253a5c8f5c66dcd57eff0395712741d07d4a534a04ed019eebabbdd8	See official repository record	verified	metadata/file_manifest.tsv	Raw data not included in release candidate
TCGA-COAD	TCGA-COAD	STAR_gene_counts	5b217223-8b43-47b6-a694-c808b643c3c3.rna_seq.augmented_star_gene_counts.tsv	https://api.gdc.cancer.gov/data/699928b7-738d-44a8-bbcf-a8e58c34112f	GDC_file_uuid:699928b7-738d-44a8-bbcf-a8e58c34112f	2026-07-24T22:33:48Z	4202763	308ed0a9c4e137317c48567d7a3c7a6e4f3418c6dc65d2a3bc747bb28567a2e3	See official repository record	verified	metadata/file_manifest.tsv	Raw data not included in release candidate
TCGA-COAD	TCGA-COAD	STAR_gene_counts	5b4ff52b-e660-4640-98e2-b7ab76ca4474.rna_seq.augmented_star_gene_counts.tsv	https://api.gdc.cancer.gov/data/03fc84ec-ac67-4fdd-a7ce-f677cf8b82e6	GDC_file_uuid:03fc84ec-ac67-4fdd-a7ce-f677cf8b82e6	2026-07-24T22:33:52Z	4237700	4c4a29817c1e43ee1e2a29148e256e5485481517998a312161048737ef8b7fdd	See official repository record	verified	metadata/file_manifest.tsv	Raw data not included in release candidate
TCGA-COAD	TCGA-COAD	STAR_gene_counts	5ba3bbfe-f08c-437f-87d3-351b772ced02.rna_seq.augmented_star_gene_counts.tsv	https://api.gdc.cancer.gov/data/c24b2096-358b-417f-9c1f-23c3a51c3bf9	GDC_file_uuid:c24b2096-358b-417f-9c1f-23c3a51c3bf9	2026-07-24T22:33:56Z	4213402	f6c1e3827555d412f7e10dcfd638eeb4a3b249e421a94cf2ff0c98a0177b579a	See official repository record	verified	metadata/file_manifest.tsv	Raw data not included in release candidate
TCGA-COAD	TCGA-COAD	STAR_gene_counts	5c3c4b79-0682-4f19-96aa-071316a354d4.rna_seq.augmented_star_gene_counts.tsv	https://api.gdc.cancer.gov/data/0194feb1-d8be-45e5-9b95-0596090e9ecc	GDC_file_uuid:0194feb1-d8be-45e5-9b95-0596090e9ecc	2026-07-24T22:34:00Z	4202137	a9abcaffd356aab827e6eb5614a914fd191e90e5c466227ac9769a5fdb147097	See official repository record	verified	metadata/file_manifest.tsv	Raw data not included in release candidate
TCGA-COAD	TCGA-COAD	STAR_gene_counts	5c61f3fb-d3c5-4628-89a8-94bd513e8fa4.rna_seq.augmented_star_gene_counts.tsv	https://api.gdc.cancer.gov/data/d929abca-261d-4bab-bf64-ddf1bbcdb78d	GDC_file_uuid:d929abca-261d-4bab-bf64-ddf1bbcdb78d	2026-07-24T22:34:04Z	4207730	4ddcca98940eebcd8777ce621964e68a3642ed0414c7e2a304f460cbd7cae43f	See official repository record	verified	metadata/file_manifest.tsv	Raw data not included in release candidate
TCGA-COAD	TCGA-COAD	STAR_gene_counts	5ca9ac39-e175-4890-ba6e-9ff4709d3f37.rna_seq.augmented_star_gene_counts.tsv	https://api.gdc.cancer.gov/data/65b264eb-820a-49d1-b02f-00d1171b1544	GDC_file_uuid:65b264eb-820a-49d1-b02f-00d1171b1544	2026-07-24T22:34:08Z	4228367	d4ba2d23a78bee7d63869453140ad487223ce246b53875f3c2a1c8fd60843aff	See official repository record	verified	metadata/file_manifest.tsv	Raw data not included in release candidate
TCGA-COAD	TCGA-COAD	STAR_gene_counts	5d0f5302-506d-4498-b769-d733a3652ef0.rna_seq.augmented_star_gene_counts.tsv	https://api.gdc.cancer.gov/data/6f059998-71e2-40ff-a0c0-8af31012fe7f	GDC_file_uuid:6f059998-71e2-40ff-a0c0-8af31012fe7f	2026-07-24T22:34:12Z	4206450	53bc4e271e14810528d9d14f8ce2ecd8ae63b0b3e0e565ab0bc614eef84b1760	See official repository record	verified	metadata/file_manifest.tsv	Raw data not included in release candidate
TCGA-COAD	TCGA-COAD	STAR_gene_counts	5d396a37-9b3d-4255-a3bd-f4a7c9480aee.rna_seq.augmented_star_gene_counts.tsv	https://api.gdc.cancer.gov/data/45ba0a79-66ad-4fae-9212-086fc4b5c0be	GDC_file_uuid:45ba0a79-66ad-4fae-9212-086fc4b5c0be	2026-07-24T22:34:20Z	4224000	037971c6ee74785df2558556b1771ddaa5987fac232f87cc827fd6de044b46af	See official repository record	verified	metadata/file_manifest.tsv	Raw data not included in release candidate
TCGA-COAD	TCGA-COAD	STAR_gene_counts	5ea84fac-788c-458f-b820-b80224a4dbc2.rna_seq.augmented_star_gene_counts.tsv	https://api.gdc.cancer.gov/data/9013a680-e9d6-42b2-bdeb-4e88b7006e4d	GDC_file_uuid:9013a680-e9d6-42b2-bdeb-4e88b7006e4d	2026-07-24T22:34:24Z	4243668	cf82ba0e79b15341e9419a715bd39bfbbc62369034d10bb3ba1134db89d0a076	See official repository record	verified	metadata/file_manifest.tsv	Raw data not included in release candidate
TCGA-COAD	TCGA-COAD	STAR_gene_counts	5fb88e40-263c-4b86-b088-da38f046771a.rna_seq.augmented_star_gene_counts.tsv	https://api.gdc.cancer.gov/data/1c48056a-d2b8-4365-b750-485b9e9a7b6c	GDC_file_uuid:1c48056a-d2b8-4365-b750-485b9e9a7b6c	2026-07-24T22:34:29Z	4225654	1ef5ea2bec1ad0e8d650854700a73d4f36d3f348cb17ff86b1aecfc8bc508c6c	See official repository record	verified	metadata/file_manifest.tsv	Raw data not included in release candidate
TCGA-COAD	TCGA-COAD	STAR_gene_counts	5ffcc7c5-661f-4eed-b5e6-ed158c668321.rna_seq.augmented_star_gene_counts.tsv	https://api.gdc.cancer.gov/data/7672438d-3825-4b67-90fa-68364b42360c	GDC_file_uuid:7672438d-3825-4b67-90fa-68364b42360c	2026-07-24T22:34:33Z	4203767	7cc245b7b3566d6ec59a131f671bf786da04242e7836dc55bd5d86148448087a	See official repository record	verified	metadata/file_manifest.tsv	Raw data not included in release candidate
TCGA-COAD	TCGA-COAD	STAR_gene_counts	608d8ca8-8eeb-40a1-a95b-57eefcabbdab.rna_seq.augmented_star_gene_counts.tsv	https://api.gdc.cancer.gov/data/b95db8b9-7ca6-481d-9912-f8d83f542560	GDC_file_uuid:b95db8b9-7ca6-481d-9912-f8d83f542560	2026-07-24T22:34:37Z	4215780	b870c3c2b4c223af5eb5c828d6ad5245de1fc2c7fdff418215b5429bbfce7661	See official repository record	verified	metadata/file_manifest.tsv	Raw data not included in release candidate
TCGA-COAD	TCGA-COAD	STAR_gene_counts	60bc0507-0349-4154-9db4-8d93b3e8bdf5.rna_seq.augmented_star_gene_counts.tsv	https://api.gdc.cancer.gov/data/18fe6d09-5377-4c7e-a360-ca65b575444c	GDC_file_uuid:18fe6d09-5377-4c7e-a360-ca65b575444c	2026-07-24T22:34:41Z	4234630	e1da40abf109f1dc1356703ec3790bc054bc4634431fc8b18d61916cfe074e40	See official repository record	verified	metadata/file_manifest.tsv	Raw data not included in release candidate
TCGA-COAD	TCGA-COAD	STAR_gene_counts	62454053-936d-4f19-8522-6219c47bdd1c.rna_seq.augmented_star_gene_counts.tsv	https://api.gdc.cancer.gov/data/82ab3359-565c-4360-ac4c-b02a7aec600e	GDC_file_uuid:82ab3359-565c-4360-ac4c-b02a7aec600e	2026-07-24T22:34:45Z	4238083	eca6e6fa7ecd69092cae88c4c4dc77b8e36fdac6498c832eeb3d18e4eb922f3b	See official repository record	verified	metadata/file_manifest.tsv	Raw data not included in release candidate
TCGA-COAD	TCGA-COAD	STAR_gene_counts	62a2cbf8-51be-469b-978c-bdf386e0d651.rna_seq.augmented_star_gene_counts.tsv	https://api.gdc.cancer.gov/data/74fdc082-daf5-4254-99a4-56974d59e457	GDC_file_uuid:74fdc082-daf5-4254-99a4-56974d59e457	2026-07-24T22:34:49Z	4187509	ac1db85d3a7975884185061d1af7a456538ccd5f9aee25096df2c9bf11c0c7db	See official repository record	verified	metadata/file_manifest.tsv	Raw data not included in release candidate
TCGA-COAD	TCGA-COAD	STAR_gene_counts	632ac2fc-e387-461f-97e2-bc72b1c9ffe4.rna_seq.augmented_star_gene_counts.tsv	https://api.gdc.cancer.gov/data/806a4d03-fc17-4f66-9a1f-712b56695fff	GDC_file_uuid:806a4d03-fc17-4f66-9a1f-712b56695fff	2026-07-24T22:34:53Z	4228922	80afeaebeb535c20dbe504b4ec2dcb09e3fcafb73ba9019f448fb51b9e250272	See official repository record	verified	metadata/file_manifest.tsv	Raw data not included in release candidate
TCGA-COAD	TCGA-COAD	STAR_gene_counts	63bab58e-1dfd-43df-8188-4b8d766913f3.rna_seq.augmented_star_gene_counts.tsv	https://api.gdc.cancer.gov/data/56b924c9-299d-41a1-b3fb-38586051a26e	GDC_file_uuid:56b924c9-299d-41a1-b3fb-38586051a26e	2026-07-24T22:34:57Z	4242335	cd755fd817132823e3aa302267405e86036c03c20a02827193d5c1ead77308db	See official repository record	verified	metadata/file_manifest.tsv	Raw data not included in release candidate
TCGA-COAD	TCGA-COAD	STAR_gene_counts	640b257c-bbc3-4483-a7b5-191bb7ef5421.rna_seq.augmented_star_gene_counts.tsv	https://api.gdc.cancer.gov/data/0a41ee42-3997-4fde-8928-c005b34bc0d9	GDC_file_uuid:0a41ee42-3997-4fde-8928-c005b34bc0d9	2026-07-24T22:35:01Z	4251760	b5c7f16b376843fdfeac26805da17aa8c45ec94d51a57f0687e081ed9eb2c49f	See official repository record	verified	metadata/file_manifest.tsv	Raw data not included in release candidate
TCGA-COAD	TCGA-COAD	STAR_gene_counts	643bb711-7302-4ba7-bd39-cb0e4d9c2377.rna_seq.augmented_star_gene_counts.tsv	https://api.gdc.cancer.gov/data/b0cdf7e1-d464-4016-a8f8-b52a2a2a59bd	GDC_file_uuid:b0cdf7e1-d464-4016-a8f8-b52a2a2a59bd	2026-07-24T22:35:05Z	4172973	21c70db5af4f31891b63d75b22b86d6f28435e7b2e798ca8778a9801bcedcbaf	See official repository record	verified	metadata/file_manifest.tsv	Raw data not included in release candidate
TCGA-COAD	TCGA-COAD	STAR_gene_counts	64935b9c-623d-40d4-bd89-f2af006b1f92.rna_seq.augmented_star_gene_counts.tsv	https://api.gdc.cancer.gov/data/61fdee26-e30a-4f49-a7f0-d5ceb7c28fd0	GDC_file_uuid:61fdee26-e30a-4f49-a7f0-d5ceb7c28fd0	2026-07-24T22:35:09Z	4224915	3bd6f01cfa2d824179ac01b2cc3caba87e9c8c9b278e1576a5d92f1c47467967	See official repository record	verified	metadata/file_manifest.tsv	Raw data not included in release candidate
TCGA-COAD	TCGA-COAD	STAR_gene_counts	64a608f6-9848-4c97-820d-d87f9ee04a7b.rna_seq.augmented_star_gene_counts.tsv	https://api.gdc.cancer.gov/data/3f96e15a-56f8-4546-95c4-f640c6629195	GDC_file_uuid:3f96e15a-56f8-4546-95c4-f640c6629195	2026-07-24T22:35:14Z	4213493	97d298fe9b78153f0a842c5ba6a7b4b94636af5e250a60411152f3cff52b7b12	See official repository record	verified	metadata/file_manifest.tsv	Raw data not included in release candidate
TCGA-COAD	TCGA-COAD	STAR_gene_counts	65fc5187-8157-4af4-b4a5-6f6c2eca70ca.rna_seq.augmented_star_gene_counts.tsv	https://api.gdc.cancer.gov/data/f1f6c248-708f-4d69-909a-ba75eec1c752	GDC_file_uuid:f1f6c248-708f-4d69-909a-ba75eec1c752	2026-07-24T22:35:18Z	4223081	be4bebc95cc92343ec80635a78a5f8921758c901aba1e115554354d5be4f1fee	See official repository record	verified	metadata/file_manifest.tsv	Raw data not included in release candidate
TCGA-COAD	TCGA-COAD	STAR_gene_counts	6649e671-1660-4d4d-8f1e-bb697486b439.rna_seq.augmented_star_gene_counts.tsv	https://api.gdc.cancer.gov/data/059526c3-7cb1-4bdf-ac9a-0b887014b5fa	GDC_file_uuid:059526c3-7cb1-4bdf-ac9a-0b887014b5fa	2026-07-24T22:35:22Z	4228673	0e6979bb89e86f63ae18ff174355cdbc6531a1b0536971a80b8b9399db73a58e	See official repository record	verified	metadata/file_manifest.tsv	Raw data not included in release candidate
TCGA-COAD	TCGA-COAD	STAR_gene_counts	66b4502b-d393-4664-a317-430ec1ad4b3b.rna_seq.augmented_star_gene_counts.tsv	https://api.gdc.cancer.gov/data/6eb94cf0-fb12-4ecc-bf89-ff4c93e1c48e	GDC_file_uuid:6eb94cf0-fb12-4ecc-bf89-ff4c93e1c48e	2026-07-24T22:35:26Z	4186430	2a9fbc698b44b23614a587c8fe0a63543f5ff4f39dc1fa2abda4834e6adc16b0	See official repository record	verified	metadata/file_manifest.tsv	Raw data not included in release candidate
TCGA-COAD	TCGA-COAD	STAR_gene_counts	66e5440a-6b08-43cc-b007-82ac3f5221d1.rna_seq.augmented_star_gene_counts.tsv	https://api.gdc.cancer.gov/data/ea26486f-efa5-427f-ba0c-e1868773dcb6	GDC_file_uuid:ea26486f-efa5-427f-ba0c-e1868773dcb6	2026-07-24T22:35:30Z	4238897	5a58c243cb633b21191b7bed01df25add2e910636aca4b9db97a009ba0fab4d1	See official repository record	verified	metadata/file_manifest.tsv	Raw data not included in release candidate
TCGA-COAD	TCGA-COAD	STAR_gene_counts	670152b4-944c-4d41-a9ce-c6c8ad616de0.rna_seq.augmented_star_gene_counts.tsv	https://api.gdc.cancer.gov/data/e3526436-feca-4475-95d2-cdb1f861dac9	GDC_file_uuid:e3526436-feca-4475-95d2-cdb1f861dac9	2026-07-24T22:35:34Z	4213187	0f6ddab34018fc845d0a43453394b1e2137811d78b2ebd3d33d23fec964beff1	See official repository record	verified	metadata/file_manifest.tsv	Raw data not included in release candidate
TCGA-COAD	TCGA-COAD	STAR_gene_counts	67da6843-b0fe-4ff9-8cef-a66e606c8f54.rna_seq.augmented_star_gene_counts.tsv	https://api.gdc.cancer.gov/data/39ae58b5-3623-4b68-b615-c4ba9e0996af	GDC_file_uuid:39ae58b5-3623-4b68-b615-c4ba9e0996af	2026-07-24T22:35:38Z	4222495	98fb562b4a4b2f60583066181af042d525feb8c338242c97699f2fb88b8375e5	See official repository record	verified	metadata/file_manifest.tsv	Raw data not included in release candidate
TCGA-COAD	TCGA-COAD	STAR_gene_counts	680dcf75-8d74-45ca-b1d6-0ef7310e6473.rna_seq.augmented_star_gene_counts.tsv	https://api.gdc.cancer.gov/data/0cb4425b-6b54-44ef-8594-f91b3b13d403	GDC_file_uuid:0cb4425b-6b54-44ef-8594-f91b3b13d403	2026-07-24T22:35:43Z	4253310	00c53d18bef816adb9d978baa805e98e4890c61f4666185166c440c37228652d	See official repository record	verified	metadata/file_manifest.tsv	Raw data not included in release candidate
TCGA-COAD	TCGA-COAD	STAR_gene_counts	68fda9a5-c6eb-4445-91f7-bd0078080b9d.rna_seq.augmented_star_gene_counts.tsv	https://api.gdc.cancer.gov/data/25c967af-093f-4668-a60a-d852c22c1bce	GDC_file_uuid:25c967af-093f-4668-a60a-d852c22c1bce	2026-07-24T22:35:47Z	4227559	35118e741aedcbd901e286d7fa19c1e8b76334aafdf879457da293b868d8c6cf	See official repository record	verified	metadata/file_manifest.tsv	Raw data not included in release candidate
TCGA-COAD	TCGA-COAD	STAR_gene_counts	690d4959-780e-4783-8a90-268159abefb1.rna_seq.augmented_star_gene_counts.tsv	https://api.gdc.cancer.gov/data/025bf99d-1e89-43f3-b0b7-8dfe5d43e192	GDC_file_uuid:025bf99d-1e89-43f3-b0b7-8dfe5d43e192	2026-07-24T22:35:51Z	4233560	4f2e23e1f2145d0f4a811f770babb68b1721afcc48fb0cfe580f6169d7ab8849	See official repository record	verified	metadata/file_manifest.tsv	Raw data not included in release candidate
TCGA-COAD	TCGA-COAD	STAR_gene_counts	69201842-6398-4509-b227-fca5bc12b08d.rna_seq.augmented_star_gene_counts.tsv	https://api.gdc.cancer.gov/data/bfd11b30-5f99-448c-8901-02ebb96cec5d	GDC_file_uuid:bfd11b30-5f99-448c-8901-02ebb96cec5d	2026-07-24T22:35:56Z	4237136	22da2ad6078bef4a6d05ba0a3e2021e9872c120b04b55bb6df31e24ba91b96cf	See official repository record	verified	metadata/file_manifest.tsv	Raw data not included in release candidate
TCGA-COAD	TCGA-COAD	STAR_gene_counts	6946201b-e3f8-48e8-8614-28f2c2db5b65.rna_seq.augmented_star_gene_counts.tsv	https://api.gdc.cancer.gov/data/b553a433-8cad-4eef-9110-574433755319	GDC_file_uuid:b553a433-8cad-4eef-9110-574433755319	2026-07-24T22:36:00Z	4209630	79b5e3834b3543fe4057d9971d1f181ede1d40c5473177959e2074a8b5bc45ce	See official repository record	verified	metadata/file_manifest.tsv	Raw data not included in release candidate
TCGA-COAD	TCGA-COAD	STAR_gene_counts	69550f7f-5251-4657-863b-bd35d69c82c4.rna_seq.augmented_star_gene_counts.tsv	https://api.gdc.cancer.gov/data/ed0ffe0c-0094-41b3-86aa-20492e0d0157	GDC_file_uuid:ed0ffe0c-0094-41b3-86aa-20492e0d0157	2026-07-24T22:36:04Z	4215532	2aa6a70fdfa87d457d5a34f1ee4435b66ba003449a0754cd85b6b3f97a418cb2	See official repository record	verified	metadata/file_manifest.tsv	Raw data not included in release candidate
TCGA-COAD	TCGA-COAD	STAR_gene_counts	695836ff-c54b-47bf-8a29-5224811afa7e.rna_seq.augmented_star_gene_counts.tsv	https://api.gdc.cancer.gov/data/6e0857d0-5a52-4d0a-9d4b-af9d2e5c4e77	GDC_file_uuid:6e0857d0-5a52-4d0a-9d4b-af9d2e5c4e77	2026-07-24T22:36:08Z	4234029	07c6d4e9e7977810cf9691ec48e319f69d2c5726b7da5ddb1c95387a2fffdddf	See official repository record	verified	metadata/file_manifest.tsv	Raw data not included in release candidate
TCGA-COAD	TCGA-COAD	STAR_gene_counts	69842b4c-448a-4275-8250-7b31948c56ec.rna_seq.augmented_star_gene_counts.tsv	https://api.gdc.cancer.gov/data/42cd4100-63f7-4b36-a996-f7a6f69e6b57	GDC_file_uuid:42cd4100-63f7-4b36-a996-f7a6f69e6b57	2026-07-24T22:36:12Z	4240337	1a053f1fdd4cf6eba5097e0b1fc77cae8470af0a4893477bc0c2436718ee6743	See official repository record	verified	metadata/file_manifest.tsv	Raw data not included in release candidate
TCGA-COAD	TCGA-COAD	STAR_gene_counts	6a7c5b76-1910-4698-a3b7-3ddf78d6fd87.rna_seq.augmented_star_gene_counts.tsv	https://api.gdc.cancer.gov/data/b372b1ae-2345-4243-8bcd-47388289559f	GDC_file_uuid:b372b1ae-2345-4243-8bcd-47388289559f	2026-07-24T22:36:16Z	4237259	b63865b2fec168be29893f342c1a525f702e821ae52df85f6c666b369e15f7b2	See official repository record	verified	metadata/file_manifest.tsv	Raw data not included in release candidate
TCGA-COAD	TCGA-COAD	STAR_gene_counts	6a8cad2e-350a-4c0b-9680-41d83ef1eb5d.rna_seq.augmented_star_gene_counts.tsv	https://api.gdc.cancer.gov/data/1ab15a98-a3ed-497c-9252-a6589dec4260	GDC_file_uuid:1ab15a98-a3ed-497c-9252-a6589dec4260	2026-07-24T22:36:20Z	4223809	6b521e0f85d433c47cad5e0292f49639fa5af5024ff75fd45bf4b353584f3a4f	See official repository record	verified	metadata/file_manifest.tsv	Raw data not included in release candidate
TCGA-COAD	TCGA-COAD	STAR_gene_counts	6a9afc26-1b35-4752-b6c8-cb0bb595e012.rna_seq.augmented_star_gene_counts.tsv	https://api.gdc.cancer.gov/data/932db5dc-d38c-478c-8f8f-13b33282920a	GDC_file_uuid:932db5dc-d38c-478c-8f8f-13b33282920a	2026-07-24T22:36:25Z	4225526	eba760d33e9484552bc25134f7810bd1f43d9447cefd8a32a69df32a7c1bb8ca	See official repository record	verified	metadata/file_manifest.tsv	Raw data not included in release candidate
TCGA-COAD	TCGA-COAD	STAR_gene_counts	6b32f047-89ca-40e7-950f-a03493ea90c7.rna_seq.augmented_star_gene_counts.tsv	https://api.gdc.cancer.gov/data/1a37238a-6b18-4585-bde9-c641043328b1	GDC_file_uuid:1a37238a-6b18-4585-bde9-c641043328b1	2026-07-24T22:36:29Z	4238411	92b29573fc80d7edae0b3a5a94cd7e7fcb80ced7ee50150c03ead6e368cb0d68	See official repository record	verified	metadata/file_manifest.tsv	Raw data not included in release candidate
TCGA-COAD	TCGA-COAD	STAR_gene_counts	6b548699-9440-4acc-86b6-faeb367454a2.rna_seq.augmented_star_gene_counts.tsv	https://api.gdc.cancer.gov/data/a906629e-77fa-4444-b275-b7ae6074ecec	GDC_file_uuid:a906629e-77fa-4444-b275-b7ae6074ecec	2026-07-24T22:36:33Z	4225528	817213a2fc46b4a024efd361c70949180f3cf4bb8ddff1059156b61feef756b6	See official repository record	verified	metadata/file_manifest.tsv	Raw data not included in release candidate
TCGA-COAD	TCGA-COAD	STAR_gene_counts	6bc70f5c-fdba-4bef-865a-793b7782a107.rna_seq.augmented_star_gene_counts.tsv	https://api.gdc.cancer.gov/data/97dbbc5d-67e7-43a0-bc8f-d3425e0f3ce4	GDC_file_uuid:97dbbc5d-67e7-43a0-bc8f-d3425e0f3ce4	2026-07-24T22:36:37Z	4206565	de8d52abeaf892e8c7a2d91be967a916d9f8355d831b7e62ab6ecebf7b9735af	See official repository record	verified	metadata/file_manifest.tsv	Raw data not included in release candidate
TCGA-COAD	TCGA-COAD	STAR_gene_counts	6c0e101a-5eeb-46c7-9143-e78dc144d503.rna_seq.augmented_star_gene_counts.tsv	https://api.gdc.cancer.gov/data/d73fc90a-5ebf-4b72-ad87-c13c7e5b8bb7	GDC_file_uuid:d73fc90a-5ebf-4b72-ad87-c13c7e5b8bb7	2026-07-24T22:36:42Z	4220249	8b83360756c654caa0381bbaccded90f28cbacc13b9e3df255f2d78540a40757	See official repository record	verified	metadata/file_manifest.tsv	Raw data not included in release candidate
TCGA-COAD	TCGA-COAD	STAR_gene_counts	6c7a6119-e82e-4fc1-b3ce-cc3c62ce7f7e.rna_seq.augmented_star_gene_counts.tsv	https://api.gdc.cancer.gov/data/bb6cdb4c-198d-4908-a2cc-c1e760083aa8	GDC_file_uuid:bb6cdb4c-198d-4908-a2cc-c1e760083aa8	2026-07-24T22:36:46Z	4241863	4df122b5f817a82c6b14dac076a923c4922c32491f6fe3f8d2dd60add51383a2	See official repository record	verified	metadata/file_manifest.tsv	Raw data not included in release candidate
TCGA-COAD	TCGA-COAD	STAR_gene_counts	6c87ca2e-fabe-4016-994d-83e8a8b70018.rna_seq.augmented_star_gene_counts.tsv	https://api.gdc.cancer.gov/data/03dfd378-4df6-48b6-a160-60d6d9f11533	GDC_file_uuid:03dfd378-4df6-48b6-a160-60d6d9f11533	2026-07-24T22:36:51Z	4204339	265a874ff54702feb18920e8a43c288a8064d025b2e6b385a6a63eddcb9ae6f9	See official repository record	verified	metadata/file_manifest.tsv	Raw data not included in release candidate
TCGA-COAD	TCGA-COAD	STAR_gene_counts	6d4df71e-cbf8-49e7-a511-8c8c1ea780e8.rna_seq.augmented_star_gene_counts.tsv	https://api.gdc.cancer.gov/data/951959ef-f8c3-4d93-b480-1dfac47aa64c	GDC_file_uuid:951959ef-f8c3-4d93-b480-1dfac47aa64c	2026-07-24T22:36:55Z	4236761	42e8852c7085e7d569433bf823d38fb106284ba23c48789f455af2ce77d9c34f	See official repository record	verified	metadata/file_manifest.tsv	Raw data not included in release candidate
TCGA-COAD	TCGA-COAD	STAR_gene_counts	6e0c14ea-3eb3-424a-bc12-fb127ac1a777.rna_seq.augmented_star_gene_counts.tsv	https://api.gdc.cancer.gov/data/f82830d3-3399-41a8-806e-974fb3255d67	GDC_file_uuid:f82830d3-3399-41a8-806e-974fb3255d67	2026-07-24T22:36:59Z	4211125	9dcdf73c3b970dcdecdba3f9ef916ac05b220c9cc73a8dc4b6c1d9924352d1b0	See official repository record	verified	metadata/file_manifest.tsv	Raw data not included in release candidate
TCGA-COAD	TCGA-COAD	STAR_gene_counts	6e52f36f-b65a-4b1a-ac9b-89f91a5eb92b.rna_seq.augmented_star_gene_counts.tsv	https://api.gdc.cancer.gov/data/055ffec2-1932-4a20-84b8-b841fc0054eb	GDC_file_uuid:055ffec2-1932-4a20-84b8-b841fc0054eb	2026-07-24T22:37:03Z	4216653	8bf064131ed78480a190763caa4bb17a34e93091a15bf660eab36664fe31a88e	See official repository record	verified	metadata/file_manifest.tsv	Raw data not included in release candidate
TCGA-COAD	TCGA-COAD	STAR_gene_counts	6e639239-cdae-4412-880f-ef813a956ff7.rna_seq.augmented_star_gene_counts.tsv	https://api.gdc.cancer.gov/data/f723420c-2ff1-4742-a4bb-8f525aaa43a7	GDC_file_uuid:f723420c-2ff1-4742-a4bb-8f525aaa43a7	2026-07-24T22:37:07Z	4238751	41fe603102385f13176f48b8316037a90c9f18796d0b3e5d338f537ced26b062	See official repository record	verified	metadata/file_manifest.tsv	Raw data not included in release candidate
TCGA-COAD	TCGA-COAD	STAR_gene_counts	6ed86bf9-3560-43c4-b8b2-960df62d059c.rna_seq.augmented_star_gene_counts.tsv	https://api.gdc.cancer.gov/data/721e02f7-d37e-430b-bd34-258b9c5442ef	GDC_file_uuid:721e02f7-d37e-430b-bd34-258b9c5442ef	2026-07-24T22:37:11Z	4213569	2b131633a65b428954db371d9273e67629cf290273f10ac01da1c939af619b53	See official repository record	verified	metadata/file_manifest.tsv	Raw data not included in release candidate
TCGA-COAD	TCGA-COAD	STAR_gene_counts	6f043250-acea-4315-8400-a172214c84c7.rna_seq.augmented_star_gene_counts.tsv	https://api.gdc.cancer.gov/data/df5f2430-dabe-4f19-bf81-379b46233ab4	GDC_file_uuid:df5f2430-dabe-4f19-bf81-379b46233ab4	2026-07-24T22:37:15Z	4211456	2de4f326d3c88c5dc4a2c9e343e0542e135133920bcf00429d1f4462731c87e2	See official repository record	verified	metadata/file_manifest.tsv	Raw data not included in release candidate
TCGA-COAD	TCGA-COAD	STAR_gene_counts	6fc313bd-bb4a-4358-9178-43641e6c0d68.rna_seq.augmented_star_gene_counts.tsv	https://api.gdc.cancer.gov/data/9b40ac83-028e-42bc-b3d0-bcfec5e9e6fb	GDC_file_uuid:9b40ac83-028e-42bc-b3d0-bcfec5e9e6fb	2026-07-24T22:37:19Z	4208774	275be02a0b268cd4df59ba721cc8fa3cc8256f37207a0c9be01dc90041ae0e83	See official repository record	verified	metadata/file_manifest.tsv	Raw data not included in release candidate
TCGA-COAD	TCGA-COAD	STAR_gene_counts	6fdaf546-5b04-4227-8f87-e5369f434017.rna_seq.augmented_star_gene_counts.tsv	https://api.gdc.cancer.gov/data/31d7af50-fbc7-405b-9c0b-d7063d076d43	GDC_file_uuid:31d7af50-fbc7-405b-9c0b-d7063d076d43	2026-07-24T22:37:24Z	4253670	6ad94ad7d625806da647c9f5ad71af21d1030c423a083df261eb3de56150da2e	See official repository record	verified	metadata/file_manifest.tsv	Raw data not included in release candidate
TCGA-COAD	TCGA-COAD	STAR_gene_counts	700c96a6-ac08-452a-b4e5-acda4fe8be23.rna_seq.augmented_star_gene_counts.tsv	https://api.gdc.cancer.gov/data/50df857e-33c7-402e-ae42-6df5c8ea9a34	GDC_file_uuid:50df857e-33c7-402e-ae42-6df5c8ea9a34	2026-07-24T22:37:28Z	4230973	c8e7ddbdd7f41eb6c6e8b401429a3c386c5fe66f4f2dbb5104e738f4bf64aa39	See official repository record	verified	metadata/file_manifest.tsv	Raw data not included in release candidate
TCGA-COAD	TCGA-COAD	STAR_gene_counts	713c3ad2-c1d0-45ed-b69e-f6cedd57933a.rna_seq.augmented_star_gene_counts.tsv	https://api.gdc.cancer.gov/data/30fd31d5-d8c2-4038-8cbe-e1c986621fd6	GDC_file_uuid:30fd31d5-d8c2-4038-8cbe-e1c986621fd6	2026-07-24T22:37:33Z	4212196	745c25b36f76148f17d365d1509bcdd66e7a5fdd168f5254fd03105ef6f0dc82	See official repository record	verified	metadata/file_manifest.tsv	Raw data not included in release candidate
TCGA-COAD	TCGA-COAD	STAR_gene_counts	71423c68-fae7-472e-b291-a177a0e69538.rna_seq.augmented_star_gene_counts.tsv	https://api.gdc.cancer.gov/data/3761f40c-f3ec-4719-acae-4404d8f9d1db	GDC_file_uuid:3761f40c-f3ec-4719-acae-4404d8f9d1db	2026-07-24T22:37:37Z	4226714	248783ed8ea62b03c6d22df69faabebfc254a58536a0652ab94231320ea4ba00	See official repository record	verified	metadata/file_manifest.tsv	Raw data not included in release candidate
TCGA-COAD	TCGA-COAD	STAR_gene_counts	725c9ca0-31db-4dda-ac6d-9be7565e7cfe.rna_seq.augmented_star_gene_counts.tsv	https://api.gdc.cancer.gov/data/a35a1dfa-f6f1-486d-9e6a-72658918f06f	GDC_file_uuid:a35a1dfa-f6f1-486d-9e6a-72658918f06f	2026-07-24T22:37:41Z	4232323	e282d0e931a2679b365cbb009086d3f6ac3057881e081dc20093984ea0cc857e	See official repository record	verified	metadata/file_manifest.tsv	Raw data not included in release candidate
TCGA-COAD	TCGA-COAD	STAR_gene_counts	72c16603-1f6c-479c-8cf0-95d499f328be.rna_seq.augmented_star_gene_counts.tsv	https://api.gdc.cancer.gov/data/b81f3990-fd37-46b3-a1e9-2e992594d7db	GDC_file_uuid:b81f3990-fd37-46b3-a1e9-2e992594d7db	2026-07-24T22:37:45Z	4200489	6c41da8a43c874c216dd2d562c09520c9857fa7d7e382b56c54da5a10e87b59a	See official repository record	verified	metadata/file_manifest.tsv	Raw data not included in release candidate
TCGA-COAD	TCGA-COAD	STAR_gene_counts	74f8dc07-b42e-46a4-954f-a36d7bf664d3.rna_seq.augmented_star_gene_counts.tsv	https://api.gdc.cancer.gov/data/7ff69d62-5ae1-4e06-9b38-6f416466ec70	GDC_file_uuid:7ff69d62-5ae1-4e06-9b38-6f416466ec70	2026-07-24T22:37:49Z	4220671	8ca225291066980f2ffe076bf97ebbb36440d8ebc06e241109d58d3cc2c6a4c5	See official repository record	verified	metadata/file_manifest.tsv	Raw data not included in release candidate
TCGA-COAD	TCGA-COAD	STAR_gene_counts	766e896b-b5a2-49ee-be4c-e95670a16fdc.rna_seq.augmented_star_gene_counts.tsv	https://api.gdc.cancer.gov/data/fb71c222-4a08-420a-8cc0-17c28d3a5261	GDC_file_uuid:fb71c222-4a08-420a-8cc0-17c28d3a5261	2026-07-24T22:37:54Z	4242464	5fc1ab195765e27614f96252b85fb16e72bf06c8af083c93b97667a78e1e06e7	See official repository record	verified	metadata/file_manifest.tsv	Raw data not included in release candidate
TCGA-COAD	TCGA-COAD	STAR_gene_counts	767fc312-2c66-43f7-b78e-bf79e03e3a0a.rna_seq.augmented_star_gene_counts.tsv	https://api.gdc.cancer.gov/data/4d237acd-a4fd-4590-900f-7349b435fff3	GDC_file_uuid:4d237acd-a4fd-4590-900f-7349b435fff3	2026-07-24T22:37:58Z	4245679	482f0412a64f5491fd90c988978afec8f273525007bf904b574a3734fa9a7e69	See official repository record	verified	metadata/file_manifest.tsv	Raw data not included in release candidate
TCGA-COAD	TCGA-COAD	STAR_gene_counts	77eb52de-282c-4dc1-886f-f4be32985ed5.rna_seq.augmented_star_gene_counts.tsv	https://api.gdc.cancer.gov/data/cb1968ee-bacc-48b0-8bf5-541a4a178461	GDC_file_uuid:cb1968ee-bacc-48b0-8bf5-541a4a178461	2026-07-24T22:38:03Z	4214593	601a549a22153c86f1548da99d9d1e13ca6dc0d48e35e3e73b26cc828957b466	See official repository record	verified	metadata/file_manifest.tsv	Raw data not included in release candidate
TCGA-COAD	TCGA-COAD	STAR_gene_counts	77f39159-497c-47a0-bc8a-fb05dcd1826b.rna_seq.augmented_star_gene_counts.tsv	https://api.gdc.cancer.gov/data/4f90b784-1d8c-4dca-9302-712127ce6a9f	GDC_file_uuid:4f90b784-1d8c-4dca-9302-712127ce6a9f	2026-07-24T22:38:07Z	4228316	65b0a94af18a0c3785bf1e536dc44e2c39e9f1cd9da747b4a0fc77cf84a0d5f9	See official repository record	verified	metadata/file_manifest.tsv	Raw data not included in release candidate
TCGA-COAD	TCGA-COAD	STAR_gene_counts	78699d1d-aa39-473a-b3ea-24164d3a443c.rna_seq.augmented_star_gene_counts.tsv	https://api.gdc.cancer.gov/data/cc7b8015-fab8-444e-92d4-df119de11a05	GDC_file_uuid:cc7b8015-fab8-444e-92d4-df119de11a05	2026-07-24T22:38:11Z	4229028	a6a95c4f87ed57eda930649a42255bd4e63f3ebaccd3eb8f3691cef2da9202e2	See official repository record	verified	metadata/file_manifest.tsv	Raw data not included in release candidate
TCGA-COAD	TCGA-COAD	STAR_gene_counts	7900174d-af00-444f-a5b2-226a45f7e76a.rna_seq.augmented_star_gene_counts.tsv	https://api.gdc.cancer.gov/data/75e037bd-db2c-4b8c-ae76-aed6ecbe380c	GDC_file_uuid:75e037bd-db2c-4b8c-ae76-aed6ecbe380c	2026-07-24T22:38:15Z	4223741	5d6e69c5fcf1f01019a253accada708cda1e299bfc9f922f62d08748c900b7ac	See official repository record	verified	metadata/file_manifest.tsv	Raw data not included in release candidate
TCGA-COAD	TCGA-COAD	STAR_gene_counts	796775e9-e68a-4fb5-bdc5-d9ce33a981d9.rna_seq.augmented_star_gene_counts.tsv	https://api.gdc.cancer.gov/data/cc6e41a2-f851-4a1a-a7b7-91db1076d6ee	GDC_file_uuid:cc6e41a2-f851-4a1a-a7b7-91db1076d6ee	2026-07-24T22:38:20Z	4228545	9d40e0fea3ae4a1a87df9759e6ebacda0d2dd3947623bf0a241176156a58608c	See official repository record	verified	metadata/file_manifest.tsv	Raw data not included in release candidate
TCGA-COAD	TCGA-COAD	STAR_gene_counts	798dbd1d-9df6-42ab-8fe9-c48e416b3ec1.rna_seq.augmented_star_gene_counts.tsv	https://api.gdc.cancer.gov/data/08239799-b042-41c2-90cd-6a0dad35e54d	GDC_file_uuid:08239799-b042-41c2-90cd-6a0dad35e54d	2026-07-24T22:38:24Z	4232725	4e0c9ac440f23f2ae937643c847b503f4be6920f5e47e0210f7c6a7394bab4e5	See official repository record	verified	metadata/file_manifest.tsv	Raw data not included in release candidate
TCGA-COAD	TCGA-COAD	STAR_gene_counts	79a36f11-38bb-42ed-a95a-ae2a9eea0f6a.rna_seq.augmented_star_gene_counts.tsv	https://api.gdc.cancer.gov/data/2e46f953-eb3c-48b9-99ef-1eb4a4498c52	GDC_file_uuid:2e46f953-eb3c-48b9-99ef-1eb4a4498c52	2026-07-24T22:38:28Z	4234474	d0c5d65df9ec5c3d8d9670f85a7339145b095011fccf36a873194cd246c0601f	See official repository record	verified	metadata/file_manifest.tsv	Raw data not included in release candidate
TCGA-COAD	TCGA-COAD	STAR_gene_counts	79e6252e-2e14-42da-b3db-3e706f38b045.rna_seq.augmented_star_gene_counts.tsv	https://api.gdc.cancer.gov/data/6ec0647a-6f73-4c22-bed9-b65c2c4678da	GDC_file_uuid:6ec0647a-6f73-4c22-bed9-b65c2c4678da	2026-07-24T22:38:32Z	4215584	87abe7eea0ae317fdd29f6fe53a2ef8b35f0b9f7d26b5d222005a68703ae20ca	See official repository record	verified	metadata/file_manifest.tsv	Raw data not included in release candidate
TCGA-COAD	TCGA-COAD	STAR_gene_counts	79e8e03b-7481-46a3-99f6-9b6b8729c7c9.rna_seq.augmented_star_gene_counts.tsv	https://api.gdc.cancer.gov/data/927f51a6-ad62-43dc-8738-eba784ad8b70	GDC_file_uuid:927f51a6-ad62-43dc-8738-eba784ad8b70	2026-07-24T22:38:36Z	4236184	4bc6765614e00c3d8bbf64355c462717e1694425d98c00a909eb1c684af0eb1c	See official repository record	verified	metadata/file_manifest.tsv	Raw data not included in release candidate
TCGA-COAD	TCGA-COAD	STAR_gene_counts	7b3b5487-3788-4498-b9a2-0fd77967ad66.rna_seq.augmented_star_gene_counts.tsv	https://api.gdc.cancer.gov/data/f1ef36b0-4034-486b-bb33-c17be39641c4	GDC_file_uuid:f1ef36b0-4034-486b-bb33-c17be39641c4	2026-07-24T22:38:41Z	4230031	b4beb7a2c7748653bbaa907585400a05d785e57e765046cb5904b0a4ba31e63c	See official repository record	verified	metadata/file_manifest.tsv	Raw data not included in release candidate
TCGA-COAD	TCGA-COAD	STAR_gene_counts	7b837bdd-5a59-47f6-a1aa-259142234bd5.rna_seq.augmented_star_gene_counts.tsv	https://api.gdc.cancer.gov/data/becb812a-90b7-4b6f-ad39-5a0b7179b523	GDC_file_uuid:becb812a-90b7-4b6f-ad39-5a0b7179b523	2026-07-24T22:38:45Z	4234437	d410e49618da9f4925af8c040fef33792b8966e0c532d217d2c77f5f7382faef	See official repository record	verified	metadata/file_manifest.tsv	Raw data not included in release candidate
TCGA-COAD	TCGA-COAD	STAR_gene_counts	7b98348a-13f8-404a-9a1e-280ae481b6b0.rna_seq.augmented_star_gene_counts.tsv	https://api.gdc.cancer.gov/data/91a95c38-5ab7-4166-b4e7-64454cb3d06c	GDC_file_uuid:91a95c38-5ab7-4166-b4e7-64454cb3d06c	2026-07-24T22:38:49Z	4208645	e25edac800e281d24b10e31882b32d180cd1953783151bcaf92672cee3a5e993	See official repository record	verified	metadata/file_manifest.tsv	Raw data not included in release candidate
TCGA-COAD	TCGA-COAD	STAR_gene_counts	7bcfb173-3654-42a1-8664-d0d074e4618c.rna_seq.augmented_star_gene_counts.tsv	https://api.gdc.cancer.gov/data/290b9234-0d19-4a74-971e-73dad79f7e9a	GDC_file_uuid:290b9234-0d19-4a74-971e-73dad79f7e9a	2026-07-24T22:38:53Z	4226009	96dc761a1bba58fcbb1affdb0d4912f17fff7732abd24295f768e284d77802cc	See official repository record	verified	metadata/file_manifest.tsv	Raw data not included in release candidate
TCGA-COAD	TCGA-COAD	STAR_gene_counts	7bfe8d8a-61bf-4ee7-9749-209858e74b5f.rna_seq.augmented_star_gene_counts.tsv	https://api.gdc.cancer.gov/data/2e416248-8a8d-4d0b-b9d4-71d8c2d0ce07	GDC_file_uuid:2e416248-8a8d-4d0b-b9d4-71d8c2d0ce07	2026-07-24T22:38:57Z	4238540	6f1e47b00d909051cdbdfbb48123b81f22661e0d4243ecdd900508859520123f	See official repository record	verified	metadata/file_manifest.tsv	Raw data not included in release candidate
TCGA-COAD	TCGA-COAD	STAR_gene_counts	7c6f92ab-6cf8-4293-b676-2619c40f6ee6.rna_seq.augmented_star_gene_counts.tsv	https://api.gdc.cancer.gov/data/d6cff9b4-6b57-4ad9-8325-92d1232c7f39	GDC_file_uuid:d6cff9b4-6b57-4ad9-8325-92d1232c7f39	2026-07-24T22:39:02Z	4222111	50b0ffa40a521869722d936ae06bab38230ac9040c62b17339f63ea4659de665	See official repository record	verified	metadata/file_manifest.tsv	Raw data not included in release candidate
TCGA-COAD	TCGA-COAD	STAR_gene_counts	7c8246a6-3f2c-42e1-b09f-959cfbf7fd5a.rna_seq.augmented_star_gene_counts.tsv	https://api.gdc.cancer.gov/data/2c15e60c-1190-4bcd-88df-d0707d737a17	GDC_file_uuid:2c15e60c-1190-4bcd-88df-d0707d737a17	2026-07-24T22:39:06Z	4211542	65b7eb6da19c7947a611dfe068eded5698d5a4c1750936c107535f567544af8c	See official repository record	verified	metadata/file_manifest.tsv	Raw data not included in release candidate
TCGA-COAD	TCGA-COAD	STAR_gene_counts	7cec44f2-b56b-49fc-b2cc-d0691afde776.rna_seq.augmented_star_gene_counts.tsv	https://api.gdc.cancer.gov/data/34111a2c-5b27-427e-890e-349b9974343c	GDC_file_uuid:34111a2c-5b27-427e-890e-349b9974343c	2026-07-24T22:39:10Z	4236479	dd4449334cd5f28c6fe70463272cc8cacc1b86d43db6773cad49de8e67d747c4	See official repository record	verified	metadata/file_manifest.tsv	Raw data not included in release candidate
TCGA-COAD	TCGA-COAD	STAR_gene_counts	7dab0af8-ab64-4014-b7b7-bf0df59a1b3a.rna_seq.augmented_star_gene_counts.tsv	https://api.gdc.cancer.gov/data/889bc749-1959-4f3d-8d6e-a6b7bf2fecb4	GDC_file_uuid:889bc749-1959-4f3d-8d6e-a6b7bf2fecb4	2026-07-24T22:39:15Z	4205939	303ff70bb9802b3c8bec900244d6ec82dcc651fa508872242a4ac855a0c236ee	See official repository record	verified	metadata/file_manifest.tsv	Raw data not included in release candidate
TCGA-COAD	TCGA-COAD	STAR_gene_counts	7e314d4a-7158-4d60-a431-013abe183071.rna_seq.augmented_star_gene_counts.tsv	https://api.gdc.cancer.gov/data/dde6631e-ef66-4db4-a7cb-be94f4b9c4fd	GDC_file_uuid:dde6631e-ef66-4db4-a7cb-be94f4b9c4fd	2026-07-24T22:39:19Z	4226540	e94bb91ce3b9ab5cede499ab5593c5ccdaa07191fc515e3eae76cbf5daa29d10	See official repository record	verified	metadata/file_manifest.tsv	Raw data not included in release candidate
TCGA-COAD	TCGA-COAD	STAR_gene_counts	7f9dadec-d447-41be-a192-637ce36467da.rna_seq.augmented_star_gene_counts.tsv	https://api.gdc.cancer.gov/data/b315758e-62d1-408b-9510-fc0a4294f7ec	GDC_file_uuid:b315758e-62d1-408b-9510-fc0a4294f7ec	2026-07-24T22:39:23Z	4233470	1d3e191f4788bcd02b7e37b926703eea74122cf3e4e84cef21c72d0888caee05	See official repository record	verified	metadata/file_manifest.tsv	Raw data not included in release candidate
TCGA-COAD	TCGA-COAD	STAR_gene_counts	7fc1ca50-6520-4cb1-929c-4e7810665585.rna_seq.augmented_star_gene_counts.tsv	https://api.gdc.cancer.gov/data/09e969eb-37d0-4502-ad3f-5856b6ad8f43	GDC_file_uuid:09e969eb-37d0-4502-ad3f-5856b6ad8f43	2026-07-24T22:39:27Z	4225485	2720449d2881272249619c7b4c5e8b0c3436f7f358c707abce4c535195a3dbd2	See official repository record	verified	metadata/file_manifest.tsv	Raw data not included in release candidate
TCGA-COAD	TCGA-COAD	STAR_gene_counts	8027196b-a80b-4759-872d-b72c98905451.rna_seq.augmented_star_gene_counts.tsv	https://api.gdc.cancer.gov/data/824e0db3-9c7a-4cc7-ae84-6319a4e53e86	GDC_file_uuid:824e0db3-9c7a-4cc7-ae84-6319a4e53e86	2026-07-24T22:39:31Z	4227696	2009dabd6bfe0a95e1e6603ea7cda8597b87c9347438aa67c5b39ee1be05a168	See official repository record	verified	metadata/file_manifest.tsv	Raw data not included in release candidate
TCGA-COAD	TCGA-COAD	STAR_gene_counts	802f1041-19bc-4bec-8452-5e4b19a8100e.rna_seq.augmented_star_gene_counts.tsv	https://api.gdc.cancer.gov/data/0d6ba88c-ba7a-4e82-96b0-67e2b084b088	GDC_file_uuid:0d6ba88c-ba7a-4e82-96b0-67e2b084b088	2026-07-24T22:39:35Z	4204667	af78709f989a771e2298691b8e94171d3afd73f16440d237f559e9b5979eb2b9	See official repository record	verified	metadata/file_manifest.tsv	Raw data not included in release candidate
TCGA-COAD	TCGA-COAD	STAR_gene_counts	80680b8f-eec8-4b02-95c4-f133af61943a.rna_seq.augmented_star_gene_counts.tsv	https://api.gdc.cancer.gov/data/98d93661-14c4-4878-b10d-86c9516bfd24	GDC_file_uuid:98d93661-14c4-4878-b10d-86c9516bfd24	2026-07-24T22:39:40Z	4232499	cd149dfca41f6cca04ff5d73f824c098a44e222af71d042877057b097b648136	See official repository record	verified	metadata/file_manifest.tsv	Raw data not included in release candidate
TCGA-COAD	TCGA-COAD	STAR_gene_counts	80bea63b-bc3a-4999-8c11-a35c92183cd7.rna_seq.augmented_star_gene_counts.tsv	https://api.gdc.cancer.gov/data/3e022a8d-d2d4-40e2-8119-e1e027fc5f77	GDC_file_uuid:3e022a8d-d2d4-40e2-8119-e1e027fc5f77	2026-07-24T22:39:44Z	4187663	3a3a0d8d71155b1e6648c9807d901c931e56f05f8578be6c4de663bb4c895489	See official repository record	verified	metadata/file_manifest.tsv	Raw data not included in release candidate
TCGA-COAD	TCGA-COAD	STAR_gene_counts	80cb0e05-387d-4bd8-b49c-ff2aae043982.rna_seq.augmented_star_gene_counts.tsv	https://api.gdc.cancer.gov/data/a1fb3d08-f698-442d-94c0-0d1c03f81a64	GDC_file_uuid:a1fb3d08-f698-442d-94c0-0d1c03f81a64	2026-07-24T22:39:48Z	4213188	63df44caaae8c4b92db440243b9013ae4a7d5ef57c9c3312de2831793985c271	See official repository record	verified	metadata/file_manifest.tsv	Raw data not included in release candidate
TCGA-COAD	TCGA-COAD	STAR_gene_counts	811374dd-0c33-420a-b397-7749d6a66ffe.rna_seq.augmented_star_gene_counts.tsv	https://api.gdc.cancer.gov/data/8f97852d-f08c-4062-af30-dfbe6ca7eba7	GDC_file_uuid:8f97852d-f08c-4062-af30-dfbe6ca7eba7	2026-07-24T22:39:52Z	4226855	ab569050b89e3a17c92f481678bd9d058961185289a001c53514a17aa155f36a	See official repository record	verified	metadata/file_manifest.tsv	Raw data not included in release candidate
TCGA-COAD	TCGA-COAD	STAR_gene_counts	81b828aa-cb06-4790-ba3e-efaa39f4eeef.rna_seq.augmented_star_gene_counts.tsv	https://api.gdc.cancer.gov/data/fb6ca177-100e-4b2a-8a8f-b127b058a11c	GDC_file_uuid:fb6ca177-100e-4b2a-8a8f-b127b058a11c	2026-07-24T22:39:56Z	4205980	2dc4ff9e646454a72387686172af1e5ede5de865a3ffa26f09a0f5c8c1fe618b	See official repository record	verified	metadata/file_manifest.tsv	Raw data not included in release candidate
TCGA-COAD	TCGA-COAD	STAR_gene_counts	82dcf15d-a8d0-43d1-8a6f-914e4656ed46.rna_seq.augmented_star_gene_counts.tsv	https://api.gdc.cancer.gov/data/1661a686-4738-4d21-80ae-65b8bae655e4	GDC_file_uuid:1661a686-4738-4d21-80ae-65b8bae655e4	2026-07-24T22:40:01Z	4233738	47a22b3cc98b3d8b9e5bc9b4cab5e0fcce72b8e542fe32bb05638256aa7bb7a5	See official repository record	verified	metadata/file_manifest.tsv	Raw data not included in release candidate
TCGA-COAD	TCGA-COAD	STAR_gene_counts	83a1d91a-3e74-4106-96d1-eec558404c29.rna_seq.augmented_star_gene_counts.tsv	https://api.gdc.cancer.gov/data/8eabb842-d92f-4803-8992-db5b57fbdd51	GDC_file_uuid:8eabb842-d92f-4803-8992-db5b57fbdd51	2026-07-24T22:40:05Z	4227432	8c370d7ef73f4130d95b5a12c07b57a3e9c0ba3e92290715e04974d21ad16152	See official repository record	verified	metadata/file_manifest.tsv	Raw data not included in release candidate
TCGA-COAD	TCGA-COAD	STAR_gene_counts	83ae572a-cacd-406e-bea4-f94a5ca3653b.rna_seq.augmented_star_gene_counts.tsv	https://api.gdc.cancer.gov/data/bb68c3db-3157-4e95-af5f-f7a7a38e40e1	GDC_file_uuid:bb68c3db-3157-4e95-af5f-f7a7a38e40e1	2026-07-24T22:40:09Z	4225816	a60bb3d0751ba36b84426c2efb25e54ccd82c89d3035d1cfcd498e3684d5e56b	See official repository record	verified	metadata/file_manifest.tsv	Raw data not included in release candidate
TCGA-COAD	TCGA-COAD	STAR_gene_counts	841ae9cb-ae41-46f9-84ae-03c99fd4e6dd.rna_seq.augmented_star_gene_counts.tsv	https://api.gdc.cancer.gov/data/1dba29d2-d9fc-41e2-8bbb-74e5573775b0	GDC_file_uuid:1dba29d2-d9fc-41e2-8bbb-74e5573775b0	2026-07-24T22:40:13Z	4205747	c78addd01e3b6a61423e822563649f7e5da6d46c8ab694f23ae24f36485543c9	See official repository record	verified	metadata/file_manifest.tsv	Raw data not included in release candidate
TCGA-COAD	TCGA-COAD	STAR_gene_counts	8494d38e-3017-4624-b482-acf0fc86a916.rna_seq.augmented_star_gene_counts.tsv	https://api.gdc.cancer.gov/data/df89fa3d-9988-495e-836a-8306b66585a3	GDC_file_uuid:df89fa3d-9988-495e-836a-8306b66585a3	2026-07-24T22:40:18Z	4227877	7decbcf7c1d0650f13da5fa995274d9e806bb9a2581aef18b9360a226870ce6f	See official repository record	verified	metadata/file_manifest.tsv	Raw data not included in release candidate
TCGA-COAD	TCGA-COAD	STAR_gene_counts	852508b0-5a5e-4730-8c70-6aabc0aa88be.rna_seq.augmented_star_gene_counts.tsv	https://api.gdc.cancer.gov/data/b168cdcd-5516-4d22-a0cf-57a2d7c274ec	GDC_file_uuid:b168cdcd-5516-4d22-a0cf-57a2d7c274ec	2026-07-24T22:40:22Z	4216426	30406194a645cd1fa51589cee4be109f27b990b953c2b1e15c820b27ed64dbe3	See official repository record	verified	metadata/file_manifest.tsv	Raw data not included in release candidate
TCGA-COAD	TCGA-COAD	STAR_gene_counts	86912ac6-a602-492c-8d84-037c9fd614de.rna_seq.augmented_star_gene_counts.tsv	https://api.gdc.cancer.gov/data/9320a7d1-3c17-40a9-b632-defebb42b351	GDC_file_uuid:9320a7d1-3c17-40a9-b632-defebb42b351	2026-07-24T22:40:26Z	4238076	c24be2def29a2bdc9fc38728ed0721e669153d63dc15c491d206c8b297ec5bf7	See official repository record	verified	metadata/file_manifest.tsv	Raw data not included in release candidate
TCGA-COAD	TCGA-COAD	STAR_gene_counts	86db93b2-14b0-4094-bd69-222582df130c.rna_seq.augmented_star_gene_counts.tsv	https://api.gdc.cancer.gov/data/04288a35-71ba-421d-80a4-52bb0853aa9f	GDC_file_uuid:04288a35-71ba-421d-80a4-52bb0853aa9f	2026-07-24T22:40:30Z	4210019	7d8bbf760e81d21eb23434a4c14bf3c25007e0c3f850c1bcab55deaa4b685a44	See official repository record	verified	metadata/file_manifest.tsv	Raw data not included in release candidate
TCGA-COAD	TCGA-COAD	STAR_gene_counts	871b21df-9338-419b-a2cc-9cf1552f4da2.rna_seq.augmented_star_gene_counts.tsv	https://api.gdc.cancer.gov/data/8eaead17-aacf-49b0-9f62-30fb80df9df3	GDC_file_uuid:8eaead17-aacf-49b0-9f62-30fb80df9df3	2026-07-24T22:40:34Z	4234303	324358abf57f1ae507af78712392185177a0b2dd60b317b7c9f2516edceb666f	See official repository record	verified	metadata/file_manifest.tsv	Raw data not included in release candidate
TCGA-COAD	TCGA-COAD	STAR_gene_counts	8824c0fd-764e-4525-952b-f25efa742772.rna_seq.augmented_star_gene_counts.tsv	https://api.gdc.cancer.gov/data/52defb9b-4d00-4e24-a4ed-7a2742660ac6	GDC_file_uuid:52defb9b-4d00-4e24-a4ed-7a2742660ac6	2026-07-24T22:40:38Z	4185488	1b6e2fe285343f36fe09b20f9b2565f03f6e7c0ad9246b6ddbc411feb07ac2ce	See official repository record	verified	metadata/file_manifest.tsv	Raw data not included in release candidate
TCGA-COAD	TCGA-COAD	STAR_gene_counts	88a33f23-72a0-439b-afc7-2623c58eb1ab.rna_seq.augmented_star_gene_counts.tsv	https://api.gdc.cancer.gov/data/b8cb5dc2-3a97-4023-bbd8-1bcafbbc6dad	GDC_file_uuid:b8cb5dc2-3a97-4023-bbd8-1bcafbbc6dad	2026-07-24T22:40:43Z	4232022	4c7c20e8215469b653aa7cc0d5c9ddafc5112e01a828952eecffdc1fbd4bf8c6	See official repository record	verified	metadata/file_manifest.tsv	Raw data not included in release candidate
TCGA-COAD	TCGA-COAD	STAR_gene_counts	88d93a8f-77d0-44e0-a58e-19f2c546afcf.rna_seq.augmented_star_gene_counts.tsv	https://api.gdc.cancer.gov/data/0da581b5-c86b-4b79-95b8-6633e7246e3f	GDC_file_uuid:0da581b5-c86b-4b79-95b8-6633e7246e3f	2026-07-24T22:40:47Z	4220850	8b1bc966ea88432adde6bf74eeb1badce116550569d187bb775f253832f8de01	See official repository record	verified	metadata/file_manifest.tsv	Raw data not included in release candidate
TCGA-COAD	TCGA-COAD	STAR_gene_counts	8939877c-f889-4da7-b3d5-439000935940.rna_seq.augmented_star_gene_counts.tsv	https://api.gdc.cancer.gov/data/f22d4282-9230-4dba-bb9a-625367c07c66	GDC_file_uuid:f22d4282-9230-4dba-bb9a-625367c07c66	2026-07-24T22:40:51Z	4192096	87d923d00dd1a102b4ee4b3e59414d2eb4c1e715134ff95ca50c72da57593397	See official repository record	verified	metadata/file_manifest.tsv	Raw data not included in release candidate
TCGA-COAD	TCGA-COAD	STAR_gene_counts	89fa1644-e0e3-4d75-9250-b5eb4fb67593.rna_seq.augmented_star_gene_counts.tsv	https://api.gdc.cancer.gov/data/e2a9c773-efc2-46a3-a043-bb2985dc83e2	GDC_file_uuid:e2a9c773-efc2-46a3-a043-bb2985dc83e2	2026-07-24T22:40:56Z	4243360	d5f5492f13a31c6921ee719caa8b44238f28c2603935aa01788519f34c141d2a	See official repository record	verified	metadata/file_manifest.tsv	Raw data not included in release candidate
TCGA-COAD	TCGA-COAD	STAR_gene_counts	8a0acec7-896e-4c91-8ce7-dc64de45b53d.rna_seq.augmented_star_gene_counts.tsv	https://api.gdc.cancer.gov/data/d343ce81-b7e8-4fe8-97a9-8dc632dd7b5d	GDC_file_uuid:d343ce81-b7e8-4fe8-97a9-8dc632dd7b5d	2026-07-24T22:41:00Z	4196227	73e486f34ed7104020a50a4c13db86afc4e87815c1494bb9779a56b50d87e1ae	See official repository record	verified	metadata/file_manifest.tsv	Raw data not included in release candidate
TCGA-COAD	TCGA-COAD	STAR_gene_counts	8a25dfb0-edd0-4a44-9a6b-8f3f761b940c.rna_seq.augmented_star_gene_counts.tsv	https://api.gdc.cancer.gov/data/01d414a2-2b77-41e8-8622-98b277f5dc85	GDC_file_uuid:01d414a2-2b77-41e8-8622-98b277f5dc85	2026-07-24T22:41:04Z	4234391	cee3965c266a3020368dbcdcc788360dbaea7c40dd4b15101b758f99ef9389c8	See official repository record	verified	metadata/file_manifest.tsv	Raw data not included in release candidate
TCGA-COAD	TCGA-COAD	STAR_gene_counts	8aaaa253-87d2-4292-aeb2-1b207b71abef.rna_seq.augmented_star_gene_counts.tsv	https://api.gdc.cancer.gov/data/5e7e2b3e-93f5-4a3f-b1d2-f9e0f58ef87f	GDC_file_uuid:5e7e2b3e-93f5-4a3f-b1d2-f9e0f58ef87f	2026-07-24T22:41:09Z	4254660	6d8c696bb40aeebc3feb1bf7172f4a0497577310c0c5e3c9587ad42686b6ebd1	See official repository record	verified	metadata/file_manifest.tsv	Raw data not included in release candidate
TCGA-COAD	TCGA-COAD	STAR_gene_counts	8c76ce45-f110-4f6a-b413-13a1a1aeddef.rna_seq.augmented_star_gene_counts.tsv	https://api.gdc.cancer.gov/data/bb24863f-4b09-46ac-aacc-4073cad3a7d8	GDC_file_uuid:bb24863f-4b09-46ac-aacc-4073cad3a7d8	2026-07-24T22:41:13Z	4191496	ca960dac44bfb2f4f79efbd27267f51253fa5cf97e3bb492daffb7619d24948b	See official repository record	verified	metadata/file_manifest.tsv	Raw data not included in release candidate
TCGA-COAD	TCGA-COAD	STAR_gene_counts	8ca13509-abad-46b7-92f4-fa741bc52b42.rna_seq.augmented_star_gene_counts.tsv	https://api.gdc.cancer.gov/data/225e2e30-c886-4eea-9b32-71c509ea5e4e	GDC_file_uuid:225e2e30-c886-4eea-9b32-71c509ea5e4e	2026-07-24T22:41:17Z	4216495	09dd49515dd744f9a33cbb10a4112f025843bd88da09cb728f51a0be05a2feeb	See official repository record	verified	metadata/file_manifest.tsv	Raw data not included in release candidate
TCGA-COAD	TCGA-COAD	STAR_gene_counts	8cace84b-8d01-46cf-8b59-9f1e53249863.rna_seq.augmented_star_gene_counts.tsv	https://api.gdc.cancer.gov/data/cc33c8e5-223d-444a-9977-49c3081cb8a7	GDC_file_uuid:cc33c8e5-223d-444a-9977-49c3081cb8a7	2026-07-24T22:41:22Z	4226506	d05515a7e10900cfb064ec98bd7be64e2eb379ba6e9e217f820d31a66f968973	See official repository record	verified	metadata/file_manifest.tsv	Raw data not included in release candidate
TCGA-COAD	TCGA-COAD	STAR_gene_counts	8e33d29d-23c9-48f4-89a2-d0a9b17d0081.rna_seq.augmented_star_gene_counts.tsv	https://api.gdc.cancer.gov/data/73c33abd-7906-474e-a086-2adf78c9b7a8	GDC_file_uuid:73c33abd-7906-474e-a086-2adf78c9b7a8	2026-07-24T22:41:26Z	4240257	1d4b46151d422f66305fe9dc0416711abe0dbeeead92c1de29e182419ce1476b	See official repository record	verified	metadata/file_manifest.tsv	Raw data not included in release candidate
TCGA-COAD	TCGA-COAD	STAR_gene_counts	8e357f45-e258-4685-91f6-1da2d0be4fc1.rna_seq.augmented_star_gene_counts.tsv	https://api.gdc.cancer.gov/data/ccadeefd-7561-47b7-b58a-e09f688c65e4	GDC_file_uuid:ccadeefd-7561-47b7-b58a-e09f688c65e4	2026-07-24T22:41:30Z	4231324	290e38472a993125c9ac8539606baa4a666715b7d9aee16d7dac4463a5fd778f	See official repository record	verified	metadata/file_manifest.tsv	Raw data not included in release candidate
TCGA-COAD	TCGA-COAD	STAR_gene_counts	8ee55a63-4e87-4c00-8012-4c87efdcb7ed.rna_seq.augmented_star_gene_counts.tsv	https://api.gdc.cancer.gov/data/01947597-c83a-4c5d-8a45-f1fe27992ad5	GDC_file_uuid:01947597-c83a-4c5d-8a45-f1fe27992ad5	2026-07-24T22:41:34Z	4230861	355aa9cf73173476e0623e02014c7aa843bdd38ca802672bb2af503ba361aee2	See official repository record	verified	metadata/file_manifest.tsv	Raw data not included in release candidate
TCGA-COAD	TCGA-COAD	STAR_gene_counts	8f1213be-da41-4cd6-97b2-f9fce1ea00ff.rna_seq.augmented_star_gene_counts.tsv	https://api.gdc.cancer.gov/data/9ade3932-9032-46d6-8171-c34a0dc51fce	GDC_file_uuid:9ade3932-9032-46d6-8171-c34a0dc51fce	2026-07-24T22:41:38Z	4204891	17960f32896a7478dae979914a23f4b64c5460ea38fc1f2e014354087900c874	See official repository record	verified	metadata/file_manifest.tsv	Raw data not included in release candidate
TCGA-COAD	TCGA-COAD	STAR_gene_counts	8f45c6c4-b98d-4e0b-9bb0-b5be3894076d.rna_seq.augmented_star_gene_counts.tsv	https://api.gdc.cancer.gov/data/1083930a-42f7-49dc-a448-f8cafa7313e5	GDC_file_uuid:1083930a-42f7-49dc-a448-f8cafa7313e5	2026-07-24T22:41:42Z	4178265	bbe8a3f2e0640eb9dd85071272cbff2beab9a22a84ba120cc266000721c2858b	See official repository record	verified	metadata/file_manifest.tsv	Raw data not included in release candidate
TCGA-COAD	TCGA-COAD	STAR_gene_counts	8fba9293-e3f1-41ef-b79e-499a02826174.rna_seq.augmented_star_gene_counts.tsv	https://api.gdc.cancer.gov/data/b33612a7-64eb-4a55-8460-6a562c880c55	GDC_file_uuid:b33612a7-64eb-4a55-8460-6a562c880c55	2026-07-24T22:41:46Z	4232805	bbcb2b6b2d261376dab100eaf9497207da67dbbb0850b4c175e6217993b94baf	See official repository record	verified	metadata/file_manifest.tsv	Raw data not included in release candidate
TCGA-COAD	TCGA-COAD	STAR_gene_counts	90242448-2567-4d5b-b015-43c0ce31f0ad.rna_seq.augmented_star_gene_counts.tsv	https://api.gdc.cancer.gov/data/03277451-4bc3-4c62-947a-0951276ee8e9	GDC_file_uuid:03277451-4bc3-4c62-947a-0951276ee8e9	2026-07-24T22:41:51Z	4228312	0e24c8542ce54eb42bd617ac0d76d8704f46192278eb21c2e4326bad6896a4a9	See official repository record	verified	metadata/file_manifest.tsv	Raw data not included in release candidate
TCGA-COAD	TCGA-COAD	STAR_gene_counts	90407c8f-6193-45c7-9f29-0783aeeab94d.rna_seq.augmented_star_gene_counts.tsv	https://api.gdc.cancer.gov/data/6e5674d0-9fae-4eff-9a46-ba1143f3dcf4	GDC_file_uuid:6e5674d0-9fae-4eff-9a46-ba1143f3dcf4	2026-07-24T22:41:55Z	4243952	b561e157157e4d5c77cc40073fa3ec80d8dd0274fd863be27ef2b6cdb7e4e905	See official repository record	verified	metadata/file_manifest.tsv	Raw data not included in release candidate
TCGA-COAD	TCGA-COAD	STAR_gene_counts	90c9f8cd-4c8c-4f07-af2f-e17db69bd561.rna_seq.augmented_star_gene_counts.tsv	https://api.gdc.cancer.gov/data/00ae9ab8-6eaa-4085-af72-26f96df97fa3	GDC_file_uuid:00ae9ab8-6eaa-4085-af72-26f96df97fa3	2026-07-24T22:41:59Z	4220086	dea4afaa15005587123872ab1f5b771f03c265fd43c36391988c212705e0922e	See official repository record	verified	metadata/file_manifest.tsv	Raw data not included in release candidate
TCGA-COAD	TCGA-COAD	STAR_gene_counts	91386c90-8134-44c9-8a22-4ea17f70da75.rna_seq.augmented_star_gene_counts.tsv	https://api.gdc.cancer.gov/data/94c1ac66-a016-44fc-ad90-d74067ade7fa	GDC_file_uuid:94c1ac66-a016-44fc-ad90-d74067ade7fa	2026-07-24T22:42:04Z	4205117	247008eee2764ae90c615f04f45e1cad46c1bc0976003b2620beecdc0350d857	See official repository record	verified	metadata/file_manifest.tsv	Raw data not included in release candidate
TCGA-COAD	TCGA-COAD	STAR_gene_counts	9176b038-65e3-469d-a867-d99bc732e45d.rna_seq.augmented_star_gene_counts.tsv	https://api.gdc.cancer.gov/data/85adb9cd-3a7f-452c-8804-8e0a0fc499a1	GDC_file_uuid:85adb9cd-3a7f-452c-8804-8e0a0fc499a1	2026-07-24T22:42:08Z	4209908	2bbc8fa1f42b7612ecb003decf2e01feecd4a1653ca3ccf07d1476dbceb1f404	See official repository record	verified	metadata/file_manifest.tsv	Raw data not included in release candidate
TCGA-COAD	TCGA-COAD	STAR_gene_counts	930630ee-1c36-4567-aeff-042eef1654e6.rna_seq.augmented_star_gene_counts.tsv	https://api.gdc.cancer.gov/data/b4078ab3-1bf1-4d55-b00c-ce8b02166629	GDC_file_uuid:b4078ab3-1bf1-4d55-b00c-ce8b02166629	2026-07-24T22:42:12Z	4193897	4d0cf4a0ac617f523ae2fdd527b784cb1c35682a82b0928fe4d93c074a4f4b69	See official repository record	verified	metadata/file_manifest.tsv	Raw data not included in release candidate
TCGA-COAD	TCGA-COAD	STAR_gene_counts	94a92a4a-6c40-40c4-913d-0cdba8cb5892.rna_seq.augmented_star_gene_counts.tsv	https://api.gdc.cancer.gov/data/99574ba2-7ddc-4626-9480-d23745b14273	GDC_file_uuid:99574ba2-7ddc-4626-9480-d23745b14273	2026-07-24T22:42:16Z	4204201	77ef4bfb3c46038c7754c25b936ce85ef2077666ac8770b55bbbc48e79e55c47	See official repository record	verified	metadata/file_manifest.tsv	Raw data not included in release candidate
TCGA-COAD	TCGA-COAD	STAR_gene_counts	94e6fbec-4eff-4ea5-a815-540bfbc8293b.rna_seq.augmented_star_gene_counts.tsv	https://api.gdc.cancer.gov/data/13cc094c-3724-45cc-8a98-650d0c7a695a	GDC_file_uuid:13cc094c-3724-45cc-8a98-650d0c7a695a	2026-07-24T22:42:21Z	4214422	a8e88f769e201a0a52a93efb362baf1920408cd981a38edbdcb8adaac9ad4263	See official repository record	verified	metadata/file_manifest.tsv	Raw data not included in release candidate
TCGA-COAD	TCGA-COAD	STAR_gene_counts	94f6e4f5-2447-4f1f-9f36-411f1c25a172.rna_seq.augmented_star_gene_counts.tsv	https://api.gdc.cancer.gov/data/64f68454-a9e6-4828-a248-31008e115758	GDC_file_uuid:64f68454-a9e6-4828-a248-31008e115758	2026-07-24T22:42:25Z	4225525	07a65eac9fd177f3fc35c09444c4f1b8ff6a699e1f82f5083ae56c21d223a1fe	See official repository record	verified	metadata/file_manifest.tsv	Raw data not included in release candidate
TCGA-COAD	TCGA-COAD	STAR_gene_counts	955985ca-7d97-4911-927a-3803e669a805.rna_seq.augmented_star_gene_counts.tsv	https://api.gdc.cancer.gov/data/cd80bd53-f441-45be-ae9a-ab5fd78b092b	GDC_file_uuid:cd80bd53-f441-45be-ae9a-ab5fd78b092b	2026-07-24T22:42:29Z	4237440	de93bfd448347d27a7c0bf4d166b709a0a4de7436116ac92a0e7f965662fc21c	See official repository record	verified	metadata/file_manifest.tsv	Raw data not included in release candidate
TCGA-COAD	TCGA-COAD	STAR_gene_counts	992ce1bc-46a2-4f57-ac7a-c6368c69c67c.rna_seq.augmented_star_gene_counts.tsv	https://api.gdc.cancer.gov/data/e065cd2d-aecb-4c38-ae7e-70ec3da7430f	GDC_file_uuid:e065cd2d-aecb-4c38-ae7e-70ec3da7430f	2026-07-24T22:42:34Z	4228231	8b3a0a32edc0746140b7d83e7170603d9d0d02a56659aca9f0f5373f2945b303	See official repository record	verified	metadata/file_manifest.tsv	Raw data not included in release candidate
TCGA-COAD	TCGA-COAD	STAR_gene_counts	996d8c98-529a-4438-9db5-d49ff575af45.rna_seq.augmented_star_gene_counts.tsv	https://api.gdc.cancer.gov/data/a567f93a-c7c2-40eb-a6fa-c2252f8ac9ab	GDC_file_uuid:a567f93a-c7c2-40eb-a6fa-c2252f8ac9ab	2026-07-24T22:42:38Z	4214832	e990ef71bfa8005314fe7386befc25cca083846ee53a8da1e87ec837ec3d0bd0	See official repository record	verified	metadata/file_manifest.tsv	Raw data not included in release candidate
TCGA-COAD	TCGA-COAD	STAR_gene_counts	99b069de-d4dd-4c9b-89c3-8b50a59ea334.rna_seq.augmented_star_gene_counts.tsv	https://api.gdc.cancer.gov/data/d3e953a0-3907-4c8d-bcf7-27767ef1e2d5	GDC_file_uuid:d3e953a0-3907-4c8d-bcf7-27767ef1e2d5	2026-07-24T22:42:42Z	4217206	760eb4e8b8818e28caa813cd334a217710af4c7bc40143914c24ec9f1b96dd83	See official repository record	verified	metadata/file_manifest.tsv	Raw data not included in release candidate
TCGA-COAD	TCGA-COAD	STAR_gene_counts	9a1be9ca-1641-4eac-beb9-3b54ec277a7c.rna_seq.augmented_star_gene_counts.tsv	https://api.gdc.cancer.gov/data/5cef1d55-a86c-4d5d-aa97-f52a7ec31b06	GDC_file_uuid:5cef1d55-a86c-4d5d-aa97-f52a7ec31b06	2026-07-24T22:42:46Z	4202894	75affa3f04a89f611363352d331430e5cb26cb917b72c5eaaea11cf56c790fdf	See official repository record	verified	metadata/file_manifest.tsv	Raw data not included in release candidate
TCGA-COAD	TCGA-COAD	STAR_gene_counts	9afe3e00-86a7-4fdb-a253-0bc8896aafe3.rna_seq.augmented_star_gene_counts.tsv	https://api.gdc.cancer.gov/data/b7ae76e9-8699-4140-be62-88b2ba64e184	GDC_file_uuid:b7ae76e9-8699-4140-be62-88b2ba64e184	2026-07-24T22:42:50Z	4203988	b87fc3e41e4ab1cef84a0114df3284c7b08b9d58be4f1060cfa3ff65f562bc74	See official repository record	verified	metadata/file_manifest.tsv	Raw data not included in release candidate
TCGA-COAD	TCGA-COAD	STAR_gene_counts	9bc1133d-a577-4f31-bf6b-50748c60da80.rna_seq.augmented_star_gene_counts.tsv	https://api.gdc.cancer.gov/data/2f5d9fd6-ed20-4f84-b5cb-ac9c5be88256	GDC_file_uuid:2f5d9fd6-ed20-4f84-b5cb-ac9c5be88256	2026-07-24T22:42:54Z	4210855	70090c3bda4709650b3384a47b39e129c74dd7fb288a37a3a5543aa61c3458bc	See official repository record	verified	metadata/file_manifest.tsv	Raw data not included in release candidate
TCGA-COAD	TCGA-COAD	STAR_gene_counts	9c8140ab-454c-4f62-aa6e-d1cfe4e498e0.rna_seq.augmented_star_gene_counts.tsv	https://api.gdc.cancer.gov/data/5df60bd2-914b-45bb-98eb-d3a188972e84	GDC_file_uuid:5df60bd2-914b-45bb-98eb-d3a188972e84	2026-07-24T22:42:58Z	4201067	0d12517f36ac3377874c4e834bb0b625a65b59a0a1892ad4bc1ecc537ec75fbb	See official repository record	verified	metadata/file_manifest.tsv	Raw data not included in release candidate
TCGA-COAD	TCGA-COAD	STAR_gene_counts	9ca22f6c-326b-4844-8e7d-fb076c7e1067.rna_seq.augmented_star_gene_counts.tsv	https://api.gdc.cancer.gov/data/b6296fb4-a5b8-48eb-9ac1-cf5eb09c34b9	GDC_file_uuid:b6296fb4-a5b8-48eb-9ac1-cf5eb09c34b9	2026-07-24T22:43:02Z	4232927	5534c89693b54b747bf60c3d688f31c1de40a1113b10e0fe8cc5261609e5bee0	See official repository record	verified	metadata/file_manifest.tsv	Raw data not included in release candidate
TCGA-COAD	TCGA-COAD	STAR_gene_counts	9cdb8246-eedc-40e2-b340-52db1edd0838.rna_seq.augmented_star_gene_counts.tsv	https://api.gdc.cancer.gov/data/39e3635b-9eda-44d0-96d4-164b8df4759e	GDC_file_uuid:39e3635b-9eda-44d0-96d4-164b8df4759e	2026-07-24T22:43:06Z	4210902	c812d4ea48a04eab9a0b9b27659b725994070978786edc74e36a252045e4bb11	See official repository record	verified	metadata/file_manifest.tsv	Raw data not included in release candidate
TCGA-COAD	TCGA-COAD	STAR_gene_counts	9da01737-be8f-4af5-9f8f-47bb892b6339.rna_seq.augmented_star_gene_counts.tsv	https://api.gdc.cancer.gov/data/ff2dac33-4531-4e98-8da4-959ec3443552	GDC_file_uuid:ff2dac33-4531-4e98-8da4-959ec3443552	2026-07-24T22:43:10Z	4210805	35ba54547fb6c446af61859781b6b9ae56b1b8a7080189f7dee4736c50d4524c	See official repository record	verified	metadata/file_manifest.tsv	Raw data not included in release candidate
TCGA-COAD	TCGA-COAD	STAR_gene_counts	9e7846a1-76ef-4298-a90c-ef7148f16b7d.rna_seq.augmented_star_gene_counts.tsv	https://api.gdc.cancer.gov/data/b6fac77d-3e92-48e1-bafa-917cb6a2a381	GDC_file_uuid:b6fac77d-3e92-48e1-bafa-917cb6a2a381	2026-07-24T22:43:14Z	4211594	6d6a4ed7a86a6ec06b841e265d8d40aea76a988bf111ca0a512afa8a5b3ebd76	See official repository record	verified	metadata/file_manifest.tsv	Raw data not included in release candidate
TCGA-COAD	TCGA-COAD	STAR_gene_counts	9ef8ac96-eaba-447f-ac45-aa44f2182c50.rna_seq.augmented_star_gene_counts.tsv	https://api.gdc.cancer.gov/data/13a72fbf-f601-4f67-aca4-796716f78293	GDC_file_uuid:13a72fbf-f601-4f67-aca4-796716f78293	2026-07-24T22:43:19Z	4239225	9fb1548e4b2f3885fc0a7575835de4a6d3e09f3e60ba51c5fc5a457cc65cffe3	See official repository record	verified	metadata/file_manifest.tsv	Raw data not included in release candidate
TCGA-COAD	TCGA-COAD	STAR_gene_counts	9f5f50f9-3524-4767-94d3-d89dca19f7ca.rna_seq.augmented_star_gene_counts.tsv	https://api.gdc.cancer.gov/data/75b92663-674e-45ea-9ff8-cf3ce33f8839	GDC_file_uuid:75b92663-674e-45ea-9ff8-cf3ce33f8839	2026-07-24T22:43:23Z	4237920	62bff508cec12a96025299a0d05f6531bb307cf6eee3166ef3ba2016a4e532de	See official repository record	verified	metadata/file_manifest.tsv	Raw data not included in release candidate
TCGA-COAD	TCGA-COAD	STAR_gene_counts	9f9dec84-0c2c-4f85-8024-b8fb1de1eb81.rna_seq.augmented_star_gene_counts.tsv	https://api.gdc.cancer.gov/data/adcab898-861a-42f8-aa50-7b111222c019	GDC_file_uuid:adcab898-861a-42f8-aa50-7b111222c019	2026-07-24T22:43:27Z	4219905	c1268463dec2659427c27c086b2383bf6c8a9730dbf8ea00afa816b8fed39bd3	See official repository record	verified	metadata/file_manifest.tsv	Raw data not included in release candidate
TCGA-COAD	TCGA-COAD	STAR_gene_counts	a0f02bbb-02ca-4da7-b35f-648ec72cc65c.rna_seq.augmented_star_gene_counts.tsv	https://api.gdc.cancer.gov/data/1cdc3d1e-a447-4a23-a649-d1678f1cae0d	GDC_file_uuid:1cdc3d1e-a447-4a23-a649-d1678f1cae0d	2026-07-24T22:43:31Z	4235373	52f3ad9f6c84b7551f048d8c54a8b11f1be5ee95eaf1ae60096201e6609c6b2a	See official repository record	verified	metadata/file_manifest.tsv	Raw data not included in release candidate
TCGA-COAD	TCGA-COAD	STAR_gene_counts	a0fad25f-74d8-42f1-8e47-4d56c091e000.rna_seq.augmented_star_gene_counts.tsv	https://api.gdc.cancer.gov/data/b6977a7a-b2aa-4943-8173-4e955e51e05e	GDC_file_uuid:b6977a7a-b2aa-4943-8173-4e955e51e05e	2026-07-24T22:43:35Z	4207203	30032ebd4353db2c92997867dd6ddab82359dbff0b1e1f5244e0c46b24537fa4	See official repository record	verified	metadata/file_manifest.tsv	Raw data not included in release candidate
TCGA-COAD	TCGA-COAD	STAR_gene_counts	a1539e2f-42d6-4314-9ea0-e29635d9e76f.rna_seq.augmented_star_gene_counts.tsv	https://api.gdc.cancer.gov/data/7653fe28-b91f-4fa5-9c34-8b8c3030faeb	GDC_file_uuid:7653fe28-b91f-4fa5-9c34-8b8c3030faeb	2026-07-24T22:43:40Z	4237174	2d8f7f4ecbe75b4a1213c8a78c287a51965eb91e5a196d13250bfe0a3d2eac0d	See official repository record	verified	metadata/file_manifest.tsv	Raw data not included in release candidate
TCGA-COAD	TCGA-COAD	STAR_gene_counts	a2a777ef-9294-4acf-b489-27bc17272b5e.rna_seq.augmented_star_gene_counts.tsv	https://api.gdc.cancer.gov/data/6db2cdc8-d6e2-4cb1-a9f5-ec9b2e13d0cb	GDC_file_uuid:6db2cdc8-d6e2-4cb1-a9f5-ec9b2e13d0cb	2026-07-24T22:43:44Z	4206917	4611b867cfbb85bc7dc6d50a6e6bdcf0de187857ed13e5846aee222b54dc5ed3	See official repository record	verified	metadata/file_manifest.tsv	Raw data not included in release candidate
TCGA-COAD	TCGA-COAD	STAR_gene_counts	a2f13560-4d23-4ef8-8c69-a5b6279d5b21.rna_seq.augmented_star_gene_counts.tsv	https://api.gdc.cancer.gov/data/7c38b66c-f47f-48c5-b707-8562d0030109	GDC_file_uuid:7c38b66c-f47f-48c5-b707-8562d0030109	2026-07-24T22:43:48Z	4204029	aaddb5db2fc7ebea7bd289b3d89113b89aa5b819306c3880ac25e240840fa92f	See official repository record	verified	metadata/file_manifest.tsv	Raw data not included in release candidate
TCGA-COAD	TCGA-COAD	STAR_gene_counts	a3b44031-71ef-476f-a8bd-3694226ce026.rna_seq.augmented_star_gene_counts.tsv	https://api.gdc.cancer.gov/data/17add25f-e442-4c52-b75a-a35b890ed565	GDC_file_uuid:17add25f-e442-4c52-b75a-a35b890ed565	2026-07-24T22:43:52Z	4198960	5bdeb498e7b212da3e5f2abf37a79b25a8947eb48a87edccb33379c665b2e903	See official repository record	verified	metadata/file_manifest.tsv	Raw data not included in release candidate
TCGA-COAD	TCGA-COAD	STAR_gene_counts	a45a7511-4aa9-4d04-8f5f-34d12e4d5917.rna_seq.augmented_star_gene_counts.tsv	https://api.gdc.cancer.gov/data/efdcda8a-26eb-4b7b-accf-df08c81e5135	GDC_file_uuid:efdcda8a-26eb-4b7b-accf-df08c81e5135	2026-07-24T22:43:56Z	4240354	eff376f6170b7dc8e0127110441c57ff00567593808c3c59c068faa6b57256a2	See official repository record	verified	metadata/file_manifest.tsv	Raw data not included in release candidate
TCGA-COAD	TCGA-COAD	STAR_gene_counts	a50c02ec-6ba9-4678-990d-6c74a8e9b7b5.rna_seq.augmented_star_gene_counts.tsv	https://api.gdc.cancer.gov/data/80ffc91d-2e74-4921-9ac1-a7c94482b90e	GDC_file_uuid:80ffc91d-2e74-4921-9ac1-a7c94482b90e	2026-07-24T22:44:01Z	4231521	dbf156dde404bc299e7bdd95f649acb770e4c053f495b2ea5f6dbf4d985aa450	See official repository record	verified	metadata/file_manifest.tsv	Raw data not included in release candidate
TCGA-COAD	TCGA-COAD	STAR_gene_counts	a528e2fc-f91a-4835-a0f6-0a49400a40a2.rna_seq.augmented_star_gene_counts.tsv	https://api.gdc.cancer.gov/data/a31c742c-328b-47a7-bcd4-6958706afe87	GDC_file_uuid:a31c742c-328b-47a7-bcd4-6958706afe87	2026-07-24T22:44:05Z	4210085	4f4d2d1d8d6c6e3bf832155753089c3fa557b8bdfb7742cdf2fc3c861aa5bf0b	See official repository record	verified	metadata/file_manifest.tsv	Raw data not included in release candidate
TCGA-COAD	TCGA-COAD	STAR_gene_counts	a5c29cd3-fa0d-428a-8370-c0c7ffe47d12.rna_seq.augmented_star_gene_counts.tsv	https://api.gdc.cancer.gov/data/d13d6e92-a41f-423d-80dd-ac8381f53b00	GDC_file_uuid:d13d6e92-a41f-423d-80dd-ac8381f53b00	2026-07-24T22:44:09Z	4230382	053c783b605fdc76c480fc9d82c6aef796349d7333a7a9c3b2d0dfb62ba74282	See official repository record	verified	metadata/file_manifest.tsv	Raw data not included in release candidate
TCGA-COAD	TCGA-COAD	STAR_gene_counts	a7d1fe23-5255-4daa-a6a9-fe2f67491323.rna_seq.augmented_star_gene_counts.tsv	https://api.gdc.cancer.gov/data/1bd9d725-c5b5-46cf-b3c7-8a36bf0b2bcf	GDC_file_uuid:1bd9d725-c5b5-46cf-b3c7-8a36bf0b2bcf	2026-07-24T22:44:13Z	4203047	8580b11d33ac0ccc04f710a61be02876fb967664009fbe4193ac778f1cde4c4a	See official repository record	verified	metadata/file_manifest.tsv	Raw data not included in release candidate
TCGA-COAD	TCGA-COAD	STAR_gene_counts	a82c207a-ac59-48cf-9bbf-13ff024e3f95.rna_seq.augmented_star_gene_counts.tsv	https://api.gdc.cancer.gov/data/e929b260-859e-4e7f-b93c-bb8f966b92d5	GDC_file_uuid:e929b260-859e-4e7f-b93c-bb8f966b92d5	2026-07-24T22:44:17Z	4223537	a9626f7a7ef00aa14bd00751078241fadf73ecea2a4fa21fc2153af10c90ffd3	See official repository record	verified	metadata/file_manifest.tsv	Raw data not included in release candidate
TCGA-COAD	TCGA-COAD	STAR_gene_counts	a83e78c0-8b1b-4576-aace-4bee1dee5046.rna_seq.augmented_star_gene_counts.tsv	https://api.gdc.cancer.gov/data/7fa5c283-ed46-4ac7-afc0-5d609d5bfa5a	GDC_file_uuid:7fa5c283-ed46-4ac7-afc0-5d609d5bfa5a	2026-07-24T22:44:21Z	4246435	1317d6d4496920ba665d44aba3a06c54b5d1a4d083c93897d2110d622226c3c4	See official repository record	verified	metadata/file_manifest.tsv	Raw data not included in release candidate
TCGA-COAD	TCGA-COAD	STAR_gene_counts	a8ce7460-8ccd-4638-a854-55c4068af6ec.rna_seq.augmented_star_gene_counts.tsv	https://api.gdc.cancer.gov/data/b2c13f06-0588-4d2f-b869-91ea5d80b8fb	GDC_file_uuid:b2c13f06-0588-4d2f-b869-91ea5d80b8fb	2026-07-24T22:44:25Z	4231111	dfa66742f0227a89ff05f6f20ce4bcb25a92c6b17eb976cb071ecc3d11fe5713	See official repository record	verified	metadata/file_manifest.tsv	Raw data not included in release candidate
TCGA-COAD	TCGA-COAD	STAR_gene_counts	a8e85cdd-3770-40a0-837e-6962ec12fcf0.rna_seq.augmented_star_gene_counts.tsv	https://api.gdc.cancer.gov/data/7f1068d7-4a53-4fcf-95b4-8abf5e6f5692	GDC_file_uuid:7f1068d7-4a53-4fcf-95b4-8abf5e6f5692	2026-07-24T22:44:29Z	4209350	2b5f2357b5803764f651888bfa0f6fee8bec774bac23732f6402e2daf905f86e	See official repository record	verified	metadata/file_manifest.tsv	Raw data not included in release candidate
TCGA-COAD	TCGA-COAD	STAR_gene_counts	a9e8922f-fd6c-412d-85f5-40f5ea9b5455.rna_seq.augmented_star_gene_counts.tsv	https://api.gdc.cancer.gov/data/8c0a35ba-ba01-4e11-892f-b38b31d9c483	GDC_file_uuid:8c0a35ba-ba01-4e11-892f-b38b31d9c483	2026-07-24T22:44:33Z	4206679	d0e1b0b54df03187916bc854365c69af4f62c599103e3808d5e2f96f2e6dda35	See official repository record	verified	metadata/file_manifest.tsv	Raw data not included in release candidate
TCGA-COAD	TCGA-COAD	STAR_gene_counts	aad90266-d469-4986-b260-d0df4c2f48e7.rna_seq.augmented_star_gene_counts.tsv	https://api.gdc.cancer.gov/data/f8903180-77d4-4d01-aeaf-a48fdc48db7d	GDC_file_uuid:f8903180-77d4-4d01-aeaf-a48fdc48db7d	2026-07-24T22:44:37Z	4228333	a006c0a8a528f2f9707d2aa7fef130db47a2a20274cb146d770252556b3f52f1	See official repository record	verified	metadata/file_manifest.tsv	Raw data not included in release candidate
TCGA-COAD	TCGA-COAD	STAR_gene_counts	ac271c9e-4219-4880-ad89-0df6d5df0bb4.rna_seq.augmented_star_gene_counts.tsv	https://api.gdc.cancer.gov/data/a72776f7-9845-4fb4-9bc0-5d60ccd7fb95	GDC_file_uuid:a72776f7-9845-4fb4-9bc0-5d60ccd7fb95	2026-07-24T22:44:41Z	4230551	05543a91c0b688ca2ea8ea736f4371475188424505b16dac69c33d906d22c6f1	See official repository record	verified	metadata/file_manifest.tsv	Raw data not included in release candidate
TCGA-COAD	TCGA-COAD	STAR_gene_counts	acf70af7-cea9-4620-82c1-d488e7dab8d0.rna_seq.augmented_star_gene_counts.tsv	https://api.gdc.cancer.gov/data/bbf14b7d-4875-4ee4-80fe-d76d5b2c3a06	GDC_file_uuid:bbf14b7d-4875-4ee4-80fe-d76d5b2c3a06	2026-07-24T22:44:46Z	4206147	6100613c28e65e04325b3af68ee040099e6774f8b46c09f8c286a539c68d2b17	See official repository record	verified	metadata/file_manifest.tsv	Raw data not included in release candidate
TCGA-COAD	TCGA-COAD	STAR_gene_counts	ad16ffcf-fd80-4008-9309-c4fe1e757507.rna_seq.augmented_star_gene_counts.tsv	https://api.gdc.cancer.gov/data/b1b311b9-aae9-4f5d-b9df-60acd9f43c0b	GDC_file_uuid:b1b311b9-aae9-4f5d-b9df-60acd9f43c0b	2026-07-24T22:44:50Z	4212138	2d1c00dbd3cffe3a7da90eaaebdcbadad73e8de4644c75063e3f7497abb67d4b	See official repository record	verified	metadata/file_manifest.tsv	Raw data not included in release candidate
TCGA-COAD	TCGA-COAD	STAR_gene_counts	ad30e5e1-182b-4758-8e70-53e0bcf78072.rna_seq.augmented_star_gene_counts.tsv	https://api.gdc.cancer.gov/data/ffc0e668-4fc8-4278-abcd-67f7b57839c9	GDC_file_uuid:ffc0e668-4fc8-4278-abcd-67f7b57839c9	2026-07-24T22:44:54Z	4231187	0f628016f996fbf9ef37269ce08fd11e81aa520d44575fdb8feccd463acb7045	See official repository record	verified	metadata/file_manifest.tsv	Raw data not included in release candidate
TCGA-COAD	TCGA-COAD	STAR_gene_counts	ad478846-0a75-4081-ac09-37ee5415d9b4.rna_seq.augmented_star_gene_counts.tsv	https://api.gdc.cancer.gov/data/d2bb361b-c78c-482f-b4d4-bd77ac7c0f37	GDC_file_uuid:d2bb361b-c78c-482f-b4d4-bd77ac7c0f37	2026-07-24T22:44:58Z	4214802	17a6e923bf1829e8897d806bf7a95c387f2578a7bd6e976894b3afa0d716344f	See official repository record	verified	metadata/file_manifest.tsv	Raw data not included in release candidate
TCGA-COAD	TCGA-COAD	STAR_gene_counts	ad9039cd-cacc-43f3-8cc1-9a6af5d39e6f.rna_seq.augmented_star_gene_counts.tsv	https://api.gdc.cancer.gov/data/b84848ff-2be3-4de9-b413-a1df82d46085	GDC_file_uuid:b84848ff-2be3-4de9-b413-a1df82d46085	2026-07-24T22:45:02Z	4208984	97f5b0b3f5847297815a5c4fd37c9ff99d8a09cd279ef720d3f739b3798cf6d8	See official repository record	verified	metadata/file_manifest.tsv	Raw data not included in release candidate
TCGA-COAD	TCGA-COAD	STAR_gene_counts	af606e0b-b19b-4c8d-9cf5-6a195978466e.rna_seq.augmented_star_gene_counts.tsv	https://api.gdc.cancer.gov/data/65046b66-0b61-4106-83b0-0b6fa1982850	GDC_file_uuid:65046b66-0b61-4106-83b0-0b6fa1982850	2026-07-24T22:45:07Z	4240512	0a45a99abd1c2ec267ec0d2250379998b327bf38b53c5eac229f97f388105ddf	See official repository record	verified	metadata/file_manifest.tsv	Raw data not included in release candidate
TCGA-COAD	TCGA-COAD	STAR_gene_counts	afdac76a-b30c-4fc9-acfc-3c4c76828d12.rna_seq.augmented_star_gene_counts.tsv	https://api.gdc.cancer.gov/data/35c3dc03-a8cc-46e1-b5f6-4106ff5875f6	GDC_file_uuid:35c3dc03-a8cc-46e1-b5f6-4106ff5875f6	2026-07-24T22:45:11Z	4241188	476fda8cbf9a6401312e42147880428923c92de4bb348165e1e8c6525ff9959e	See official repository record	verified	metadata/file_manifest.tsv	Raw data not included in release candidate
TCGA-COAD	TCGA-COAD	STAR_gene_counts	b02dc7a2-3615-4b6c-a3dd-a866d8561d9d.rna_seq.augmented_star_gene_counts.tsv	https://api.gdc.cancer.gov/data/23facdbd-4c59-463c-960b-1383f5b16fcb	GDC_file_uuid:23facdbd-4c59-463c-960b-1383f5b16fcb	2026-07-24T22:45:15Z	4237037	06a4f5dc74bf97632b20942208856c693d3d5d933747e7fd9ec9f0651b64aeeb	See official repository record	verified	metadata/file_manifest.tsv	Raw data not included in release candidate
TCGA-COAD	TCGA-COAD	STAR_gene_counts	b12ce56d-b73f-4a80-8d53-08fc1ac97ccb.rna_seq.augmented_star_gene_counts.tsv	https://api.gdc.cancer.gov/data/f90ba917-21bf-4822-bc55-00f933c9ec34	GDC_file_uuid:f90ba917-21bf-4822-bc55-00f933c9ec34	2026-07-24T22:45:19Z	4238907	5737a786c69d5d0d1070ff08b2fc386d54ecf9d3d248b2d417bfe7d940721b86	See official repository record	verified	metadata/file_manifest.tsv	Raw data not included in release candidate
TCGA-COAD	TCGA-COAD	STAR_gene_counts	b1dde645-b48d-44e0-9fe0-2af02470ffb5.rna_seq.augmented_star_gene_counts.tsv	https://api.gdc.cancer.gov/data/b6174575-c328-4148-bd77-665e9002f492	GDC_file_uuid:b6174575-c328-4148-bd77-665e9002f492	2026-07-24T22:45:23Z	4209596	34e2b76774e2dc45378bc81756ae566a95f901f6b6136e30b8cdf4a2dfb4bde4	See official repository record	verified	metadata/file_manifest.tsv	Raw data not included in release candidate
TCGA-COAD	TCGA-COAD	STAR_gene_counts	b25e7003-40df-4806-baee-eb8ad1c69643.rna_seq.augmented_star_gene_counts.tsv	https://api.gdc.cancer.gov/data/c741f3fd-133d-470c-8021-cd3432c61ad0	GDC_file_uuid:c741f3fd-133d-470c-8021-cd3432c61ad0	2026-07-24T22:45:27Z	4207808	ac0b3ee5191a6f06ba4ad74c365ea6005fd73ebdbf543b137631ffbeb5dc2412	See official repository record	verified	metadata/file_manifest.tsv	Raw data not included in release candidate
TCGA-COAD	TCGA-COAD	STAR_gene_counts	b291037d-31f4-4303-95c9-7322950a45a7.rna_seq.augmented_star_gene_counts.tsv	https://api.gdc.cancer.gov/data/f50449e1-3056-4704-9e69-61d0ac859b07	GDC_file_uuid:f50449e1-3056-4704-9e69-61d0ac859b07	2026-07-24T22:45:31Z	4227401	18d131cdba1d3162137a4d8cd1eb10014e804364aa97c2e46ce318ecbf90a3ef	See official repository record	verified	metadata/file_manifest.tsv	Raw data not included in release candidate
TCGA-COAD	TCGA-COAD	STAR_gene_counts	b2fa82e4-58f2-4dc6-ad6e-31886a1c9851.rna_seq.augmented_star_gene_counts.tsv	https://api.gdc.cancer.gov/data/bef5f052-9d4c-47a8-82be-3a1bfb991448	GDC_file_uuid:bef5f052-9d4c-47a8-82be-3a1bfb991448	2026-07-24T22:45:35Z	4204656	dd1b50ec1ed123ec1dcdf1a8e037c2d522403388cc142947fcbff1dc57681134	See official repository record	verified	metadata/file_manifest.tsv	Raw data not included in release candidate
TCGA-COAD	TCGA-COAD	STAR_gene_counts	b3c0ffda-f298-45dd-b494-191788cb7013.rna_seq.augmented_star_gene_counts.tsv	https://api.gdc.cancer.gov/data/5e55a9e0-4235-48eb-8f74-0c1cdeeaf4d5	GDC_file_uuid:5e55a9e0-4235-48eb-8f74-0c1cdeeaf4d5	2026-07-24T22:45:40Z	4219167	d62146944eacd52865da3e30831328d5288ad1034d975e40c134ef4c72baa55e	See official repository record	verified	metadata/file_manifest.tsv	Raw data not included in release candidate
TCGA-COAD	TCGA-COAD	STAR_gene_counts	b3e4282d-55bf-43ab-a9af-9e4ec31240ed.rna_seq.augmented_star_gene_counts.tsv	https://api.gdc.cancer.gov/data/756b1010-09e1-425f-8682-f9f8144b3c4c	GDC_file_uuid:756b1010-09e1-425f-8682-f9f8144b3c4c	2026-07-24T22:45:44Z	4229447	9386ea5a7d46bfe05829c3fbd24355620ea6f75f3e8ec1db4d80fd9648b374c2	See official repository record	verified	metadata/file_manifest.tsv	Raw data not included in release candidate
TCGA-COAD	TCGA-COAD	STAR_gene_counts	b483502d-4e7f-46ff-b0f2-e35c51047efb.rna_seq.augmented_star_gene_counts.tsv	https://api.gdc.cancer.gov/data/6b113154-5a0d-445a-8c5f-dc36d102ef12	GDC_file_uuid:6b113154-5a0d-445a-8c5f-dc36d102ef12	2026-07-24T22:45:48Z	4221486	593fffb89c2ad99eadbc646aebd12f87440d273b8a242db57cf36af7a23b0260	See official repository record	verified	metadata/file_manifest.tsv	Raw data not included in release candidate
TCGA-COAD	TCGA-COAD	STAR_gene_counts	b503bcc9-714d-40aa-8709-3b4577ce8007.rna_seq.augmented_star_gene_counts.tsv	https://api.gdc.cancer.gov/data/f01575cb-c8fa-4a21-9e61-768d25cabc58	GDC_file_uuid:f01575cb-c8fa-4a21-9e61-768d25cabc58	2026-07-24T22:45:52Z	4222697	1c3137d2672fe9ff72216be1339ee042aaf5e615a04cf891603518f9d33f71a9	See official repository record	verified	metadata/file_manifest.tsv	Raw data not included in release candidate
TCGA-COAD	TCGA-COAD	STAR_gene_counts	b68594bb-fca3-4f05-a9fa-1e6e88eb4fc5.rna_seq.augmented_star_gene_counts.tsv	https://api.gdc.cancer.gov/data/4dbbeaaa-a820-4c1c-a1a9-d16f1c1040e0	GDC_file_uuid:4dbbeaaa-a820-4c1c-a1a9-d16f1c1040e0	2026-07-24T22:45:56Z	4217171	d9fd900495947430dd3dfd372784ec97a0f2c2394c72bd99339fee56d3477a17	See official repository record	verified	metadata/file_manifest.tsv	Raw data not included in release candidate
TCGA-COAD	TCGA-COAD	STAR_gene_counts	b71da73b-05c2-49e1-85b8-d93980ffe15d.rna_seq.augmented_star_gene_counts.tsv	https://api.gdc.cancer.gov/data/1035f31d-080e-4a79-ada7-6637ed571ee3	GDC_file_uuid:1035f31d-080e-4a79-ada7-6637ed571ee3	2026-07-24T22:46:00Z	4235650	10bf5e7688acd177c691715b68b74336a3700eb8dad3726c0a7a3e9cdddaabdc	See official repository record	verified	metadata/file_manifest.tsv	Raw data not included in release candidate
TCGA-COAD	TCGA-COAD	STAR_gene_counts	b8135e73-31c3-49af-b4da-a7ed5f28d68a.rna_seq.augmented_star_gene_counts.tsv	https://api.gdc.cancer.gov/data/457ab960-e685-4103-97e9-4868dbc364a2	GDC_file_uuid:457ab960-e685-4103-97e9-4868dbc364a2	2026-07-24T22:46:04Z	4229560	8d9be56030523c070a51841fa03d7350d2fc48418b995c7873cee47ef5a0d529	See official repository record	verified	metadata/file_manifest.tsv	Raw data not included in release candidate
TCGA-COAD	TCGA-COAD	STAR_gene_counts	b83a1cf6-50a6-44fa-834d-8b3df88149fa.rna_seq.augmented_star_gene_counts.tsv	https://api.gdc.cancer.gov/data/73ba2db0-55f1-41ef-a9c3-e480caab4edd	GDC_file_uuid:73ba2db0-55f1-41ef-a9c3-e480caab4edd	2026-07-24T22:46:08Z	4189828	28c359cbf8eb103c160d1e8d50abcfbc048619413f9b877d097318e1530e89a1	See official repository record	verified	metadata/file_manifest.tsv	Raw data not included in release candidate
TCGA-COAD	TCGA-COAD	STAR_gene_counts	b9389390-aa03-406c-957e-2bc264f9468e.rna_seq.augmented_star_gene_counts.tsv	https://api.gdc.cancer.gov/data/14eb25f3-a5ea-4589-9fdc-73da9e2ca081	GDC_file_uuid:14eb25f3-a5ea-4589-9fdc-73da9e2ca081	2026-07-24T22:46:12Z	4202604	92c3b97b5a95584fca9f329cee6f44f53160e785a9c258ab160f1b55cfaafca8	See official repository record	verified	metadata/file_manifest.tsv	Raw data not included in release candidate
TCGA-COAD	TCGA-COAD	STAR_gene_counts	b9cadac9-9bb4-4bc8-9303-d05ad06778cc.rna_seq.augmented_star_gene_counts.tsv	https://api.gdc.cancer.gov/data/7ddaddba-2af8-4679-b3b5-9901babe0057	GDC_file_uuid:7ddaddba-2af8-4679-b3b5-9901babe0057	2026-07-24T22:46:17Z	4228441	8a13298a21fba09c79aba2bbe2987c4f483e0e1eda30571a0bde3a5ed7498d06	See official repository record	verified	metadata/file_manifest.tsv	Raw data not included in release candidate
TCGA-COAD	TCGA-COAD	STAR_gene_counts	ba2b0b86-f7f1-47f7-b0fd-bec3f623febb.rna_seq.augmented_star_gene_counts.tsv	https://api.gdc.cancer.gov/data/b7aa491d-f50f-4f9b-b8ac-1572cd6cd1ef	GDC_file_uuid:b7aa491d-f50f-4f9b-b8ac-1572cd6cd1ef	2026-07-24T22:46:21Z	4224222	9c4ed76d75ef82689545ca44d24dd4ec4f236bf94b9d9dd474fb988c6138b730	See official repository record	verified	metadata/file_manifest.tsv	Raw data not included in release candidate
TCGA-COAD	TCGA-COAD	STAR_gene_counts	ba6ae99d-73a8-48a5-b038-749434ae2f11.rna_seq.augmented_star_gene_counts.tsv	https://api.gdc.cancer.gov/data/530bff57-a892-435d-94df-ddc7dbd45fb9	GDC_file_uuid:530bff57-a892-435d-94df-ddc7dbd45fb9	2026-07-24T22:46:25Z	4237522	bed8a4cc974ff2870e342278e9e3a803642da25207426b62626bbfe78d585392	See official repository record	verified	metadata/file_manifest.tsv	Raw data not included in release candidate
TCGA-COAD	TCGA-COAD	STAR_gene_counts	ba75fc37-5d69-42b3-911e-1d6d4b0bd881.rna_seq.augmented_star_gene_counts.tsv	https://api.gdc.cancer.gov/data/6934650e-c547-452e-a953-54b7ee4177ec	GDC_file_uuid:6934650e-c547-452e-a953-54b7ee4177ec	2026-07-24T22:46:29Z	4206532	3bfb37bbc8d2f27da525c980b39b207c7a65157e6e96a78b23c6e1a68e262c59	See official repository record	verified	metadata/file_manifest.tsv	Raw data not included in release candidate
TCGA-COAD	TCGA-COAD	STAR_gene_counts	bae6fdb5-9df3-433c-9a4c-e5c159a62bc6.rna_seq.augmented_star_gene_counts.tsv	https://api.gdc.cancer.gov/data/bba0553b-afd2-470f-b0f3-a31ef377e62d	GDC_file_uuid:bba0553b-afd2-470f-b0f3-a31ef377e62d	2026-07-24T22:46:33Z	4233914	3f638279f48e2f3722a8738714ce69011efcbd4e1c3e66400b77f21fa43b80f0	See official repository record	verified	metadata/file_manifest.tsv	Raw data not included in release candidate
TCGA-COAD	TCGA-COAD	STAR_gene_counts	bb3dc2ff-a686-483e-8d3c-e06649462881.rna_seq.augmented_star_gene_counts.tsv	https://api.gdc.cancer.gov/data/1cb8f903-423c-47ff-ba6c-b3838a75cd22	GDC_file_uuid:1cb8f903-423c-47ff-ba6c-b3838a75cd22	2026-07-24T22:46:37Z	4211828	22c4ec32cd6496df6f528332c0c7f1312ce637b8ae6e602dc30646a9fcc28aeb	See official repository record	verified	metadata/file_manifest.tsv	Raw data not included in release candidate
TCGA-COAD	TCGA-COAD	STAR_gene_counts	bbeadeec-bb57-4762-8828-3bd1696748fb.rna_seq.augmented_star_gene_counts.tsv	https://api.gdc.cancer.gov/data/c834cb75-259c-40bd-93cc-48f9756cc47a	GDC_file_uuid:c834cb75-259c-40bd-93cc-48f9756cc47a	2026-07-24T22:46:41Z	4218016	e0be79c4249a9c21fa5e242162982c90a1b1791ae3477d00339703e5841b0d43	See official repository record	verified	metadata/file_manifest.tsv	Raw data not included in release candidate
TCGA-COAD	TCGA-COAD	STAR_gene_counts	bbebd6d9-66e6-4aa3-bf80-13b7836fe206.rna_seq.augmented_star_gene_counts.tsv	https://api.gdc.cancer.gov/data/39cc4b89-1b55-4683-b942-f3c11111a052	GDC_file_uuid:39cc4b89-1b55-4683-b942-f3c11111a052	2026-07-24T22:46:47Z	4238862	136148ea193088f1fb592990c2563c1cbf04968811232c3c132580eff4d3c66b	See official repository record	verified	metadata/file_manifest.tsv	Raw data not included in release candidate
TCGA-COAD	TCGA-COAD	STAR_gene_counts	bd612ef1-6169-4a4c-8d9d-c45075f6d259.rna_seq.augmented_star_gene_counts.tsv	https://api.gdc.cancer.gov/data/62884f50-b796-4894-b76e-4b8df0985ec6	GDC_file_uuid:62884f50-b796-4894-b76e-4b8df0985ec6	2026-07-24T22:46:51Z	4242149	ac4b7b66d81d931a4d48d38fd62472523f275d0e0d661a8d27273fb4dc69a22d	See official repository record	verified	metadata/file_manifest.tsv	Raw data not included in release candidate
TCGA-COAD	TCGA-COAD	STAR_gene_counts	bd844a66-bb61-4ba1-9301-1bdeec35620f.rna_seq.augmented_star_gene_counts.tsv	https://api.gdc.cancer.gov/data/c4ac41f0-1880-4fc0-a9e9-69856a6c373d	GDC_file_uuid:c4ac41f0-1880-4fc0-a9e9-69856a6c373d	2026-07-24T22:46:55Z	4217642	2c3f1f37321c63ce6693cc6c2fe5798761330db46e0dbcc59e32e40f3c670436	See official repository record	verified	metadata/file_manifest.tsv	Raw data not included in release candidate
TCGA-COAD	TCGA-COAD	STAR_gene_counts	be10ae89-8bc1-4ef3-aae2-8e49379d8649.rna_seq.augmented_star_gene_counts.tsv	https://api.gdc.cancer.gov/data/815fe2c4-9815-416b-b44f-9cd48c6aba89	GDC_file_uuid:815fe2c4-9815-416b-b44f-9cd48c6aba89	2026-07-24T22:46:59Z	4229861	b70a93541032446737050174fd22261ba60bb7d326516aebc3f1fbe7b9fa0741	See official repository record	verified	metadata/file_manifest.tsv	Raw data not included in release candidate
TCGA-COAD	TCGA-COAD	STAR_gene_counts	be297c26-df4c-4ae2-a117-a8c6d1cfb421.rna_seq.augmented_star_gene_counts.tsv	https://api.gdc.cancer.gov/data/a3205a5c-e22a-4a1d-91eb-48d2d4e51e97	GDC_file_uuid:a3205a5c-e22a-4a1d-91eb-48d2d4e51e97	2026-07-24T22:47:03Z	4202151	fba338ed18a6cff18b989108deb79b74de3d30d678dc55478518a3d1af2839be	See official repository record	verified	metadata/file_manifest.tsv	Raw data not included in release candidate
TCGA-COAD	TCGA-COAD	STAR_gene_counts	be971158-ffec-4142-afc3-4ea3164fa86c.rna_seq.augmented_star_gene_counts.tsv	https://api.gdc.cancer.gov/data/80f240dd-0e19-47f3-a454-60bf0f1e0d71	GDC_file_uuid:80f240dd-0e19-47f3-a454-60bf0f1e0d71	2026-07-24T22:47:07Z	4204950	f222738705a605ef354b012c13846e56085da21fa7600a65c09dcfc109eac791	See official repository record	verified	metadata/file_manifest.tsv	Raw data not included in release candidate
TCGA-COAD	TCGA-COAD	STAR_gene_counts	bf312cd5-e251-4d63-95b5-c379b3ef5ded.rna_seq.augmented_star_gene_counts.tsv	https://api.gdc.cancer.gov/data/ec9db2fa-3020-45a0-8400-1fa607fdbf05	GDC_file_uuid:ec9db2fa-3020-45a0-8400-1fa607fdbf05	2026-07-24T22:47:11Z	4220728	3046180dc49df4cd042353b9b2e3cc4f6624aae887c0bf17dc73e42e532d8fdd	See official repository record	verified	metadata/file_manifest.tsv	Raw data not included in release candidate
TCGA-COAD	TCGA-COAD	STAR_gene_counts	bf33f73b-a3b5-4585-a759-7bea4384e703.rna_seq.augmented_star_gene_counts.tsv	https://api.gdc.cancer.gov/data/3b8b7b48-4dd6-48c0-b36f-a554b5a2e0a9	GDC_file_uuid:3b8b7b48-4dd6-48c0-b36f-a554b5a2e0a9	2026-07-24T22:47:15Z	4234000	9f842d7bfb9f3402b9d7f1a9601ccf78c0b233bc0283cd0862b44e5f83538714	See official repository record	verified	metadata/file_manifest.tsv	Raw data not included in release candidate
TCGA-COAD	TCGA-COAD	STAR_gene_counts	bf5f606f-17ae-46bb-b687-7863ab3d97b1.rna_seq.augmented_star_gene_counts.tsv	https://api.gdc.cancer.gov/data/3530cc00-2ddb-42ad-98b7-997310495567	GDC_file_uuid:3530cc00-2ddb-42ad-98b7-997310495567	2026-07-24T22:47:19Z	4236111	7cf279722fe938674c109478d46621b37e2a423cef2b3e31190a5ca992dd9112	See official repository record	verified	metadata/file_manifest.tsv	Raw data not included in release candidate
TCGA-COAD	TCGA-COAD	STAR_gene_counts	bf93be3e-d4f1-4efb-9841-ca8ad81b237e.rna_seq.augmented_star_gene_counts.tsv	https://api.gdc.cancer.gov/data/54c73151-7796-4392-83ec-c3bc7857533e	GDC_file_uuid:54c73151-7796-4392-83ec-c3bc7857533e	2026-07-24T22:47:23Z	4212759	9c39f33e3adbc6822f92524c2e01f865853c1dcc1a9647cdb071c8192734987c	See official repository record	verified	metadata/file_manifest.tsv	Raw data not included in release candidate
TCGA-COAD	TCGA-COAD	STAR_gene_counts	c0529681-133f-47a6-bb6d-cd10c738524b.rna_seq.augmented_star_gene_counts.tsv	https://api.gdc.cancer.gov/data/dc0b07cb-49fb-44d0-b4d0-e99d50532d6d	GDC_file_uuid:dc0b07cb-49fb-44d0-b4d0-e99d50532d6d	2026-07-24T22:47:27Z	4234053	ca1cdbaf53c100568209f90518358c461f21284c26305f60e3528ac3083ae6d3	See official repository record	verified	metadata/file_manifest.tsv	Raw data not included in release candidate
TCGA-COAD	TCGA-COAD	STAR_gene_counts	c174e0ae-4b0a-4170-9122-b7da8ec61eac.rna_seq.augmented_star_gene_counts.tsv	https://api.gdc.cancer.gov/data/02033780-6bc1-407d-bd0f-45b6d74ae87b	GDC_file_uuid:02033780-6bc1-407d-bd0f-45b6d74ae87b	2026-07-24T22:47:31Z	4225403	0b6826a34c5b63b4d3505b8357708c7ec534d565bf6486546f34203149de4255	See official repository record	verified	metadata/file_manifest.tsv	Raw data not included in release candidate
TCGA-COAD	TCGA-COAD	STAR_gene_counts	c1b43ace-3691-4c64-9fb1-4c1e94735b1e.rna_seq.augmented_star_gene_counts.tsv	https://api.gdc.cancer.gov/data/ee9a460d-1b5e-451e-8b4b-7608a21f093d	GDC_file_uuid:ee9a460d-1b5e-451e-8b4b-7608a21f093d	2026-07-24T22:47:35Z	4229253	2a8bf41798a1d430a9fd894eadfaf5779045a490a8e6ff8f030970292c0fb512	See official repository record	verified	metadata/file_manifest.tsv	Raw data not included in release candidate
TCGA-COAD	TCGA-COAD	STAR_gene_counts	c22c07cb-8215-47e8-9525-074fda8d7d59.rna_seq.augmented_star_gene_counts.tsv	https://api.gdc.cancer.gov/data/97fb41bc-f5a9-4b70-b631-9da9ff44b5fd	GDC_file_uuid:97fb41bc-f5a9-4b70-b631-9da9ff44b5fd	2026-07-24T22:47:40Z	4193413	a96b615d11bf93dfbc23f911fc6f39591f9962f0fa0a4ae0ab5c7c87f7cdf6f0	See official repository record	verified	metadata/file_manifest.tsv	Raw data not included in release candidate
TCGA-COAD	TCGA-COAD	STAR_gene_counts	c277dab0-361f-4aa6-96b1-522a6e556ae1.rna_seq.augmented_star_gene_counts.tsv	https://api.gdc.cancer.gov/data/4781cfea-da20-42ff-aefe-2eaa168f9e34	GDC_file_uuid:4781cfea-da20-42ff-aefe-2eaa168f9e34	2026-07-24T22:47:44Z	4235863	837d48bad5c2b9b2d031f4b2afda57842a9444fc2fa19aa81d33c390dc67b521	See official repository record	verified	metadata/file_manifest.tsv	Raw data not included in release candidate
TCGA-COAD	TCGA-COAD	STAR_gene_counts	c27efb38-3f6d-4dd1-b591-d2bea872d35f.rna_seq.augmented_star_gene_counts.tsv	https://api.gdc.cancer.gov/data/f9171012-0462-4796-a87b-bdad96cdb9f4	GDC_file_uuid:f9171012-0462-4796-a87b-bdad96cdb9f4	2026-07-24T22:47:48Z	4227791	026e8950ebddbce84bdb33c9c59ea35a17b688e465eeeb376b8d87f17f23bdfa	See official repository record	verified	metadata/file_manifest.tsv	Raw data not included in release candidate
TCGA-COAD	TCGA-COAD	STAR_gene_counts	c340b651-bd01-4194-a67b-e801d0feeb2b.rna_seq.augmented_star_gene_counts.tsv	https://api.gdc.cancer.gov/data/53b142d5-e3b6-48ba-b8a0-44a385b2e153	GDC_file_uuid:53b142d5-e3b6-48ba-b8a0-44a385b2e153	2026-07-24T22:47:52Z	4232800	e6e37188f32dfd6a353ebb0229159c13ed70cc485a9c14c64a1527847801a164	See official repository record	verified	metadata/file_manifest.tsv	Raw data not included in release candidate
TCGA-COAD	TCGA-COAD	STAR_gene_counts	c4438838-dcf9-47bb-b796-4a37dbfa369b.rna_seq.augmented_star_gene_counts.tsv	https://api.gdc.cancer.gov/data/bdb54e47-4d66-4ca2-9709-e17c808c606f	GDC_file_uuid:bdb54e47-4d66-4ca2-9709-e17c808c606f	2026-07-24T22:47:56Z	4223427	c54c4182b393cba414be92681d8e84d4bbbc9ff2f31511d4eee31f58effd7dc7	See official repository record	verified	metadata/file_manifest.tsv	Raw data not included in release candidate
TCGA-COAD	TCGA-COAD	STAR_gene_counts	c4464d1a-4513-44af-a555-68cd0ca584b1.rna_seq.augmented_star_gene_counts.tsv	https://api.gdc.cancer.gov/data/a06c89f2-be32-4102-b126-45dcfd364dae	GDC_file_uuid:a06c89f2-be32-4102-b126-45dcfd364dae	2026-07-24T22:48:01Z	4235514	89c77b0f79c4861de51e75ba59ff0e72362249142227d8c7fb759920b59397b5	See official repository record	verified	metadata/file_manifest.tsv	Raw data not included in release candidate
TCGA-COAD	TCGA-COAD	STAR_gene_counts	c4779698-5c81-4eed-80ac-80fdd47f658b.rna_seq.augmented_star_gene_counts.tsv	https://api.gdc.cancer.gov/data/b71a9539-73e5-45a1-95fe-7ab4b130dd63	GDC_file_uuid:b71a9539-73e5-45a1-95fe-7ab4b130dd63	2026-07-24T22:48:05Z	4209264	05defb201f8ad8df4408a47c2e7f217ad090b190980c115bd5fa589cd285fe11	See official repository record	verified	metadata/file_manifest.tsv	Raw data not included in release candidate
TCGA-COAD	TCGA-COAD	STAR_gene_counts	c58c72c3-3152-461a-b55a-9bcccc0b71f4.rna_seq.augmented_star_gene_counts.tsv	https://api.gdc.cancer.gov/data/8b7acbfc-5614-45dc-99b6-bbcb34dfc32f	GDC_file_uuid:8b7acbfc-5614-45dc-99b6-bbcb34dfc32f	2026-07-24T22:48:09Z	4230052	23f786ea89c283e98a17f172d9e30a0882cf8b1358fb54c6b6441e975c20aa8e	See official repository record	verified	metadata/file_manifest.tsv	Raw data not included in release candidate
TCGA-COAD	TCGA-COAD	STAR_gene_counts	c63f3f74-14fa-4a9e-9925-30b0f5da7dd9.rna_seq.augmented_star_gene_counts.tsv	https://api.gdc.cancer.gov/data/f0da29bd-6e1f-43f6-90f6-1c6dd9934977	GDC_file_uuid:f0da29bd-6e1f-43f6-90f6-1c6dd9934977	2026-07-24T22:48:13Z	4207255	e74ed7a8c4f768288f4adfd26bcdf8632b442f8d74bd067740a139e159307b0c	See official repository record	verified	metadata/file_manifest.tsv	Raw data not included in release candidate
TCGA-COAD	TCGA-COAD	STAR_gene_counts	c698e8a5-cea5-4d25-953b-674cf45b64d5.rna_seq.augmented_star_gene_counts.tsv	https://api.gdc.cancer.gov/data/f8e889d1-f5de-4f1e-af61-ffe68f5e98cd	GDC_file_uuid:f8e889d1-f5de-4f1e-af61-ffe68f5e98cd	2026-07-24T22:48:17Z	4228000	eeeb02fbca63e42040949dc575932793eda47346dcb62e098c88d2541f791bbf	See official repository record	verified	metadata/file_manifest.tsv	Raw data not included in release candidate
TCGA-COAD	TCGA-COAD	STAR_gene_counts	c69a9c54-79cd-45d2-b6ba-68b6a1ac0afc.rna_seq.augmented_star_gene_counts.tsv	https://api.gdc.cancer.gov/data/4cf322d0-afa6-4109-aa0e-a25e587619f8	GDC_file_uuid:4cf322d0-afa6-4109-aa0e-a25e587619f8	2026-07-24T22:48:21Z	4235721	895859b6fb4ac7e9f4293bf82367be21a70bdd5edd1244b0be3155af8d019535	See official repository record	verified	metadata/file_manifest.tsv	Raw data not included in release candidate
TCGA-COAD	TCGA-COAD	STAR_gene_counts	c6b8ebf0-1000-41c9-9d72-5d0cd07e7255.rna_seq.augmented_star_gene_counts.tsv	https://api.gdc.cancer.gov/data/f1c92755-1e8f-4bdb-bcc9-d0c93d0b9467	GDC_file_uuid:f1c92755-1e8f-4bdb-bcc9-d0c93d0b9467	2026-07-24T22:48:26Z	4224314	a61254c1ff52eae6faaa8963c2823616a9363ebb027bb931f97a312072b1ed92	See official repository record	verified	metadata/file_manifest.tsv	Raw data not included in release candidate
TCGA-COAD	TCGA-COAD	STAR_gene_counts	c6c161fd-9f0a-4ad5-96ba-b9ce811348fc.rna_seq.augmented_star_gene_counts.tsv	https://api.gdc.cancer.gov/data/65fac9c4-d88b-4bd2-acc6-6707542bb716	GDC_file_uuid:65fac9c4-d88b-4bd2-acc6-6707542bb716	2026-07-24T22:48:30Z	4228148	5b3f57686a07384f38e030071d3c0cde8605ecb5f9d6254d69fbb63275b93f00	See official repository record	verified	metadata/file_manifest.tsv	Raw data not included in release candidate
TCGA-COAD	TCGA-COAD	STAR_gene_counts	c7a22797-676e-4f10-a51d-e3ee91a29a21.rna_seq.augmented_star_gene_counts.tsv	https://api.gdc.cancer.gov/data/c6688171-4c26-4e27-baa5-34c51fb1fc48	GDC_file_uuid:c6688171-4c26-4e27-baa5-34c51fb1fc48	2026-07-24T22:48:34Z	4230791	4e17084c29850d0407f5229b52866f735f0221382cb42b192d57776049e2e5bb	See official repository record	verified	metadata/file_manifest.tsv	Raw data not included in release candidate
TCGA-COAD	TCGA-COAD	STAR_gene_counts	c7aea5a2-5772-4475-8ca6-326193eeb69e.rna_seq.augmented_star_gene_counts.tsv	https://api.gdc.cancer.gov/data/17721431-150a-4fee-bfbe-b20a969f67a7	GDC_file_uuid:17721431-150a-4fee-bfbe-b20a969f67a7	2026-07-24T22:48:37Z	4206852	2e0fd8843213727696972f7f5f57616769b4b54406c6dfe1f2c46ecd47f02778	See official repository record	verified	metadata/file_manifest.tsv	Raw data not included in release candidate
TCGA-COAD	TCGA-COAD	STAR_gene_counts	c85dbfa4-b894-4ccb-9b90-94bb2c47cfea.rna_seq.augmented_star_gene_counts.tsv	https://api.gdc.cancer.gov/data/b397a5bf-171b-4cd2-9dfe-774f24b5f200	GDC_file_uuid:b397a5bf-171b-4cd2-9dfe-774f24b5f200	2026-07-24T22:48:41Z	4200086	17aa36cbc5201a62382cb20a3c13d94d1f59fe2042d0ee69410e6f9600456064	See official repository record	verified	metadata/file_manifest.tsv	Raw data not included in release candidate
TCGA-COAD	TCGA-COAD	STAR_gene_counts	c86cd6e5-cb8f-40d1-95ac-2fda1d309808.rna_seq.augmented_star_gene_counts.tsv	https://api.gdc.cancer.gov/data/907887ee-f97b-4209-b341-d37e17fd1995	GDC_file_uuid:907887ee-f97b-4209-b341-d37e17fd1995	2026-07-24T22:48:45Z	4229916	14ee352a611a9e14c50518b0075dfebaec77deb84e082c5b5155f5ad326a7139	See official repository record	verified	metadata/file_manifest.tsv	Raw data not included in release candidate
TCGA-COAD	TCGA-COAD	STAR_gene_counts	c874c481-cff8-4e2d-99b1-3b5aeaaecb8e.rna_seq.augmented_star_gene_counts.tsv	https://api.gdc.cancer.gov/data/cd10bd5e-b75b-4d47-a103-9c259dcf1a19	GDC_file_uuid:cd10bd5e-b75b-4d47-a103-9c259dcf1a19	2026-07-24T22:48:49Z	4205071	71633e0acb2290e5adce11de01142472724ffb98e6db631185f59f6c987e4e95	See official repository record	verified	metadata/file_manifest.tsv	Raw data not included in release candidate
TCGA-COAD	TCGA-COAD	STAR_gene_counts	c8c7600d-2c13-4df1-b058-2d02432bd49e.rna_seq.augmented_star_gene_counts.tsv	https://api.gdc.cancer.gov/data/2c73d8ac-84b9-4094-9f5e-fbd6c2e8eabf	GDC_file_uuid:2c73d8ac-84b9-4094-9f5e-fbd6c2e8eabf	2026-07-24T22:48:54Z	4216302	a082d9652b6bb9d799fb7e08804a6caaa75cfddca34d6a3ed2cef0e6f1ca1864	See official repository record	verified	metadata/file_manifest.tsv	Raw data not included in release candidate
TCGA-COAD	TCGA-COAD	STAR_gene_counts	c96595aa-4604-4ec6-8b54-c97b3543777e.rna_seq.augmented_star_gene_counts.tsv	https://api.gdc.cancer.gov/data/f6187446-84f1-42a5-81cd-75bc009a223a	GDC_file_uuid:f6187446-84f1-42a5-81cd-75bc009a223a	2026-07-24T22:48:59Z	4210325	f21e967ca352a7c4fb26c85a72590432041a8b007e316fbdfe6b6ffa945ab07f	See official repository record	verified	metadata/file_manifest.tsv	Raw data not included in release candidate
TCGA-COAD	TCGA-COAD	STAR_gene_counts	c98732eb-48c4-4554-bdf6-0e9a0a9273ec.rna_seq.augmented_star_gene_counts.tsv	https://api.gdc.cancer.gov/data/ff119a75-c47a-40bd-ac85-95725e40629a	GDC_file_uuid:ff119a75-c47a-40bd-ac85-95725e40629a	2026-07-24T22:49:03Z	4231878	eeefa399b50b4d9c5119215c5ebea01caf04e074298fd7a8cef6a069c49c043e	See official repository record	verified	metadata/file_manifest.tsv	Raw data not included in release candidate
TCGA-COAD	TCGA-COAD	STAR_gene_counts	ca41a924-f82c-4e83-996b-35261387ad3a.rna_seq.augmented_star_gene_counts.tsv	https://api.gdc.cancer.gov/data/1b1f27c1-950f-49a9-95b9-5104d433ad3e	GDC_file_uuid:1b1f27c1-950f-49a9-95b9-5104d433ad3e	2026-07-24T22:49:08Z	4207733	9cfaafc59a829a721e298ca56a0659aadde8dd32afdbb699738b4e38a27a2940	See official repository record	verified	metadata/file_manifest.tsv	Raw data not included in release candidate
TCGA-COAD	TCGA-COAD	STAR_gene_counts	ca7ac1e1-4c44-40a5-8094-eeebc0c2c5a2.rna_seq.augmented_star_gene_counts.tsv	https://api.gdc.cancer.gov/data/aa12b89c-6964-4602-9455-07c2be1f2762	GDC_file_uuid:aa12b89c-6964-4602-9455-07c2be1f2762	2026-07-24T22:49:12Z	4209408	4a26fcecc541e6842bbdd5882bd594740267b8c1e331410621cf06574605b1aa	See official repository record	verified	metadata/file_manifest.tsv	Raw data not included in release candidate
TCGA-COAD	TCGA-COAD	STAR_gene_counts	cabd9320-506a-4695-a18a-7c8602633f90.rna_seq.augmented_star_gene_counts.tsv	https://api.gdc.cancer.gov/data/ed428ab3-822a-4dbb-9dae-be7e71949b48	GDC_file_uuid:ed428ab3-822a-4dbb-9dae-be7e71949b48	2026-07-24T22:49:16Z	4232774	4f4d0556dd7626fe9b1fc37ee4624490277a290de6b33f321892ac4e8bd723b1	See official repository record	verified	metadata/file_manifest.tsv	Raw data not included in release candidate
TCGA-COAD	TCGA-COAD	STAR_gene_counts	cadbc884-10b6-41e4-8aee-dc11a1453b8c.rna_seq.augmented_star_gene_counts.tsv	https://api.gdc.cancer.gov/data/6bf81928-1d79-4e7f-90e2-2ce92d23a889	GDC_file_uuid:6bf81928-1d79-4e7f-90e2-2ce92d23a889	2026-07-24T22:49:20Z	4242595	5d1a20018794c6e69870b54d71c8c3704bc9c81e3f1dbf399cb82571dceb9d4c	See official repository record	verified	metadata/file_manifest.tsv	Raw data not included in release candidate
TCGA-COAD	TCGA-COAD	STAR_gene_counts	cb6e4e0c-6f89-4ea5-a89d-1b0da8cf7fac.rna_seq.augmented_star_gene_counts.tsv	https://api.gdc.cancer.gov/data/ac731d82-8a46-4e68-baba-401977b5ac9f	GDC_file_uuid:ac731d82-8a46-4e68-baba-401977b5ac9f	2026-07-24T22:49:25Z	4217179	ba05c64acd345d4bce5be6aa0a550c3484e3d708cca3bd78e2f0fb5c6946d991	See official repository record	verified	metadata/file_manifest.tsv	Raw data not included in release candidate
TCGA-COAD	TCGA-COAD	STAR_gene_counts	cc158c27-a2f0-4403-ae01-913bfcc623cc.rna_seq.augmented_star_gene_counts.tsv	https://api.gdc.cancer.gov/data/a64548d5-604d-4c26-81c0-9928eb95b0d0	GDC_file_uuid:a64548d5-604d-4c26-81c0-9928eb95b0d0	2026-07-24T22:49:29Z	4208079	234786fe8c46505e899607c23ce474abfa20acabd56db47cab8b6b3cb6272feb	See official repository record	verified	metadata/file_manifest.tsv	Raw data not included in release candidate
TCGA-COAD	TCGA-COAD	STAR_gene_counts	cd10f4f7-d92b-4152-8595-332686e4605a.rna_seq.augmented_star_gene_counts.tsv	https://api.gdc.cancer.gov/data/d84aa7f4-7210-4121-9e4a-e6000d30ff90	GDC_file_uuid:d84aa7f4-7210-4121-9e4a-e6000d30ff90	2026-07-24T22:49:33Z	4223236	3d9451dc1dd20c4f437e3afc19feeb26e6fcdab765e2637a4ced9cccdedaf0d2	See official repository record	verified	metadata/file_manifest.tsv	Raw data not included in release candidate
TCGA-COAD	TCGA-COAD	STAR_gene_counts	cdb7b56c-ddca-4596-bfa2-6823c12837e2.rna_seq.augmented_star_gene_counts.tsv	https://api.gdc.cancer.gov/data/51827714-d499-41cb-a21c-e0845fb8f444	GDC_file_uuid:51827714-d499-41cb-a21c-e0845fb8f444	2026-07-24T22:49:37Z	4235574	de74c6236ef0632cf939db50dab658013f15108bad0a5e85a6ebdfce20891854	See official repository record	verified	metadata/file_manifest.tsv	Raw data not included in release candidate
TCGA-COAD	TCGA-COAD	STAR_gene_counts	cddceb59-733b-48d1-9b75-46c9949f7794.rna_seq.augmented_star_gene_counts.tsv	https://api.gdc.cancer.gov/data/580959a1-736e-4dde-a794-b6f9dbc7e252	GDC_file_uuid:580959a1-736e-4dde-a794-b6f9dbc7e252	2026-07-24T22:49:41Z	4202862	0450e1942bae76a8441ee6a5e2525676354fc6534a86df3c5b0d15b5ea0aab06	See official repository record	verified	metadata/file_manifest.tsv	Raw data not included in release candidate
TCGA-COAD	TCGA-COAD	STAR_gene_counts	ce41f5d1-6e6d-4fc8-b8ed-a9479bcc8add.rna_seq.augmented_star_gene_counts.tsv	https://api.gdc.cancer.gov/data/543d11e8-5149-4843-b904-11c4a0078e54	GDC_file_uuid:543d11e8-5149-4843-b904-11c4a0078e54	2026-07-24T22:49:45Z	4211130	f63e10b79e33cba1f572681d8c62a664a31850bbbde6ec7a351c764595f9b9b0	See official repository record	verified	metadata/file_manifest.tsv	Raw data not included in release candidate
TCGA-COAD	TCGA-COAD	STAR_gene_counts	cfbdbfeb-7550-46dc-bd3b-bf85c4a14443.rna_seq.augmented_star_gene_counts.tsv	https://api.gdc.cancer.gov/data/228b425f-ddc8-46e4-b246-41f4389b7a97	GDC_file_uuid:228b425f-ddc8-46e4-b246-41f4389b7a97	2026-07-24T22:49:49Z	4237552	390235715c486105f65001fac1df74eafba7c41e3459d0d7e9b0dc28be996b99	See official repository record	verified	metadata/file_manifest.tsv	Raw data not included in release candidate
TCGA-COAD	TCGA-COAD	STAR_gene_counts	cfda240e-d071-418b-9a7d-a6fd30e60cdf.rna_seq.augmented_star_gene_counts.tsv	https://api.gdc.cancer.gov/data/550847bc-9dab-4a7e-9e70-8d0fea7a7cad	GDC_file_uuid:550847bc-9dab-4a7e-9e70-8d0fea7a7cad	2026-07-24T22:49:54Z	4236931	d67b26e9985282c431033c41391a83790387d3e53974c1d993c47aa08903ebf8	See official repository record	verified	metadata/file_manifest.tsv	Raw data not included in release candidate
TCGA-COAD	TCGA-COAD	STAR_gene_counts	d0b02f2e-ff79-430c-80f7-6156860e6780.rna_seq.augmented_star_gene_counts.tsv	https://api.gdc.cancer.gov/data/1630f3a7-898d-43ee-93ad-b9486024d323	GDC_file_uuid:1630f3a7-898d-43ee-93ad-b9486024d323	2026-07-24T22:49:58Z	4215983	affe438a0ffeb96837e6831a0e328febcaa898a863c846026de1f2541e4a12c1	See official repository record	verified	metadata/file_manifest.tsv	Raw data not included in release candidate
TCGA-COAD	TCGA-COAD	STAR_gene_counts	d1447a31-64bb-4e70-ae50-eeff7a605f38.rna_seq.augmented_star_gene_counts.tsv	https://api.gdc.cancer.gov/data/90b8a6ce-af5d-48ec-8d64-6642b0882598	GDC_file_uuid:90b8a6ce-af5d-48ec-8d64-6642b0882598	2026-07-24T22:50:02Z	4235088	46ff364e1fb4f96a20b34b5c09ff02792f45782ee16621b2a877eca6a4cc5a98	See official repository record	verified	metadata/file_manifest.tsv	Raw data not included in release candidate
TCGA-COAD	TCGA-COAD	STAR_gene_counts	d1d0621d-c3d5-4162-bd79-8c1f71a140ef.rna_seq.augmented_star_gene_counts.tsv	https://api.gdc.cancer.gov/data/b0595fa6-6c48-4add-b4b7-69c6425bf780	GDC_file_uuid:b0595fa6-6c48-4add-b4b7-69c6425bf780	2026-07-24T22:50:06Z	4228074	aa6017c29ad0d40e2fe1a3cde4a978242cada6952f6ec688a04a60ba569893f1	See official repository record	verified	metadata/file_manifest.tsv	Raw data not included in release candidate
TCGA-COAD	TCGA-COAD	STAR_gene_counts	d22c9285-50cf-4724-9f81-606fb54c00fc.rna_seq.augmented_star_gene_counts.tsv	https://api.gdc.cancer.gov/data/411ef195-13d2-4c3a-b8df-b3e6150fe73d	GDC_file_uuid:411ef195-13d2-4c3a-b8df-b3e6150fe73d	2026-07-24T22:50:10Z	4215553	dc8f3b342035731ba71208efc4e7c6a96785ad207ebf9fa605f021c3b14a455a	See official repository record	verified	metadata/file_manifest.tsv	Raw data not included in release candidate
TCGA-COAD	TCGA-COAD	STAR_gene_counts	d25af392-21ad-4aa6-8669-34656bf71af5.rna_seq.augmented_star_gene_counts.tsv	https://api.gdc.cancer.gov/data/d6af00a8-d733-4788-aaf4-8522479eba2d	GDC_file_uuid:d6af00a8-d733-4788-aaf4-8522479eba2d	2026-07-24T22:50:15Z	4194374	9f34e020e38d622f56db633034d6c21014a235b4505a309e0583312797a42283	See official repository record	verified	metadata/file_manifest.tsv	Raw data not included in release candidate
TCGA-COAD	TCGA-COAD	STAR_gene_counts	d26edfd0-8a93-4c98-8567-05b997eb2ea6.rna_seq.augmented_star_gene_counts.tsv	https://api.gdc.cancer.gov/data/c476e501-9bad-43b1-8a9a-393b06dcefb3	GDC_file_uuid:c476e501-9bad-43b1-8a9a-393b06dcefb3	2026-07-24T22:50:19Z	4183979	676e61a9a8cce2cb4c1b18537b3f5cf28bd12bb17702b8e095768fc9296aa3de	See official repository record	verified	metadata/file_manifest.tsv	Raw data not included in release candidate
TCGA-COAD	TCGA-COAD	STAR_gene_counts	d2995480-5ae0-42e1-9a21-25e1435201ee.rna_seq.augmented_star_gene_counts.tsv	https://api.gdc.cancer.gov/data/33b4cb11-fada-4d2b-b7ce-61077f94f0e9	GDC_file_uuid:33b4cb11-fada-4d2b-b7ce-61077f94f0e9	2026-07-24T22:50:24Z	4240799	0b3b5d6ce4852ad2cbc2d49e7075badd9a1610c86f1eb0dbe51385fbf4d49fa8	See official repository record	verified	metadata/file_manifest.tsv	Raw data not included in release candidate
TCGA-COAD	TCGA-COAD	STAR_gene_counts	d333233b-e431-462b-ae35-c3b4c6ab3a40.rna_seq.augmented_star_gene_counts.tsv	https://api.gdc.cancer.gov/data/2c1b791c-1a1a-4b76-a819-6132bbdd3ed8	GDC_file_uuid:2c1b791c-1a1a-4b76-a819-6132bbdd3ed8	2026-07-24T22:50:28Z	4248655	2dbc26c120a0e316ef48e158bfbc9b85e8b7852931776e2af21e47eaede76fd2	See official repository record	verified	metadata/file_manifest.tsv	Raw data not included in release candidate
TCGA-COAD	TCGA-COAD	STAR_gene_counts	d342d71a-e556-401d-b17f-802d0d39e8c9.rna_seq.augmented_star_gene_counts.tsv	https://api.gdc.cancer.gov/data/822091c7-86c2-4315-b6bb-d022149296d5	GDC_file_uuid:822091c7-86c2-4315-b6bb-d022149296d5	2026-07-24T22:50:32Z	4247187	22e05d892f4cac2687f91d128f98ba1df0e57df67d4ccc1c79522df0fd150bfe	See official repository record	verified	metadata/file_manifest.tsv	Raw data not included in release candidate
TCGA-COAD	TCGA-COAD	STAR_gene_counts	d4211058-4fb9-470e-9dfe-5e4be33564ff.rna_seq.augmented_star_gene_counts.tsv	https://api.gdc.cancer.gov/data/2d7e6bc2-b313-41a4-9c5e-3e05d3be0f1f	GDC_file_uuid:2d7e6bc2-b313-41a4-9c5e-3e05d3be0f1f	2026-07-24T22:50:36Z	4238957	4f970e77c168f2f31b860786f3604de78d470c00b61b96cf53605b4ae7037a71	See official repository record	verified	metadata/file_manifest.tsv	Raw data not included in release candidate
TCGA-COAD	TCGA-COAD	STAR_gene_counts	d422cd50-9c99-49bb-8a83-988af190126e.rna_seq.augmented_star_gene_counts.tsv	https://api.gdc.cancer.gov/data/13048c52-e0c7-4289-b7a3-86e0042f3c7b	GDC_file_uuid:13048c52-e0c7-4289-b7a3-86e0042f3c7b	2026-07-24T22:50:40Z	4235128	abae0cd4067bf49f0bdf320c38a85ab84cf79f5029513106f4785c8f5c7f5bbb	See official repository record	verified	metadata/file_manifest.tsv	Raw data not included in release candidate
TCGA-COAD	TCGA-COAD	STAR_gene_counts	d496ef4f-4716-4e6e-94e3-fce93b26d4ee.rna_seq.augmented_star_gene_counts.tsv	https://api.gdc.cancer.gov/data/d89e982a-339a-4b21-8b1d-591ae329507b	GDC_file_uuid:d89e982a-339a-4b21-8b1d-591ae329507b	2026-07-24T22:50:44Z	4189122	6d00f942c784b5db24ce99fdef38e44e3c4a452104d5f437570fba6a674593c1	See official repository record	verified	metadata/file_manifest.tsv	Raw data not included in release candidate
TCGA-COAD	TCGA-COAD	STAR_gene_counts	d4d783e3-e8df-4cbd-9f8a-53120abf58a1.rna_seq.augmented_star_gene_counts.tsv	https://api.gdc.cancer.gov/data/026818a6-8180-4d9c-9357-b88a832b374e	GDC_file_uuid:026818a6-8180-4d9c-9357-b88a832b374e	2026-07-24T22:50:48Z	4211909	32601f7e101124bd17c0860ad4ce1ad1fca0bf315f400b60611ebfa80f61e0fe	See official repository record	verified	metadata/file_manifest.tsv	Raw data not included in release candidate
TCGA-COAD	TCGA-COAD	STAR_gene_counts	d4f1cd6e-4a8b-44de-b569-c839eda9f41d.rna_seq.augmented_star_gene_counts.tsv	https://api.gdc.cancer.gov/data/aa35c5aa-8435-4269-9891-fac36b6e4928	GDC_file_uuid:aa35c5aa-8435-4269-9891-fac36b6e4928	2026-07-24T22:50:52Z	4238433	70d107a9f0ae309d34c6d75f3c6e554083a8f95474e2be4855fab0b7319d7c5d	See official repository record	verified	metadata/file_manifest.tsv	Raw data not included in release candidate
TCGA-COAD	TCGA-COAD	STAR_gene_counts	d61597de-2e74-41f1-8196-1604fb2237be.rna_seq.augmented_star_gene_counts.tsv	https://api.gdc.cancer.gov/data/470a6a57-b224-4cb9-99d6-f38b3c52350f	GDC_file_uuid:470a6a57-b224-4cb9-99d6-f38b3c52350f	2026-07-24T22:50:57Z	4241493	c969a5e0f0551fd832f4a94f9db75c5600ccf89452ccfb6fd93b22e806758649	See official repository record	verified	metadata/file_manifest.tsv	Raw data not included in release candidate
TCGA-COAD	TCGA-COAD	STAR_gene_counts	d69e622a-6dee-48f3-bf06-7f6148d7472a.rna_seq.augmented_star_gene_counts.tsv	https://api.gdc.cancer.gov/data/56afa170-4280-47db-91c8-f3260e42c756	GDC_file_uuid:56afa170-4280-47db-91c8-f3260e42c756	2026-07-24T22:51:01Z	4217106	7fbbbf709f5304ac8bc78bc53ae09e7935f61656a8dc338f2cd2e451a89ab809	See official repository record	verified	metadata/file_manifest.tsv	Raw data not included in release candidate
TCGA-COAD	TCGA-COAD	STAR_gene_counts	d6b7de60-321d-4f6d-82e7-3d5e9598462c.rna_seq.augmented_star_gene_counts.tsv	https://api.gdc.cancer.gov/data/d77dfe53-77dd-46c9-80a4-19d343e8ee36	GDC_file_uuid:d77dfe53-77dd-46c9-80a4-19d343e8ee36	2026-07-24T22:51:05Z	4178966	6f963b21c051a5ca64cfe5a3ca05e54f6ebb01fe0c125f2458f432b38d34c8b2	See official repository record	verified	metadata/file_manifest.tsv	Raw data not included in release candidate
TCGA-COAD	TCGA-COAD	STAR_gene_counts	d719788d-0c64-4488-bb84-ab5536d31a03.rna_seq.augmented_star_gene_counts.tsv	https://api.gdc.cancer.gov/data/5ad58131-d9d3-4ea3-9d04-18cf480e1480	GDC_file_uuid:5ad58131-d9d3-4ea3-9d04-18cf480e1480	2026-07-24T22:51:09Z	4230123	5eea7a3e344895aeada5a21163d8cf780b8a3aa99b8f9609df6a8a9c18fa746a	See official repository record	verified	metadata/file_manifest.tsv	Raw data not included in release candidate
TCGA-COAD	TCGA-COAD	STAR_gene_counts	d7319fc1-a636-4786-a026-14e248976391.rna_seq.augmented_star_gene_counts.tsv	https://api.gdc.cancer.gov/data/fc084c37-52f5-4b88-b962-8d27bf42d99c	GDC_file_uuid:fc084c37-52f5-4b88-b962-8d27bf42d99c	2026-07-24T22:51:13Z	4234241	3eabc1fcc7b21e0dfa0bb81f1b774472a4b5c7836e37de6e1c1850031b378fb7	See official repository record	verified	metadata/file_manifest.tsv	Raw data not included in release candidate
TCGA-COAD	TCGA-COAD	STAR_gene_counts	d7472c45-93c1-4237-82ac-c17e863b9a58.rna_seq.augmented_star_gene_counts.tsv	https://api.gdc.cancer.gov/data/daba767c-5d22-4de1-81ba-8ad8f5626465	GDC_file_uuid:daba767c-5d22-4de1-81ba-8ad8f5626465	2026-07-24T22:51:17Z	4210189	0f11404dc22803fbc5c05164060040b406f37f2c52c3fb4d34d07855180b9c95	See official repository record	verified	metadata/file_manifest.tsv	Raw data not included in release candidate
TCGA-COAD	TCGA-COAD	STAR_gene_counts	d7856acd-b750-4d86-988f-371045e74768.rna_seq.augmented_star_gene_counts.tsv	https://api.gdc.cancer.gov/data/d39b6aa9-f123-4112-aef8-7265aa8374b0	GDC_file_uuid:d39b6aa9-f123-4112-aef8-7265aa8374b0	2026-07-24T22:51:22Z	4208894	4982bedabd283d15da3de34ce033faec2e4910fdae87bd23bc0c06e07c4ced73	See official repository record	verified	metadata/file_manifest.tsv	Raw data not included in release candidate
TCGA-COAD	TCGA-COAD	STAR_gene_counts	d7bbb44a-3fe0-4455-99d0-90be213f2a31.rna_seq.augmented_star_gene_counts.tsv	https://api.gdc.cancer.gov/data/17d28300-aacf-4723-b21a-87c1fea5d6d1	GDC_file_uuid:17d28300-aacf-4723-b21a-87c1fea5d6d1	2026-07-24T22:51:26Z	4237276	a81563fcb8fc9402a00abd4962a961be7a41e35a57c3a060526924a9d24ccd99	See official repository record	verified	metadata/file_manifest.tsv	Raw data not included in release candidate
TCGA-COAD	TCGA-COAD	STAR_gene_counts	d808edd8-865e-4004-891c-dc10f5c146e6.rna_seq.augmented_star_gene_counts.tsv	https://api.gdc.cancer.gov/data/a99d57f4-b2d3-4373-883f-1b409e73fd46	GDC_file_uuid:a99d57f4-b2d3-4373-883f-1b409e73fd46	2026-07-24T22:51:30Z	4232618	b84746a3f3300ef1aac39b4875619af15c098c13e786c2998a44366eeb619d55	See official repository record	verified	metadata/file_manifest.tsv	Raw data not included in release candidate
TCGA-COAD	TCGA-COAD	STAR_gene_counts	d837c3e6-ef78-42a0-8a39-c57d48bc7c3a.rna_seq.augmented_star_gene_counts.tsv	https://api.gdc.cancer.gov/data/a761bdb6-4b37-46aa-8d37-11ead152b70f	GDC_file_uuid:a761bdb6-4b37-46aa-8d37-11ead152b70f	2026-07-24T22:51:34Z	4201059	8e030637e9ea1c32e26943df655a18bbf7e88aff0f28ef585a7b84d25569f666	See official repository record	verified	metadata/file_manifest.tsv	Raw data not included in release candidate
TCGA-COAD	TCGA-COAD	STAR_gene_counts	d9780581-dfca-4e83-9bb4-4836f22d910e.rna_seq.augmented_star_gene_counts.tsv	https://api.gdc.cancer.gov/data/9e159c7f-39ac-4051-83db-983d3aeba5a9	GDC_file_uuid:9e159c7f-39ac-4051-83db-983d3aeba5a9	2026-07-24T22:51:38Z	4228989	63a2b0703bde596ca8e48800779d8b19baa849a262b03d4ed1f54b2741176c76	See official repository record	verified	metadata/file_manifest.tsv	Raw data not included in release candidate
TCGA-COAD	TCGA-COAD	STAR_gene_counts	d9935be8-da1b-4a18-9d5d-215d709147f1.rna_seq.augmented_star_gene_counts.tsv	https://api.gdc.cancer.gov/data/286a49e7-8f49-4f1e-8d08-fad8337d707f	GDC_file_uuid:286a49e7-8f49-4f1e-8d08-fad8337d707f	2026-07-24T22:51:43Z	4226527	24eb4a27217c2c63e5fe91f3ddf101409e429e52d6f9798dc4234a5ca4f9c1eb	See official repository record	verified	metadata/file_manifest.tsv	Raw data not included in release candidate
TCGA-COAD	TCGA-COAD	STAR_gene_counts	da8c5a43-b0e1-4bef-a6f8-2da7c7be0474.rna_seq.augmented_star_gene_counts.tsv	https://api.gdc.cancer.gov/data/962bc9cc-9173-4fb5-ac07-ae576e7eca76	GDC_file_uuid:962bc9cc-9173-4fb5-ac07-ae576e7eca76	2026-07-24T22:51:47Z	4244594	5a2b7a8ef7bfe73275f0992fc97cc8d4e638ec611a8bac4a6eec3c6cf001443a	See official repository record	verified	metadata/file_manifest.tsv	Raw data not included in release candidate
TCGA-COAD	TCGA-COAD	STAR_gene_counts	db087000-74fa-4044-812f-01842b99f448.rna_seq.augmented_star_gene_counts.tsv	https://api.gdc.cancer.gov/data/a44fa392-54c2-48b0-b342-e3e9e8340a8f	GDC_file_uuid:a44fa392-54c2-48b0-b342-e3e9e8340a8f	2026-07-24T22:51:51Z	4201072	3b6af646e7fe6e734b3f23c686c87cbfc189f332b29cba6406c8965408c71d7b	See official repository record	verified	metadata/file_manifest.tsv	Raw data not included in release candidate
TCGA-COAD	TCGA-COAD	STAR_gene_counts	dd2b52ba-d990-4d04-b070-c385de438ba8.rna_seq.augmented_star_gene_counts.tsv	https://api.gdc.cancer.gov/data/11c21f13-84a0-416f-a7ca-25fc1c2ee0f9	GDC_file_uuid:11c21f13-84a0-416f-a7ca-25fc1c2ee0f9	2026-07-24T22:51:55Z	4238106	4eeb951a1325124f3bff1c6cee9d39774a8860680aabe8a2c84b9b83edb8ece0	See official repository record	verified	metadata/file_manifest.tsv	Raw data not included in release candidate
TCGA-COAD	TCGA-COAD	STAR_gene_counts	ddc4c764-f1da-46db-89d9-8ad7e253a09f.rna_seq.augmented_star_gene_counts.tsv	https://api.gdc.cancer.gov/data/a11f48e9-775c-420a-99d1-04b1a5bc1419	GDC_file_uuid:a11f48e9-775c-420a-99d1-04b1a5bc1419	2026-07-24T22:51:59Z	4236358	f8123380b17e3adfcf9d9850fdb274ba90d5e09267f446d66f831dd61c326332	See official repository record	verified	metadata/file_manifest.tsv	Raw data not included in release candidate
TCGA-COAD	TCGA-COAD	STAR_gene_counts	ddd65fce-1a39-415c-9114-7a9c8e9b266c.rna_seq.augmented_star_gene_counts.tsv	https://api.gdc.cancer.gov/data/9fd15f97-1b2f-4d38-a123-957cd720a776	GDC_file_uuid:9fd15f97-1b2f-4d38-a123-957cd720a776	2026-07-24T22:52:04Z	4228238	d9864d617115a2783157fd21ce356323bff225cb28169cfd20ec5290e97f049c	See official repository record	verified	metadata/file_manifest.tsv	Raw data not included in release candidate
TCGA-COAD	TCGA-COAD	STAR_gene_counts	de2e0c63-0c2d-43af-a006-7d84557a1c3c.rna_seq.augmented_star_gene_counts.tsv	https://api.gdc.cancer.gov/data/31951036-bbb7-4f77-bce9-358a0ecd65ef	GDC_file_uuid:31951036-bbb7-4f77-bce9-358a0ecd65ef	2026-07-24T22:52:08Z	4243733	ed6a617df948b252c1fad2f4ac830961cbbe7ee8fe414a376e794ea5c034bb9d	See official repository record	verified	metadata/file_manifest.tsv	Raw data not included in release candidate
TCGA-COAD	TCGA-COAD	STAR_gene_counts	df4e44f9-ee22-43d3-911e-fd4bd826ec0c.rna_seq.augmented_star_gene_counts.tsv	https://api.gdc.cancer.gov/data/0e6df121-536a-4bb2-8197-4e8891c24181	GDC_file_uuid:0e6df121-536a-4bb2-8197-4e8891c24181	2026-07-24T22:52:12Z	4216851	30608633c250ea994d52651187b51cd71def3de90084d2ae39c0293615c545ff	See official repository record	verified	metadata/file_manifest.tsv	Raw data not included in release candidate
TCGA-COAD	TCGA-COAD	STAR_gene_counts	dfb9c45f-cb52-4e36-b663-1a9e8c7c0b47.rna_seq.augmented_star_gene_counts.tsv	https://api.gdc.cancer.gov/data/ff710149-0fc6-464a-93cb-e3b9bdcf3525	GDC_file_uuid:ff710149-0fc6-464a-93cb-e3b9bdcf3525	2026-07-24T22:52:16Z	4204474	e06992bb32e93d2dd2c47b01130344d1eb3194a270ad1716b14ac3f30232b00a	See official repository record	verified	metadata/file_manifest.tsv	Raw data not included in release candidate
TCGA-COAD	TCGA-COAD	STAR_gene_counts	e040e6c8-34e5-44fb-a6f3-c247009fccfc.rna_seq.augmented_star_gene_counts.tsv	https://api.gdc.cancer.gov/data/d843095b-5bb1-4d7d-9c31-abffe8d05317	GDC_file_uuid:d843095b-5bb1-4d7d-9c31-abffe8d05317	2026-07-24T22:52:20Z	4247078	cf4b7600bb180733e6ef27cbc2fa4482489a36f3603e9bccd4f747a05bb8e6c3	See official repository record	verified	metadata/file_manifest.tsv	Raw data not included in release candidate
TCGA-COAD	TCGA-COAD	STAR_gene_counts	e0464181-da72-4a14-9039-a396843c39f2.rna_seq.augmented_star_gene_counts.tsv	https://api.gdc.cancer.gov/data/436c03fc-d558-45a2-8c7c-bbf123f0e415	GDC_file_uuid:436c03fc-d558-45a2-8c7c-bbf123f0e415	2026-07-24T22:52:25Z	4233942	880799d360616a3ae4b03d47b30c7d3a4198d981930df72611d07b1dcf21896d	See official repository record	verified	metadata/file_manifest.tsv	Raw data not included in release candidate
TCGA-COAD	TCGA-COAD	STAR_gene_counts	e074ff82-1def-4bfc-8293-6b69f8984046.rna_seq.augmented_star_gene_counts.tsv	https://api.gdc.cancer.gov/data/6a230b11-afe5-4167-8b99-5db0781a362b	GDC_file_uuid:6a230b11-afe5-4167-8b99-5db0781a362b	2026-07-24T22:52:29Z	4237068	b66aacb2b54389196594e6a116cd23f15eaa9afdb287acb46c2e458118f1c9fb	See official repository record	verified	metadata/file_manifest.tsv	Raw data not included in release candidate
TCGA-COAD	TCGA-COAD	STAR_gene_counts	e0c9f612-91a0-4b84-b3d5-665514324cb6.rna_seq.augmented_star_gene_counts.tsv	https://api.gdc.cancer.gov/data/82aa9226-61c4-4cd7-9138-5199e7c85e6a	GDC_file_uuid:82aa9226-61c4-4cd7-9138-5199e7c85e6a	2026-07-24T22:52:33Z	4205198	d06ef4d42d65d8a17c9ce744dc46f8a8788c42b600a31c50f61e9315208e8d83	See official repository record	verified	metadata/file_manifest.tsv	Raw data not included in release candidate
TCGA-COAD	TCGA-COAD	STAR_gene_counts	e1d0ac40-05b3-4ab8-b64b-f42613e97cc7.rna_seq.augmented_star_gene_counts.tsv	https://api.gdc.cancer.gov/data/3db2ccda-ad2e-4c6d-932d-0df14befb266	GDC_file_uuid:3db2ccda-ad2e-4c6d-932d-0df14befb266	2026-07-24T22:52:37Z	4210406	c7c9c30f54428ee280c5ef32a7ade05c3b079552dae36b066c7b7ccb60a7e1e0	See official repository record	verified	metadata/file_manifest.tsv	Raw data not included in release candidate
TCGA-COAD	TCGA-COAD	STAR_gene_counts	e1db653d-98b9-4a7b-9b5a-1ee0baead12f.rna_seq.augmented_star_gene_counts.tsv	https://api.gdc.cancer.gov/data/477bea81-d5be-42d0-9d8f-42aefb4d090e	GDC_file_uuid:477bea81-d5be-42d0-9d8f-42aefb4d090e	2026-07-24T22:52:41Z	4208832	e9d2f44381ab4df92e2a81314b77d2fa50b5cc8c7b8b42295d4142c0d37e1b08	See official repository record	verified	metadata/file_manifest.tsv	Raw data not included in release candidate
TCGA-COAD	TCGA-COAD	STAR_gene_counts	e235012b-4b29-478a-abad-6a70cd949cfa.rna_seq.augmented_star_gene_counts.tsv	https://api.gdc.cancer.gov/data/cda82959-b9cb-4366-be08-ba8d8324d977	GDC_file_uuid:cda82959-b9cb-4366-be08-ba8d8324d977	2026-07-24T22:52:45Z	4209902	0a0cceb248ffb6fd8eb3857de99025805fe6513b6f0a53d8c7eb6a1714362790	See official repository record	verified	metadata/file_manifest.tsv	Raw data not included in release candidate
TCGA-COAD	TCGA-COAD	STAR_gene_counts	e255e8fa-b1c7-42bf-9934-4ea44bed860f.rna_seq.augmented_star_gene_counts.tsv	https://api.gdc.cancer.gov/data/21a0b137-e939-4866-aa76-90baecea1826	GDC_file_uuid:21a0b137-e939-4866-aa76-90baecea1826	2026-07-24T22:52:49Z	4205422	adcdc7d699fdb6e378f22eeb7d6b4434c9d25fa146457dac026344419d258cc1	See official repository record	verified	metadata/file_manifest.tsv	Raw data not included in release candidate
TCGA-COAD	TCGA-COAD	STAR_gene_counts	e32633c0-5ccc-47a9-bd67-60d3c022dfc9.rna_seq.augmented_star_gene_counts.tsv	https://api.gdc.cancer.gov/data/a8f23a47-08cd-4ebd-835b-4ca4b86fe6ff	GDC_file_uuid:a8f23a47-08cd-4ebd-835b-4ca4b86fe6ff	2026-07-24T22:52:53Z	4227558	fbfbd3e23d40c72c992e428f509a8f055e83c8def811a6090b36ab473eb9fbdb	See official repository record	verified	metadata/file_manifest.tsv	Raw data not included in release candidate
TCGA-COAD	TCGA-COAD	STAR_gene_counts	e332b15a-f2dc-4282-9f33-2c87dea834b1.rna_seq.augmented_star_gene_counts.tsv	https://api.gdc.cancer.gov/data/48961cf0-8369-4e19-be15-9fabc29008f8	GDC_file_uuid:48961cf0-8369-4e19-be15-9fabc29008f8	2026-07-24T22:52:57Z	4229974	eda72ace55911783ed5bd6bdcbb72659e42fa36dfb9a1052c57649f2f6096488	See official repository record	verified	metadata/file_manifest.tsv	Raw data not included in release candidate
TCGA-COAD	TCGA-COAD	STAR_gene_counts	e356598b-7611-492a-98ed-ef2ec1b77b7a.rna_seq.augmented_star_gene_counts.tsv	https://api.gdc.cancer.gov/data/fce8e7c5-f4f8-4d2e-8b55-a8a73d5524eb	GDC_file_uuid:fce8e7c5-f4f8-4d2e-8b55-a8a73d5524eb	2026-07-24T22:53:02Z	4229235	a49029f500ed77ae81b8c49a092d8b420950f741cf114b70a75911c74f7584d7	See official repository record	verified	metadata/file_manifest.tsv	Raw data not included in release candidate
TCGA-COAD	TCGA-COAD	STAR_gene_counts	e43b6eca-df42-4a5a-ba4f-48c8a2eb1df5.rna_seq.augmented_star_gene_counts.tsv	https://api.gdc.cancer.gov/data/b97a37c0-eda8-44c5-9bd2-606a708bdb75	GDC_file_uuid:b97a37c0-eda8-44c5-9bd2-606a708bdb75	2026-07-24T22:53:06Z	4231932	b05836917417dc2d45a5f2f6fede9b201d726a37e80ca5e111787a1d46eef9b5	See official repository record	verified	metadata/file_manifest.tsv	Raw data not included in release candidate
TCGA-COAD	TCGA-COAD	STAR_gene_counts	e563c3cd-6f05-4ab0-9579-90686b7561e8.rna_seq.augmented_star_gene_counts.tsv	https://api.gdc.cancer.gov/data/f6ee3045-d3fb-4641-99d8-f1ecc13b3e2e	GDC_file_uuid:f6ee3045-d3fb-4641-99d8-f1ecc13b3e2e	2026-07-24T22:53:10Z	4237070	764c93a309ed6ef51a0758a1fac78869a1f0c83e7b0129322ee78a664c0cd05e	See official repository record	verified	metadata/file_manifest.tsv	Raw data not included in release candidate
TCGA-COAD	TCGA-COAD	STAR_gene_counts	e59f49c0-d7ce-44c3-9590-9b65128d7f8b.rna_seq.augmented_star_gene_counts.tsv	https://api.gdc.cancer.gov/data/41a9b39d-c8b3-4b5f-9c1f-952ac04cb441	GDC_file_uuid:41a9b39d-c8b3-4b5f-9c1f-952ac04cb441	2026-07-24T22:53:14Z	4208044	3e665f4acf36511dda5744a051c61e8361a0e0f95d3f279cf88f6269a18615e4	See official repository record	verified	metadata/file_manifest.tsv	Raw data not included in release candidate
TCGA-COAD	TCGA-COAD	STAR_gene_counts	e5ae4a47-9a0d-4a70-a7be-40bddeb3d017.rna_seq.augmented_star_gene_counts.tsv	https://api.gdc.cancer.gov/data/c403bbb5-2dae-4004-a088-acfc29bca2d2	GDC_file_uuid:c403bbb5-2dae-4004-a088-acfc29bca2d2	2026-07-24T22:53:19Z	4211960	566cff7219e90ce6f80b3fbc96eca8088fb6d83ebd430c6b2131a8e0fa43a8f3	See official repository record	verified	metadata/file_manifest.tsv	Raw data not included in release candidate
TCGA-COAD	TCGA-COAD	STAR_gene_counts	e74cd5d1-66e1-4008-8b9a-170392f7cbb8.rna_seq.augmented_star_gene_counts.tsv	https://api.gdc.cancer.gov/data/677189b0-10f8-4b5d-b0b9-8b1101c8d1b1	GDC_file_uuid:677189b0-10f8-4b5d-b0b9-8b1101c8d1b1	2026-07-24T22:53:23Z	4221177	8ad2bc84fc1514ffe38cace0a82c0f952ecd300b64ff64e6367bd6ea90d32cf3	See official repository record	verified	metadata/file_manifest.tsv	Raw data not included in release candidate
TCGA-COAD	TCGA-COAD	STAR_gene_counts	e7f9aa2a-9c1b-4c63-953b-4922fafd9150.rna_seq.augmented_star_gene_counts.tsv	https://api.gdc.cancer.gov/data/78e565d9-4c8c-44b1-8d58-473381e92c52	GDC_file_uuid:78e565d9-4c8c-44b1-8d58-473381e92c52	2026-07-24T22:53:27Z	4219189	e41139086380d7679823d1fcbd02dd14c385b1057dccec71e51024cce9918bf7	See official repository record	verified	metadata/file_manifest.tsv	Raw data not included in release candidate
TCGA-COAD	TCGA-COAD	STAR_gene_counts	e841bc2a-5468-44ca-b9a4-f69475aa89d9.rna_seq.augmented_star_gene_counts.tsv	https://api.gdc.cancer.gov/data/32b62e42-3d6f-4315-aca9-b3718cd9f5b3	GDC_file_uuid:32b62e42-3d6f-4315-aca9-b3718cd9f5b3	2026-07-24T22:53:31Z	4234743	27d71f9b2311eae784d2c750b542cccaa3ab6c7fb21c389b4ab473956d85c6f1	See official repository record	verified	metadata/file_manifest.tsv	Raw data not included in release candidate
TCGA-COAD	TCGA-COAD	STAR_gene_counts	e94b6daf-3aed-4496-b64b-1b1a7d8e2011.rna_seq.augmented_star_gene_counts.tsv	https://api.gdc.cancer.gov/data/269994d7-f26d-4b93-9647-e12c3f1808e5	GDC_file_uuid:269994d7-f26d-4b93-9647-e12c3f1808e5	2026-07-24T22:53:36Z	4222161	4964eae334cd20c5ef2789fdde7da84e85c9128038bd8496e8291363729b88b2	See official repository record	verified	metadata/file_manifest.tsv	Raw data not included in release candidate
TCGA-COAD	TCGA-COAD	STAR_gene_counts	ea0e56e4-d9e3-44a2-9bdb-2e98554f6bff.rna_seq.augmented_star_gene_counts.tsv	https://api.gdc.cancer.gov/data/9c7aace8-8a77-41a5-914a-cc5f9917053b	GDC_file_uuid:9c7aace8-8a77-41a5-914a-cc5f9917053b	2026-07-24T22:53:40Z	4213050	fb065ee0b2bc1ae2d5ea64f6769c4a84b94e0bedf8fb3a2e06b9f1aa17405de8	See official repository record	verified	metadata/file_manifest.tsv	Raw data not included in release candidate
TCGA-COAD	TCGA-COAD	STAR_gene_counts	ea9574a3-678b-4b54-b689-b3045e32fa04.rna_seq.augmented_star_gene_counts.tsv	https://api.gdc.cancer.gov/data/f734fe25-4ce9-4baa-80f7-46c676d9b267	GDC_file_uuid:f734fe25-4ce9-4baa-80f7-46c676d9b267	2026-07-24T22:53:44Z	4235568	6352058dbb4eb5d54a81ba9fdac54730d98145197b8540c4ec7f0d8d7a7ffea8	See official repository record	verified	metadata/file_manifest.tsv	Raw data not included in release candidate
TCGA-COAD	TCGA-COAD	STAR_gene_counts	ea9f5a96-93d4-4724-bc4b-2813fa8a35ae.rna_seq.augmented_star_gene_counts.tsv	https://api.gdc.cancer.gov/data/66b73eaa-d174-4086-8286-9db6eeba1990	GDC_file_uuid:66b73eaa-d174-4086-8286-9db6eeba1990	2026-07-24T22:53:48Z	4195291	aaeef7635100a033cebd93a7591e05cee3a08dd4b0f8667292fba65aa91365bb	See official repository record	verified	metadata/file_manifest.tsv	Raw data not included in release candidate
TCGA-COAD	TCGA-COAD	STAR_gene_counts	eb5ad680-6080-41fe-982e-e46f90c3849f.rna_seq.augmented_star_gene_counts.tsv	https://api.gdc.cancer.gov/data/76d995c8-101e-4868-bb25-cf21a01f8642	GDC_file_uuid:76d995c8-101e-4868-bb25-cf21a01f8642	2026-07-24T22:53:53Z	4245046	93cccab1ae884ec9651c5bb8db437701cbe2987268ca5317b3491c93b321c6ff	See official repository record	verified	metadata/file_manifest.tsv	Raw data not included in release candidate
TCGA-COAD	TCGA-COAD	STAR_gene_counts	eb67b977-b299-4bbc-b3f6-25d516473405.rna_seq.augmented_star_gene_counts.tsv	https://api.gdc.cancer.gov/data/2063302d-2b9d-4550-8426-fb64f5ea89d1	GDC_file_uuid:2063302d-2b9d-4550-8426-fb64f5ea89d1	2026-07-24T22:53:57Z	4239347	c6c349320c2eeccf40c430077b573f3a6de44aa5bda9026a6fd68fecbcba79fe	See official repository record	verified	metadata/file_manifest.tsv	Raw data not included in release candidate
TCGA-COAD	TCGA-COAD	STAR_gene_counts	ec054d40-e5b8-496a-8c99-5e7f88f2cf37.rna_seq.augmented_star_gene_counts.tsv	https://api.gdc.cancer.gov/data/720ff723-a1db-483d-9b73-01e15068351f	GDC_file_uuid:720ff723-a1db-483d-9b73-01e15068351f	2026-07-24T22:54:01Z	4233244	07e32db52d56b573f361617e46dbd5aee62914fff87bdbb6dcc6ff3a38d5e167	See official repository record	verified	metadata/file_manifest.tsv	Raw data not included in release candidate
TCGA-COAD	TCGA-COAD	STAR_gene_counts	ec48e2b8-ca0a-40fe-a87b-f0e955466840.rna_seq.augmented_star_gene_counts.tsv	https://api.gdc.cancer.gov/data/985d5043-cf68-4f4b-bba1-1aa621ab20c9	GDC_file_uuid:985d5043-cf68-4f4b-bba1-1aa621ab20c9	2026-07-24T22:54:05Z	4235818	761cf97c9c7aaae3933c6e6e3e4427619972dd224996d698a736b3aa8b5f4de4	See official repository record	verified	metadata/file_manifest.tsv	Raw data not included in release candidate
TCGA-COAD	TCGA-COAD	STAR_gene_counts	ed61dd33-6f80-4998-a0fb-82498e123505.rna_seq.augmented_star_gene_counts.tsv	https://api.gdc.cancer.gov/data/c63c52c9-82ba-46f8-bd0c-9459f25e98f2	GDC_file_uuid:c63c52c9-82ba-46f8-bd0c-9459f25e98f2	2026-07-24T22:54:10Z	4232317	18e4e039b51980c8c0d539bda9a44a99993f3bee3eb882594a0d5584947cb5be	See official repository record	verified	metadata/file_manifest.tsv	Raw data not included in release candidate
TCGA-COAD	TCGA-COAD	STAR_gene_counts	ed8896f8-24ef-43a4-ace6-ed9353bd11c2.rna_seq.augmented_star_gene_counts.tsv	https://api.gdc.cancer.gov/data/08872f38-d20f-4610-898c-aff8fe15bfe2	GDC_file_uuid:08872f38-d20f-4610-898c-aff8fe15bfe2	2026-07-24T22:54:15Z	4226548	6c6b7829f5aed299e96c423b966900501fd7ebfc9a238cbd30dfb0b33ff3688f	See official repository record	verified	metadata/file_manifest.tsv	Raw data not included in release candidate
TCGA-COAD	TCGA-COAD	STAR_gene_counts	edfd0bb8-1993-4cee-977e-6ad3de05d72e.rna_seq.augmented_star_gene_counts.tsv	https://api.gdc.cancer.gov/data/c352def2-b28b-45f1-be0e-0fab2671fda2	GDC_file_uuid:c352def2-b28b-45f1-be0e-0fab2671fda2	2026-07-24T22:54:19Z	4213481	ad374f903c8a8b7305e5c66632728ed701cf0a7f0fe19072c9860a107d28ecf2	See official repository record	verified	metadata/file_manifest.tsv	Raw data not included in release candidate
TCGA-COAD	TCGA-COAD	STAR_gene_counts	ee24b470-4509-4687-a91e-6d2b967336b9.rna_seq.augmented_star_gene_counts.tsv	https://api.gdc.cancer.gov/data/e4d2b690-806e-405b-97e3-a651fd3e74a5	GDC_file_uuid:e4d2b690-806e-405b-97e3-a651fd3e74a5	2026-07-24T22:54:23Z	4231742	412da44f8befd64e2e6b370623c4f30e8e97c31093650cd017b210de8bee9dd4	See official repository record	verified	metadata/file_manifest.tsv	Raw data not included in release candidate
TCGA-COAD	TCGA-COAD	STAR_gene_counts	ef0c5405-76c6-49bd-8463-cdacf603c9cb.rna_seq.augmented_star_gene_counts.tsv	https://api.gdc.cancer.gov/data/3d1c16a9-2729-4213-9d60-3fc34b4d9911	GDC_file_uuid:3d1c16a9-2729-4213-9d60-3fc34b4d9911	2026-07-24T22:54:27Z	4215495	b1e98a40f57b56ff911553bcb96a01500f8639d1695941129b0776f08ef604f6	See official repository record	verified	metadata/file_manifest.tsv	Raw data not included in release candidate
TCGA-COAD	TCGA-COAD	STAR_gene_counts	ef30a39e-fc69-4507-93b1-0fd42377f8db.rna_seq.augmented_star_gene_counts.tsv	https://api.gdc.cancer.gov/data/e19c9f8e-bace-4426-a047-696dd58f9fe2	GDC_file_uuid:e19c9f8e-bace-4426-a047-696dd58f9fe2	2026-07-24T22:54:31Z	4222791	efc743366db8a83c8539443985a3c1cecbfbab5c5e84c1792e32e56a13035c8d	See official repository record	verified	metadata/file_manifest.tsv	Raw data not included in release candidate
TCGA-COAD	TCGA-COAD	STAR_gene_counts	f023a945-da22-454b-83c0-49a67f6cf6a4.rna_seq.augmented_star_gene_counts.tsv	https://api.gdc.cancer.gov/data/ab176f75-6709-457e-af63-d2883ecb9be7	GDC_file_uuid:ab176f75-6709-457e-af63-d2883ecb9be7	2026-07-24T22:54:36Z	4209698	60a6b07a005b9468b2ccfdfe7eae2f73b00721563ed36e2393121d536ff5e6cc	See official repository record	verified	metadata/file_manifest.tsv	Raw data not included in release candidate
TCGA-COAD	TCGA-COAD	STAR_gene_counts	f0944087-afaa-4817-9529-e6e5a8c50ca7.rna_seq.augmented_star_gene_counts.tsv	https://api.gdc.cancer.gov/data/9553502a-98ec-45f8-a597-fc0d0217d2a8	GDC_file_uuid:9553502a-98ec-45f8-a597-fc0d0217d2a8	2026-07-24T22:54:40Z	4212594	c68d90e6c5ed5bcf7fe8ee34b207f26df06cc7fa39f65c3752f61becbaada977	See official repository record	verified	metadata/file_manifest.tsv	Raw data not included in release candidate
TCGA-COAD	TCGA-COAD	STAR_gene_counts	f139697f-e8aa-4ed3-aed3-b36ae0493d40.rna_seq.augmented_star_gene_counts.tsv	https://api.gdc.cancer.gov/data/0ab52521-ed65-49f9-8508-e90062281352	GDC_file_uuid:0ab52521-ed65-49f9-8508-e90062281352	2026-07-24T22:54:44Z	4224517	71006131221e18fb3ac82b68f920a682ba519d0e28357789f619dcb87f0dc609	See official repository record	verified	metadata/file_manifest.tsv	Raw data not included in release candidate
TCGA-COAD	TCGA-COAD	STAR_gene_counts	f14f75eb-ca4e-4503-9da9-75981dbd3a2e.rna_seq.augmented_star_gene_counts.tsv	https://api.gdc.cancer.gov/data/8de9cb61-cdb8-47f3-8c83-8ebaac2d0cb4	GDC_file_uuid:8de9cb61-cdb8-47f3-8c83-8ebaac2d0cb4	2026-07-24T22:54:49Z	4232531	b3e0775e40ed153077db71695cfe94f56d558c9f2a1a96d87797d4ed7ae8df79	See official repository record	verified	metadata/file_manifest.tsv	Raw data not included in release candidate
TCGA-COAD	TCGA-COAD	STAR_gene_counts	f17e12f0-54ed-4dc2-ab7e-22a1f90e1405.rna_seq.augmented_star_gene_counts.tsv	https://api.gdc.cancer.gov/data/aeeb1ad3-06cd-419e-a1ee-a3fe1c45932f	GDC_file_uuid:aeeb1ad3-06cd-419e-a1ee-a3fe1c45932f	2026-07-24T22:54:53Z	4212202	9352619e4d625036005fbaa00ccbbe8dd2a38fc693dd19d5b0dbd9f11d031041	See official repository record	verified	metadata/file_manifest.tsv	Raw data not included in release candidate
TCGA-COAD	TCGA-COAD	STAR_gene_counts	f22cfa82-a346-4fed-bc81-21a29bf990ee.rna_seq.augmented_star_gene_counts.tsv	https://api.gdc.cancer.gov/data/3e23d91a-21d1-49ea-955c-3a83300ecbbe	GDC_file_uuid:3e23d91a-21d1-49ea-955c-3a83300ecbbe	2026-07-24T22:54:57Z	4234847	fa213fae9de3770e5a64cf689da4d1dc019d00124d090a469c9ac5fc0b00a0e2	See official repository record	verified	metadata/file_manifest.tsv	Raw data not included in release candidate
TCGA-COAD	TCGA-COAD	STAR_gene_counts	f279a2fa-6d1b-476c-b91b-598f5c1bbc34.rna_seq.augmented_star_gene_counts.tsv	https://api.gdc.cancer.gov/data/b064b6be-4152-4737-8158-caa0454cf41b	GDC_file_uuid:b064b6be-4152-4737-8158-caa0454cf41b	2026-07-24T22:55:01Z	4239695	6805364a37b395ac0129648debe2695c140bf2321fbbdfc76cc6dc6b433fdaa0	See official repository record	verified	metadata/file_manifest.tsv	Raw data not included in release candidate
TCGA-COAD	TCGA-COAD	STAR_gene_counts	f2937ebc-be3f-4533-a08c-a0767bc2b022.rna_seq.augmented_star_gene_counts.tsv	https://api.gdc.cancer.gov/data/363e9f25-63d0-4b66-bf5e-f2dc1f92b10f	GDC_file_uuid:363e9f25-63d0-4b66-bf5e-f2dc1f92b10f	2026-07-24T22:55:05Z	4216510	2e21f6956a6514b64c9350c537ecd50c9ebc8fd0827081f41256aa9a8efbf387	See official repository record	verified	metadata/file_manifest.tsv	Raw data not included in release candidate
TCGA-COAD	TCGA-COAD	STAR_gene_counts	f2f218c6-82c6-454a-aebd-792807b9d166.rna_seq.augmented_star_gene_counts.tsv	https://api.gdc.cancer.gov/data/df3c4835-b180-43ee-a78e-4937d932a582	GDC_file_uuid:df3c4835-b180-43ee-a78e-4937d932a582	2026-07-24T22:55:10Z	4193641	cae8765fd742ced528c22e6858ea895b19723e467c901e455f3ffb7970ebdd12	See official repository record	verified	metadata/file_manifest.tsv	Raw data not included in release candidate
TCGA-COAD	TCGA-COAD	STAR_gene_counts	f34c57ee-92a6-4e3b-acde-7fd631c42f87.rna_seq.augmented_star_gene_counts.tsv	https://api.gdc.cancer.gov/data/412ee00f-b292-46e8-b178-aff532e65fcb	GDC_file_uuid:412ee00f-b292-46e8-b178-aff532e65fcb	2026-07-24T22:55:14Z	4216535	83c89c3946bd6aa448cae4256489d827dfb9b14e971ed59c132161fe66aadd7d	See official repository record	verified	metadata/file_manifest.tsv	Raw data not included in release candidate
TCGA-COAD	TCGA-COAD	STAR_gene_counts	f3781318-56be-4a43-b72d-a6bb65ef9a88.rna_seq.augmented_star_gene_counts.tsv	https://api.gdc.cancer.gov/data/a1efa511-8c27-4eae-b3f0-aebacbf7df85	GDC_file_uuid:a1efa511-8c27-4eae-b3f0-aebacbf7df85	2026-07-24T22:55:18Z	4248918	c0bc5d5efc8cb9853481674ed43de2261b4eb35a23f99d7084b1ad2723a6d621	See official repository record	verified	metadata/file_manifest.tsv	Raw data not included in release candidate
TCGA-COAD	TCGA-COAD	STAR_gene_counts	f40a9044-a36a-4091-8783-0815792c56f7.rna_seq.augmented_star_gene_counts.tsv	https://api.gdc.cancer.gov/data/b5505337-9196-4790-bc5c-838b218a695e	GDC_file_uuid:b5505337-9196-4790-bc5c-838b218a695e	2026-07-24T22:55:23Z	4232309	b3b0bc5e4a47f4251e5737a009e437d21ba66c3d36bd268d2402e37ac5ad7596	See official repository record	verified	metadata/file_manifest.tsv	Raw data not included in release candidate
TCGA-COAD	TCGA-COAD	STAR_gene_counts	f4535f36-11ce-4dd8-8337-5158b682d85c.rna_seq.augmented_star_gene_counts.tsv	https://api.gdc.cancer.gov/data/6ecac4ca-88bc-421a-bdb6-ed0868b03e6c	GDC_file_uuid:6ecac4ca-88bc-421a-bdb6-ed0868b03e6c	2026-07-24T22:55:27Z	4238919	90ea75dbcf15487d3f778f369d6293b09755231ca5a305f8b54c1d0b4883e3f3	See official repository record	verified	metadata/file_manifest.tsv	Raw data not included in release candidate
TCGA-COAD	TCGA-COAD	STAR_gene_counts	f4aa57d8-df4c-4fee-979a-0f981c8762da.rna_seq.augmented_star_gene_counts.tsv	https://api.gdc.cancer.gov/data/0e065804-8df9-4294-8a02-0b288cc68b81	GDC_file_uuid:0e065804-8df9-4294-8a02-0b288cc68b81	2026-07-24T22:55:31Z	4214655	50976beb2ac466e52632f5d13075c431e558612919b37bccfbbab13e0ff01ec8	See official repository record	verified	metadata/file_manifest.tsv	Raw data not included in release candidate
TCGA-COAD	TCGA-COAD	STAR_gene_counts	f4cfbfdb-3861-4731-92d8-74e66a7ae5a7.rna_seq.augmented_star_gene_counts.tsv	https://api.gdc.cancer.gov/data/edab0ea1-ba72-441c-b35d-081dbfb58661	GDC_file_uuid:edab0ea1-ba72-441c-b35d-081dbfb58661	2026-07-24T22:55:35Z	4234546	39cfb7910b289db43cf121157a0aa020326c850da07780aba8ad9ba65afc9f45	See official repository record	verified	metadata/file_manifest.tsv	Raw data not included in release candidate
TCGA-COAD	TCGA-COAD	STAR_gene_counts	f5174c29-918d-4ad9-bd44-c94463396414.rna_seq.augmented_star_gene_counts.tsv	https://api.gdc.cancer.gov/data/be636d1c-edb1-427b-8c42-cbb8cc819f34	GDC_file_uuid:be636d1c-edb1-427b-8c42-cbb8cc819f34	2026-07-24T22:55:40Z	4196611	7e7d8a8b87dcd4b0327770bf774f44b7a9b0eeffb1537dd73c97f276be7e9bd8	See official repository record	verified	metadata/file_manifest.tsv	Raw data not included in release candidate
TCGA-COAD	TCGA-COAD	STAR_gene_counts	f624c673-6366-4809-a6a1-aa9d1aa184a8.rna_seq.augmented_star_gene_counts.tsv	https://api.gdc.cancer.gov/data/1f117018-33ca-4b04-89cc-e5594656a4ba	GDC_file_uuid:1f117018-33ca-4b04-89cc-e5594656a4ba	2026-07-24T22:55:44Z	4241345	0bba948a3ee59e71e7b539bb463b14d05be939678d948f450bd60d6161c92f94	See official repository record	verified	metadata/file_manifest.tsv	Raw data not included in release candidate
TCGA-COAD	TCGA-COAD	STAR_gene_counts	f62519fa-7479-4e20-9ae4-d57f8a1e0e64.rna_seq.augmented_star_gene_counts.tsv	https://api.gdc.cancer.gov/data/966b89c1-7201-4719-854a-d8a6ef35f9d0	GDC_file_uuid:966b89c1-7201-4719-854a-d8a6ef35f9d0	2026-07-24T22:55:48Z	4214719	be9faf4e922db3007dcc74070b200b446b09d5b7d2a8b286a72d93aa0cf85e1d	See official repository record	verified	metadata/file_manifest.tsv	Raw data not included in release candidate
TCGA-COAD	TCGA-COAD	STAR_gene_counts	f65f4ed5-9726-4eff-8638-63752686d2c9.rna_seq.augmented_star_gene_counts.tsv	https://api.gdc.cancer.gov/data/2d8aabfb-62cf-4113-8baf-948d1cdc8712	GDC_file_uuid:2d8aabfb-62cf-4113-8baf-948d1cdc8712	2026-07-24T22:55:52Z	4227867	212c9bda75554d1a476820c93680a0a57edd8c62dfcb79fc40bc0ff0f718d796	See official repository record	verified	metadata/file_manifest.tsv	Raw data not included in release candidate
TCGA-COAD	TCGA-COAD	STAR_gene_counts	f66a9fee-f63a-4398-b242-9c065bbe213d.rna_seq.augmented_star_gene_counts.tsv	https://api.gdc.cancer.gov/data/0c62b002-8912-4ce0-a2e5-41bc1e3f9996	GDC_file_uuid:0c62b002-8912-4ce0-a2e5-41bc1e3f9996	2026-07-24T22:55:57Z	4206626	c771f5e28981ca76e902163c76f53604b4ecfb8b6bf9f038cb1d97f82b784099	See official repository record	verified	metadata/file_manifest.tsv	Raw data not included in release candidate
TCGA-COAD	TCGA-COAD	STAR_gene_counts	f6d998cd-20fa-4add-8fa7-6b89ff16f8bd.rna_seq.augmented_star_gene_counts.tsv	https://api.gdc.cancer.gov/data/270115e4-3da5-45e5-abff-34fba5a75792	GDC_file_uuid:270115e4-3da5-45e5-abff-34fba5a75792	2026-07-24T22:56:01Z	4201541	4225c25ac1e62c7003e2b74af1120ad4c1dd7be09a2882553971cf6a3d88f61d	See official repository record	verified	metadata/file_manifest.tsv	Raw data not included in release candidate
TCGA-COAD	TCGA-COAD	STAR_gene_counts	f71ca79e-f5ef-437a-ab71-b54a2dc71014.rna_seq.augmented_star_gene_counts.tsv	https://api.gdc.cancer.gov/data/f71f1d9c-23e1-445f-80d1-455fae13ca09	GDC_file_uuid:f71f1d9c-23e1-445f-80d1-455fae13ca09	2026-07-24T22:56:05Z	4210654	491e90fc20a375d318b6199ab51e59a2211a22aa24ebbc37b57524257a2fd448	See official repository record	verified	metadata/file_manifest.tsv	Raw data not included in release candidate
TCGA-COAD	TCGA-COAD	STAR_gene_counts	f755bd47-f8ff-4847-9b8e-7d36b7b84155.rna_seq.augmented_star_gene_counts.tsv	https://api.gdc.cancer.gov/data/72579862-a9da-4565-a077-269af17f9249	GDC_file_uuid:72579862-a9da-4565-a077-269af17f9249	2026-07-24T22:56:09Z	4237963	0672b34597e876f1a283d46f2ee4f88cd5c2adcea8d2c471a062fc623d6d5c0f	See official repository record	verified	metadata/file_manifest.tsv	Raw data not included in release candidate
TCGA-COAD	TCGA-COAD	STAR_gene_counts	f7670084-a534-406a-b322-d9657f2024b5.rna_seq.augmented_star_gene_counts.tsv	https://api.gdc.cancer.gov/data/1a59a96b-12b7-4e9a-9e32-b01a7e48c01e	GDC_file_uuid:1a59a96b-12b7-4e9a-9e32-b01a7e48c01e	2026-07-24T22:56:14Z	4213307	d186b58a92e272ddf31a51aca6ba7bbd55caecec7fee96ca49c1fd6dafbe42a5	See official repository record	verified	metadata/file_manifest.tsv	Raw data not included in release candidate
TCGA-COAD	TCGA-COAD	STAR_gene_counts	f7ad7113-a575-4dfd-9eea-b1e4ba7b3e78.rna_seq.augmented_star_gene_counts.tsv	https://api.gdc.cancer.gov/data/58da6b71-02b3-44b5-9b20-c3233950abb2	GDC_file_uuid:58da6b71-02b3-44b5-9b20-c3233950abb2	2026-07-24T22:56:18Z	4238681	fad89aa56f041361f59a8908456733f2e13767a9eb1759e6c4bdcd52b51556a5	See official repository record	verified	metadata/file_manifest.tsv	Raw data not included in release candidate
TCGA-COAD	TCGA-COAD	STAR_gene_counts	f825534d-5882-4efe-a32e-af56741854f6.rna_seq.augmented_star_gene_counts.tsv	https://api.gdc.cancer.gov/data/456e94a2-2a07-426c-9857-3d71647393a9	GDC_file_uuid:456e94a2-2a07-426c-9857-3d71647393a9	2026-07-24T22:56:22Z	4237288	f728626517a4608634b6825312809daf7cc6341a063ca3dc7743d93b797cb682	See official repository record	verified	metadata/file_manifest.tsv	Raw data not included in release candidate
TCGA-COAD	TCGA-COAD	STAR_gene_counts	f844415e-ca2a-4837-b050-06775fdb2ed5.rna_seq.augmented_star_gene_counts.tsv	https://api.gdc.cancer.gov/data/4ee68361-8f6e-4cbd-abc0-1b0092de2460	GDC_file_uuid:4ee68361-8f6e-4cbd-abc0-1b0092de2460	2026-07-24T22:56:27Z	4191006	9865422e36cacacb4e7867fbf9d6013bd57a9e939127351426d677e9248f0c77	See official repository record	verified	metadata/file_manifest.tsv	Raw data not included in release candidate
TCGA-COAD	TCGA-COAD	STAR_gene_counts	f8d9864e-e148-4e60-9d9d-3df2897050cd.rna_seq.augmented_star_gene_counts.tsv	https://api.gdc.cancer.gov/data/78995174-28fa-4661-ad02-3e5bbaeac2c2	GDC_file_uuid:78995174-28fa-4661-ad02-3e5bbaeac2c2	2026-07-24T22:56:31Z	4236835	45997657a5eb846cff964ee99cea619ca2ea091b8991c980bc2f13673c4cc9ae	See official repository record	verified	metadata/file_manifest.tsv	Raw data not included in release candidate
TCGA-COAD	TCGA-COAD	STAR_gene_counts	f9c74189-6bdc-49b9-b984-917ffe2b097d.rna_seq.augmented_star_gene_counts.tsv	https://api.gdc.cancer.gov/data/53494104-fea8-48d7-881e-03c760435509	GDC_file_uuid:53494104-fea8-48d7-881e-03c760435509	2026-07-24T22:56:35Z	4211126	f1cd710c8282ed407d6bd96e00bd9c3cd3bbc9b0f6eacbb185a3b6b98b376fe5	See official repository record	verified	metadata/file_manifest.tsv	Raw data not included in release candidate
TCGA-COAD	TCGA-COAD	STAR_gene_counts	fa32f303-025b-40d2-a9b0-25bc7622c27e.rna_seq.augmented_star_gene_counts.tsv	https://api.gdc.cancer.gov/data/ed2c4083-4b61-48b0-9c0f-e0c0421c16b9	GDC_file_uuid:ed2c4083-4b61-48b0-9c0f-e0c0421c16b9	2026-07-24T22:56:39Z	4199442	ce6e5ad9720b213dea9f0170c99dbedd52d0b31118cb00ba6daaa8841242dc4b	See official repository record	verified	metadata/file_manifest.tsv	Raw data not included in release candidate
TCGA-COAD	TCGA-COAD	STAR_gene_counts	fb077311-0732-482b-90a9-2961b2a75bca.rna_seq.augmented_star_gene_counts.tsv	https://api.gdc.cancer.gov/data/f898b5cb-124c-4725-981a-819f15e87176	GDC_file_uuid:f898b5cb-124c-4725-981a-819f15e87176	2026-07-24T22:56:44Z	4222251	690bd368901c5493f0d6269223befc35efd286b76f4731adb60da34257ffd58a	See official repository record	verified	metadata/file_manifest.tsv	Raw data not included in release candidate
TCGA-COAD	TCGA-COAD	STAR_gene_counts	fb58609f-7727-402d-ba81-e42a99acff6c.rna_seq.augmented_star_gene_counts.tsv	https://api.gdc.cancer.gov/data/b03ee962-4866-4e02-bba9-357e1542b3ca	GDC_file_uuid:b03ee962-4866-4e02-bba9-357e1542b3ca	2026-07-24T22:56:48Z	4228365	5edcb14fd25c43d933396e5523b34bef6cdfd4bd7bc4f2b8216adbe56da6692f	See official repository record	verified	metadata/file_manifest.tsv	Raw data not included in release candidate
TCGA-COAD	TCGA-COAD	STAR_gene_counts	fca4c327-dfab-4455-84a8-f890a7326132.rna_seq.augmented_star_gene_counts.tsv	https://api.gdc.cancer.gov/data/5aa8c49f-b2e7-407a-bfa1-aaff68614f65	GDC_file_uuid:5aa8c49f-b2e7-407a-bfa1-aaff68614f65	2026-07-24T22:56:52Z	4222937	4aa366599250842f2dd331e5ab2c25b734482e894d3ba31c6b0d752898e5efac	See official repository record	verified	metadata/file_manifest.tsv	Raw data not included in release candidate
TCGA-COAD	TCGA-COAD	STAR_gene_counts	fcb06f2b-bc4d-406d-82c3-76802c77a75b.rna_seq.augmented_star_gene_counts.tsv	https://api.gdc.cancer.gov/data/526975f3-cec3-42d1-aa19-8df2d7f9fb5d	GDC_file_uuid:526975f3-cec3-42d1-aa19-8df2d7f9fb5d	2026-07-24T22:56:56Z	4210601	539b1c24deb84b927bd7e055213e45a1541b42982392250e0db42fc62bb2c175	See official repository record	verified	metadata/file_manifest.tsv	Raw data not included in release candidate
TCGA-COAD	TCGA-COAD	STAR_gene_counts	fd17af6d-f9d4-4d4f-8487-bf8b97cfe3ab.rna_seq.augmented_star_gene_counts.tsv	https://api.gdc.cancer.gov/data/aa43daad-64f6-4543-b458-a60d4ba7dcf5	GDC_file_uuid:aa43daad-64f6-4543-b458-a60d4ba7dcf5	2026-07-24T22:57:01Z	4203724	9febd968eadbbddc1edcf9cd86897e8b5d3c2782282a37a9672658a04712e5d4	See official repository record	verified	metadata/file_manifest.tsv	Raw data not included in release candidate
TCGA-COAD	TCGA-COAD	STAR_gene_counts	fd49c74b-2a85-46cd-aaa0-dbd2f1284947.rna_seq.augmented_star_gene_counts.tsv	https://api.gdc.cancer.gov/data/831c4d7d-ade6-4bc7-b03a-011a16b42f47	GDC_file_uuid:831c4d7d-ade6-4bc7-b03a-011a16b42f47	2026-07-24T22:57:05Z	4232396	2aa0e3368c01e6097b153f12a6229e7dccbf180e88e7cc7f4358c0da887b518f	See official repository record	verified	metadata/file_manifest.tsv	Raw data not included in release candidate
TCGA-COAD	TCGA-COAD	STAR_gene_counts	fd618c1b-e230-408d-aed8-4ad6df3fc4e6.rna_seq.augmented_star_gene_counts.tsv	https://api.gdc.cancer.gov/data/700b39f7-7588-4e44-b42d-8223d06b53aa	GDC_file_uuid:700b39f7-7588-4e44-b42d-8223d06b53aa	2026-07-24T22:57:09Z	4229363	557aa45ed1bf55dd65a88552905f23c3b5888ae4b17ee8bff053e6dc08ff7860	See official repository record	verified	metadata/file_manifest.tsv	Raw data not included in release candidate
TCGA-COAD	TCGA-COAD	STAR_gene_counts	fddf611e-f586-49e1-9ee8-8ac853accb9e.rna_seq.augmented_star_gene_counts.tsv	https://api.gdc.cancer.gov/data/a8391733-18a4-4720-9912-d060ef58d745	GDC_file_uuid:a8391733-18a4-4720-9912-d060ef58d745	2026-07-24T22:57:13Z	4226697	a0e31f224c02aad42753d7014f5e86ee0f622badb8d5e4953801c1e6271fdf61	See official repository record	verified	metadata/file_manifest.tsv	Raw data not included in release candidate
TCGA-COAD	TCGA-COAD	STAR_gene_counts	fe1628d5-92d9-4e5c-a441-531b699014f1.rna_seq.augmented_star_gene_counts.tsv	https://api.gdc.cancer.gov/data/0cb1ff53-394b-4638-a754-8e9fed5ee614	GDC_file_uuid:0cb1ff53-394b-4638-a754-8e9fed5ee614	2026-07-24T22:57:17Z	4207673	09fdccea159de4d5385ce8e7be4755b2360b6028da79189edff50255911d8de5	See official repository record	verified	metadata/file_manifest.tsv	Raw data not included in release candidate
TCGA-COAD	TCGA-COAD	STAR_gene_counts	fea46737-a2b3-49d4-8358-d0737546b6da.rna_seq.augmented_star_gene_counts.tsv	https://api.gdc.cancer.gov/data/e32dba1a-e823-407a-8030-a1fcea2e906a	GDC_file_uuid:e32dba1a-e823-407a-8030-a1fcea2e906a	2026-07-24T22:57:22Z	4230041	2b0b4f341a0b97e3467ee638692e1bc6860e0a8db6b29d9d57f12f4e0e5466e6	See official repository record	verified	metadata/file_manifest.tsv	Raw data not included in release candidate
TCGA-COAD	TCGA-COAD	STAR_gene_counts	fec205e8-388c-47a2-9400-ec9fe2e0fab1.rna_seq.augmented_star_gene_counts.tsv	https://api.gdc.cancer.gov/data/08c9b174-59f5-4d74-8f01-99fbd2531f20	GDC_file_uuid:08c9b174-59f5-4d74-8f01-99fbd2531f20	2026-07-24T22:57:26Z	4222213	94f2446b12d7f0439e95a376a42dd38f75b3069b2a61d8c1f2d346769c93eb39	See official repository record	verified	metadata/file_manifest.tsv	Raw data not included in release candidate
TCGA-COAD	TCGA-COAD	STAR_gene_counts	feccc57b-a987-4dd7-babf-1a8982bd64cc.rna_seq.augmented_star_gene_counts.tsv	https://api.gdc.cancer.gov/data/858726eb-4770-4a63-ab51-39aa93b449f6	GDC_file_uuid:858726eb-4770-4a63-ab51-39aa93b449f6	2026-07-24T22:57:30Z	4210846	e39bef6a894b8e046bab87f24f2371da04008721b1c04863b9bd738d8f638238	See official repository record	verified	metadata/file_manifest.tsv	Raw data not included in release candidate
TCGA-COAD	TCGA-COAD	STAR_gene_counts	fee5651d-3ac9-474a-84da-4fd0ce06f341.rna_seq.augmented_star_gene_counts.tsv	https://api.gdc.cancer.gov/data/74eabb02-90e8-4fa9-a6c6-ef82e8514e25	GDC_file_uuid:74eabb02-90e8-4fa9-a6c6-ef82e8514e25	2026-07-24T22:57:34Z	4181197	d0b2a16944385dac1dc7d6855d6d3363811173a87619af0078a96e88592b6822	See official repository record	verified	metadata/file_manifest.tsv	Raw data not included in release candidate
TCGA-COAD	TCGA-COAD	STAR_gene_counts	ff02e85e-2f87-4832-aaea-3322db33c57a.rna_seq.augmented_star_gene_counts.tsv	https://api.gdc.cancer.gov/data/f72de22c-defa-4fec-b689-85c0629e8f77	GDC_file_uuid:f72de22c-defa-4fec-b689-85c0629e8f77	2026-07-24T22:57:38Z	4209932	b8722c5a9327abb25fe017977948f6839c2578b0cb520d76a3a5130556b8388b	See official repository record	verified	metadata/file_manifest.tsv	Raw data not included in release candidate
TCGA-COAD	TCGA-COAD	STAR_gene_counts	ffe7358d-31b2-4d92-93eb-0a88abaf2dca.rna_seq.augmented_star_gene_counts.tsv	https://api.gdc.cancer.gov/data/18454d33-79e9-4bbb-a606-00c267fd9407	GDC_file_uuid:18454d33-79e9-4bbb-a606-00c267fd9407	2026-07-24T22:57:42Z	4234511	b9c91569ebfa83040c871d1587ce12f1dff969b3793055f56260beadc0cba699	See official repository record	verified	metadata/file_manifest.tsv	Raw data not included in release candidate
GSE226997	GSE226997	processed_spatial_bundle	GSM7089855_Ajou_Visium_P1.tar.gz	https://www.ncbi.nlm.nih.gov/geo/download/?acc=GSM7089855&format=file&file=GSM7089855%5FAjou%5FVisium%5FP1%2Etar%2Egz	GEO_current_public_record	2026-07-24T23:48:10Z	12863232737	294de0361e8720b5f1a4b56cfc627c057c5e9edaa41ec971f4dec6e4ae2e5e7a	See official repository record	verified	metadata/file_manifest.tsv	Raw data not included in release candidate
GSE226997	GSE226997	processed_spatial_bundle	GSM7089856_Ajou_Visium_P2.tar.gz	https://www.ncbi.nlm.nih.gov/geo/download/?acc=GSM7089856&format=file&file=GSM7089856%5FAjou%5FVisium%5FP2%2Etar%2Egz	GEO_current_public_record	2026-07-25T00:30:38Z	9722628803	c9c6dfb65e5c300ad038bb00482abce91d0cba4e643747373ceb26e534d2d7c3	See official repository record	verified	metadata/file_manifest.tsv	Raw data not included in release candidate
GSE226997	GSE226997	processed_spatial_bundle	GSM7089857_Ajou_Visium_P3.tar.gz	https://www.ncbi.nlm.nih.gov/geo/download/?acc=GSM7089857&format=file&file=GSM7089857%5FAjou%5FVisium%5FP3%2Etar%2Egz	GEO_current_public_record	2026-07-26T01:03:22Z	9824252182	ca5b4ef6ab37bb9d25f71b8c5d61293c40af9254699ccfaf99c3fd56bc035350	See official repository record	verified	metadata/file_manifest.tsv	Raw data not included in release candidate
GSE226997	GSE226997	processed_spatial_bundle	GSM7089858_Ajou_Visium_P4.tar.gz	https://www.ncbi.nlm.nih.gov/geo/download/?acc=GSM7089858&format=file&file=GSM7089858%5FAjou%5FVisium%5FP4%2Etar%2Egz	GEO_current_public_record	2026-07-26T01:38:08Z	11783555645	9448a3bcafc652b7d6f73132e1e1b309cbeec4fcb7a8c368203bb8154bf48c1a	See official repository record	verified	metadata/file_manifest.tsv	Raw data not included in release candidate
Figshare_29925404	10.6084/m9.figshare.29925404.v1	official_archive	LST_count_mat.tar.gz	https://ndownloader.figshare.com/files/57235721	1	2026-07-31	74626211	944909a666daf223160d8a2f2f4480dc2e45b451031dd07a280b61821adb121f	CC BY 4.0	bytes_match;md5_match;sha256_recorded;gzip_magic_1F8B	data/metadata/stage10c2_sc_file_manifest.tsv	Raw archive not included in release candidate
E-GEAD-622	E-GEAD-622	filelist	E-GEAD-622.filelist.txt	https://ddbj.nig.ac.jp/public/ddbj_database/gea/experiment/E-GEAD-000/E-GEAD-622/E-GEAD-622.filelist.txt	official repository object	See Stage 10B server manifest	708	NA (source list records MD5 where supplied)	See official repository record	AUDITED_SOURCE_ENTRY	config/stage10B_download_sources.tsv	Official GEA file list; it does not publish an MD5 for itself.
E-GEAD-622	E-GEAD-622	idf	E-GEAD-622.idf.txt	https://ddbj.nig.ac.jp/public/ddbj_database/gea/experiment/E-GEAD-000/E-GEAD-622/E-GEAD-622.idf.txt	official repository object	See Stage 10B server manifest	3747	NA (source list records MD5 where supplied)	See official repository record	AUDITED_SOURCE_ENTRY	config/stage10B_download_sources.tsv	Official MAGE-TAB investigation metadata.
E-GEAD-622	E-GEAD-622	sdrf	E-GEAD-622.sdrf.txt	https://ddbj.nig.ac.jp/public/ddbj_database/gea/experiment/E-GEAD-000/E-GEAD-622/E-GEAD-622.sdrf.txt	official repository object	See Stage 10B server manifest	2871	NA (source list records MD5 where supplied)	See official repository record	AUDITED_SOURCE_ENTRY	config/stage10B_download_sources.tsv	Official sample/section metadata.
E-GEAD-622	E-GEAD-622	processed_archive	E-GEAD-622.processed.zip	https://ddbj.nig.ac.jp/public/ddbj_database/gea/experiment/E-GEAD-000/E-GEAD-622/E-GEAD-622.processed.zip	official repository object	See Stage 10B server manifest	73435929	NA (source list records MD5 where supplied)	See official repository record	AUDITED_SOURCE_ENTRY	config/stage10B_download_sources.tsv	Official Space Ranger processed archive; do not download raw .tar sequencing files.
E-GEAD-619	E-GEAD-619	filelist	E-GEAD-619.filelist.txt	https://ddbj.nig.ac.jp/public/ddbj_database/gea/experiment/E-GEAD-000/E-GEAD-619/E-GEAD-619.filelist.txt	official repository object	See Stage 10B server manifest	494	NA (source list records MD5 where supplied)	See official repository record	AUDITED_SOURCE_ENTRY	config/stage10B_download_sources.tsv	Official GEA file list; source formatting does not expose a stable tabular size/MD5 for every item.
E-GEAD-619	E-GEAD-619	idf	E-GEAD-619.idf.txt	https://ddbj.nig.ac.jp/public/ddbj_database/gea/experiment/E-GEAD-000/E-GEAD-619/E-GEAD-619.idf.txt	official repository object	See Stage 10B server manifest	3572	NA (source list records MD5 where supplied)	See official repository record	AUDITED_SOURCE_ENTRY	config/stage10B_download_sources.tsv	Official MAGE-TAB investigation metadata.
E-GEAD-619	E-GEAD-619	sdrf	E-GEAD-619.sdrf.txt	https://ddbj.nig.ac.jp/public/ddbj_database/gea/experiment/E-GEAD-000/E-GEAD-619/E-GEAD-619.sdrf.txt	official repository object	See Stage 10B server manifest	1924	NA (source list records MD5 where supplied)	See official repository record	AUDITED_SOURCE_ENTRY	config/stage10B_download_sources.tsv	Official sample/section metadata.
E-GEAD-619	E-GEAD-619	processed_archive	E-GEAD-619.processed.zip	https://ddbj.nig.ac.jp/public/ddbj_database/gea/experiment/E-GEAD-000/E-GEAD-619/E-GEAD-619.processed.zip	official repository object	See Stage 10B server manifest	1480456289	NA (source list records MD5 where supplied)	See official repository record	AUDITED_SOURCE_ENTRY	config/stage10B_download_sources.tsv	Official Space Ranger processed archive; do not download raw .tar sequencing files.
E-GEAD-579	E-GEAD-579	filelist	E-GEAD-579.filelist.txt	https://ddbj.nig.ac.jp/public/ddbj_database/gea/experiment/E-GEAD-000/E-GEAD-579/E-GEAD-579.filelist.txt	official repository object	See Stage 10B server manifest	682	NA (source list records MD5 where supplied)	See official repository record	AUDITED_SOURCE_ENTRY	config/stage10B_download_sources.tsv	Official GEA file list; it does not publish an MD5 for itself.
E-GEAD-579	E-GEAD-579	idf	E-GEAD-579.idf.txt	https://ddbj.nig.ac.jp/public/ddbj_database/gea/experiment/E-GEAD-000/E-GEAD-579/E-GEAD-579.idf.txt	official repository object	See Stage 10B server manifest	3429	NA (source list records MD5 where supplied)	See official repository record	AUDITED_SOURCE_ENTRY	config/stage10B_download_sources.tsv	Official MAGE-TAB investigation metadata.
E-GEAD-579	E-GEAD-579	sdrf	E-GEAD-579.sdrf.txt	https://ddbj.nig.ac.jp/public/ddbj_database/gea/experiment/E-GEAD-000/E-GEAD-579/E-GEAD-579.sdrf.txt	official repository object	See Stage 10B server manifest	2595	NA (source list records MD5 where supplied)	See official repository record	AUDITED_SOURCE_ENTRY	config/stage10B_download_sources.tsv	Official sample/section metadata.
E-GEAD-579	E-GEAD-579	processed_archive	E-GEAD-579.processed.zip	https://ddbj.nig.ac.jp/public/ddbj_database/gea/experiment/E-GEAD-000/E-GEAD-579/E-GEAD-579.processed.zip	official repository object	See Stage 10B server manifest	2852742454	NA (source list records MD5 where supplied)	See official repository record	AUDITED_SOURCE_ENTRY	config/stage10B_download_sources.tsv	Official Space Ranger processed archive; do not download raw .tar sequencing files.
GSE200997	GSE200997	series_metadata	GSE200997_family.soft.gz	https://ftp.ncbi.nlm.nih.gov/geo/series/GSE200nnn/GSE200997/soft/GSE200997_family.soft.gz	official repository object	See Stage 10B server manifest	NA	NA (source list records MD5 where supplied)	See official repository record	AUDITED_SOURCE_ENTRY	config/stage10B_download_sources.tsv	Official GEO metadata.
GSE200997	GSE200997	processed_annotation	GSE200997_GEO_processed_CRC_10X_cell_annotation.csv.gz	https://ftp.ncbi.nlm.nih.gov/geo/series/GSE200nnn/GSE200997/suppl/GSE200997_GEO_processed_CRC_10X_cell_annotation.csv.gz	official repository object	See Stage 10B server manifest	NA	NA (source list records MD5 where supplied)	See official repository record	AUDITED_SOURCE_ENTRY	config/stage10B_download_sources.tsv	Official processed cell annotation.
GSE200997	GSE200997	processed_count_matrix	GSE200997_GEO_processed_CRC_10X_raw_UMI_count_matrix.csv.gz	https://ftp.ncbi.nlm.nih.gov/geo/series/GSE200nnn/GSE200997/suppl/GSE200997_GEO_processed_CRC_10X_raw_UMI_count_matrix.csv.gz	official repository object	See Stage 10B server manifest	NA	NA (source list records MD5 where supplied)	See official repository record	AUDITED_SOURCE_ENTRY	config/stage10B_download_sources.tsv	Official processed UMI count matrix; raw reads are not available and must not be sought.
PMC11121171	PMC11121171	article_fulltext_xml	PMC11121171.fulltext.xml	https://www.ebi.ac.uk/europepmc/webservices/rest/PMC11121171/fullTextXML	official repository object	See Stage 10B server manifest	NA	NA (source list records MD5 where supplied)	See official repository record	AUDITED_SOURCE_ENTRY	config/stage10B_download_sources.tsv	Europe PMC full-text XML for the open-access E-GEAD-619/E-GEAD-622 article. The official NCBI OA-package endpoint returned HTTP 404; package-only supplementary assets remain explicitly unavailable rather than inferred.
Cell_Reports_111929	Cell_Reports_111929	article_metadata	10.1016_j.celrep.2022.111929.crossref.json	https://api.crossref.org/works/10.1016%2Fj.celrep.2022.111929	official repository object	See Stage 10B server manifest	NA	NA (source list records MD5 where supplied)	See official repository record	AUDITED_SOURCE_ENTRY	config/stage10B_download_sources.tsv	Official bibliographic metadata for E-GEAD-579; supplementary assets are discovered from the publisher landing page and recorded if publicly reachable.
