script_id	stage	analysis_role	original_path	release_path	original_sha256	release_sha256	direct_literal_inputs	stage_scoped_outputs	stage_scoped_figures	claim_ids	private_paths_sanitized_in_release_copy	mapping_basis
F0392	Project	main_or_supporting	scripts/04_download_public_data.sh	scripts/04_download_public_data.sh	c53ee7bc2466dff6cff083a0fba6885ab23931d3754e07c6eb8bb85ed1318fb7	f0858a167ffc2d05d4dcfa44c6836ba34981c554a55d9cacc71334740fd14332	STATUS.md;metadata/download_plan.tsv;metadata/file_manifest.tsv;reports/stage_4B_download_integrity.md	AGENTS.md;PROJECT_CONSTITUTION.md;SERVER_EXECUTION_CONTRACT.md;STAGE10_PROTOCOL_ADDENDUM.md;STATUS.md;config/.gitkeep;config/annotation_parameters.tsv;config/epithelial_cluster_annotation.tsv;config/major_cluster_annotation.tsv;config/qc_parameters.tsv;config/stage10B_download_sources.tsv;config/stool_test_operating_points.tsv;data/metadata/spatial_patient_slide_roi_manifest.tsv;figures_final/.gitkeep;logs_summary/.gitkeep;manuscript_freeze/FIGURE_BLUEPRINT.md;manuscript_freeze/FINAL_CLAIM_LIST.tsv;manuscript_freeze/SECTION_EVIDENCE_MAP.tsv;manuscript_freeze/SUPPLEMENT_BLUEPRINT.md;manuscript_freeze/TABLE_BLUEPRINT.md;modules_locked.tsv;modules_locked.tsv.sha256;reports/stage10A_GATE_DECISION.md;reports/stage10A_SUMMARY.md;result_registry.tsv;results/05B_full_qc_integration/biological_sample_cell_summary.tsv;results/05B_full_qc_integration/donor_cell_qc_summary.tsv;results/05B_full_qc_integration/embedding_variance_audit.tsv;results/05B_full_qc_integration/leave_one_donor_out_folds.tsv;results/05B_full_qc_integration/library_depth_risk_audit.tsv;results/05B_full_qc_integration/library_qc_summary.tsv;results/05B_full_qc_integration/neighbor_mixing_audit.tsv;results/05B_full_qc_integration/object_manifest.tsv;results/05B_full_qc_integration/original_qc_threshold_comparison.tsv;results/05B_full_qc_integration/overcorrection_guard.tsv;results/05B_full_qc_integration/pre_post_distribution_audit.tsv;results/05B_full_qc_integration/validation_checks.tsv;results/05C_annotation/epithelial_cluster_composition.tsv;results/05C_annotation/epithelial_cluster_markers.tsv.gz;results/05C_annotation/epithelial_cluster_review_blinded.tsv	NA	NA	TRUE	Direct basename literals where detectable; otherwise frozen-manifest stage scope. Original frozen SHA retained.
F0393	Stage5A	sensitivity_or_validation	scripts/05A_qc_pilot.R	scripts/05A_qc_pilot.R	c3e056a4ba9cf9b9f22eff09170658086ac4c4c70cd0592078275c8683e46803	c3e056a4ba9cf9b9f22eff09170658086ac4c4c70cd0592078275c8683e46803	See stage-scoped inputs and script source	reports/stage_5A_qc_pilot.md	NA	NA	FALSE	Direct basename literals where detectable; otherwise frozen-manifest stage scope. Original frozen SHA retained.
F0394	Stage5B	sensitivity_or_validation	scripts/05B_audit_depth_risk.R	scripts/05B_audit_depth_risk.R	cf0c244d35a38b8a4640646d4a7ee47a7f29092d06740c72d1a0753ce156c286	cf0c244d35a38b8a4640646d4a7ee47a7f29092d06740c72d1a0753ce156c286	results/05B_full_qc_integration/library_depth_risk_audit.tsv;results/05B_full_qc_integration/original_qc_threshold_comparison.tsv	reports/stage_5B_full_qc_integration.md;results/05B_qc_threshold_preflight.tsv	NA	NA	FALSE	Direct basename literals where detectable; otherwise frozen-manifest stage scope. Original frozen SHA retained.
F0395	Stage5B	sensitivity_or_validation	scripts/05B_full_qc_integration.R	scripts/05B_full_qc_integration.R	179c1bc1b4bbdc51ab32e855745972b46ad3d318a6f8fdddf003089577493613	179c1bc1b4bbdc51ab32e855745972b46ad3d318a6f8fdddf003089577493613	config/qc_parameters.tsv;metadata/dataset_manifest.tsv;results/05B_full_qc_integration/biological_sample_cell_summary.tsv;results/05B_full_qc_integration/donor_cell_qc_summary.tsv;results/05B_full_qc_integration/embedding_variance_audit.tsv;results/05B_full_qc_integration/leave_one_donor_out_folds.tsv;results/05B_full_qc_integration/library_qc_summary.tsv;results/05B_full_qc_integration/neighbor_mixing_audit.tsv;results/05B_full_qc_integration/object_manifest.tsv;results/05B_full_qc_integration/overcorrection_guard.tsv;results/05B_full_qc_integration/pre_post_distribution_audit.tsv	reports/stage_5B_full_qc_integration.md;results/05B_qc_threshold_preflight.tsv	NA	NA	FALSE	Direct basename literals where detectable; otherwise frozen-manifest stage scope. Original frozen SHA retained.
F0396	Stage5B	sensitivity_or_validation	scripts/05B_qc_threshold_preflight.R	scripts/05B_qc_threshold_preflight.R	1c29924a760cf1bdb49ee8af52189ca31087588ee9e2da87f499a0dc3e54026c	1c29924a760cf1bdb49ee8af52189ca31087588ee9e2da87f499a0dc3e54026c	config/qc_parameters.tsv;metadata/dataset_manifest.tsv;results/05B_qc_threshold_preflight.tsv	reports/stage_5B_full_qc_integration.md;results/05B_qc_threshold_preflight.tsv	NA	NA	FALSE	Direct basename literals where detectable; otherwise frozen-manifest stage scope. Original frozen SHA retained.
F0397	Stage5B	main_or_supporting	scripts/05B_resume_postprocess.R	scripts/05B_resume_postprocess.R	67a0b620c0274f5ec46831a9a1c6d538eb0a8e17b46a417a4cf9c238c1d3ef6a	67a0b620c0274f5ec46831a9a1c6d538eb0a8e17b46a417a4cf9c238c1d3ef6a	config/qc_parameters.tsv;results/05B_full_qc_integration/biological_sample_cell_summary.tsv;results/05B_full_qc_integration/donor_cell_qc_summary.tsv;results/05B_full_qc_integration/embedding_variance_audit.tsv;results/05B_full_qc_integration/leave_one_donor_out_folds.tsv;results/05B_full_qc_integration/library_qc_summary.tsv;results/05B_full_qc_integration/neighbor_mixing_audit.tsv;results/05B_full_qc_integration/object_manifest.tsv;results/05B_full_qc_integration/overcorrection_guard.tsv;results/05B_full_qc_integration/pre_post_distribution_audit.tsv	reports/stage_5B_full_qc_integration.md;results/05B_qc_threshold_preflight.tsv	NA	NA	FALSE	Direct basename literals where detectable; otherwise frozen-manifest stage scope. Original frozen SHA retained.
F0398	Stage5B	main_or_supporting	scripts/05B_run_revised.sh	scripts/05B_run_revised.sh	39a53c58b7c0d5ca2f226c154741ef55771f33bad4123d42924203f03ddfb3b8	39a53c58b7c0d5ca2f226c154741ef55771f33bad4123d42924203f03ddfb3b8	scripts/05B_full_qc_integration.R	reports/stage_5B_full_qc_integration.md;results/05B_qc_threshold_preflight.tsv	NA	NA	FALSE	Direct basename literals where detectable; otherwise frozen-manifest stage scope. Original frozen SHA retained.
F0399	Stage5B	sensitivity_or_validation	scripts/05B_validate_outputs.R	scripts/05B_validate_outputs.R	32887997e432f8a5ac52efcf57a669cc8623408bf648766ebbee46f4c9c99e14	32887997e432f8a5ac52efcf57a669cc8623408bf648766ebbee46f4c9c99e14	results/05B_full_qc_integration/library_qc_summary.tsv;results/05B_full_qc_integration/validation_checks.tsv	reports/stage_5B_full_qc_integration.md;results/05B_qc_threshold_preflight.tsv	NA	NA	FALSE	Direct basename literals where detectable; otherwise frozen-manifest stage scope. Original frozen SHA retained.
F0400	Stage5C	main_or_supporting	scripts/05C_apply_major_epithelial_discovery.R	scripts/05C_apply_major_epithelial_discovery.R	b75f158cfe5b925389f7a1832ca98c044b60abadd38ada6a628be19ee3c6e497	b75f158cfe5b925389f7a1832ca98c044b60abadd38ada6a628be19ee3c6e497	config/annotation_parameters.tsv;config/major_cluster_annotation.tsv;metadata/annotation_evidence.tsv;results/05C_annotation/epithelial_cluster_composition.tsv;results/05C_annotation/epithelial_cluster_markers.tsv.gz;results/05C_annotation/epithelial_cluster_review_blinded.tsv;results/05C_annotation/epithelial_signature_scores.tsv;results/05C_annotation/source_data/epithelial_marker_dotplot_source.tsv.gz;results/05C_annotation/source_data/epithelial_umap_source.tsv.gz	reports/stage_5C_annotation.md	NA	NA	FALSE	Direct basename literals where detectable; otherwise frozen-manifest stage scope. Original frozen SHA retained.
F0401	Stage5C	sensitivity_or_validation	scripts/05C_audit_epithelial_integration.R	scripts/05C_audit_epithelial_integration.R	13e0063e35a85dc45be728d3960ebc944707f0b7f6f5200e23a7d28fd3dd2d5b	13e0063e35a85dc45be728d3960ebc944707f0b7f6f5200e23a7d28fd3dd2d5b	config/annotation_parameters.tsv	reports/stage_5C_annotation.md	NA	NA	FALSE	Direct basename literals where detectable; otherwise frozen-manifest stage scope. Original frozen SHA retained.
F0402	Stage5C	sensitivity_or_validation	scripts/05C_blind_ambiguous_marker_audit.R	scripts/05C_blind_ambiguous_marker_audit.R	dfea5120da116975a3a9b5596eb88c05413975bd177b51248dd19247f04f857c	dfea5120da116975a3a9b5596eb88c05413975bd177b51248dd19247f04f857c	results/05C_annotation/major_ambiguous_cluster_blind_audit.tsv	reports/stage_5C_annotation.md	NA	NA	FALSE	Direct basename literals where detectable; otherwise frozen-manifest stage scope. Original frozen SHA retained.
F0403	Stage5C	sensitivity_or_validation	scripts/05C_descriptive_audit.R	scripts/05C_descriptive_audit.R	269d1625e8f9875627bc64b56baa8c69c6339429d3d1d9775698f2f145f1ce48	269d1625e8f9875627bc64b56baa8c69c6339429d3d1d9775698f2f145f1ce48	See stage-scoped inputs and script source	reports/stage_5C_annotation.md	NA	NA	FALSE	Direct basename literals where detectable; otherwise frozen-manifest stage scope. Original frozen SHA retained.
F0404	Stage5C	main_or_supporting	scripts/05C_finalize_annotations.R	scripts/05C_finalize_annotations.R	b0cc19e9cfc0aa4cba0963a088a4b456fe374b27a21824df04ec18b5505a0a79	b0cc19e9cfc0aa4cba0963a088a4b456fe374b27a21824df04ec18b5505a0a79	config/annotation_parameters.tsv;config/epithelial_cluster_annotation.tsv;metadata/annotation_evidence.tsv	reports/stage_5C_annotation.md	NA	NA	FALSE	Direct basename literals where detectable; otherwise frozen-manifest stage scope. Original frozen SHA retained.
F0405	Stage5C	main_or_supporting	scripts/05C_inspect_copykat_install.R	scripts/05C_inspect_copykat_install.R	0ef126e558116dcb791f875c21cd41dbcc1922b82e7198d22d37c4641c1401ad	0ef126e558116dcb791f875c21cd41dbcc1922b82e7198d22d37c4641c1401ad	See stage-scoped inputs and script source	reports/stage_5C_annotation.md	NA	NA	FALSE	Direct basename literals where detectable; otherwise frozen-manifest stage scope. Original frozen SHA retained.
F0406	Stage5C	main_or_supporting	scripts/05C_install_copykat.R	scripts/05C_install_copykat.R	b6d1688f5e989b96f08d540adbeff815b9d69abe64bcde91bec2e5bdf43772c7	b6d1688f5e989b96f08d540adbeff815b9d69abe64bcde91bec2e5bdf43772c7	config/annotation_parameters.tsv	reports/stage_5C_annotation.md	NA	NA	FALSE	Direct basename literals where detectable; otherwise frozen-manifest stage scope. Original frozen SHA retained.
F0407	Stage5C	main_or_supporting	scripts/05C_major_annotation_discovery.R	scripts/05C_major_annotation_discovery.R	2bceaedf13cbff8a8020698b18263c7c91b34a2185bceb2824cb97d58722c237	2bceaedf13cbff8a8020698b18263c7c91b34a2185bceb2824cb97d58722c237	config/annotation_parameters.tsv;metadata/annotation_evidence.tsv;results/05C_annotation/major_cluster_markers.tsv.gz;results/05C_annotation/major_cluster_review_blinded.tsv;results/05C_annotation/major_signature_scores.tsv	reports/stage_5C_annotation.md	NA	NA	FALSE	Direct basename literals where detectable; otherwise frozen-manifest stage scope. Original frozen SHA retained.
F0408	Stage5C	main_or_supporting	scripts/05C_prepare_copykat_inputs.R	scripts/05C_prepare_copykat_inputs.R	aa62f8d83c6ff76911d36457ff23b086ccb56674f3866881b5aeadbfa73fa461	aa62f8d83c6ff76911d36457ff23b086ccb56674f3866881b5aeadbfa73fa461	config/annotation_parameters.tsv	reports/stage_5C_annotation.md	NA	NA	FALSE	Direct basename literals where detectable; otherwise frozen-manifest stage scope. Original frozen SHA retained.
F0409	Stage5C	main_or_supporting	scripts/05C_regenerate_copykat_barplot.R	scripts/05C_regenerate_copykat_barplot.R	bbf4037c5b8f192eadd7e0d581c2e78fe89ebe4666ed00477a22df40fcb4dfa5	bbf4037c5b8f192eadd7e0d581c2e78fe89ebe4666ed00477a22df40fcb4dfa5	See stage-scoped inputs and script source	reports/stage_5C_annotation.md	NA	NA	FALSE	Direct basename literals where detectable; otherwise frozen-manifest stage scope. Original frozen SHA retained.
F0410	Stage5C	main_or_supporting	scripts/05C_remote_preflight.sh	scripts/05C_remote_preflight.sh	e091edb8851fc09cf40df7a196b215f5365d666a005a04759b97ed74f3d94f15	e091edb8851fc09cf40df7a196b215f5365d666a005a04759b97ed74f3d94f15	AGENTS.md;reports/stage_5B_full_qc_integration.md	reports/stage_5C_annotation.md	NA	NA	FALSE	Direct basename literals where detectable; otherwise frozen-manifest stage scope. Original frozen SHA retained.
F0411	Stage5C	main_or_supporting	scripts/05C_run_copykat_all.sh	scripts/05C_run_copykat_all.sh	1c67860ad783775a65853079f0d0d3e831b7a38c4bb9cf094b41211154f5d9af	1c67860ad783775a65853079f0d0d3e831b7a38c4bb9cf094b41211154f5d9af	config/annotation_parameters.tsv;scripts/05C_install_copykat.R;scripts/05C_run_copykat_sample.R;scripts/05C_summarize_copykat.R	reports/stage_5C_annotation.md	NA	NA	FALSE	Direct basename literals where detectable; otherwise frozen-manifest stage scope. Original frozen SHA retained.
F0412	Stage5C	main_or_supporting	scripts/05C_run_copykat_prepare.sh	scripts/05C_run_copykat_prepare.sh	c7ca181a76e47a816648d67fd53f0f6d260e6052d9fdc29b55127b9e6eff3783	c7ca181a76e47a816648d67fd53f0f6d260e6052d9fdc29b55127b9e6eff3783	scripts/05C_prepare_copykat_inputs.R	reports/stage_5C_annotation.md	NA	NA	FALSE	Direct basename literals where detectable; otherwise frozen-manifest stage scope. Original frozen SHA retained.
F0413	Stage5C	main_or_supporting	scripts/05C_run_copykat_sample.R	scripts/05C_run_copykat_sample.R	ee1859515e872d114c97b674f5f21705fb3728858e9adf940b0c2af4657b36e8	ee1859515e872d114c97b674f5f21705fb3728858e9adf940b0c2af4657b36e8	config/annotation_parameters.tsv;scripts/05C_prepare_copykat_inputs.R;scripts/05C_run_copykat_sample.R	reports/stage_5C_annotation.md	NA	NA	FALSE	Direct basename literals where detectable; otherwise frozen-manifest stage scope. Original frozen SHA retained.
F0414	Stage5C	main_or_supporting	scripts/05C_run_copykat_summary.sh	scripts/05C_run_copykat_summary.sh	597c42a1074ec5fa3746cbc150650002f4bc1beffb050b35870156b0a9e97440	597c42a1074ec5fa3746cbc150650002f4bc1beffb050b35870156b0a9e97440	scripts/05C_summarize_copykat.R	reports/stage_5C_annotation.md	NA	NA	FALSE	Direct basename literals where detectable; otherwise frozen-manifest stage scope. Original frozen SHA retained.
F0415	Stage5C	main_or_supporting	scripts/05C_run_epithelial_discovery.sh	scripts/05C_run_epithelial_discovery.sh	6ac8523042a2115e7bafc44b6e284e039285781642c2b4d3ec0ef1e6fbe96152	6ac8523042a2115e7bafc44b6e284e039285781642c2b4d3ec0ef1e6fbe96152	scripts/05C_apply_major_epithelial_discovery.R	reports/stage_5C_annotation.md	NA	NA	FALSE	Direct basename literals where detectable; otherwise frozen-manifest stage scope. Original frozen SHA retained.
F0416	Stage5C	main_or_supporting	scripts/05C_run_finalize_annotations.sh	scripts/05C_run_finalize_annotations.sh	4030431132d474613cd2ea6a4eaa8bcc9e2d5111eb48d83594f599d742c0ac9c	4030431132d474613cd2ea6a4eaa8bcc9e2d5111eb48d83594f599d742c0ac9c	scripts/05C_finalize_annotations.R	reports/stage_5C_annotation.md	NA	NA	FALSE	Direct basename literals where detectable; otherwise frozen-manifest stage scope. Original frozen SHA retained.
F0417	Stage5C	main_or_supporting	scripts/05C_run_major.sh	scripts/05C_run_major.sh	01bc42672ee54e8c596df67defd834951a4b50c0af20943c345ca1275ed23209	01bc42672ee54e8c596df67defd834951a4b50c0af20943c345ca1275ed23209	scripts/05C_major_annotation_discovery.R	reports/stage_5C_annotation.md	NA	NA	FALSE	Direct basename literals where detectable; otherwise frozen-manifest stage scope. Original frozen SHA retained.
F0418	Stage5C	sensitivity_or_validation	scripts/05C_run_validation.sh	scripts/05C_run_validation.sh	399a03f097ab321a7f8fdf4b710a1427ff6bd62d32f785fcbb1e23daaf737f24	399a03f097ab321a7f8fdf4b710a1427ff6bd62d32f785fcbb1e23daaf737f24	scripts/05C_validate_outputs.R	reports/stage_5C_annotation.md	NA	NA	FALSE	Direct basename literals where detectable; otherwise frozen-manifest stage scope. Original frozen SHA retained.
F0419	Stage5C	main_or_supporting	scripts/05C_runtime_preflight.R	scripts/05C_runtime_preflight.R	b1207a92d729c1be1d7b9bec04c05cb254938dae6ab226c4ef1bc8a6a7f3114f	b1207a92d729c1be1d7b9bec04c05cb254938dae6ab226c4ef1bc8a6a7f3114f	config/annotation_parameters.tsv;metadata/annotation_evidence.tsv	reports/stage_5C_annotation.md	NA	NA	FALSE	Direct basename literals where detectable; otherwise frozen-manifest stage scope. Original frozen SHA retained.
F0420	Stage5C	main_or_supporting	scripts/05C_summarize_copykat.R	scripts/05C_summarize_copykat.R	8974b94f92ab72c59dd33cdcb2dc263b8cac905b30c4a9c6f4741e6339b1d8f2	8974b94f92ab72c59dd33cdcb2dc263b8cac905b30c4a9c6f4741e6339b1d8f2	config/annotation_parameters.tsv	reports/stage_5C_annotation.md	NA	NA	FALSE	Direct basename literals where detectable; otherwise frozen-manifest stage scope. Original frozen SHA retained.
F0421	Stage5C	sensitivity_or_validation	scripts/05C_validate_outputs.R	scripts/05C_validate_outputs.R	058ff56a93034373dd2cf2d00068ce9fd4c396842b08cedac61685612193fa0d	058ff56a93034373dd2cf2d00068ce9fd4c396842b08cedac61685612193fa0d	config/annotation_parameters.tsv;config/epithelial_cluster_annotation.tsv;config/major_cluster_annotation.tsv;metadata/annotation_evidence.tsv;results/05B_full_qc_integration/validation_checks.tsv;results/05C_annotation/epithelial_cluster_composition.tsv;results/05C_annotation/epithelial_cluster_markers.tsv.gz;results/05C_annotation/epithelial_signature_scores.tsv;results/05C_annotation/major_cluster_markers.tsv.gz;results/05C_annotation/major_signature_scores.tsv;results/05C_annotation/source_data/epithelial_marker_dotplot_source.tsv.gz;results/05C_annotation/source_data/epithelial_umap_source.tsv.gz	reports/stage_5C_annotation.md	NA	NA	FALSE	Direct basename literals where detectable; otherwise frozen-manifest stage scope. Original frozen SHA retained.
F0422	Stage6A	main_or_supporting	scripts/06A_amendment_exploratory.R	scripts/06A_amendment_exploratory.R	3b77a40415e8bbfee7f3c00c1bfef87f81330337bb5c2e8c6ee3795541cab7e5	3b77a40415e8bbfee7f3c00c1bfef87f81330337bb5c2e8c6ee3795541cab7e5	config/06A_amendment_parameters.tsv;logs_summary/stage_6A_amendment_key_metrics.tsv;reports/stage_6A_exploratory_amendment.md	config/06A_amendment_parameters.tsv;config/06A_pseudobulk_parameters.tsv;figures_final/stage_6A_paired_FAP_gene_hits.pdf;figures_final/stage_6A_paired_FAP_gene_hits.png;figures_final/stage_6A_paired_FAP_gene_hits_source_data.tsv;figures_final/stage_6A_top_stage_blind_module_effects.pdf;figures_final/stage_6A_top_stage_blind_module_effects.png;figures_final/stage_6A_top_stage_blind_module_effects_source_data.tsv;logs_summary/stage_6A_amendment_independent_acceptance.tsv;logs_summary/stage_6A_amendment_key_metrics.tsv;logs_summary/stage_6A_amendment_validation_checks.tsv;logs_summary/stage_6A_candidate_attrition_audit.tsv;logs_summary/stage_6A_independent_validation_checks.tsv;logs_summary/stage_6A_key_metrics.tsv;logs_summary/stage_6A_model_covariate_audit.tsv;logs_summary/stage_6A_model_fit_audit.tsv;logs_summary/stage_6A_paired_FAP_state_audit.tsv;logs_summary/stage_6A_stage_blind_module_audit.tsv;logs_summary/stage_6A_validation_checks.tsv;reports/stage_6A_exploratory_amendment.md;reports/stage_6A_pseudobulk_discovery.md;results_final/stage_6A_exploratory_candidate_modules.tsv;results_final/stage_6A_paired_FAP_gene_LODO_summary.tsv;results_final/stage_6A_stage_blind_module_membership.tsv;${CRC_PROJECT_ROOT}/results/06A_pseudobulk/pseudobulk_results.tsv;${CRC_PROJECT_ROOT}/results/06A_pseudobulk/software_versions.tsv	NA	NA	FALSE	Direct basename literals where detectable; otherwise frozen-manifest stage scope. Original frozen SHA retained.
F0423	Stage6A	main_or_supporting	scripts/06A_amendment_smoke_test.R	scripts/06A_amendment_smoke_test.R	00ea1ce9ac58dc7f9404f1ae90caeb7f16a5d714ad8ac3bc8edb05f395127604	00ea1ce9ac58dc7f9404f1ae90caeb7f16a5d714ad8ac3bc8edb05f395127604	See stage-scoped inputs and script source	config/06A_amendment_parameters.tsv;config/06A_pseudobulk_parameters.tsv;figures_final/stage_6A_paired_FAP_gene_hits.pdf;figures_final/stage_6A_paired_FAP_gene_hits.png;figures_final/stage_6A_paired_FAP_gene_hits_source_data.tsv;figures_final/stage_6A_top_stage_blind_module_effects.pdf;figures_final/stage_6A_top_stage_blind_module_effects.png;figures_final/stage_6A_top_stage_blind_module_effects_source_data.tsv;logs_summary/stage_6A_amendment_independent_acceptance.tsv;logs_summary/stage_6A_amendment_key_metrics.tsv;logs_summary/stage_6A_amendment_validation_checks.tsv;logs_summary/stage_6A_candidate_attrition_audit.tsv;logs_summary/stage_6A_independent_validation_checks.tsv;logs_summary/stage_6A_key_metrics.tsv;logs_summary/stage_6A_model_covariate_audit.tsv;logs_summary/stage_6A_model_fit_audit.tsv;logs_summary/stage_6A_paired_FAP_state_audit.tsv;logs_summary/stage_6A_stage_blind_module_audit.tsv;logs_summary/stage_6A_validation_checks.tsv;reports/stage_6A_exploratory_amendment.md;reports/stage_6A_pseudobulk_discovery.md;results_final/stage_6A_exploratory_candidate_modules.tsv;results_final/stage_6A_paired_FAP_gene_LODO_summary.tsv;results_final/stage_6A_stage_blind_module_membership.tsv;${CRC_PROJECT_ROOT}/results/06A_pseudobulk/pseudobulk_results.tsv;${CRC_PROJECT_ROOT}/results/06A_pseudobulk/software_versions.tsv	NA	NA	FALSE	Direct basename literals where detectable; otherwise frozen-manifest stage scope. Original frozen SHA retained.
F0424	Stage6A	sensitivity_or_validation	scripts/06A_independent_audit.R	scripts/06A_independent_audit.R	8cfed7522d6c42dccdfafd44446b71c2b8bc30cc2fbb65b45d27dd1fc01d7f0f	8cfed7522d6c42dccdfafd44446b71c2b8bc30cc2fbb65b45d27dd1fc01d7f0f	config/06A_pseudobulk_parameters.tsv;results/05B_full_qc_integration/validation_checks.tsv	config/06A_amendment_parameters.tsv;config/06A_pseudobulk_parameters.tsv;figures_final/stage_6A_paired_FAP_gene_hits.pdf;figures_final/stage_6A_paired_FAP_gene_hits.png;figures_final/stage_6A_paired_FAP_gene_hits_source_data.tsv;figures_final/stage_6A_top_stage_blind_module_effects.pdf;figures_final/stage_6A_top_stage_blind_module_effects.png;figures_final/stage_6A_top_stage_blind_module_effects_source_data.tsv;logs_summary/stage_6A_amendment_independent_acceptance.tsv;logs_summary/stage_6A_amendment_key_metrics.tsv;logs_summary/stage_6A_amendment_validation_checks.tsv;logs_summary/stage_6A_candidate_attrition_audit.tsv;logs_summary/stage_6A_independent_validation_checks.tsv;logs_summary/stage_6A_key_metrics.tsv;logs_summary/stage_6A_model_covariate_audit.tsv;logs_summary/stage_6A_model_fit_audit.tsv;logs_summary/stage_6A_paired_FAP_state_audit.tsv;logs_summary/stage_6A_stage_blind_module_audit.tsv;logs_summary/stage_6A_validation_checks.tsv;reports/stage_6A_exploratory_amendment.md;reports/stage_6A_pseudobulk_discovery.md;results_final/stage_6A_exploratory_candidate_modules.tsv;results_final/stage_6A_paired_FAP_gene_LODO_summary.tsv;results_final/stage_6A_stage_blind_module_membership.tsv;${CRC_PROJECT_ROOT}/results/06A_pseudobulk/pseudobulk_results.tsv;${CRC_PROJECT_ROOT}/results/06A_pseudobulk/software_versions.tsv	NA	NA	FALSE	Direct basename literals where detectable; otherwise frozen-manifest stage scope. Original frozen SHA retained.
F0425	Stage6A	main_or_supporting	scripts/06A_preflight.R	scripts/06A_preflight.R	cf842c60317c9c3930f799ea122bfc824dcccb778d2bbb50ffe268cd30eecce4	cf842c60317c9c3930f799ea122bfc824dcccb778d2bbb50ffe268cd30eecce4	See stage-scoped inputs and script source	config/06A_amendment_parameters.tsv;config/06A_pseudobulk_parameters.tsv;figures_final/stage_6A_paired_FAP_gene_hits.pdf;figures_final/stage_6A_paired_FAP_gene_hits.png;figures_final/stage_6A_paired_FAP_gene_hits_source_data.tsv;figures_final/stage_6A_top_stage_blind_module_effects.pdf;figures_final/stage_6A_top_stage_blind_module_effects.png;figures_final/stage_6A_top_stage_blind_module_effects_source_data.tsv;logs_summary/stage_6A_amendment_independent_acceptance.tsv;logs_summary/stage_6A_amendment_key_metrics.tsv;logs_summary/stage_6A_amendment_validation_checks.tsv;logs_summary/stage_6A_candidate_attrition_audit.tsv;logs_summary/stage_6A_independent_validation_checks.tsv;logs_summary/stage_6A_key_metrics.tsv;logs_summary/stage_6A_model_covariate_audit.tsv;logs_summary/stage_6A_model_fit_audit.tsv;logs_summary/stage_6A_paired_FAP_state_audit.tsv;logs_summary/stage_6A_stage_blind_module_audit.tsv;logs_summary/stage_6A_validation_checks.tsv;reports/stage_6A_exploratory_amendment.md;reports/stage_6A_pseudobulk_discovery.md;results_final/stage_6A_exploratory_candidate_modules.tsv;results_final/stage_6A_paired_FAP_gene_LODO_summary.tsv;results_final/stage_6A_stage_blind_module_membership.tsv;${CRC_PROJECT_ROOT}/results/06A_pseudobulk/pseudobulk_results.tsv;${CRC_PROJECT_ROOT}/results/06A_pseudobulk/software_versions.tsv	NA	NA	FALSE	Direct basename literals where detectable; otherwise frozen-manifest stage scope. Original frozen SHA retained.
F0426	Stage6A	main_or_supporting	scripts/06A_pseudobulk_discovery.R	scripts/06A_pseudobulk_discovery.R	41ec38f320b63da7765dd63962a8b6912e400566dcdf5110c62d27204480f9c1	41ec38f320b63da7765dd63962a8b6912e400566dcdf5110c62d27204480f9c1	STATUS.md;config/06A_pseudobulk_parameters.tsv;logs_summary/stage_6A_key_metrics.tsv;reports/stage_6A_pseudobulk_discovery.md;result_registry.tsv	config/06A_amendment_parameters.tsv;config/06A_pseudobulk_parameters.tsv;figures_final/stage_6A_paired_FAP_gene_hits.pdf;figures_final/stage_6A_paired_FAP_gene_hits.png;figures_final/stage_6A_paired_FAP_gene_hits_source_data.tsv;figures_final/stage_6A_top_stage_blind_module_effects.pdf;figures_final/stage_6A_top_stage_blind_module_effects.png;figures_final/stage_6A_top_stage_blind_module_effects_source_data.tsv;logs_summary/stage_6A_amendment_independent_acceptance.tsv;logs_summary/stage_6A_amendment_key_metrics.tsv;logs_summary/stage_6A_amendment_validation_checks.tsv;logs_summary/stage_6A_candidate_attrition_audit.tsv;logs_summary/stage_6A_independent_validation_checks.tsv;logs_summary/stage_6A_key_metrics.tsv;logs_summary/stage_6A_model_covariate_audit.tsv;logs_summary/stage_6A_model_fit_audit.tsv;logs_summary/stage_6A_paired_FAP_state_audit.tsv;logs_summary/stage_6A_stage_blind_module_audit.tsv;logs_summary/stage_6A_validation_checks.tsv;reports/stage_6A_exploratory_amendment.md;reports/stage_6A_pseudobulk_discovery.md;results_final/stage_6A_exploratory_candidate_modules.tsv;results_final/stage_6A_paired_FAP_gene_LODO_summary.tsv;results_final/stage_6A_stage_blind_module_membership.tsv;${CRC_PROJECT_ROOT}/results/06A_pseudobulk/pseudobulk_results.tsv;${CRC_PROJECT_ROOT}/results/06A_pseudobulk/software_versions.tsv	NA	NA	FALSE	Direct basename literals where detectable; otherwise frozen-manifest stage scope. Original frozen SHA retained.
F0427	Stage6A	main_or_supporting	scripts/06A_run_amendment_server.sh	scripts/06A_run_amendment_server.sh	40c1c20a9151c30c11fe6358ce27eb01afccdf6b22117856a0abff0862b96705	d0c38c48b0d08d8ad6739f9437d3ceb50c9a974951c19a1f4a06cffec48f6f72	reports/stage_6A_exploratory_amendment.md;reports/stage_6A_pseudobulk_discovery.md;results/05B_full_qc_integration/validation_checks.tsv;scripts/06A_amendment_exploratory.R;scripts/06A_validate_amendment.R	config/06A_amendment_parameters.tsv;config/06A_pseudobulk_parameters.tsv;figures_final/stage_6A_paired_FAP_gene_hits.pdf;figures_final/stage_6A_paired_FAP_gene_hits.png;figures_final/stage_6A_paired_FAP_gene_hits_source_data.tsv;figures_final/stage_6A_top_stage_blind_module_effects.pdf;figures_final/stage_6A_top_stage_blind_module_effects.png;figures_final/stage_6A_top_stage_blind_module_effects_source_data.tsv;logs_summary/stage_6A_amendment_independent_acceptance.tsv;logs_summary/stage_6A_amendment_key_metrics.tsv;logs_summary/stage_6A_amendment_validation_checks.tsv;logs_summary/stage_6A_candidate_attrition_audit.tsv;logs_summary/stage_6A_independent_validation_checks.tsv;logs_summary/stage_6A_key_metrics.tsv;logs_summary/stage_6A_model_covariate_audit.tsv;logs_summary/stage_6A_model_fit_audit.tsv;logs_summary/stage_6A_paired_FAP_state_audit.tsv;logs_summary/stage_6A_stage_blind_module_audit.tsv;logs_summary/stage_6A_validation_checks.tsv;reports/stage_6A_exploratory_amendment.md;reports/stage_6A_pseudobulk_discovery.md;results_final/stage_6A_exploratory_candidate_modules.tsv;results_final/stage_6A_paired_FAP_gene_LODO_summary.tsv;results_final/stage_6A_stage_blind_module_membership.tsv;${CRC_PROJECT_ROOT}/results/06A_pseudobulk/pseudobulk_results.tsv;${CRC_PROJECT_ROOT}/results/06A_pseudobulk/software_versions.tsv	NA	NA	TRUE	Direct basename literals where detectable; otherwise frozen-manifest stage scope. Original frozen SHA retained.
F0428	Stage6A	main_or_supporting	scripts/06A_run_server.sh	scripts/06A_run_server.sh	8c2efb2c155ee99785a056d33bbf24ab5839d91564b747531ca086aedeb23f98	f56d34abcdb7e1f28d7c4cd41992f787409f7a8469ead2d49e89d768019729f4	reports/stage_6A_pseudobulk_discovery.md;results/05B_full_qc_integration/validation_checks.tsv;scripts/06A_pseudobulk_discovery.R;scripts/06A_validate_outputs.R	config/06A_amendment_parameters.tsv;config/06A_pseudobulk_parameters.tsv;figures_final/stage_6A_paired_FAP_gene_hits.pdf;figures_final/stage_6A_paired_FAP_gene_hits.png;figures_final/stage_6A_paired_FAP_gene_hits_source_data.tsv;figures_final/stage_6A_top_stage_blind_module_effects.pdf;figures_final/stage_6A_top_stage_blind_module_effects.png;figures_final/stage_6A_top_stage_blind_module_effects_source_data.tsv;logs_summary/stage_6A_amendment_independent_acceptance.tsv;logs_summary/stage_6A_amendment_key_metrics.tsv;logs_summary/stage_6A_amendment_validation_checks.tsv;logs_summary/stage_6A_candidate_attrition_audit.tsv;logs_summary/stage_6A_independent_validation_checks.tsv;logs_summary/stage_6A_key_metrics.tsv;logs_summary/stage_6A_model_covariate_audit.tsv;logs_summary/stage_6A_model_fit_audit.tsv;logs_summary/stage_6A_paired_FAP_state_audit.tsv;logs_summary/stage_6A_stage_blind_module_audit.tsv;logs_summary/stage_6A_validation_checks.tsv;reports/stage_6A_exploratory_amendment.md;reports/stage_6A_pseudobulk_discovery.md;results_final/stage_6A_exploratory_candidate_modules.tsv;results_final/stage_6A_paired_FAP_gene_LODO_summary.tsv;results_final/stage_6A_stage_blind_module_membership.tsv;${CRC_PROJECT_ROOT}/results/06A_pseudobulk/pseudobulk_results.tsv;${CRC_PROJECT_ROOT}/results/06A_pseudobulk/software_versions.tsv	NA	NA	TRUE	Direct basename literals where detectable; otherwise frozen-manifest stage scope. Original frozen SHA retained.
F0429	Stage6A	main_or_supporting	scripts/06A_smoke_test.R	scripts/06A_smoke_test.R	9ed826374d63d74bbd774d9ead075e7880c9d31a55da1a8fc4d38299ae81f833	9ed826374d63d74bbd774d9ead075e7880c9d31a55da1a8fc4d38299ae81f833	See stage-scoped inputs and script source	config/06A_amendment_parameters.tsv;config/06A_pseudobulk_parameters.tsv;figures_final/stage_6A_paired_FAP_gene_hits.pdf;figures_final/stage_6A_paired_FAP_gene_hits.png;figures_final/stage_6A_paired_FAP_gene_hits_source_data.tsv;figures_final/stage_6A_top_stage_blind_module_effects.pdf;figures_final/stage_6A_top_stage_blind_module_effects.png;figures_final/stage_6A_top_stage_blind_module_effects_source_data.tsv;logs_summary/stage_6A_amendment_independent_acceptance.tsv;logs_summary/stage_6A_amendment_key_metrics.tsv;logs_summary/stage_6A_amendment_validation_checks.tsv;logs_summary/stage_6A_candidate_attrition_audit.tsv;logs_summary/stage_6A_independent_validation_checks.tsv;logs_summary/stage_6A_key_metrics.tsv;logs_summary/stage_6A_model_covariate_audit.tsv;logs_summary/stage_6A_model_fit_audit.tsv;logs_summary/stage_6A_paired_FAP_state_audit.tsv;logs_summary/stage_6A_stage_blind_module_audit.tsv;logs_summary/stage_6A_validation_checks.tsv;reports/stage_6A_exploratory_amendment.md;reports/stage_6A_pseudobulk_discovery.md;results_final/stage_6A_exploratory_candidate_modules.tsv;results_final/stage_6A_paired_FAP_gene_LODO_summary.tsv;results_final/stage_6A_stage_blind_module_membership.tsv;${CRC_PROJECT_ROOT}/results/06A_pseudobulk/pseudobulk_results.tsv;${CRC_PROJECT_ROOT}/results/06A_pseudobulk/software_versions.tsv	NA	NA	FALSE	Direct basename literals where detectable; otherwise frozen-manifest stage scope. Original frozen SHA retained.
F0430	Stage6A	main_or_supporting	scripts/06A_syntax_check.R	scripts/06A_syntax_check.R	2ead8ecb29e9199437c8e7a6e6e4e760b2527a4b52f793622739e3e99a70e1e8	2ead8ecb29e9199437c8e7a6e6e4e760b2527a4b52f793622739e3e99a70e1e8	scripts/06A_amendment_exploratory.R;scripts/06A_amendment_smoke_test.R;scripts/06A_independent_audit.R;scripts/06A_preflight.R;scripts/06A_pseudobulk_discovery.R;scripts/06A_smoke_test.R;scripts/06A_validate_amendment.R;scripts/06A_validate_outputs.R	config/06A_amendment_parameters.tsv;config/06A_pseudobulk_parameters.tsv;figures_final/stage_6A_paired_FAP_gene_hits.pdf;figures_final/stage_6A_paired_FAP_gene_hits.png;figures_final/stage_6A_paired_FAP_gene_hits_source_data.tsv;figures_final/stage_6A_top_stage_blind_module_effects.pdf;figures_final/stage_6A_top_stage_blind_module_effects.png;figures_final/stage_6A_top_stage_blind_module_effects_source_data.tsv;logs_summary/stage_6A_amendment_independent_acceptance.tsv;logs_summary/stage_6A_amendment_key_metrics.tsv;logs_summary/stage_6A_amendment_validation_checks.tsv;logs_summary/stage_6A_candidate_attrition_audit.tsv;logs_summary/stage_6A_independent_validation_checks.tsv;logs_summary/stage_6A_key_metrics.tsv;logs_summary/stage_6A_model_covariate_audit.tsv;logs_summary/stage_6A_model_fit_audit.tsv;logs_summary/stage_6A_paired_FAP_state_audit.tsv;logs_summary/stage_6A_stage_blind_module_audit.tsv;logs_summary/stage_6A_validation_checks.tsv;reports/stage_6A_exploratory_amendment.md;reports/stage_6A_pseudobulk_discovery.md;results_final/stage_6A_exploratory_candidate_modules.tsv;results_final/stage_6A_paired_FAP_gene_LODO_summary.tsv;results_final/stage_6A_stage_blind_module_membership.tsv;${CRC_PROJECT_ROOT}/results/06A_pseudobulk/pseudobulk_results.tsv;${CRC_PROJECT_ROOT}/results/06A_pseudobulk/software_versions.tsv	NA	NA	FALSE	Direct basename literals where detectable; otherwise frozen-manifest stage scope. Original frozen SHA retained.
F0431	Stage6A	sensitivity_or_validation	scripts/06A_validate_amendment.R	scripts/06A_validate_amendment.R	506c3dfc495b68fbaa8b41e9a29788e56cdc27bcc7ef39aeea2cb39f58407506	506c3dfc495b68fbaa8b41e9a29788e56cdc27bcc7ef39aeea2cb39f58407506	logs_summary/stage_6A_amendment_key_metrics.tsv;reports/stage_6A_exploratory_amendment.md;results/05B_full_qc_integration/validation_checks.tsv	config/06A_amendment_parameters.tsv;config/06A_pseudobulk_parameters.tsv;figures_final/stage_6A_paired_FAP_gene_hits.pdf;figures_final/stage_6A_paired_FAP_gene_hits.png;figures_final/stage_6A_paired_FAP_gene_hits_source_data.tsv;figures_final/stage_6A_top_stage_blind_module_effects.pdf;figures_final/stage_6A_top_stage_blind_module_effects.png;figures_final/stage_6A_top_stage_blind_module_effects_source_data.tsv;logs_summary/stage_6A_amendment_independent_acceptance.tsv;logs_summary/stage_6A_amendment_key_metrics.tsv;logs_summary/stage_6A_amendment_validation_checks.tsv;logs_summary/stage_6A_candidate_attrition_audit.tsv;logs_summary/stage_6A_independent_validation_checks.tsv;logs_summary/stage_6A_key_metrics.tsv;logs_summary/stage_6A_model_covariate_audit.tsv;logs_summary/stage_6A_model_fit_audit.tsv;logs_summary/stage_6A_paired_FAP_state_audit.tsv;logs_summary/stage_6A_stage_blind_module_audit.tsv;logs_summary/stage_6A_validation_checks.tsv;reports/stage_6A_exploratory_amendment.md;reports/stage_6A_pseudobulk_discovery.md;results_final/stage_6A_exploratory_candidate_modules.tsv;results_final/stage_6A_paired_FAP_gene_LODO_summary.tsv;results_final/stage_6A_stage_blind_module_membership.tsv;${CRC_PROJECT_ROOT}/results/06A_pseudobulk/pseudobulk_results.tsv;${CRC_PROJECT_ROOT}/results/06A_pseudobulk/software_versions.tsv	NA	NA	FALSE	Direct basename literals where detectable; otherwise frozen-manifest stage scope. Original frozen SHA retained.
F0432	Stage6A	sensitivity_or_validation	scripts/06A_validate_outputs.R	scripts/06A_validate_outputs.R	7c5dbd058a12acd967e28106ac80ba9f9f9a72a0722c09abba7b4067e374448d	7c5dbd058a12acd967e28106ac80ba9f9f9a72a0722c09abba7b4067e374448d	logs_summary/stage_6A_key_metrics.tsv;reports/stage_6A_pseudobulk_discovery.md;results/05B_full_qc_integration/validation_checks.tsv	config/06A_amendment_parameters.tsv;config/06A_pseudobulk_parameters.tsv;figures_final/stage_6A_paired_FAP_gene_hits.pdf;figures_final/stage_6A_paired_FAP_gene_hits.png;figures_final/stage_6A_paired_FAP_gene_hits_source_data.tsv;figures_final/stage_6A_top_stage_blind_module_effects.pdf;figures_final/stage_6A_top_stage_blind_module_effects.png;figures_final/stage_6A_top_stage_blind_module_effects_source_data.tsv;logs_summary/stage_6A_amendment_independent_acceptance.tsv;logs_summary/stage_6A_amendment_key_metrics.tsv;logs_summary/stage_6A_amendment_validation_checks.tsv;logs_summary/stage_6A_candidate_attrition_audit.tsv;logs_summary/stage_6A_independent_validation_checks.tsv;logs_summary/stage_6A_key_metrics.tsv;logs_summary/stage_6A_model_covariate_audit.tsv;logs_summary/stage_6A_model_fit_audit.tsv;logs_summary/stage_6A_paired_FAP_state_audit.tsv;logs_summary/stage_6A_stage_blind_module_audit.tsv;logs_summary/stage_6A_validation_checks.tsv;reports/stage_6A_exploratory_amendment.md;reports/stage_6A_pseudobulk_discovery.md;results_final/stage_6A_exploratory_candidate_modules.tsv;results_final/stage_6A_paired_FAP_gene_LODO_summary.tsv;results_final/stage_6A_stage_blind_module_membership.tsv;${CRC_PROJECT_ROOT}/results/06A_pseudobulk/pseudobulk_results.tsv;${CRC_PROJECT_ROOT}/results/06A_pseudobulk/software_versions.tsv	NA	NA	FALSE	Direct basename literals where detectable; otherwise frozen-manifest stage scope. Original frozen SHA retained.
F0433	Stage6B	sensitivity_or_validation	scripts/06B_acceptance_qc.R	scripts/06B_acceptance_qc.R	9d5b3fc55d0b11ec6794284f9ea1b7d068585d0ea2d5c5cccae4d9091b0a43d6	9d5b3fc55d0b11ec6794284f9ea1b7d068585d0ea2d5c5cccae4d9091b0a43d6	config/06B_regulatory_parameters.tsv;reports/stage_6B_regulatory_inference.md;results/05B_full_qc_integration/validation_checks.tsv	config/06B_regulatory_parameters.tsv;protocol/stage_6B_regulatory_inference_plan.md;reports/stage_6B_acceptance_audit.md;reports/stage_6B_regulatory_inference.md	NA	NA	FALSE	Direct basename literals where detectable; otherwise frozen-manifest stage scope. Original frozen SHA retained.
F0434	Stage6B	main_or_supporting	scripts/06B_finalize_report.R	scripts/06B_finalize_report.R	b1fd3803ed9dc14631934b1fa7cb1baf989b8acf8620e9ec45734b79745a3807	b1fd3803ed9dc14631934b1fa7cb1baf989b8acf8620e9ec45734b79745a3807	reports/stage_6B_regulatory_inference.md	config/06B_regulatory_parameters.tsv;protocol/stage_6B_regulatory_inference_plan.md;reports/stage_6B_acceptance_audit.md;reports/stage_6B_regulatory_inference.md	NA	NA	FALSE	Direct basename literals where detectable; otherwise frozen-manifest stage scope. Original frozen SHA retained.
F0435	Stage6B	main_or_supporting	scripts/06B_install_dependencies.R	scripts/06B_install_dependencies.R	9ed3853844d9e74d59b51b830e322e7bbaaed2f736eb583cbe374d17751a5e52	9ed3853844d9e74d59b51b830e322e7bbaaed2f736eb583cbe374d17751a5e52	See stage-scoped inputs and script source	config/06B_regulatory_parameters.tsv;protocol/stage_6B_regulatory_inference_plan.md;reports/stage_6B_acceptance_audit.md;reports/stage_6B_regulatory_inference.md	NA	NA	FALSE	Direct basename literals where detectable; otherwise frozen-manifest stage scope. Original frozen SHA retained.
F0436	Stage6B	main_or_supporting	scripts/06B_liana_donor_communication.R	scripts/06B_liana_donor_communication.R	53e55dabad32efa267c7acc7f8e5835aca85f8fc0adb3c193ff651c8936b49f8	53e55dabad32efa267c7acc7f8e5835aca85f8fc0adb3c193ff651c8936b49f8	config/06B_regulatory_parameters.tsv	config/06B_regulatory_parameters.tsv;protocol/stage_6B_regulatory_inference_plan.md;reports/stage_6B_acceptance_audit.md;reports/stage_6B_regulatory_inference.md	NA	NA	FALSE	Direct basename literals where detectable; otherwise frozen-manifest stage scope. Original frozen SHA retained.
F0437	Stage6B	main_or_supporting	scripts/06B_preflight.R	scripts/06B_preflight.R	cc4959b4fce52f1a84d0208deff6de6107369347aed6d564041446c6f1fec25f	cc4959b4fce52f1a84d0208deff6de6107369347aed6d564041446c6f1fec25f	See stage-scoped inputs and script source	config/06B_regulatory_parameters.tsv;protocol/stage_6B_regulatory_inference_plan.md;reports/stage_6B_acceptance_audit.md;reports/stage_6B_regulatory_inference.md	NA	NA	FALSE	Direct basename literals where detectable; otherwise frozen-manifest stage scope. Original frozen SHA retained.
F0438	Stage6B	sensitivity_or_validation	scripts/06B_qc_fix_communication.sh	scripts/06B_qc_fix_communication.sh	4ea17d0261df976041f1c3de0d43a99e2f60f052f3cf5637b89d76aad6b12644	37658cfb2ef6fe328cef54124b63f8167eb8e112cbfa6899f1bae47ad075cb2d	scripts/06B_acceptance_qc.R;scripts/06B_finalize_report.R;scripts/06B_liana_donor_communication.R;scripts/06B_syntax_check.R;scripts/06B_validate_outputs.R	config/06B_regulatory_parameters.tsv;protocol/stage_6B_regulatory_inference_plan.md;reports/stage_6B_acceptance_audit.md;reports/stage_6B_regulatory_inference.md	NA	NA	TRUE	Direct basename literals where detectable; otherwise frozen-manifest stage scope. Original frozen SHA retained.
F0439	Stage6B	main_or_supporting	scripts/06B_real_data_pilot.R	scripts/06B_real_data_pilot.R	c76b66b1940cea621361aea0f9d1babd98438939d87c8b7d3e1c2b9184cda5f1	c76b66b1940cea621361aea0f9d1babd98438939d87c8b7d3e1c2b9184cda5f1	config/06B_regulatory_parameters.tsv	config/06B_regulatory_parameters.tsv;protocol/stage_6B_regulatory_inference_plan.md;reports/stage_6B_acceptance_audit.md;reports/stage_6B_regulatory_inference.md	NA	NA	FALSE	Direct basename literals where detectable; otherwise frozen-manifest stage scope. Original frozen SHA retained.
F0440	Stage6B	main_or_supporting	scripts/06B_regulator_pathway.R	scripts/06B_regulator_pathway.R	7e9e42669bdf2a0a28a69f0d61636ab8d1cf188869434653d6c567e240a6c672	7e9e42669bdf2a0a28a69f0d61636ab8d1cf188869434653d6c567e240a6c672	config/06B_regulatory_parameters.tsv	config/06B_regulatory_parameters.tsv;protocol/stage_6B_regulatory_inference_plan.md;reports/stage_6B_acceptance_audit.md;reports/stage_6B_regulatory_inference.md	NA	NA	FALSE	Direct basename literals where detectable; otherwise frozen-manifest stage scope. Original frozen SHA retained.
F0441	Stage6B	main_or_supporting	scripts/06B_run_server.sh	scripts/06B_run_server.sh	f31eccaa12834974c535bc3a46aa4ee6fbf504203473308fa2f299f1f321c909	9acd216cbccea6325892350e2eece07929f805c80795a34363e47221e1c2438b	reports/stage_6A_exploratory_amendment.md;reports/stage_6A_pseudobulk_discovery.md;reports/stage_6B_regulatory_inference.md;results/05B_full_qc_integration/validation_checks.tsv;scripts/06B_finalize_report.R;scripts/06B_install_dependencies.R;scripts/06B_liana_donor_communication.R;scripts/06B_preflight.R;scripts/06B_real_data_pilot.R;scripts/06B_regulator_pathway.R;scripts/06B_smoke_test.R;scripts/06B_syntax_check.R;scripts/06B_trajectory_tradeSeq.R;scripts/06B_validate_outputs.R	config/06B_regulatory_parameters.tsv;protocol/stage_6B_regulatory_inference_plan.md;reports/stage_6B_acceptance_audit.md;reports/stage_6B_regulatory_inference.md	NA	NA	TRUE	Direct basename literals where detectable; otherwise frozen-manifest stage scope. Original frozen SHA retained.
F0442	Stage6B	main_or_supporting	scripts/06B_smoke_test.R	scripts/06B_smoke_test.R	6ee8d6ff4cba374340bef2f2c75b7c877ca93c41bd092dddfa69a3ee20252685	6ee8d6ff4cba374340bef2f2c75b7c877ca93c41bd092dddfa69a3ee20252685	See stage-scoped inputs and script source	config/06B_regulatory_parameters.tsv;protocol/stage_6B_regulatory_inference_plan.md;reports/stage_6B_acceptance_audit.md;reports/stage_6B_regulatory_inference.md	NA	NA	FALSE	Direct basename literals where detectable; otherwise frozen-manifest stage scope. Original frozen SHA retained.
F0443	Stage6B	main_or_supporting	scripts/06B_syntax_check.R	scripts/06B_syntax_check.R	9d865c39a46827457b4bdf9f5d6aafb919e1b6bcad81ba4e661ead59e1b0fa62	9d865c39a46827457b4bdf9f5d6aafb919e1b6bcad81ba4e661ead59e1b0fa62	scripts/06B_acceptance_qc.R;scripts/06B_finalize_report.R;scripts/06B_install_dependencies.R;scripts/06B_liana_donor_communication.R;scripts/06B_preflight.R;scripts/06B_real_data_pilot.R;scripts/06B_regulator_pathway.R;scripts/06B_trajectory_tradeSeq.R;scripts/06B_update_result_registry.R;scripts/06B_validate_outputs.R	config/06B_regulatory_parameters.tsv;protocol/stage_6B_regulatory_inference_plan.md;reports/stage_6B_acceptance_audit.md;reports/stage_6B_regulatory_inference.md	NA	NA	FALSE	Direct basename literals where detectable; otherwise frozen-manifest stage scope. Original frozen SHA retained.
F0444	Stage6B	main_or_supporting	scripts/06B_trajectory_tradeSeq.R	scripts/06B_trajectory_tradeSeq.R	d23c3ab8d3003ee388102c345a1e2d84e12bec3019c0a835fee45e167ab36d92	d23c3ab8d3003ee388102c345a1e2d84e12bec3019c0a835fee45e167ab36d92	config/06B_regulatory_parameters.tsv	config/06B_regulatory_parameters.tsv;protocol/stage_6B_regulatory_inference_plan.md;reports/stage_6B_acceptance_audit.md;reports/stage_6B_regulatory_inference.md	NA	NA	FALSE	Direct basename literals where detectable; otherwise frozen-manifest stage scope. Original frozen SHA retained.
F0445	Stage6B	main_or_supporting	scripts/06B_update_result_registry.R	scripts/06B_update_result_registry.R	f25b8fda0e7969027254a764cc8ac5bb96a9cae352a09dbe5e682c57a03c2934	f25b8fda0e7969027254a764cc8ac5bb96a9cae352a09dbe5e682c57a03c2934	result_registry.tsv;scripts/06B_finalize_report.R;scripts/06B_liana_donor_communication.R	config/06B_regulatory_parameters.tsv;protocol/stage_6B_regulatory_inference_plan.md;reports/stage_6B_acceptance_audit.md;reports/stage_6B_regulatory_inference.md	NA	NA	FALSE	Direct basename literals where detectable; otherwise frozen-manifest stage scope. Original frozen SHA retained.
F0446	Stage6B	sensitivity_or_validation	scripts/06B_validate_outputs.R	scripts/06B_validate_outputs.R	914fd1d7321d592d7069f6915ab8f1d72fb9fa182623d6088894f1dc9af10dfe	914fd1d7321d592d7069f6915ab8f1d72fb9fa182623d6088894f1dc9af10dfe	config/06B_regulatory_parameters.tsv;reports/stage_6B_regulatory_inference.md;results/05B_full_qc_integration/validation_checks.tsv	config/06B_regulatory_parameters.tsv;protocol/stage_6B_regulatory_inference_plan.md;reports/stage_6B_acceptance_audit.md;reports/stage_6B_regulatory_inference.md	NA	NA	FALSE	Direct basename literals where detectable; otherwise frozen-manifest stage scope. Original frozen SHA retained.
F0447	Stage7	sensitivity_or_validation	scripts/07_acceptance_qc.R	scripts/07_acceptance_qc.R	48e5adbc0380a099b4b2767f2ff46f6bc04f92fd853a4e01e3069167040c7fd4	48e5adbc0380a099b4b2767f2ff46f6bc04f92fd853a4e01e3069167040c7fd4	figures_final/stage_7_module_effects.pdf;figures_final/stage_7_module_effects.png;reports/stage_7_singlecell_replication.md;scripts/07_helpers.R	config/07_replication_parameters.tsv;figures_final/stage_7_module_effects.pdf;figures_final/stage_7_module_effects.png;figures_final/stage_7_module_effects_source_data.tsv;logs_summary/stage_7_GSE132465_annotation_evidence.tsv;logs_summary/stage_7_GSE132465_qc_summary.tsv;logs_summary/stage_7_GSE161277_annotation_evidence.tsv;logs_summary/stage_7_GSE161277_qc_summary.tsv;logs_summary/stage_7_acceptance_classification_audit.tsv;logs_summary/stage_7_acceptance_qc_checks.tsv;logs_summary/stage_7_model_input_audit.tsv;logs_summary/stage_7_model_sessionInfo.txt;logs_summary/stage_7_replication_gate.tsv;logs_summary/stage_7_validation_checks.tsv;protocol/stage_7_singlecell_replication_plan.md;reports/stage_7_acceptance_audit.md;reports/stage_7_singlecell_replication.md;results_final/stage_7_GSE132465_cell_composition.tsv;results_final/stage_7_GSE132465_pair_eligibility.tsv;results_final/stage_7_GSE161277_cell_composition.tsv;results_final/stage_7_acceptance_recomputed_effects.tsv;results_final/stage_7_epithelial_specificity_donor_differences.tsv;results_final/stage_7_paired_donor_module_differences.tsv;results_final/stage_7_replication_effects_all.tsv;results_final/stage_7_replication_summary.tsv	NA	NA	FALSE	Direct basename literals where detectable; otherwise frozen-manifest stage scope. Original frozen SHA retained.
F0448	Stage7	main_or_supporting	scripts/07_finalize_report.R	scripts/07_finalize_report.R	6db065f1f72d9edf835049a9e89a766783f6bb3c3c0e588b707b1655be871dc7	6db065f1f72d9edf835049a9e89a766783f6bb3c3c0e588b707b1655be871dc7	STATUS.md;reports/stage_7_singlecell_replication.md;scripts/07_helpers.R	config/07_replication_parameters.tsv;figures_final/stage_7_module_effects.pdf;figures_final/stage_7_module_effects.png;figures_final/stage_7_module_effects_source_data.tsv;logs_summary/stage_7_GSE132465_annotation_evidence.tsv;logs_summary/stage_7_GSE132465_qc_summary.tsv;logs_summary/stage_7_GSE161277_annotation_evidence.tsv;logs_summary/stage_7_GSE161277_qc_summary.tsv;logs_summary/stage_7_acceptance_classification_audit.tsv;logs_summary/stage_7_acceptance_qc_checks.tsv;logs_summary/stage_7_model_input_audit.tsv;logs_summary/stage_7_model_sessionInfo.txt;logs_summary/stage_7_replication_gate.tsv;logs_summary/stage_7_validation_checks.tsv;protocol/stage_7_singlecell_replication_plan.md;reports/stage_7_acceptance_audit.md;reports/stage_7_singlecell_replication.md;results_final/stage_7_GSE132465_cell_composition.tsv;results_final/stage_7_GSE132465_pair_eligibility.tsv;results_final/stage_7_GSE161277_cell_composition.tsv;results_final/stage_7_acceptance_recomputed_effects.tsv;results_final/stage_7_epithelial_specificity_donor_differences.tsv;results_final/stage_7_paired_donor_module_differences.tsv;results_final/stage_7_replication_effects_all.tsv;results_final/stage_7_replication_summary.tsv	NA	NA	FALSE	Direct basename literals where detectable; otherwise frozen-manifest stage scope. Original frozen SHA retained.
F0449	Stage7	main_or_supporting	scripts/07_helpers.R	scripts/07_helpers.R	20134707a85a2b4780d58d497cf2a277ce5d8b346b0946eed92a6adada76249f	20134707a85a2b4780d58d497cf2a277ce5d8b346b0946eed92a6adada76249f	config/07_replication_parameters.tsv	config/07_replication_parameters.tsv;figures_final/stage_7_module_effects.pdf;figures_final/stage_7_module_effects.png;figures_final/stage_7_module_effects_source_data.tsv;logs_summary/stage_7_GSE132465_annotation_evidence.tsv;logs_summary/stage_7_GSE132465_qc_summary.tsv;logs_summary/stage_7_GSE161277_annotation_evidence.tsv;logs_summary/stage_7_GSE161277_qc_summary.tsv;logs_summary/stage_7_acceptance_classification_audit.tsv;logs_summary/stage_7_acceptance_qc_checks.tsv;logs_summary/stage_7_model_input_audit.tsv;logs_summary/stage_7_model_sessionInfo.txt;logs_summary/stage_7_replication_gate.tsv;logs_summary/stage_7_validation_checks.tsv;protocol/stage_7_singlecell_replication_plan.md;reports/stage_7_acceptance_audit.md;reports/stage_7_singlecell_replication.md;results_final/stage_7_GSE132465_cell_composition.tsv;results_final/stage_7_GSE132465_pair_eligibility.tsv;results_final/stage_7_GSE161277_cell_composition.tsv;results_final/stage_7_acceptance_recomputed_effects.tsv;results_final/stage_7_epithelial_specificity_donor_differences.tsv;results_final/stage_7_paired_donor_module_differences.tsv;results_final/stage_7_replication_effects_all.tsv;results_final/stage_7_replication_summary.tsv	NA	NA	FALSE	Direct basename literals where detectable; otherwise frozen-manifest stage scope. Original frozen SHA retained.
F0450	Stage7	main_or_supporting	scripts/07_install_dependencies.R	scripts/07_install_dependencies.R	fbf4629c5ee82885ec2afe9667faee3e50b514917c6c1fe9acdfc67d2c98b9a0	fbf4629c5ee82885ec2afe9667faee3e50b514917c6c1fe9acdfc67d2c98b9a0	See stage-scoped inputs and script source	config/07_replication_parameters.tsv;figures_final/stage_7_module_effects.pdf;figures_final/stage_7_module_effects.png;figures_final/stage_7_module_effects_source_data.tsv;logs_summary/stage_7_GSE132465_annotation_evidence.tsv;logs_summary/stage_7_GSE132465_qc_summary.tsv;logs_summary/stage_7_GSE161277_annotation_evidence.tsv;logs_summary/stage_7_GSE161277_qc_summary.tsv;logs_summary/stage_7_acceptance_classification_audit.tsv;logs_summary/stage_7_acceptance_qc_checks.tsv;logs_summary/stage_7_model_input_audit.tsv;logs_summary/stage_7_model_sessionInfo.txt;logs_summary/stage_7_replication_gate.tsv;logs_summary/stage_7_validation_checks.tsv;protocol/stage_7_singlecell_replication_plan.md;reports/stage_7_acceptance_audit.md;reports/stage_7_singlecell_replication.md;results_final/stage_7_GSE132465_cell_composition.tsv;results_final/stage_7_GSE132465_pair_eligibility.tsv;results_final/stage_7_GSE161277_cell_composition.tsv;results_final/stage_7_acceptance_recomputed_effects.tsv;results_final/stage_7_epithelial_specificity_donor_differences.tsv;results_final/stage_7_paired_donor_module_differences.tsv;results_final/stage_7_replication_effects_all.tsv;results_final/stage_7_replication_summary.tsv	NA	NA	FALSE	Direct basename literals where detectable; otherwise frozen-manifest stage scope. Original frozen SHA retained.
F0451	Stage7	main_or_supporting	scripts/07_model_preflight.R	scripts/07_model_preflight.R	44bacd326df6c5e89296d9d7d7af78b44ac80751ee8bc89c7dbeea2b69d88ef1	44bacd326df6c5e89296d9d7d7af78b44ac80751ee8bc89c7dbeea2b69d88ef1	scripts/07_helpers.R	config/07_replication_parameters.tsv;figures_final/stage_7_module_effects.pdf;figures_final/stage_7_module_effects.png;figures_final/stage_7_module_effects_source_data.tsv;logs_summary/stage_7_GSE132465_annotation_evidence.tsv;logs_summary/stage_7_GSE132465_qc_summary.tsv;logs_summary/stage_7_GSE161277_annotation_evidence.tsv;logs_summary/stage_7_GSE161277_qc_summary.tsv;logs_summary/stage_7_acceptance_classification_audit.tsv;logs_summary/stage_7_acceptance_qc_checks.tsv;logs_summary/stage_7_model_input_audit.tsv;logs_summary/stage_7_model_sessionInfo.txt;logs_summary/stage_7_replication_gate.tsv;logs_summary/stage_7_validation_checks.tsv;protocol/stage_7_singlecell_replication_plan.md;reports/stage_7_acceptance_audit.md;reports/stage_7_singlecell_replication.md;results_final/stage_7_GSE132465_cell_composition.tsv;results_final/stage_7_GSE132465_pair_eligibility.tsv;results_final/stage_7_GSE161277_cell_composition.tsv;results_final/stage_7_acceptance_recomputed_effects.tsv;results_final/stage_7_epithelial_specificity_donor_differences.tsv;results_final/stage_7_paired_donor_module_differences.tsv;results_final/stage_7_replication_effects_all.tsv;results_final/stage_7_replication_summary.tsv	NA	NA	FALSE	Direct basename literals where detectable; otherwise frozen-manifest stage scope. Original frozen SHA retained.
F0452	Stage7	main_or_supporting	scripts/07_preflight.R	scripts/07_preflight.R	e37c38e8e9967783d820aad66039fc538b23fad8477727c16567d13345032164	e37c38e8e9967783d820aad66039fc538b23fad8477727c16567d13345032164	metadata/dataset_manifest.tsv;reports/stage_6A_exploratory_amendment.md;reports/stage_6A_pseudobulk_discovery.md;scripts/07_helpers.R	config/07_replication_parameters.tsv;figures_final/stage_7_module_effects.pdf;figures_final/stage_7_module_effects.png;figures_final/stage_7_module_effects_source_data.tsv;logs_summary/stage_7_GSE132465_annotation_evidence.tsv;logs_summary/stage_7_GSE132465_qc_summary.tsv;logs_summary/stage_7_GSE161277_annotation_evidence.tsv;logs_summary/stage_7_GSE161277_qc_summary.tsv;logs_summary/stage_7_acceptance_classification_audit.tsv;logs_summary/stage_7_acceptance_qc_checks.tsv;logs_summary/stage_7_model_input_audit.tsv;logs_summary/stage_7_model_sessionInfo.txt;logs_summary/stage_7_replication_gate.tsv;logs_summary/stage_7_validation_checks.tsv;protocol/stage_7_singlecell_replication_plan.md;reports/stage_7_acceptance_audit.md;reports/stage_7_singlecell_replication.md;results_final/stage_7_GSE132465_cell_composition.tsv;results_final/stage_7_GSE132465_pair_eligibility.tsv;results_final/stage_7_GSE161277_cell_composition.tsv;results_final/stage_7_acceptance_recomputed_effects.tsv;results_final/stage_7_epithelial_specificity_donor_differences.tsv;results_final/stage_7_paired_donor_module_differences.tsv;results_final/stage_7_replication_effects_all.tsv;results_final/stage_7_replication_summary.tsv	NA	NA	FALSE	Direct basename literals where detectable; otherwise frozen-manifest stage scope. Original frozen SHA retained.
F0453	Stage7	main_or_supporting	scripts/07_prepare_GSE132465.R	scripts/07_prepare_GSE132465.R	f0af014a0990fc4285bf391b053470281701ab8d08be3309c54c065d6e15d924	f0af014a0990fc4285bf391b053470281701ab8d08be3309c54c065d6e15d924	metadata/annotation_evidence.tsv;scripts/07_helpers.R	config/07_replication_parameters.tsv;figures_final/stage_7_module_effects.pdf;figures_final/stage_7_module_effects.png;figures_final/stage_7_module_effects_source_data.tsv;logs_summary/stage_7_GSE132465_annotation_evidence.tsv;logs_summary/stage_7_GSE132465_qc_summary.tsv;logs_summary/stage_7_GSE161277_annotation_evidence.tsv;logs_summary/stage_7_GSE161277_qc_summary.tsv;logs_summary/stage_7_acceptance_classification_audit.tsv;logs_summary/stage_7_acceptance_qc_checks.tsv;logs_summary/stage_7_model_input_audit.tsv;logs_summary/stage_7_model_sessionInfo.txt;logs_summary/stage_7_replication_gate.tsv;logs_summary/stage_7_validation_checks.tsv;protocol/stage_7_singlecell_replication_plan.md;reports/stage_7_acceptance_audit.md;reports/stage_7_singlecell_replication.md;results_final/stage_7_GSE132465_cell_composition.tsv;results_final/stage_7_GSE132465_pair_eligibility.tsv;results_final/stage_7_GSE161277_cell_composition.tsv;results_final/stage_7_acceptance_recomputed_effects.tsv;results_final/stage_7_epithelial_specificity_donor_differences.tsv;results_final/stage_7_paired_donor_module_differences.tsv;results_final/stage_7_replication_effects_all.tsv;results_final/stage_7_replication_summary.tsv	NA	NA	FALSE	Direct basename literals where detectable; otherwise frozen-manifest stage scope. Original frozen SHA retained.
F0454	Stage7	main_or_supporting	scripts/07_prepare_GSE161277.R	scripts/07_prepare_GSE161277.R	987374642c2b59c09de5a93c7b60065dc5bdbf6dfb6dfb29d63bde7da6d8bfb1	987374642c2b59c09de5a93c7b60065dc5bdbf6dfb6dfb29d63bde7da6d8bfb1	metadata/annotation_evidence.tsv;scripts/07_helpers.R	config/07_replication_parameters.tsv;figures_final/stage_7_module_effects.pdf;figures_final/stage_7_module_effects.png;figures_final/stage_7_module_effects_source_data.tsv;logs_summary/stage_7_GSE132465_annotation_evidence.tsv;logs_summary/stage_7_GSE132465_qc_summary.tsv;logs_summary/stage_7_GSE161277_annotation_evidence.tsv;logs_summary/stage_7_GSE161277_qc_summary.tsv;logs_summary/stage_7_acceptance_classification_audit.tsv;logs_summary/stage_7_acceptance_qc_checks.tsv;logs_summary/stage_7_model_input_audit.tsv;logs_summary/stage_7_model_sessionInfo.txt;logs_summary/stage_7_replication_gate.tsv;logs_summary/stage_7_validation_checks.tsv;protocol/stage_7_singlecell_replication_plan.md;reports/stage_7_acceptance_audit.md;reports/stage_7_singlecell_replication.md;results_final/stage_7_GSE132465_cell_composition.tsv;results_final/stage_7_GSE132465_pair_eligibility.tsv;results_final/stage_7_GSE161277_cell_composition.tsv;results_final/stage_7_acceptance_recomputed_effects.tsv;results_final/stage_7_epithelial_specificity_donor_differences.tsv;results_final/stage_7_paired_donor_module_differences.tsv;results_final/stage_7_replication_effects_all.tsv;results_final/stage_7_replication_summary.tsv	NA	NA	FALSE	Direct basename literals where detectable; otherwise frozen-manifest stage scope. Original frozen SHA retained.
F0455	Stage7	main_or_supporting	scripts/07_real_data_pilot.R	scripts/07_real_data_pilot.R	d400d4559fe8547deea2347f2680dce10e416479e04acba05976c331abb2b295	d400d4559fe8547deea2347f2680dce10e416479e04acba05976c331abb2b295	scripts/07_helpers.R	config/07_replication_parameters.tsv;figures_final/stage_7_module_effects.pdf;figures_final/stage_7_module_effects.png;figures_final/stage_7_module_effects_source_data.tsv;logs_summary/stage_7_GSE132465_annotation_evidence.tsv;logs_summary/stage_7_GSE132465_qc_summary.tsv;logs_summary/stage_7_GSE161277_annotation_evidence.tsv;logs_summary/stage_7_GSE161277_qc_summary.tsv;logs_summary/stage_7_acceptance_classification_audit.tsv;logs_summary/stage_7_acceptance_qc_checks.tsv;logs_summary/stage_7_model_input_audit.tsv;logs_summary/stage_7_model_sessionInfo.txt;logs_summary/stage_7_replication_gate.tsv;logs_summary/stage_7_validation_checks.tsv;protocol/stage_7_singlecell_replication_plan.md;reports/stage_7_acceptance_audit.md;reports/stage_7_singlecell_replication.md;results_final/stage_7_GSE132465_cell_composition.tsv;results_final/stage_7_GSE132465_pair_eligibility.tsv;results_final/stage_7_GSE161277_cell_composition.tsv;results_final/stage_7_acceptance_recomputed_effects.tsv;results_final/stage_7_epithelial_specificity_donor_differences.tsv;results_final/stage_7_paired_donor_module_differences.tsv;results_final/stage_7_replication_effects_all.tsv;results_final/stage_7_replication_summary.tsv	NA	NA	FALSE	Direct basename literals where detectable; otherwise frozen-manifest stage scope. Original frozen SHA retained.
F0456	Stage7	main_or_supporting	scripts/07_resume_GSE161277_figures.R	scripts/07_resume_GSE161277_figures.R	bee9b32792b3c183ca865caa94d3ede0f6d62ba905ae4897f5b33f4ae2c75de2	bee9b32792b3c183ca865caa94d3ede0f6d62ba905ae4897f5b33f4ae2c75de2	scripts/07_helpers.R	config/07_replication_parameters.tsv;figures_final/stage_7_module_effects.pdf;figures_final/stage_7_module_effects.png;figures_final/stage_7_module_effects_source_data.tsv;logs_summary/stage_7_GSE132465_annotation_evidence.tsv;logs_summary/stage_7_GSE132465_qc_summary.tsv;logs_summary/stage_7_GSE161277_annotation_evidence.tsv;logs_summary/stage_7_GSE161277_qc_summary.tsv;logs_summary/stage_7_acceptance_classification_audit.tsv;logs_summary/stage_7_acceptance_qc_checks.tsv;logs_summary/stage_7_model_input_audit.tsv;logs_summary/stage_7_model_sessionInfo.txt;logs_summary/stage_7_replication_gate.tsv;logs_summary/stage_7_validation_checks.tsv;protocol/stage_7_singlecell_replication_plan.md;reports/stage_7_acceptance_audit.md;reports/stage_7_singlecell_replication.md;results_final/stage_7_GSE132465_cell_composition.tsv;results_final/stage_7_GSE132465_pair_eligibility.tsv;results_final/stage_7_GSE161277_cell_composition.tsv;results_final/stage_7_acceptance_recomputed_effects.tsv;results_final/stage_7_epithelial_specificity_donor_differences.tsv;results_final/stage_7_paired_donor_module_differences.tsv;results_final/stage_7_replication_effects_all.tsv;results_final/stage_7_replication_summary.tsv	NA	NA	FALSE	Direct basename literals where detectable; otherwise frozen-manifest stage scope. Original frozen SHA retained.
F0457	Stage7	main_or_supporting	scripts/07_resume_models_server.sh	scripts/07_resume_models_server.sh	516adf682d1136106fcacc6130e52e804faa21b1d0b71c5683a0df8fab0dbc39	db0683214f2996ad180267dd480c785c90549480df6574faf4daf8568e9df3ad	reports/stage_6A_exploratory_amendment.md;reports/stage_6A_pseudobulk_discovery.md;reports/stage_7_singlecell_replication.md;results/05B_full_qc_integration/validation_checks.tsv;scripts/07_finalize_report.R;scripts/07_model_preflight.R;scripts/07_run_replication_models.R;scripts/07_syntax_check.R;scripts/07_validate_outputs.R	config/07_replication_parameters.tsv;figures_final/stage_7_module_effects.pdf;figures_final/stage_7_module_effects.png;figures_final/stage_7_module_effects_source_data.tsv;logs_summary/stage_7_GSE132465_annotation_evidence.tsv;logs_summary/stage_7_GSE132465_qc_summary.tsv;logs_summary/stage_7_GSE161277_annotation_evidence.tsv;logs_summary/stage_7_GSE161277_qc_summary.tsv;logs_summary/stage_7_acceptance_classification_audit.tsv;logs_summary/stage_7_acceptance_qc_checks.tsv;logs_summary/stage_7_model_input_audit.tsv;logs_summary/stage_7_model_sessionInfo.txt;logs_summary/stage_7_replication_gate.tsv;logs_summary/stage_7_validation_checks.tsv;protocol/stage_7_singlecell_replication_plan.md;reports/stage_7_acceptance_audit.md;reports/stage_7_singlecell_replication.md;results_final/stage_7_GSE132465_cell_composition.tsv;results_final/stage_7_GSE132465_pair_eligibility.tsv;results_final/stage_7_GSE161277_cell_composition.tsv;results_final/stage_7_acceptance_recomputed_effects.tsv;results_final/stage_7_epithelial_specificity_donor_differences.tsv;results_final/stage_7_paired_donor_module_differences.tsv;results_final/stage_7_replication_effects_all.tsv;results_final/stage_7_replication_summary.tsv	NA	NA	TRUE	Direct basename literals where detectable; otherwise frozen-manifest stage scope. Original frozen SHA retained.
F0458	Stage7	main_or_supporting	scripts/07_resume_server.sh	scripts/07_resume_server.sh	1380c45bb20fc7f19945119569c11d4fe2af67c1da3ad7ee4f65a9f61a554427	a4ebc696755ee1c4750409f8033066d8494888c4fcbc02e74602f8a8e93e47c9	reports/stage_6A_exploratory_amendment.md;reports/stage_6A_pseudobulk_discovery.md;reports/stage_7_singlecell_replication.md;results/05B_full_qc_integration/validation_checks.tsv;scripts/07_finalize_report.R;scripts/07_prepare_GSE132465.R;scripts/07_resume_GSE161277_figures.R;scripts/07_run_replication_models.R;scripts/07_syntax_check.R;scripts/07_validate_outputs.R	config/07_replication_parameters.tsv;figures_final/stage_7_module_effects.pdf;figures_final/stage_7_module_effects.png;figures_final/stage_7_module_effects_source_data.tsv;logs_summary/stage_7_GSE132465_annotation_evidence.tsv;logs_summary/stage_7_GSE132465_qc_summary.tsv;logs_summary/stage_7_GSE161277_annotation_evidence.tsv;logs_summary/stage_7_GSE161277_qc_summary.tsv;logs_summary/stage_7_acceptance_classification_audit.tsv;logs_summary/stage_7_acceptance_qc_checks.tsv;logs_summary/stage_7_model_input_audit.tsv;logs_summary/stage_7_model_sessionInfo.txt;logs_summary/stage_7_replication_gate.tsv;logs_summary/stage_7_validation_checks.tsv;protocol/stage_7_singlecell_replication_plan.md;reports/stage_7_acceptance_audit.md;reports/stage_7_singlecell_replication.md;results_final/stage_7_GSE132465_cell_composition.tsv;results_final/stage_7_GSE132465_pair_eligibility.tsv;results_final/stage_7_GSE161277_cell_composition.tsv;results_final/stage_7_acceptance_recomputed_effects.tsv;results_final/stage_7_epithelial_specificity_donor_differences.tsv;results_final/stage_7_paired_donor_module_differences.tsv;results_final/stage_7_replication_effects_all.tsv;results_final/stage_7_replication_summary.tsv	NA	NA	TRUE	Direct basename literals where detectable; otherwise frozen-manifest stage scope. Original frozen SHA retained.
F0459	Stage7	main_or_supporting	scripts/07_run_replication_models.R	scripts/07_run_replication_models.R	64d8bf013f27337a3f7cdedb8832d8b6ec78e5995e4eae74591abf7c54719738	64d8bf013f27337a3f7cdedb8832d8b6ec78e5995e4eae74591abf7c54719738	figures_final/stage_7_module_effects.pdf;figures_final/stage_7_module_effects.png;logs_summary/stage_7_model_sessionInfo.txt;scripts/07_helpers.R	config/07_replication_parameters.tsv;figures_final/stage_7_module_effects.pdf;figures_final/stage_7_module_effects.png;figures_final/stage_7_module_effects_source_data.tsv;logs_summary/stage_7_GSE132465_annotation_evidence.tsv;logs_summary/stage_7_GSE132465_qc_summary.tsv;logs_summary/stage_7_GSE161277_annotation_evidence.tsv;logs_summary/stage_7_GSE161277_qc_summary.tsv;logs_summary/stage_7_acceptance_classification_audit.tsv;logs_summary/stage_7_acceptance_qc_checks.tsv;logs_summary/stage_7_model_input_audit.tsv;logs_summary/stage_7_model_sessionInfo.txt;logs_summary/stage_7_replication_gate.tsv;logs_summary/stage_7_validation_checks.tsv;protocol/stage_7_singlecell_replication_plan.md;reports/stage_7_acceptance_audit.md;reports/stage_7_singlecell_replication.md;results_final/stage_7_GSE132465_cell_composition.tsv;results_final/stage_7_GSE132465_pair_eligibility.tsv;results_final/stage_7_GSE161277_cell_composition.tsv;results_final/stage_7_acceptance_recomputed_effects.tsv;results_final/stage_7_epithelial_specificity_donor_differences.tsv;results_final/stage_7_paired_donor_module_differences.tsv;results_final/stage_7_replication_effects_all.tsv;results_final/stage_7_replication_summary.tsv	NA	NA	FALSE	Direct basename literals where detectable; otherwise frozen-manifest stage scope. Original frozen SHA retained.
F0460	Stage7	main_or_supporting	scripts/07_run_server.sh	scripts/07_run_server.sh	49de030e97db160735271cb9e4e9de9764c0de226838cec79cff063426fa8e58	a3fa19b1ea294da26ba1ee20c6b3e4c873e151a8af0ec7fe7fefe64aedd2893c	reports/stage_6A_exploratory_amendment.md;reports/stage_6A_pseudobulk_discovery.md;reports/stage_7_singlecell_replication.md;results/05B_full_qc_integration/validation_checks.tsv;scripts/07_finalize_report.R;scripts/07_install_dependencies.R;scripts/07_preflight.R;scripts/07_prepare_GSE132465.R;scripts/07_prepare_GSE161277.R;scripts/07_real_data_pilot.R;scripts/07_run_replication_models.R;scripts/07_smoke_test.R;scripts/07_syntax_check.R;scripts/07_validate_outputs.R	config/07_replication_parameters.tsv;figures_final/stage_7_module_effects.pdf;figures_final/stage_7_module_effects.png;figures_final/stage_7_module_effects_source_data.tsv;logs_summary/stage_7_GSE132465_annotation_evidence.tsv;logs_summary/stage_7_GSE132465_qc_summary.tsv;logs_summary/stage_7_GSE161277_annotation_evidence.tsv;logs_summary/stage_7_GSE161277_qc_summary.tsv;logs_summary/stage_7_acceptance_classification_audit.tsv;logs_summary/stage_7_acceptance_qc_checks.tsv;logs_summary/stage_7_model_input_audit.tsv;logs_summary/stage_7_model_sessionInfo.txt;logs_summary/stage_7_replication_gate.tsv;logs_summary/stage_7_validation_checks.tsv;protocol/stage_7_singlecell_replication_plan.md;reports/stage_7_acceptance_audit.md;reports/stage_7_singlecell_replication.md;results_final/stage_7_GSE132465_cell_composition.tsv;results_final/stage_7_GSE132465_pair_eligibility.tsv;results_final/stage_7_GSE161277_cell_composition.tsv;results_final/stage_7_acceptance_recomputed_effects.tsv;results_final/stage_7_epithelial_specificity_donor_differences.tsv;results_final/stage_7_paired_donor_module_differences.tsv;results_final/stage_7_replication_effects_all.tsv;results_final/stage_7_replication_summary.tsv	NA	NA	TRUE	Direct basename literals where detectable; otherwise frozen-manifest stage scope. Original frozen SHA retained.
F0461	Stage7	main_or_supporting	scripts/07_smoke_test.R	scripts/07_smoke_test.R	660a4c245d022ea0e13667acd8c2eac1201c2e7f499f541d5557eb56456d5590	660a4c245d022ea0e13667acd8c2eac1201c2e7f499f541d5557eb56456d5590	scripts/07_helpers.R	config/07_replication_parameters.tsv;figures_final/stage_7_module_effects.pdf;figures_final/stage_7_module_effects.png;figures_final/stage_7_module_effects_source_data.tsv;logs_summary/stage_7_GSE132465_annotation_evidence.tsv;logs_summary/stage_7_GSE132465_qc_summary.tsv;logs_summary/stage_7_GSE161277_annotation_evidence.tsv;logs_summary/stage_7_GSE161277_qc_summary.tsv;logs_summary/stage_7_acceptance_classification_audit.tsv;logs_summary/stage_7_acceptance_qc_checks.tsv;logs_summary/stage_7_model_input_audit.tsv;logs_summary/stage_7_model_sessionInfo.txt;logs_summary/stage_7_replication_gate.tsv;logs_summary/stage_7_validation_checks.tsv;protocol/stage_7_singlecell_replication_plan.md;reports/stage_7_acceptance_audit.md;reports/stage_7_singlecell_replication.md;results_final/stage_7_GSE132465_cell_composition.tsv;results_final/stage_7_GSE132465_pair_eligibility.tsv;results_final/stage_7_GSE161277_cell_composition.tsv;results_final/stage_7_acceptance_recomputed_effects.tsv;results_final/stage_7_epithelial_specificity_donor_differences.tsv;results_final/stage_7_paired_donor_module_differences.tsv;results_final/stage_7_replication_effects_all.tsv;results_final/stage_7_replication_summary.tsv	NA	NA	FALSE	Direct basename literals where detectable; otherwise frozen-manifest stage scope. Original frozen SHA retained.
F0462	Stage7	main_or_supporting	scripts/07_syntax_check.R	scripts/07_syntax_check.R	58f8ad325ec0c9450505d571ee23bdcd881352c9fa47e8c27b2b9b71ebd98197	58f8ad325ec0c9450505d571ee23bdcd881352c9fa47e8c27b2b9b71ebd98197	scripts/07_acceptance_qc.R;scripts/07_finalize_report.R;scripts/07_helpers.R;scripts/07_install_dependencies.R;scripts/07_model_preflight.R;scripts/07_preflight.R;scripts/07_prepare_GSE132465.R;scripts/07_prepare_GSE161277.R;scripts/07_real_data_pilot.R;scripts/07_resume_GSE161277_figures.R;scripts/07_run_replication_models.R;scripts/07_smoke_test.R;scripts/07_update_result_registry.R;scripts/07_validate_outputs.R	config/07_replication_parameters.tsv;figures_final/stage_7_module_effects.pdf;figures_final/stage_7_module_effects.png;figures_final/stage_7_module_effects_source_data.tsv;logs_summary/stage_7_GSE132465_annotation_evidence.tsv;logs_summary/stage_7_GSE132465_qc_summary.tsv;logs_summary/stage_7_GSE161277_annotation_evidence.tsv;logs_summary/stage_7_GSE161277_qc_summary.tsv;logs_summary/stage_7_acceptance_classification_audit.tsv;logs_summary/stage_7_acceptance_qc_checks.tsv;logs_summary/stage_7_model_input_audit.tsv;logs_summary/stage_7_model_sessionInfo.txt;logs_summary/stage_7_replication_gate.tsv;logs_summary/stage_7_validation_checks.tsv;protocol/stage_7_singlecell_replication_plan.md;reports/stage_7_acceptance_audit.md;reports/stage_7_singlecell_replication.md;results_final/stage_7_GSE132465_cell_composition.tsv;results_final/stage_7_GSE132465_pair_eligibility.tsv;results_final/stage_7_GSE161277_cell_composition.tsv;results_final/stage_7_acceptance_recomputed_effects.tsv;results_final/stage_7_epithelial_specificity_donor_differences.tsv;results_final/stage_7_paired_donor_module_differences.tsv;results_final/stage_7_replication_effects_all.tsv;results_final/stage_7_replication_summary.tsv	NA	NA	FALSE	Direct basename literals where detectable; otherwise frozen-manifest stage scope. Original frozen SHA retained.
F0463	Stage7	main_or_supporting	scripts/07_update_result_registry.R	scripts/07_update_result_registry.R	6714f52fe7acae08f6bb3166d75144a0322d9c77edb511febda1139d6a7c919b	6714f52fe7acae08f6bb3166d75144a0322d9c77edb511febda1139d6a7c919b	result_registry.tsv;results/05B_full_qc_integration/validation_checks.tsv;scripts/07_acceptance_qc.R;scripts/07_model_preflight.R;scripts/07_prepare_GSE132465.R;scripts/07_prepare_GSE161277.R;scripts/07_run_replication_models.R;scripts/07_validate_outputs.R	config/07_replication_parameters.tsv;figures_final/stage_7_module_effects.pdf;figures_final/stage_7_module_effects.png;figures_final/stage_7_module_effects_source_data.tsv;logs_summary/stage_7_GSE132465_annotation_evidence.tsv;logs_summary/stage_7_GSE132465_qc_summary.tsv;logs_summary/stage_7_GSE161277_annotation_evidence.tsv;logs_summary/stage_7_GSE161277_qc_summary.tsv;logs_summary/stage_7_acceptance_classification_audit.tsv;logs_summary/stage_7_acceptance_qc_checks.tsv;logs_summary/stage_7_model_input_audit.tsv;logs_summary/stage_7_model_sessionInfo.txt;logs_summary/stage_7_replication_gate.tsv;logs_summary/stage_7_validation_checks.tsv;protocol/stage_7_singlecell_replication_plan.md;reports/stage_7_acceptance_audit.md;reports/stage_7_singlecell_replication.md;results_final/stage_7_GSE132465_cell_composition.tsv;results_final/stage_7_GSE132465_pair_eligibility.tsv;results_final/stage_7_GSE161277_cell_composition.tsv;results_final/stage_7_acceptance_recomputed_effects.tsv;results_final/stage_7_epithelial_specificity_donor_differences.tsv;results_final/stage_7_paired_donor_module_differences.tsv;results_final/stage_7_replication_effects_all.tsv;results_final/stage_7_replication_summary.tsv	NA	NA	FALSE	Direct basename literals where detectable; otherwise frozen-manifest stage scope. Original frozen SHA retained.
F0464	Stage7	sensitivity_or_validation	scripts/07_validate_outputs.R	scripts/07_validate_outputs.R	9e655dd3d0cb4d82f6ba5e7db40016a30d522703319864101257f5ada3823277	9e655dd3d0cb4d82f6ba5e7db40016a30d522703319864101257f5ada3823277	STATUS.md;figures_final/stage_7_module_effects.pdf;figures_final/stage_7_module_effects.png;metadata/annotation_evidence.tsv;reports/stage_7_singlecell_replication.md;results/05B_full_qc_integration/validation_checks.tsv;scripts/07_helpers.R	config/07_replication_parameters.tsv;figures_final/stage_7_module_effects.pdf;figures_final/stage_7_module_effects.png;figures_final/stage_7_module_effects_source_data.tsv;logs_summary/stage_7_GSE132465_annotation_evidence.tsv;logs_summary/stage_7_GSE132465_qc_summary.tsv;logs_summary/stage_7_GSE161277_annotation_evidence.tsv;logs_summary/stage_7_GSE161277_qc_summary.tsv;logs_summary/stage_7_acceptance_classification_audit.tsv;logs_summary/stage_7_acceptance_qc_checks.tsv;logs_summary/stage_7_model_input_audit.tsv;logs_summary/stage_7_model_sessionInfo.txt;logs_summary/stage_7_replication_gate.tsv;logs_summary/stage_7_validation_checks.tsv;protocol/stage_7_singlecell_replication_plan.md;reports/stage_7_acceptance_audit.md;reports/stage_7_singlecell_replication.md;results_final/stage_7_GSE132465_cell_composition.tsv;results_final/stage_7_GSE132465_pair_eligibility.tsv;results_final/stage_7_GSE161277_cell_composition.tsv;results_final/stage_7_acceptance_recomputed_effects.tsv;results_final/stage_7_epithelial_specificity_donor_differences.tsv;results_final/stage_7_paired_donor_module_differences.tsv;results_final/stage_7_replication_effects_all.tsv;results_final/stage_7_replication_summary.tsv	NA	NA	FALSE	Direct basename literals where detectable; otherwise frozen-manifest stage scope. Original frozen SHA retained.
F0465	Stage8A	main_or_supporting	scripts/08A_GSE100179_preprocess.R	scripts/08A_GSE100179_preprocess.R	5ee5c5cf1ed1ca19a0b84021ddd65af2cabf8d897e54ec551a9edc9731c53b0c	5ee5c5cf1ed1ca19a0b84021ddd65af2cabf8d897e54ec551a9edc9731c53b0c	scripts/08A_GSE100179_preprocess.R;scripts/08A_helpers.R	config/08A_bulk_preprocessing_parameters.tsv;reports/stage_8A_acceptance_audit.md;reports/stage_8A_bulk_preprocessing.md	NA	NA	FALSE	Direct basename literals where detectable; otherwise frozen-manifest stage scope. Original frozen SHA retained.
F0466	Stage8A	main_or_supporting	scripts/08A_GSE41657_preprocess.R	scripts/08A_GSE41657_preprocess.R	8b2d074f8d35cbf9b4017452dfa4e6a7b96ba50d1d953ea4e33e1e778910cf52	8b2d074f8d35cbf9b4017452dfa4e6a7b96ba50d1d953ea4e33e1e778910cf52	scripts/08A_GSE41657_preprocess.R;scripts/08A_helpers.R	config/08A_bulk_preprocessing_parameters.tsv;reports/stage_8A_acceptance_audit.md;reports/stage_8A_bulk_preprocessing.md	NA	NA	FALSE	Direct basename literals where detectable; otherwise frozen-manifest stage scope. Original frozen SHA retained.
F0467	Stage8A	main_or_supporting	scripts/08A_GSE8671_preprocess.R	scripts/08A_GSE8671_preprocess.R	3c72a0af9fb2b076245639983a2574de488d87b623ab22893d4e8d2e5d9142a6	3c72a0af9fb2b076245639983a2574de488d87b623ab22893d4e8d2e5d9142a6	scripts/08A_GSE8671_preprocess.R;scripts/08A_helpers.R	config/08A_bulk_preprocessing_parameters.tsv;reports/stage_8A_acceptance_audit.md;reports/stage_8A_bulk_preprocessing.md	NA	NA	FALSE	Direct basename literals where detectable; otherwise frozen-manifest stage scope. Original frozen SHA retained.
F0468	Stage8A	main_or_supporting	scripts/08A_finalize_acceptance.sh	scripts/08A_finalize_acceptance.sh	bcf5981304039d7b039b995423c5da8ec07f9759b1455f16f3e0198609d86e8c	079482a4b11dce78f3b00d3f0f77afa58071f7ca3adfe3bb1345112a7da8e32d	reports/stage_8A_acceptance_audit.md;reports/stage_8A_bulk_preprocessing.md;results/05B_full_qc_integration/validation_checks.tsv	config/08A_bulk_preprocessing_parameters.tsv;reports/stage_8A_acceptance_audit.md;reports/stage_8A_bulk_preprocessing.md	NA	NA	TRUE	Direct basename literals where detectable; otherwise frozen-manifest stage scope. Original frozen SHA retained.
F0469	Stage8A	main_or_supporting	scripts/08A_finalize_report.R	scripts/08A_finalize_report.R	aa3d06e8852a652067172aeed30db20f49f87ec0298d82a6c9533b4078457959	aa3d06e8852a652067172aeed30db20f49f87ec0298d82a6c9533b4078457959	scripts/08A_finalize_report.R;scripts/08A_helpers.R	config/08A_bulk_preprocessing_parameters.tsv;reports/stage_8A_acceptance_audit.md;reports/stage_8A_bulk_preprocessing.md	NA	NA	FALSE	Direct basename literals where detectable; otherwise frozen-manifest stage scope. Original frozen SHA retained.
F0470	Stage8A	main_or_supporting	scripts/08A_helpers.R	scripts/08A_helpers.R	b8c9a7a3f88d28b0e7f2112d925b0628cf6117a939631508798ecd3153d7f1bb	b8c9a7a3f88d28b0e7f2112d925b0628cf6117a939631508798ecd3153d7f1bb	metadata/dataset_manifest.tsv;metadata/file_manifest.tsv;reports/stage_8A_bulk_preprocessing.md	config/08A_bulk_preprocessing_parameters.tsv;reports/stage_8A_acceptance_audit.md;reports/stage_8A_bulk_preprocessing.md	NA	NA	FALSE	Direct basename literals where detectable; otherwise frozen-manifest stage scope. Original frozen SHA retained.
F0471	Stage8A	main_or_supporting	scripts/08A_install_preprocessCore_single_thread.R	scripts/08A_install_preprocessCore_single_thread.R	6fe07807fdd92e12e718b51fc352599fcaecbc9da3911381fe58e6955e6b5048	6fe07807fdd92e12e718b51fc352599fcaecbc9da3911381fe58e6955e6b5048	See stage-scoped inputs and script source	config/08A_bulk_preprocessing_parameters.tsv;reports/stage_8A_acceptance_audit.md;reports/stage_8A_bulk_preprocessing.md	NA	NA	FALSE	Direct basename literals where detectable; otherwise frozen-manifest stage scope. Original frozen SHA retained.
F0472	Stage8A	sensitivity_or_validation	scripts/08A_rebuild_mapping_audits.R	scripts/08A_rebuild_mapping_audits.R	1942e1166bcae4487ea8ba4b9ddb195987844712ed8761c0e9420b85a0b6e0e1	1942e1166bcae4487ea8ba4b9ddb195987844712ed8761c0e9420b85a0b6e0e1	scripts/08A_finalize_report.R;scripts/08A_helpers.R;scripts/08A_rebuild_mapping_audits.R	config/08A_bulk_preprocessing_parameters.tsv;reports/stage_8A_acceptance_audit.md;reports/stage_8A_bulk_preprocessing.md	NA	NA	FALSE	Direct basename literals where detectable; otherwise frozen-manifest stage scope. Original frozen SHA retained.
F0473	Stage8A	main_or_supporting	scripts/08A_remote_launcher.sh	scripts/08A_remote_launcher.sh	aa4582f5b6bef1e594c65a207186e975b724f0ed1561c45b8e2a763ea331cb3a	820151de5191f203641683ae989b6301fd017804ba95ff9118c60d6ee24a7857	scripts/08A_run_server.sh	config/08A_bulk_preprocessing_parameters.tsv;reports/stage_8A_acceptance_audit.md;reports/stage_8A_bulk_preprocessing.md	NA	NA	TRUE	Direct basename literals where detectable; otherwise frozen-manifest stage scope. Original frozen SHA retained.
F0474	Stage8A	main_or_supporting	scripts/08A_resume_GSE8671.sh	scripts/08A_resume_GSE8671.sh	5e3269920be9056c136d8e06d71b28708983bc8284bddb253d784a119800b80d	f708c84e805757200b91389194c5f3b6d3d70404eecc2b5cae5472676161e812	reports/stage_8A_bulk_preprocessing.md;scripts/08A_GSE8671_preprocess.R;scripts/08A_finalize_report.R	config/08A_bulk_preprocessing_parameters.tsv;reports/stage_8A_acceptance_audit.md;reports/stage_8A_bulk_preprocessing.md	NA	NA	TRUE	Direct basename literals where detectable; otherwise frozen-manifest stage scope. Original frozen SHA retained.
F0475	Stage8A	main_or_supporting	scripts/08A_resume_GSE8671_raw_RMA.sh	scripts/08A_resume_GSE8671_raw_RMA.sh	a928c3b27b977af620d1e42b5c3ada4483ff7a39b3184a7555820596c0cf7256	51fbd185bc57f1b90c1c3ab3180d4ee7e5a46c678ad539db444e27b4be17557a	reports/stage_8A_bulk_preprocessing.md;scripts/08A_GSE8671_preprocess.R;scripts/08A_finalize_report.R	config/08A_bulk_preprocessing_parameters.tsv;reports/stage_8A_acceptance_audit.md;reports/stage_8A_bulk_preprocessing.md	NA	NA	TRUE	Direct basename literals where detectable; otherwise frozen-manifest stage scope. Original frozen SHA retained.
F0476	Stage8A	main_or_supporting	scripts/08A_resume_launcher.sh	scripts/08A_resume_launcher.sh	ad7c0b86578d9f95b8a50c459c446864b1c21aa06c23b743fdd31965eb185fa2	f897f644ee1ac750c4981b47c6c929fc132e632f5adce81383042f63ca686448	scripts/08A_resume_GSE8671.sh	config/08A_bulk_preprocessing_parameters.tsv;reports/stage_8A_acceptance_audit.md;reports/stage_8A_bulk_preprocessing.md	NA	NA	TRUE	Direct basename literals where detectable; otherwise frozen-manifest stage scope. Original frozen SHA retained.
F0477	Stage8A	main_or_supporting	scripts/08A_run_server.sh	scripts/08A_run_server.sh	23a410c764df004cc392f9bcaf06cf0bbdcdb4e3aebac3a7fcb7824bd3602808	20eca2465230b3689002b02c907091d6b172f05d536fbdc9b724143b7c16ecd4	reports/stage_8A_bulk_preprocessing.md;scripts/08A_GSE100179_preprocess.R;scripts/08A_GSE41657_preprocess.R;scripts/08A_GSE8671_preprocess.R;scripts/08A_finalize_report.R	config/08A_bulk_preprocessing_parameters.tsv;reports/stage_8A_acceptance_audit.md;reports/stage_8A_bulk_preprocessing.md	NA	NA	TRUE	Direct basename literals where detectable; otherwise frozen-manifest stage scope. Original frozen SHA retained.
F0478	Stage8A	sensitivity_or_validation	scripts/08A_validate_outputs.R	scripts/08A_validate_outputs.R	9dcb521eddf11e5544c070f8925b12c014eee70cc106e86d609092d1578348d1	9dcb521eddf11e5544c070f8925b12c014eee70cc106e86d609092d1578348d1	metadata/dataset_manifest.tsv;reports/stage_8A_bulk_preprocessing.md;results/05B_full_qc_integration/validation_checks.tsv;scripts/08A_validate_outputs.R	config/08A_bulk_preprocessing_parameters.tsv;reports/stage_8A_acceptance_audit.md;reports/stage_8A_bulk_preprocessing.md	NA	NA	FALSE	Direct basename literals where detectable; otherwise frozen-manifest stage scope. Original frozen SHA retained.
F0479	Stage8B	main_or_supporting	scripts/08B_build_GSE8671_pairing.py	scripts/08B_build_GSE8671_pairing.py	57c22dfbcc114deb4062b993225c08316820bfec1a2d3ea24b84f2db9c58072a	57c22dfbcc114deb4062b993225c08316820bfec1a2d3ea24b84f2db9c58072a	See stage-scoped inputs and script source	config/08B_bulk_validation_parameters.tsv;figures_final/stage_8B_early_transition_forest.pdf;figures_final/stage_8B_early_transition_forest.png;figures_final/stage_8B_early_transition_forest_source_data.tsv;logs_summary/stage_8B_independent_acceptance.tsv;logs_summary/stage_8B_tissue_validation_gate.tsv;logs_summary/stage_8B_validation_checks.tsv;protocol/stage_8B_bulk_validation_plan.md;reports/stage_8B_acceptance_audit.md;reports/stage_8B_bulk_validation.md;results_final/stage_8B_bulk_validation_summary.tsv;results_final/stage_8B_meta_analysis_results.tsv	NA	NA	FALSE	Direct basename literals where detectable; otherwise frozen-manifest stage scope. Original frozen SHA retained.
F0480	Stage8B	main_or_supporting	scripts/08B_bulk_cohorts.R	scripts/08B_bulk_cohorts.R	edbe7ffa2fe393885f601c7fc4bd4b942ce36b90eaac192e557bed464ef980fe	edbe7ffa2fe393885f601c7fc4bd4b942ce36b90eaac192e557bed464ef980fe	scripts/08B_bulk_cohorts.R;scripts/08B_helpers.R	config/08B_bulk_validation_parameters.tsv;figures_final/stage_8B_early_transition_forest.pdf;figures_final/stage_8B_early_transition_forest.png;figures_final/stage_8B_early_transition_forest_source_data.tsv;logs_summary/stage_8B_independent_acceptance.tsv;logs_summary/stage_8B_tissue_validation_gate.tsv;logs_summary/stage_8B_validation_checks.tsv;protocol/stage_8B_bulk_validation_plan.md;reports/stage_8B_acceptance_audit.md;reports/stage_8B_bulk_validation.md;results_final/stage_8B_bulk_validation_summary.tsv;results_final/stage_8B_meta_analysis_results.tsv	NA	NA	FALSE	Direct basename literals where detectable; otherwise frozen-manifest stage scope. Original frozen SHA retained.
F0481	Stage8B	main_or_supporting	scripts/08B_correct_GSE8671_manifest.py	scripts/08B_correct_GSE8671_manifest.py	f6483b8d910a0322e4ff3aa3360fdd7ac19dbccbfeac6404bed7d6e6c680359f	f6483b8d910a0322e4ff3aa3360fdd7ac19dbccbfeac6404bed7d6e6c680359f	See stage-scoped inputs and script source	config/08B_bulk_validation_parameters.tsv;figures_final/stage_8B_early_transition_forest.pdf;figures_final/stage_8B_early_transition_forest.png;figures_final/stage_8B_early_transition_forest_source_data.tsv;logs_summary/stage_8B_independent_acceptance.tsv;logs_summary/stage_8B_tissue_validation_gate.tsv;logs_summary/stage_8B_validation_checks.tsv;protocol/stage_8B_bulk_validation_plan.md;reports/stage_8B_acceptance_audit.md;reports/stage_8B_bulk_validation.md;results_final/stage_8B_bulk_validation_summary.tsv;results_final/stage_8B_meta_analysis_results.tsv	NA	NA	FALSE	Direct basename literals where detectable; otherwise frozen-manifest stage scope. Original frozen SHA retained.
F0482	Stage8B	main_or_supporting	scripts/08B_helpers.R	scripts/08B_helpers.R	91451f9d9c5a598bc093d5d5759f76518e2d2cfb76ae0db1bf965e14ec2375f2	91451f9d9c5a598bc093d5d5759f76518e2d2cfb76ae0db1bf965e14ec2375f2	metadata/GSE8671_verified_pairs.tsv;results_final/stage_6A_exploratory_candidate_modules.tsv;results_final/stage_6A_stage_blind_module_membership.tsv	config/08B_bulk_validation_parameters.tsv;figures_final/stage_8B_early_transition_forest.pdf;figures_final/stage_8B_early_transition_forest.png;figures_final/stage_8B_early_transition_forest_source_data.tsv;logs_summary/stage_8B_independent_acceptance.tsv;logs_summary/stage_8B_tissue_validation_gate.tsv;logs_summary/stage_8B_validation_checks.tsv;protocol/stage_8B_bulk_validation_plan.md;reports/stage_8B_acceptance_audit.md;reports/stage_8B_bulk_validation.md;results_final/stage_8B_bulk_validation_summary.tsv;results_final/stage_8B_meta_analysis_results.tsv	NA	NA	FALSE	Direct basename literals where detectable; otherwise frozen-manifest stage scope. Original frozen SHA retained.
F0483	Stage8B	main_or_supporting	scripts/08B_independent_acceptance.R	scripts/08B_independent_acceptance.R	c7db44616a7d357ac846e49aebcda03821e4ce13c60b7064b47bcc82fb85be35	c7db44616a7d357ac846e49aebcda03821e4ce13c60b7064b47bcc82fb85be35	figures_final/stage_8B_early_transition_forest.pdf;figures_final/stage_8B_early_transition_forest.png;figures_final/stage_8B_early_transition_forest_source_data.tsv;logs_summary/stage_8B_independent_acceptance.tsv;reports/stage_8B_bulk_validation.md;results_final/stage_6A_exploratory_candidate_modules.tsv;results_final/stage_8B_bulk_validation_summary.tsv;results_final/stage_8B_meta_analysis_results.tsv;scripts/08B_independent_acceptance.R	config/08B_bulk_validation_parameters.tsv;figures_final/stage_8B_early_transition_forest.pdf;figures_final/stage_8B_early_transition_forest.png;figures_final/stage_8B_early_transition_forest_source_data.tsv;logs_summary/stage_8B_independent_acceptance.tsv;logs_summary/stage_8B_tissue_validation_gate.tsv;logs_summary/stage_8B_validation_checks.tsv;protocol/stage_8B_bulk_validation_plan.md;reports/stage_8B_acceptance_audit.md;reports/stage_8B_bulk_validation.md;results_final/stage_8B_bulk_validation_summary.tsv;results_final/stage_8B_meta_analysis_results.tsv	NA	NA	FALSE	Direct basename literals where detectable; otherwise frozen-manifest stage scope. Original frozen SHA retained.
F0484	Stage8B	main_or_supporting	scripts/08B_launch_server.sh	scripts/08B_launch_server.sh	d4b7366672d54493550f51bc90540947e7a785ffe41bd73208f5f219ec2f2536	2340e3e6f4eba4acdb9080f999e8e024fa9f9ba0981aaae98ebd32ff4fdea06f	scripts/08B_run_server.sh	config/08B_bulk_validation_parameters.tsv;figures_final/stage_8B_early_transition_forest.pdf;figures_final/stage_8B_early_transition_forest.png;figures_final/stage_8B_early_transition_forest_source_data.tsv;logs_summary/stage_8B_independent_acceptance.tsv;logs_summary/stage_8B_tissue_validation_gate.tsv;logs_summary/stage_8B_validation_checks.tsv;protocol/stage_8B_bulk_validation_plan.md;reports/stage_8B_acceptance_audit.md;reports/stage_8B_bulk_validation.md;results_final/stage_8B_bulk_validation_summary.tsv;results_final/stage_8B_meta_analysis_results.tsv	NA	NA	TRUE	Direct basename literals where detectable; otherwise frozen-manifest stage scope. Original frozen SHA retained.
F0485	Stage8B	main_or_supporting	scripts/08B_meta_gate_report.R	scripts/08B_meta_gate_report.R	60a1761adb526af9b2deb1e5663832b7b11aa7cfe6b5067094c579f025bdac48	60a1761adb526af9b2deb1e5663832b7b11aa7cfe6b5067094c579f025bdac48	STATUS.md;figures_final/stage_8B_early_transition_forest.pdf;figures_final/stage_8B_early_transition_forest.png;figures_final/stage_8B_early_transition_forest_source_data.tsv;logs_summary/stage_8B_tissue_validation_gate.tsv;reports/stage_8B_bulk_validation.md;results_final/stage_8B_bulk_validation_summary.tsv;results_final/stage_8B_meta_analysis_results.tsv;scripts/08B_helpers.R;scripts/08B_meta_gate_report.R	config/08B_bulk_validation_parameters.tsv;figures_final/stage_8B_early_transition_forest.pdf;figures_final/stage_8B_early_transition_forest.png;figures_final/stage_8B_early_transition_forest_source_data.tsv;logs_summary/stage_8B_independent_acceptance.tsv;logs_summary/stage_8B_tissue_validation_gate.tsv;logs_summary/stage_8B_validation_checks.tsv;protocol/stage_8B_bulk_validation_plan.md;reports/stage_8B_acceptance_audit.md;reports/stage_8B_bulk_validation.md;results_final/stage_8B_bulk_validation_summary.tsv;results_final/stage_8B_meta_analysis_results.tsv	NA	NA	FALSE	Direct basename literals where detectable; otherwise frozen-manifest stage scope. Original frozen SHA retained.
F0486	Stage8B	main_or_supporting	scripts/08B_preflight.R	scripts/08B_preflight.R	8842222ccd8ba50bf994a29bc94ced8d4b9200e98568de2a6dee0a1b1835e4f2	8842222ccd8ba50bf994a29bc94ced8d4b9200e98568de2a6dee0a1b1835e4f2	scripts/08B_preflight.R	config/08B_bulk_validation_parameters.tsv;figures_final/stage_8B_early_transition_forest.pdf;figures_final/stage_8B_early_transition_forest.png;figures_final/stage_8B_early_transition_forest_source_data.tsv;logs_summary/stage_8B_independent_acceptance.tsv;logs_summary/stage_8B_tissue_validation_gate.tsv;logs_summary/stage_8B_validation_checks.tsv;protocol/stage_8B_bulk_validation_plan.md;reports/stage_8B_acceptance_audit.md;reports/stage_8B_bulk_validation.md;results_final/stage_8B_bulk_validation_summary.tsv;results_final/stage_8B_meta_analysis_results.tsv	NA	NA	FALSE	Direct basename literals where detectable; otherwise frozen-manifest stage scope. Original frozen SHA retained.
F0487	Stage8B	main_or_supporting	scripts/08B_prepare_gdc_metadata.py	scripts/08B_prepare_gdc_metadata.py	76813d76c7bec758b2ab2395fe6c4c06ec292c4855818e4909bf698b95f3d08b	76813d76c7bec758b2ab2395fe6c4c06ec292c4855818e4909bf698b95f3d08b	metadata/file_manifest.tsv	config/08B_bulk_validation_parameters.tsv;figures_final/stage_8B_early_transition_forest.pdf;figures_final/stage_8B_early_transition_forest.png;figures_final/stage_8B_early_transition_forest_source_data.tsv;logs_summary/stage_8B_independent_acceptance.tsv;logs_summary/stage_8B_tissue_validation_gate.tsv;logs_summary/stage_8B_validation_checks.tsv;protocol/stage_8B_bulk_validation_plan.md;reports/stage_8B_acceptance_audit.md;reports/stage_8B_bulk_validation.md;results_final/stage_8B_bulk_validation_summary.tsv;results_final/stage_8B_meta_analysis_results.tsv	NA	NA	FALSE	Direct basename literals where detectable; otherwise frozen-manifest stage scope. Original frozen SHA retained.
F0488	Stage8B	main_or_supporting	scripts/08B_resume_pairing_correction.sh	scripts/08B_resume_pairing_correction.sh	cc1fdf52a84be2f1ace966eafa742bec8d3cee2edf2dd3d48128df16db3bc31f	84bb5f6d632ce6fc880716b3b06aa86c41341a886dbb7345ed33f24ae9c4b205	reports/stage_8B_bulk_validation.md;results/05B_full_qc_integration/validation_checks.tsv;scripts/08B_bulk_cohorts.R;scripts/08B_meta_gate_report.R;scripts/08B_validate_outputs.R	config/08B_bulk_validation_parameters.tsv;figures_final/stage_8B_early_transition_forest.pdf;figures_final/stage_8B_early_transition_forest.png;figures_final/stage_8B_early_transition_forest_source_data.tsv;logs_summary/stage_8B_independent_acceptance.tsv;logs_summary/stage_8B_tissue_validation_gate.tsv;logs_summary/stage_8B_validation_checks.tsv;protocol/stage_8B_bulk_validation_plan.md;reports/stage_8B_acceptance_audit.md;reports/stage_8B_bulk_validation.md;results_final/stage_8B_bulk_validation_summary.tsv;results_final/stage_8B_meta_analysis_results.tsv	NA	NA	TRUE	Direct basename literals where detectable; otherwise frozen-manifest stage scope. Original frozen SHA retained.
F0489	Stage8B	main_or_supporting	scripts/08B_run_server.sh	scripts/08B_run_server.sh	ad8d615d845e1494c0d77b2ab6a0c378ec2ef4ea6b185a80f2c64c1aed5810f6	463e5afa53f73ac5f163f398701060d17249e009b16aa5de678756408c82028a	scripts/08B_bulk_cohorts.R;scripts/08B_meta_gate_report.R;scripts/08B_tcga_auxiliary.R;scripts/08B_validate_outputs.R	config/08B_bulk_validation_parameters.tsv;figures_final/stage_8B_early_transition_forest.pdf;figures_final/stage_8B_early_transition_forest.png;figures_final/stage_8B_early_transition_forest_source_data.tsv;logs_summary/stage_8B_independent_acceptance.tsv;logs_summary/stage_8B_tissue_validation_gate.tsv;logs_summary/stage_8B_validation_checks.tsv;protocol/stage_8B_bulk_validation_plan.md;reports/stage_8B_acceptance_audit.md;reports/stage_8B_bulk_validation.md;results_final/stage_8B_bulk_validation_summary.tsv;results_final/stage_8B_meta_analysis_results.tsv	NA	NA	TRUE	Direct basename literals where detectable; otherwise frozen-manifest stage scope. Original frozen SHA retained.
F0490	Stage8B	main_or_supporting	scripts/08B_tcga_auxiliary.R	scripts/08B_tcga_auxiliary.R	5144c662d8e5cdf1daa3158c1a70ce34de9a3a4997fbea32bfa7d43a9ae57681	5144c662d8e5cdf1daa3158c1a70ce34de9a3a4997fbea32bfa7d43a9ae57681	scripts/08B_helpers.R;scripts/08B_tcga_auxiliary.R	config/08B_bulk_validation_parameters.tsv;figures_final/stage_8B_early_transition_forest.pdf;figures_final/stage_8B_early_transition_forest.png;figures_final/stage_8B_early_transition_forest_source_data.tsv;logs_summary/stage_8B_independent_acceptance.tsv;logs_summary/stage_8B_tissue_validation_gate.tsv;logs_summary/stage_8B_validation_checks.tsv;protocol/stage_8B_bulk_validation_plan.md;reports/stage_8B_acceptance_audit.md;reports/stage_8B_bulk_validation.md;results_final/stage_8B_bulk_validation_summary.tsv;results_final/stage_8B_meta_analysis_results.tsv	NA	NA	FALSE	Direct basename literals where detectable; otherwise frozen-manifest stage scope. Original frozen SHA retained.
F0491	Stage8B	main_or_supporting	scripts/08B_update_result_registry.R	scripts/08B_update_result_registry.R	dbfadc356244d0d58c62e7c2d6b98d96426c8976fbb7b18f695dfc27dd4e8682	dbfadc356244d0d58c62e7c2d6b98d96426c8976fbb7b18f695dfc27dd4e8682	metadata/GSE8671_verified_pairs.tsv;result_registry.tsv;scripts/08B_independent_acceptance.R;scripts/08B_meta_gate_report.R;scripts/08B_update_result_registry.R	config/08B_bulk_validation_parameters.tsv;figures_final/stage_8B_early_transition_forest.pdf;figures_final/stage_8B_early_transition_forest.png;figures_final/stage_8B_early_transition_forest_source_data.tsv;logs_summary/stage_8B_independent_acceptance.tsv;logs_summary/stage_8B_tissue_validation_gate.tsv;logs_summary/stage_8B_validation_checks.tsv;protocol/stage_8B_bulk_validation_plan.md;reports/stage_8B_acceptance_audit.md;reports/stage_8B_bulk_validation.md;results_final/stage_8B_bulk_validation_summary.tsv;results_final/stage_8B_meta_analysis_results.tsv	NA	NA	FALSE	Direct basename literals where detectable; otherwise frozen-manifest stage scope. Original frozen SHA retained.
F0492	Stage8B	sensitivity_or_validation	scripts/08B_validate_outputs.R	scripts/08B_validate_outputs.R	ded54229313802a9a2557e901b2b37369a54dce24c971ba4bb276d29099aa7f7	ded54229313802a9a2557e901b2b37369a54dce24c971ba4bb276d29099aa7f7	STATUS.md;figures_final/stage_8B_early_transition_forest.pdf;figures_final/stage_8B_early_transition_forest.png;figures_final/stage_8B_early_transition_forest_source_data.tsv;logs_summary/stage_8B_validation_checks.tsv;reports/stage_8B_bulk_validation.md;results/05B_full_qc_integration/validation_checks.tsv;scripts/08B_helpers.R;scripts/08B_validate_outputs.R	config/08B_bulk_validation_parameters.tsv;figures_final/stage_8B_early_transition_forest.pdf;figures_final/stage_8B_early_transition_forest.png;figures_final/stage_8B_early_transition_forest_source_data.tsv;logs_summary/stage_8B_independent_acceptance.tsv;logs_summary/stage_8B_tissue_validation_gate.tsv;logs_summary/stage_8B_validation_checks.tsv;protocol/stage_8B_bulk_validation_plan.md;reports/stage_8B_acceptance_audit.md;reports/stage_8B_bulk_validation.md;results_final/stage_8B_bulk_validation_summary.tsv;results_final/stage_8B_meta_analysis_results.tsv	NA	NA	FALSE	Direct basename literals where detectable; otherwise frozen-manifest stage scope. Original frozen SHA retained.
F0493	Stage9A	main_or_supporting	scripts/09A_finalize_report.R	scripts/09A_finalize_report.R	83242674244f182a19ce38f99aff556dad4f3d64179d8e8fee2af86f42fcd3b8	83242674244f182a19ce38f99aff556dad4f3d64179d8e8fee2af86f42fcd3b8	protocol/stool_model_protocol.md;reports/stage_9A_stool_feasibility.md;results/05B_full_qc_integration/validation_checks.tsv;scripts/09A_finalize_report.R	figures_final/stage_9A_training_array_QC_outcome_blind.pdf;reports/stage_9A_acceptance_audit.md;reports/stage_9A_stool_feasibility.md;results_final/stage_9A_GSE99573_split_audit.tsv;results_final/stage_9A_independent_acceptance_checks.tsv;results_final/stage_9A_locked_gene_probe_mapping.tsv;results_final/stage_9A_locked_module_detectability_summary.tsv;results_final/stage_9A_locked_test_access_audit.tsv;results_final/stage_9A_software_versions.tsv;results_final/stage_9A_training_outlier_flags.tsv;results_final/stage_9A_training_sample_qc_metrics.tsv	NA	NA	FALSE	Direct basename literals where detectable; otherwise frozen-manifest stage scope. Original frozen SHA retained.
F0494	Stage9A	main_or_supporting	scripts/09A_independent_acceptance.R	scripts/09A_independent_acceptance.R	9527f417ba63de22fa33bc8c270bb07df1169edb0b435e68f8eea9931e2eac3a	9527f417ba63de22fa33bc8c270bb07df1169edb0b435e68f8eea9931e2eac3a	metadata/dataset_manifest.tsv;reports/stage_9A_stool_feasibility.md;results/05B_full_qc_integration/validation_checks.tsv;scripts/09A_independent_acceptance.R	figures_final/stage_9A_training_array_QC_outcome_blind.pdf;reports/stage_9A_acceptance_audit.md;reports/stage_9A_stool_feasibility.md;results_final/stage_9A_GSE99573_split_audit.tsv;results_final/stage_9A_independent_acceptance_checks.tsv;results_final/stage_9A_locked_gene_probe_mapping.tsv;results_final/stage_9A_locked_module_detectability_summary.tsv;results_final/stage_9A_locked_test_access_audit.tsv;results_final/stage_9A_software_versions.tsv;results_final/stage_9A_training_outlier_flags.tsv;results_final/stage_9A_training_sample_qc_metrics.tsv	NA	NA	FALSE	Direct basename literals where detectable; otherwise frozen-manifest stage scope. Original frozen SHA retained.
F0495	Stage9A	main_or_supporting	scripts/09A_install_r_packages.sh	scripts/09A_install_r_packages.sh	643ec0df9851cac8ba7352fdb7a236981ffbd3329c336f4af07f4f92c6cb1934	643ec0df9851cac8ba7352fdb7a236981ffbd3329c336f4af07f4f92c6cb1934	scripts/09A_install_r_packages.sh	figures_final/stage_9A_training_array_QC_outcome_blind.pdf;reports/stage_9A_acceptance_audit.md;reports/stage_9A_stool_feasibility.md;results_final/stage_9A_GSE99573_split_audit.tsv;results_final/stage_9A_independent_acceptance_checks.tsv;results_final/stage_9A_locked_gene_probe_mapping.tsv;results_final/stage_9A_locked_module_detectability_summary.tsv;results_final/stage_9A_locked_test_access_audit.tsv;results_final/stage_9A_software_versions.tsv;results_final/stage_9A_training_outlier_flags.tsv;results_final/stage_9A_training_sample_qc_metrics.tsv	NA	NA	FALSE	Direct basename literals where detectable; otherwise frozen-manifest stage scope. Original frozen SHA retained.
F0496	Stage9A	main_or_supporting	scripts/09A_launch_server.sh	scripts/09A_launch_server.sh	840ff5a61f94c5f275c3a0b16c9b0eb5f292dde159bcfa5fe4950e8b3c57812f	017541f9f7be0c6256caefad6e8c31f062e8907e0546555f97b71c9eaeeac81b	scripts/09A_run_server.sh	figures_final/stage_9A_training_array_QC_outcome_blind.pdf;reports/stage_9A_acceptance_audit.md;reports/stage_9A_stool_feasibility.md;results_final/stage_9A_GSE99573_split_audit.tsv;results_final/stage_9A_independent_acceptance_checks.tsv;results_final/stage_9A_locked_gene_probe_mapping.tsv;results_final/stage_9A_locked_module_detectability_summary.tsv;results_final/stage_9A_locked_test_access_audit.tsv;results_final/stage_9A_software_versions.tsv;results_final/stage_9A_training_outlier_flags.tsv;results_final/stage_9A_training_sample_qc_metrics.tsv	NA	NA	TRUE	Direct basename literals where detectable; otherwise frozen-manifest stage scope. Original frozen SHA retained.
F0497	Stage9A	sensitivity_or_validation	scripts/09A_prepare_split_audit.py	scripts/09A_prepare_split_audit.py	d2bef594de6693b178c57f5f464926922f8ea0c267e115489ad646701456f039	d2bef594de6693b178c57f5f464926922f8ea0c267e115489ad646701456f039	metadata/dataset_manifest.tsv;results/05B_full_qc_integration/validation_checks.tsv	figures_final/stage_9A_training_array_QC_outcome_blind.pdf;reports/stage_9A_acceptance_audit.md;reports/stage_9A_stool_feasibility.md;results_final/stage_9A_GSE99573_split_audit.tsv;results_final/stage_9A_independent_acceptance_checks.tsv;results_final/stage_9A_locked_gene_probe_mapping.tsv;results_final/stage_9A_locked_module_detectability_summary.tsv;results_final/stage_9A_locked_test_access_audit.tsv;results_final/stage_9A_software_versions.tsv;results_final/stage_9A_training_outlier_flags.tsv;results_final/stage_9A_training_sample_qc_metrics.tsv	NA	NA	FALSE	Direct basename literals where detectable; otherwise frozen-manifest stage scope. Original frozen SHA retained.
F0498	Stage9A	main_or_supporting	scripts/09A_resume_after_thread_fix.sh	scripts/09A_resume_after_thread_fix.sh	fe20ee94cb0d242e34d6c26507b84964e382c02fd7e21a582b056fdbf6efc09a	630be37fa67e10301320f64ae960f812e5250b1cbf87ec3831c65cc0c4126516	reports/stage_9A_stool_feasibility.md;scripts/09A_finalize_report.R;scripts/09A_install_r_packages.sh;scripts/09A_stool_feasibility.R	figures_final/stage_9A_training_array_QC_outcome_blind.pdf;reports/stage_9A_acceptance_audit.md;reports/stage_9A_stool_feasibility.md;results_final/stage_9A_GSE99573_split_audit.tsv;results_final/stage_9A_independent_acceptance_checks.tsv;results_final/stage_9A_locked_gene_probe_mapping.tsv;results_final/stage_9A_locked_module_detectability_summary.tsv;results_final/stage_9A_locked_test_access_audit.tsv;results_final/stage_9A_software_versions.tsv;results_final/stage_9A_training_outlier_flags.tsv;results_final/stage_9A_training_sample_qc_metrics.tsv	NA	NA	TRUE	Direct basename literals where detectable; otherwise frozen-manifest stage scope. Original frozen SHA retained.
F0499	Stage9A	main_or_supporting	scripts/09A_run_server.sh	scripts/09A_run_server.sh	3992dc6b6a90ba0302fa0cad6401ca10471d8dacedaf1296452523cd206e7aff	23349c33e101dfa1c6a94dc2bad080c3e88cd6adbb59d13b61b3a8c363218963	AGENTS.md;protocol/analysis_protocol_v1.md;protocol/stool_model_protocol.md;reports/stage_4A_metadata_audit.md;reports/stage_8B_bulk_validation.md;reports/stage_9A_stool_feasibility.md;scripts/09A_finalize_report.R;scripts/09A_install_r_packages.sh;scripts/09A_prepare_split_audit.py;scripts/09A_stool_feasibility.R	figures_final/stage_9A_training_array_QC_outcome_blind.pdf;reports/stage_9A_acceptance_audit.md;reports/stage_9A_stool_feasibility.md;results_final/stage_9A_GSE99573_split_audit.tsv;results_final/stage_9A_independent_acceptance_checks.tsv;results_final/stage_9A_locked_gene_probe_mapping.tsv;results_final/stage_9A_locked_module_detectability_summary.tsv;results_final/stage_9A_locked_test_access_audit.tsv;results_final/stage_9A_software_versions.tsv;results_final/stage_9A_training_outlier_flags.tsv;results_final/stage_9A_training_sample_qc_metrics.tsv	NA	NA	TRUE	Direct basename literals where detectable; otherwise frozen-manifest stage scope. Original frozen SHA retained.
F0500	Stage9A	main_or_supporting	scripts/09A_stool_feasibility.R	scripts/09A_stool_feasibility.R	f7ad2e7f7750fc127180ef83d048c5c5cde3427895ff156f980ae22381aa3129	f7ad2e7f7750fc127180ef83d048c5c5cde3427895ff156f980ae22381aa3129	results/05B_full_qc_integration/validation_checks.tsv;results_final/stage_6A_exploratory_candidate_modules.tsv;results_final/stage_6A_stage_blind_module_membership.tsv;scripts/09A_stool_feasibility.R	figures_final/stage_9A_training_array_QC_outcome_blind.pdf;reports/stage_9A_acceptance_audit.md;reports/stage_9A_stool_feasibility.md;results_final/stage_9A_GSE99573_split_audit.tsv;results_final/stage_9A_independent_acceptance_checks.tsv;results_final/stage_9A_locked_gene_probe_mapping.tsv;results_final/stage_9A_locked_module_detectability_summary.tsv;results_final/stage_9A_locked_test_access_audit.tsv;results_final/stage_9A_software_versions.tsv;results_final/stage_9A_training_outlier_flags.tsv;results_final/stage_9A_training_sample_qc_metrics.tsv	NA	NA	FALSE	Direct basename literals where detectable; otherwise frozen-manifest stage scope. Original frozen SHA retained.
F0501	Stage9B	main_or_supporting	scripts/09B_finalize_report.R	scripts/09B_finalize_report.R	cccb1215182be34dc75e9c4cf182dd6835c837795b8715e88fcfec362a05d3c1	cccb1215182be34dc75e9c4cf182dd6835c837795b8715e88fcfec362a05d3c1	reports/stage_9B_acceptance_audit.md;reports/stage_9B_model_training.md;results/05B_full_qc_integration/validation_checks.tsv;results_final/stage_9B_validation_checks.tsv;scripts/09B_finalize_report.R	reports/stage_9B_acceptance_audit.md;reports/stage_9B_model_training.md;results_final/stage_9B_calibration_plot_source_data.tsv;results_final/stage_9B_fold_assignments.tsv;results_final/stage_9B_independent_acceptance_checks.tsv;results_final/stage_9B_locked_feature_manifest.tsv;results_final/stage_9B_locked_model_coefficients.tsv;results_final/stage_9B_locked_stool_model.sha256;results_final/stage_9B_metric_estimability_audit.tsv;results_final/stage_9B_model_lock_manifest.tsv;results_final/stage_9B_model_lock_summary.tsv;results_final/stage_9B_nested_cv_performance.tsv;results_final/stage_9B_nested_cv_predictions_training_only.tsv;results_final/stage_9B_outer_fold_model_summary.tsv;results_final/stage_9B_software_versions.tsv;results_final/stage_9B_validation_checks.tsv	NA	NA	FALSE	Direct basename literals where detectable; otherwise frozen-manifest stage scope. Original frozen SHA retained.
F0502	Stage9B	main_or_supporting	scripts/09B_independent_acceptance.R	scripts/09B_independent_acceptance.R	1a0bdfc6033c1712f422eadf3978bfe5f466cbd78096157f58c77cf3c084b5a9	1a0bdfc6033c1712f422eadf3978bfe5f466cbd78096157f58c77cf3c084b5a9	metadata/dataset_manifest.tsv;reports/stage_9B_model_training.md;results/05B_full_qc_integration/validation_checks.tsv;results_final/stage_9B_independent_acceptance_checks.tsv;results_final/stage_9B_validation_checks.tsv;scripts/09B_independent_acceptance.R	reports/stage_9B_acceptance_audit.md;reports/stage_9B_model_training.md;results_final/stage_9B_calibration_plot_source_data.tsv;results_final/stage_9B_fold_assignments.tsv;results_final/stage_9B_independent_acceptance_checks.tsv;results_final/stage_9B_locked_feature_manifest.tsv;results_final/stage_9B_locked_model_coefficients.tsv;results_final/stage_9B_locked_stool_model.sha256;results_final/stage_9B_metric_estimability_audit.tsv;results_final/stage_9B_model_lock_manifest.tsv;results_final/stage_9B_model_lock_summary.tsv;results_final/stage_9B_nested_cv_performance.tsv;results_final/stage_9B_nested_cv_predictions_training_only.tsv;results_final/stage_9B_outer_fold_model_summary.tsv;results_final/stage_9B_software_versions.tsv;results_final/stage_9B_validation_checks.tsv	NA	NA	FALSE	Direct basename literals where detectable; otherwise frozen-manifest stage scope. Original frozen SHA retained.
F0503	Stage9B	main_or_supporting	scripts/09B_launch_server.sh	scripts/09B_launch_server.sh	46fc5974f74ce21538da9240bfe4cd782656e06610edc811c4a7c8c622f8355c	acc69ebb18cbaf2e798e1775f68908a178e55d0992f22bd156bee58792218e85	scripts/09B_launch_server.sh;scripts/09B_run_server.sh	reports/stage_9B_acceptance_audit.md;reports/stage_9B_model_training.md;results_final/stage_9B_calibration_plot_source_data.tsv;results_final/stage_9B_fold_assignments.tsv;results_final/stage_9B_independent_acceptance_checks.tsv;results_final/stage_9B_locked_feature_manifest.tsv;results_final/stage_9B_locked_model_coefficients.tsv;results_final/stage_9B_locked_stool_model.sha256;results_final/stage_9B_metric_estimability_audit.tsv;results_final/stage_9B_model_lock_manifest.tsv;results_final/stage_9B_model_lock_summary.tsv;results_final/stage_9B_nested_cv_performance.tsv;results_final/stage_9B_nested_cv_predictions_training_only.tsv;results_final/stage_9B_outer_fold_model_summary.tsv;results_final/stage_9B_software_versions.tsv;results_final/stage_9B_validation_checks.tsv	NA	NA	TRUE	Direct basename literals where detectable; otherwise frozen-manifest stage scope. Original frozen SHA retained.
F0504	Stage9B	sensitivity_or_validation	scripts/09B_resume_validation_report.sh	scripts/09B_resume_validation_report.sh	28364dcce3ad34c77e15cf0c00a6dbc2b8ce572deaa3c0b12603109484d83e2a	a6007e2c01c9e5eed8001c8f9873d365c80e6f62b4101108f6023c18a6b5bbc3	reports/stage_9B_model_training.md;scripts/09B_finalize_report.R;scripts/09B_validate_locked_model.R	reports/stage_9B_acceptance_audit.md;reports/stage_9B_model_training.md;results_final/stage_9B_calibration_plot_source_data.tsv;results_final/stage_9B_fold_assignments.tsv;results_final/stage_9B_independent_acceptance_checks.tsv;results_final/stage_9B_locked_feature_manifest.tsv;results_final/stage_9B_locked_model_coefficients.tsv;results_final/stage_9B_locked_stool_model.sha256;results_final/stage_9B_metric_estimability_audit.tsv;results_final/stage_9B_model_lock_manifest.tsv;results_final/stage_9B_model_lock_summary.tsv;results_final/stage_9B_nested_cv_performance.tsv;results_final/stage_9B_nested_cv_predictions_training_only.tsv;results_final/stage_9B_outer_fold_model_summary.tsv;results_final/stage_9B_software_versions.tsv;results_final/stage_9B_validation_checks.tsv	NA	NA	TRUE	Direct basename literals where detectable; otherwise frozen-manifest stage scope. Original frozen SHA retained.
F0505	Stage9B	main_or_supporting	scripts/09B_run_server.sh	scripts/09B_run_server.sh	ed57a796fb9776760d0fa80cadd6bb292a5d965534933388866b88d831a410a0	d2be08335d343cb6f44adc13538c8a5d1618fc2170ba74cbde070f3c1146dfda	AGENTS.md;metadata/dataset_manifest.tsv;protocol/stool_model_protocol.md;protocol/stool_model_training_lock_plan.md;reports/stage_9A_acceptance_audit.md;reports/stage_9A_stool_feasibility.md;reports/stage_9B_model_training.md;scripts/09B_finalize_report.R;scripts/09B_train_lock_model.R;scripts/09B_validate_locked_model.R	reports/stage_9B_acceptance_audit.md;reports/stage_9B_model_training.md;results_final/stage_9B_calibration_plot_source_data.tsv;results_final/stage_9B_fold_assignments.tsv;results_final/stage_9B_independent_acceptance_checks.tsv;results_final/stage_9B_locked_feature_manifest.tsv;results_final/stage_9B_locked_model_coefficients.tsv;results_final/stage_9B_locked_stool_model.sha256;results_final/stage_9B_metric_estimability_audit.tsv;results_final/stage_9B_model_lock_manifest.tsv;results_final/stage_9B_model_lock_summary.tsv;results_final/stage_9B_nested_cv_performance.tsv;results_final/stage_9B_nested_cv_predictions_training_only.tsv;results_final/stage_9B_outer_fold_model_summary.tsv;results_final/stage_9B_software_versions.tsv;results_final/stage_9B_validation_checks.tsv	NA	NA	TRUE	Direct basename literals where detectable; otherwise frozen-manifest stage scope. Original frozen SHA retained.
F0506	Stage9B	main_or_supporting	scripts/09B_train_lock_model.R	scripts/09B_train_lock_model.R	61642475b5942ddd48205623b39904f4f91ac76cae8ed26d478d33e70e48383b	61642475b5942ddd48205623b39904f4f91ac76cae8ed26d478d33e70e48383b	metadata/dataset_manifest.tsv;results_final/stage_6A_exploratory_candidate_modules.tsv;results_final/stage_6A_stage_blind_module_membership.tsv;results_final/stage_9A_locked_gene_probe_mapping.tsv;results_final/stage_9A_training_sample_qc_metrics.tsv;scripts/09B_train_lock_model.R	reports/stage_9B_acceptance_audit.md;reports/stage_9B_model_training.md;results_final/stage_9B_calibration_plot_source_data.tsv;results_final/stage_9B_fold_assignments.tsv;results_final/stage_9B_independent_acceptance_checks.tsv;results_final/stage_9B_locked_feature_manifest.tsv;results_final/stage_9B_locked_model_coefficients.tsv;results_final/stage_9B_locked_stool_model.sha256;results_final/stage_9B_metric_estimability_audit.tsv;results_final/stage_9B_model_lock_manifest.tsv;results_final/stage_9B_model_lock_summary.tsv;results_final/stage_9B_nested_cv_performance.tsv;results_final/stage_9B_nested_cv_predictions_training_only.tsv;results_final/stage_9B_outer_fold_model_summary.tsv;results_final/stage_9B_software_versions.tsv;results_final/stage_9B_validation_checks.tsv	NA	NA	FALSE	Direct basename literals where detectable; otherwise frozen-manifest stage scope. Original frozen SHA retained.
F0507	Stage9B	sensitivity_or_validation	scripts/09B_validate_locked_model.R	scripts/09B_validate_locked_model.R	b5171d678455c923b2209a5baf3310903b151620ee1ac69e45b8be330675a888	b5171d678455c923b2209a5baf3310903b151620ee1ac69e45b8be330675a888	metadata/dataset_manifest.tsv;results/05B_full_qc_integration/validation_checks.tsv;results_final/stage_9B_validation_checks.tsv;scripts/09B_validate_locked_model.R	reports/stage_9B_acceptance_audit.md;reports/stage_9B_model_training.md;results_final/stage_9B_calibration_plot_source_data.tsv;results_final/stage_9B_fold_assignments.tsv;results_final/stage_9B_independent_acceptance_checks.tsv;results_final/stage_9B_locked_feature_manifest.tsv;results_final/stage_9B_locked_model_coefficients.tsv;results_final/stage_9B_locked_stool_model.sha256;results_final/stage_9B_metric_estimability_audit.tsv;results_final/stage_9B_model_lock_manifest.tsv;results_final/stage_9B_model_lock_summary.tsv;results_final/stage_9B_nested_cv_performance.tsv;results_final/stage_9B_nested_cv_predictions_training_only.tsv;results_final/stage_9B_outer_fold_model_summary.tsv;results_final/stage_9B_software_versions.tsv;results_final/stage_9B_validation_checks.tsv	NA	NA	FALSE	Direct basename literals where detectable; otherwise frozen-manifest stage scope. Original frozen SHA retained.
F0508	Stage9C	main_or_supporting	scripts/09C_finalize_report.R	scripts/09C_finalize_report.R	6a81e70dca669c09e3130ede46d334bae08e9dc15af168d22677732cd90d1da1	6a81e70dca669c09e3130ede46d334bae08e9dc15af168d22677732cd90d1da1	reports/stage_9C_external_test.md;results/05B_full_qc_integration/validation_checks.tsv;results_final/stage_9C_provenance.tsv;results_final/stage_9C_validation_checks.tsv;scripts/09C_finalize_report.R	config/stage_9C_lock_verification.tsv;figures_final/stage_9C_stool_test_ROC.pdf;figures_final/stage_9C_stool_test_ROC.png;figures_final/stage_9C_stool_test_calibration.pdf;figures_final/stage_9C_stool_test_calibration.png;reports/stage_9C_acceptance_audit.md;reports/stage_9C_external_test.md;results_final/stage_9C_ROC_source_data.tsv;results_final/stage_9C_analysis_outputs.md;results_final/stage_9C_calibration_source_data.tsv;results_final/stage_9C_clinical_baseline_comparison.tsv;results_final/stage_9C_fixed_specificity_results.tsv;results_final/stage_9C_independent_acceptance_checks.tsv;results_final/stage_9C_independent_metric_recalculation.tsv;results_final/stage_9C_provenance.tsv;results_final/stage_9C_software_versions.tsv;results_final/stage_9C_stool_test_predictions_source_data.tsv;results_final/stage_9C_stool_test_results.tsv;results_final/stage_9C_test_access_transition.tsv;results_final/stage_9C_test_feature_reconstruction_audit.tsv;results_final/stage_9C_test_sample_qc_metrics.tsv;results_final/stage_9C_validation_checks.tsv	NA	NA	FALSE	Direct basename literals where detectable; otherwise frozen-manifest stage scope. Original frozen SHA retained.
F0509	Stage9C	main_or_supporting	scripts/09C_independent_acceptance.R	scripts/09C_independent_acceptance.R	8b6477444bb0d89ce2370e7d10a0eed183263d6cb6038a05489d68e5f1d86f88	8b6477444bb0d89ce2370e7d10a0eed183263d6cb6038a05489d68e5f1d86f88	metadata/dataset_manifest.tsv;reports/stage_9C_external_test.md;results/05B_full_qc_integration/validation_checks.tsv;results_final/stage_9C_independent_acceptance_checks.tsv;results_final/stage_9C_independent_metric_recalculation.tsv;results_final/stage_9C_provenance.tsv;results_final/stage_9C_validation_checks.tsv;scripts/09C_independent_acceptance.R	config/stage_9C_lock_verification.tsv;figures_final/stage_9C_stool_test_ROC.pdf;figures_final/stage_9C_stool_test_ROC.png;figures_final/stage_9C_stool_test_calibration.pdf;figures_final/stage_9C_stool_test_calibration.png;reports/stage_9C_acceptance_audit.md;reports/stage_9C_external_test.md;results_final/stage_9C_ROC_source_data.tsv;results_final/stage_9C_analysis_outputs.md;results_final/stage_9C_calibration_source_data.tsv;results_final/stage_9C_clinical_baseline_comparison.tsv;results_final/stage_9C_fixed_specificity_results.tsv;results_final/stage_9C_independent_acceptance_checks.tsv;results_final/stage_9C_independent_metric_recalculation.tsv;results_final/stage_9C_provenance.tsv;results_final/stage_9C_software_versions.tsv;results_final/stage_9C_stool_test_predictions_source_data.tsv;results_final/stage_9C_stool_test_results.tsv;results_final/stage_9C_test_access_transition.tsv;results_final/stage_9C_test_feature_reconstruction_audit.tsv;results_final/stage_9C_test_sample_qc_metrics.tsv;results_final/stage_9C_validation_checks.tsv	NA	NA	FALSE	Direct basename literals where detectable; otherwise frozen-manifest stage scope. Original frozen SHA retained.
F0510	Stage9C	main_or_supporting	scripts/09C_launch_server.sh	scripts/09C_launch_server.sh	7adcd6e760cd51d63bfa46675f08f595934271dcec218c491b10251afdf19070	dbb40314af101c911a92752008f4aeee3a1ddd39852b2594446984a48f2d3024	scripts/09C_run_server.sh	config/stage_9C_lock_verification.tsv;figures_final/stage_9C_stool_test_ROC.pdf;figures_final/stage_9C_stool_test_ROC.png;figures_final/stage_9C_stool_test_calibration.pdf;figures_final/stage_9C_stool_test_calibration.png;reports/stage_9C_acceptance_audit.md;reports/stage_9C_external_test.md;results_final/stage_9C_ROC_source_data.tsv;results_final/stage_9C_analysis_outputs.md;results_final/stage_9C_calibration_source_data.tsv;results_final/stage_9C_clinical_baseline_comparison.tsv;results_final/stage_9C_fixed_specificity_results.tsv;results_final/stage_9C_independent_acceptance_checks.tsv;results_final/stage_9C_independent_metric_recalculation.tsv;results_final/stage_9C_provenance.tsv;results_final/stage_9C_software_versions.tsv;results_final/stage_9C_stool_test_predictions_source_data.tsv;results_final/stage_9C_stool_test_results.tsv;results_final/stage_9C_test_access_transition.tsv;results_final/stage_9C_test_feature_reconstruction_audit.tsv;results_final/stage_9C_test_sample_qc_metrics.tsv;results_final/stage_9C_validation_checks.tsv	NA	NA	TRUE	Direct basename literals where detectable; otherwise frozen-manifest stage scope. Original frozen SHA retained.
F0511	Stage9C	main_or_supporting	scripts/09C_render_figures.R	scripts/09C_render_figures.R	7cfc491ebab78ec6f293aaf312cd6c6a826296645f48164319e1aa335d4afd8a	7cfc491ebab78ec6f293aaf312cd6c6a826296645f48164319e1aa335d4afd8a	scripts/09C_render_figures.R	config/stage_9C_lock_verification.tsv;figures_final/stage_9C_stool_test_ROC.pdf;figures_final/stage_9C_stool_test_ROC.png;figures_final/stage_9C_stool_test_calibration.pdf;figures_final/stage_9C_stool_test_calibration.png;reports/stage_9C_acceptance_audit.md;reports/stage_9C_external_test.md;results_final/stage_9C_ROC_source_data.tsv;results_final/stage_9C_analysis_outputs.md;results_final/stage_9C_calibration_source_data.tsv;results_final/stage_9C_clinical_baseline_comparison.tsv;results_final/stage_9C_fixed_specificity_results.tsv;results_final/stage_9C_independent_acceptance_checks.tsv;results_final/stage_9C_independent_metric_recalculation.tsv;results_final/stage_9C_provenance.tsv;results_final/stage_9C_software_versions.tsv;results_final/stage_9C_stool_test_predictions_source_data.tsv;results_final/stage_9C_stool_test_results.tsv;results_final/stage_9C_test_access_transition.tsv;results_final/stage_9C_test_feature_reconstruction_audit.tsv;results_final/stage_9C_test_sample_qc_metrics.tsv;results_final/stage_9C_validation_checks.tsv	NA	NA	FALSE	Direct basename literals where detectable; otherwise frozen-manifest stage scope. Original frozen SHA retained.
F0512	Stage9C	main_or_supporting	scripts/09C_run_server.sh	scripts/09C_run_server.sh	022f6fa69dce6f840803f462b15d7f0fe120cdbb3bde6e747dd4ed5a0e011231	c9c20aba5bf723fc9cf8c8f38d5dc5760908779b0304409480210c7c0671a34a	AGENTS.md;config/stage_9C_lock_verification.tsv;config/stool_test_operating_points.tsv;protocol/stool_model_test_once_plan.md;reports/stage_9C_external_test.md;results_final/stage_9A_locked_test_access_audit.tsv;scripts/09C_finalize_report.R;scripts/09C_test_once.R;scripts/09C_validate_outputs.R	config/stage_9C_lock_verification.tsv;figures_final/stage_9C_stool_test_ROC.pdf;figures_final/stage_9C_stool_test_ROC.png;figures_final/stage_9C_stool_test_calibration.pdf;figures_final/stage_9C_stool_test_calibration.png;reports/stage_9C_acceptance_audit.md;reports/stage_9C_external_test.md;results_final/stage_9C_ROC_source_data.tsv;results_final/stage_9C_analysis_outputs.md;results_final/stage_9C_calibration_source_data.tsv;results_final/stage_9C_clinical_baseline_comparison.tsv;results_final/stage_9C_fixed_specificity_results.tsv;results_final/stage_9C_independent_acceptance_checks.tsv;results_final/stage_9C_independent_metric_recalculation.tsv;results_final/stage_9C_provenance.tsv;results_final/stage_9C_software_versions.tsv;results_final/stage_9C_stool_test_predictions_source_data.tsv;results_final/stage_9C_stool_test_results.tsv;results_final/stage_9C_test_access_transition.tsv;results_final/stage_9C_test_feature_reconstruction_audit.tsv;results_final/stage_9C_test_sample_qc_metrics.tsv;results_final/stage_9C_validation_checks.tsv	NA	NA	TRUE	Direct basename literals where detectable; otherwise frozen-manifest stage scope. Original frozen SHA retained.
F0513	Stage9C	main_or_supporting	scripts/09C_test_once.R	scripts/09C_test_once.R	829af30608425343d4cd69e4b09a64ff680f01325fb1d7a6f822d5265681f206	829af30608425343d4cd69e4b09a64ff680f01325fb1d7a6f822d5265681f206	config/stage_9C_lock_verification.tsv;config/stool_test_operating_points.tsv;metadata/dataset_manifest.tsv;results_final/stage_9C_provenance.tsv;scripts/09C_test_once.R	config/stage_9C_lock_verification.tsv;figures_final/stage_9C_stool_test_ROC.pdf;figures_final/stage_9C_stool_test_ROC.png;figures_final/stage_9C_stool_test_calibration.pdf;figures_final/stage_9C_stool_test_calibration.png;reports/stage_9C_acceptance_audit.md;reports/stage_9C_external_test.md;results_final/stage_9C_ROC_source_data.tsv;results_final/stage_9C_analysis_outputs.md;results_final/stage_9C_calibration_source_data.tsv;results_final/stage_9C_clinical_baseline_comparison.tsv;results_final/stage_9C_fixed_specificity_results.tsv;results_final/stage_9C_independent_acceptance_checks.tsv;results_final/stage_9C_independent_metric_recalculation.tsv;results_final/stage_9C_provenance.tsv;results_final/stage_9C_software_versions.tsv;results_final/stage_9C_stool_test_predictions_source_data.tsv;results_final/stage_9C_stool_test_results.tsv;results_final/stage_9C_test_access_transition.tsv;results_final/stage_9C_test_feature_reconstruction_audit.tsv;results_final/stage_9C_test_sample_qc_metrics.tsv;results_final/stage_9C_validation_checks.tsv	NA	NA	FALSE	Direct basename literals where detectable; otherwise frozen-manifest stage scope. Original frozen SHA retained.
F0514	Stage9C	sensitivity_or_validation	scripts/09C_validate_outputs.R	scripts/09C_validate_outputs.R	4b49d0c8c2df398303f0fec5aeec70dc3d254154498ce3f2b5c9d894a6cd3117	4b49d0c8c2df398303f0fec5aeec70dc3d254154498ce3f2b5c9d894a6cd3117	config/stage_9C_lock_verification.tsv;config/stool_test_operating_points.tsv;metadata/dataset_manifest.tsv;results/05B_full_qc_integration/validation_checks.tsv;results_final/stage_9C_provenance.tsv;results_final/stage_9C_validation_checks.tsv;scripts/09C_validate_outputs.R	config/stage_9C_lock_verification.tsv;figures_final/stage_9C_stool_test_ROC.pdf;figures_final/stage_9C_stool_test_ROC.png;figures_final/stage_9C_stool_test_calibration.pdf;figures_final/stage_9C_stool_test_calibration.png;reports/stage_9C_acceptance_audit.md;reports/stage_9C_external_test.md;results_final/stage_9C_ROC_source_data.tsv;results_final/stage_9C_analysis_outputs.md;results_final/stage_9C_calibration_source_data.tsv;results_final/stage_9C_clinical_baseline_comparison.tsv;results_final/stage_9C_fixed_specificity_results.tsv;results_final/stage_9C_independent_acceptance_checks.tsv;results_final/stage_9C_independent_metric_recalculation.tsv;results_final/stage_9C_provenance.tsv;results_final/stage_9C_software_versions.tsv;results_final/stage_9C_stool_test_predictions_source_data.tsv;results_final/stage_9C_stool_test_results.tsv;results_final/stage_9C_test_access_transition.tsv;results_final/stage_9C_test_feature_reconstruction_audit.tsv;results_final/stage_9C_test_sample_qc_metrics.tsv;results_final/stage_9C_validation_checks.tsv	NA	NA	FALSE	Direct basename literals where detectable; otherwise frozen-manifest stage scope. Original frozen SHA retained.
F0515	Project	sensitivity_or_validation	scripts/10B_spatial_data_audit_download.sh	scripts/10B_spatial_data_audit_download.sh	2fb65645324dc5e8118cf4030b82f0df501edf18cb202867201fdd7c68710e62	2fb65645324dc5e8118cf4030b82f0df501edf18cb202867201fdd7c68710e62	metadata/dataset_manifest.tsv;metadata/file_manifest.tsv;scripts/10B_spatial_data_audit_download.sh	AGENTS.md;PROJECT_CONSTITUTION.md;SERVER_EXECUTION_CONTRACT.md;STAGE10_PROTOCOL_ADDENDUM.md;STATUS.md;config/.gitkeep;config/annotation_parameters.tsv;config/epithelial_cluster_annotation.tsv;config/major_cluster_annotation.tsv;config/qc_parameters.tsv;config/stage10B_download_sources.tsv;config/stool_test_operating_points.tsv;data/metadata/spatial_patient_slide_roi_manifest.tsv;figures_final/.gitkeep;logs_summary/.gitkeep;manuscript_freeze/FIGURE_BLUEPRINT.md;manuscript_freeze/FINAL_CLAIM_LIST.tsv;manuscript_freeze/SECTION_EVIDENCE_MAP.tsv;manuscript_freeze/SUPPLEMENT_BLUEPRINT.md;manuscript_freeze/TABLE_BLUEPRINT.md;modules_locked.tsv;modules_locked.tsv.sha256;reports/stage10A_GATE_DECISION.md;reports/stage10A_SUMMARY.md;result_registry.tsv;results/05B_full_qc_integration/biological_sample_cell_summary.tsv;results/05B_full_qc_integration/donor_cell_qc_summary.tsv;results/05B_full_qc_integration/embedding_variance_audit.tsv;results/05B_full_qc_integration/leave_one_donor_out_folds.tsv;results/05B_full_qc_integration/library_depth_risk_audit.tsv;results/05B_full_qc_integration/library_qc_summary.tsv;results/05B_full_qc_integration/neighbor_mixing_audit.tsv;results/05B_full_qc_integration/object_manifest.tsv;results/05B_full_qc_integration/original_qc_threshold_comparison.tsv;results/05B_full_qc_integration/overcorrection_guard.tsv;results/05B_full_qc_integration/pre_post_distribution_audit.tsv;results/05B_full_qc_integration/validation_checks.tsv;results/05C_annotation/epithelial_cluster_composition.tsv;results/05C_annotation/epithelial_cluster_markers.tsv.gz;results/05C_annotation/epithelial_cluster_review_blinded.tsv	NA	NA	FALSE	Direct basename literals where detectable; otherwise frozen-manifest stage scope. Original frozen SHA retained.
F0516	Stage10C2	sensitivity_or_validation	scripts/10C2_SC_B_audit_counts.py	scripts/10C2_SC_B_audit_counts.py	ab7c4b9567bf83b4dc24edc3310f872b02716447ec21ac951d9eb17ebde4a9af	ab7c4b9567bf83b4dc24edc3310f872b02716447ec21ac951d9eb17ebde4a9af	See stage-scoped inputs and script source	data/metadata/stage10c2_sc_file_manifest.tsv;data/metadata/stage10c2_sc_patient_sample_manifest.tsv;results/stage10c2_sc/STAGE10C2_SC_B_ARCHIVE_INVENTORY.tsv;results/stage10c2_sc/STAGE10C2_SC_B_DECISION.md;results/stage10c2_sc/STAGE10C2_SC_B_MATRIX_AUDIT.tsv;results/stage10c2_sc/STAGE10C2_SC_B_METADATA_AUDIT.md;results/stage10c2_sc/STAGE10C2_SC_B_QC_GATE.tsv;results/stage10c2_sc/STAGE10C2_SC_DATASET_CANDIDATES.tsv;results/stage10c2_sc/STAGE10C2_SC_DECISION.md;results/stage10c2_sc/STAGE10C2_SC_EXCLUSION_LOG.tsv;results/stage10c2_sc/STAGE10C2_SC_METADATA_EVIDENCE.md;results/stage10c2_sp/STAGE10C2_SP_ANALYSIS_PLAN.md;results/stage10c2_sp/STAGE10C2_SP_COHORT_COMMON_GENESET.tsv;results/stage10c2_sp/STAGE10C2_SP_DECISION.md;results/stage10c2_sp/STAGE10C2_SP_GENE_COVERAGE.tsv;results/stage10c2_sp/STAGE10C2_SP_GENE_ID_MAPPING.tsv;results/stage10c2_sp/STAGE10C2_SP_LOCK_MANIFEST.tsv;results/stage10c2_sp/STAGE10C2_SP_PATIENT_SLIDE_ROI_MANIFEST.tsv;results/stage10c2_sp/STAGE10C2_SP_SOURCE_AUDIT.tsv	NA	NA	FALSE	Direct basename literals where detectable; otherwise frozen-manifest stage scope. Original frozen SHA retained.
F0517	Stage10C2	sensitivity_or_validation	scripts/10C2_SC_B_finalize_audit.py	scripts/10C2_SC_B_finalize_audit.py	ea406dbf78cf24adb2b2c9463aa77318dbecc3c3749a3ef8c2c7b777cae39a7e	c10176ca5610f88088e2afc9eb0e629b0264521cf0907286f07718b94f092fe1	data/metadata/stage10c2_sc_file_manifest.tsv;data/metadata/stage10c2_sc_patient_sample_manifest.tsv;metadata/file_manifest.tsv;results/stage10c/STAGE10C_ALIGN_DECISION.md;results/stage10c/STAGE10C_LOCK_MANIFEST.tsv;results/stage10c2_sc/STAGE10C2_SC_B_ARCHIVE_INVENTORY.tsv;results/stage10c2_sc/STAGE10C2_SC_B_DECISION.md;results/stage10c2_sc/STAGE10C2_SC_B_MATRIX_AUDIT.tsv;results/stage10c2_sc/STAGE10C2_SC_B_METADATA_AUDIT.md;results/stage10c2_sc/STAGE10C2_SC_B_QC_GATE.tsv;results/stage10c2_sc/STAGE10C2_SC_DECISION.md;results/stage10c2_sc/STAGE10C3_PREANALYSIS_LOCK.md;scripts/10C2_SC_B_audit_counts.py	data/metadata/stage10c2_sc_file_manifest.tsv;data/metadata/stage10c2_sc_patient_sample_manifest.tsv;results/stage10c2_sc/STAGE10C2_SC_B_ARCHIVE_INVENTORY.tsv;results/stage10c2_sc/STAGE10C2_SC_B_DECISION.md;results/stage10c2_sc/STAGE10C2_SC_B_MATRIX_AUDIT.tsv;results/stage10c2_sc/STAGE10C2_SC_B_METADATA_AUDIT.md;results/stage10c2_sc/STAGE10C2_SC_B_QC_GATE.tsv;results/stage10c2_sc/STAGE10C2_SC_DATASET_CANDIDATES.tsv;results/stage10c2_sc/STAGE10C2_SC_DECISION.md;results/stage10c2_sc/STAGE10C2_SC_EXCLUSION_LOG.tsv;results/stage10c2_sc/STAGE10C2_SC_METADATA_EVIDENCE.md;results/stage10c2_sp/STAGE10C2_SP_ANALYSIS_PLAN.md;results/stage10c2_sp/STAGE10C2_SP_COHORT_COMMON_GENESET.tsv;results/stage10c2_sp/STAGE10C2_SP_DECISION.md;results/stage10c2_sp/STAGE10C2_SP_GENE_COVERAGE.tsv;results/stage10c2_sp/STAGE10C2_SP_GENE_ID_MAPPING.tsv;results/stage10c2_sp/STAGE10C2_SP_LOCK_MANIFEST.tsv;results/stage10c2_sp/STAGE10C2_SP_PATIENT_SLIDE_ROI_MANIFEST.tsv;results/stage10c2_sp/STAGE10C2_SP_SOURCE_AUDIT.tsv	NA	NA	TRUE	Direct basename literals where detectable; otherwise frozen-manifest stage scope. Original frozen SHA retained.
F0518	Stage10C2	sensitivity_or_validation	scripts/10C2_SP_audit_ensembl_csv.py	scripts/10C2_SP_audit_ensembl_csv.py	7768c7be9cf1b1cb1b2f149f1b774cf56683505e21ad07615af7d1ce629ea148	7768c7be9cf1b1cb1b2f149f1b774cf56683505e21ad07615af7d1ce629ea148	See stage-scoped inputs and script source	data/metadata/stage10c2_sc_file_manifest.tsv;data/metadata/stage10c2_sc_patient_sample_manifest.tsv;results/stage10c2_sc/STAGE10C2_SC_B_ARCHIVE_INVENTORY.tsv;results/stage10c2_sc/STAGE10C2_SC_B_DECISION.md;results/stage10c2_sc/STAGE10C2_SC_B_MATRIX_AUDIT.tsv;results/stage10c2_sc/STAGE10C2_SC_B_METADATA_AUDIT.md;results/stage10c2_sc/STAGE10C2_SC_B_QC_GATE.tsv;results/stage10c2_sc/STAGE10C2_SC_DATASET_CANDIDATES.tsv;results/stage10c2_sc/STAGE10C2_SC_DECISION.md;results/stage10c2_sc/STAGE10C2_SC_EXCLUSION_LOG.tsv;results/stage10c2_sc/STAGE10C2_SC_METADATA_EVIDENCE.md;results/stage10c2_sp/STAGE10C2_SP_ANALYSIS_PLAN.md;results/stage10c2_sp/STAGE10C2_SP_COHORT_COMMON_GENESET.tsv;results/stage10c2_sp/STAGE10C2_SP_DECISION.md;results/stage10c2_sp/STAGE10C2_SP_GENE_COVERAGE.tsv;results/stage10c2_sp/STAGE10C2_SP_GENE_ID_MAPPING.tsv;results/stage10c2_sp/STAGE10C2_SP_LOCK_MANIFEST.tsv;results/stage10c2_sp/STAGE10C2_SP_PATIENT_SLIDE_ROI_MANIFEST.tsv;results/stage10c2_sp/STAGE10C2_SP_SOURCE_AUDIT.tsv	NA	NA	FALSE	Direct basename literals where detectable; otherwise frozen-manifest stage scope. Original frozen SHA retained.
F0519	Stage10C2	sensitivity_or_validation	scripts/10C2_SP_audit_tenx_mtx.py	scripts/10C2_SP_audit_tenx_mtx.py	223de7f554263a00debff7b1bc4bc51760ed6d779d596d18b0fa75a94086423a	223de7f554263a00debff7b1bc4bc51760ed6d779d596d18b0fa75a94086423a	See stage-scoped inputs and script source	data/metadata/stage10c2_sc_file_manifest.tsv;data/metadata/stage10c2_sc_patient_sample_manifest.tsv;results/stage10c2_sc/STAGE10C2_SC_B_ARCHIVE_INVENTORY.tsv;results/stage10c2_sc/STAGE10C2_SC_B_DECISION.md;results/stage10c2_sc/STAGE10C2_SC_B_MATRIX_AUDIT.tsv;results/stage10c2_sc/STAGE10C2_SC_B_METADATA_AUDIT.md;results/stage10c2_sc/STAGE10C2_SC_B_QC_GATE.tsv;results/stage10c2_sc/STAGE10C2_SC_DATASET_CANDIDATES.tsv;results/stage10c2_sc/STAGE10C2_SC_DECISION.md;results/stage10c2_sc/STAGE10C2_SC_EXCLUSION_LOG.tsv;results/stage10c2_sc/STAGE10C2_SC_METADATA_EVIDENCE.md;results/stage10c2_sp/STAGE10C2_SP_ANALYSIS_PLAN.md;results/stage10c2_sp/STAGE10C2_SP_COHORT_COMMON_GENESET.tsv;results/stage10c2_sp/STAGE10C2_SP_DECISION.md;results/stage10c2_sp/STAGE10C2_SP_GENE_COVERAGE.tsv;results/stage10c2_sp/STAGE10C2_SP_GENE_ID_MAPPING.tsv;results/stage10c2_sp/STAGE10C2_SP_LOCK_MANIFEST.tsv;results/stage10c2_sp/STAGE10C2_SP_PATIENT_SLIDE_ROI_MANIFEST.tsv;results/stage10c2_sp/STAGE10C2_SP_SOURCE_AUDIT.tsv	NA	NA	FALSE	Direct basename literals where detectable; otherwise frozen-manifest stage scope. Original frozen SHA retained.
F0520	Stage10C2	sensitivity_or_validation	scripts/10C2_SP_feature_audit.R	scripts/10C2_SP_feature_audit.R	b79d3dc705db500cdcbfa536db345a357a612d105d4cb63436b86129c3f1ade3	b79d3dc705db500cdcbfa536db345a357a612d105d4cb63436b86129c3f1ade3	See stage-scoped inputs and script source	data/metadata/stage10c2_sc_file_manifest.tsv;data/metadata/stage10c2_sc_patient_sample_manifest.tsv;results/stage10c2_sc/STAGE10C2_SC_B_ARCHIVE_INVENTORY.tsv;results/stage10c2_sc/STAGE10C2_SC_B_DECISION.md;results/stage10c2_sc/STAGE10C2_SC_B_MATRIX_AUDIT.tsv;results/stage10c2_sc/STAGE10C2_SC_B_METADATA_AUDIT.md;results/stage10c2_sc/STAGE10C2_SC_B_QC_GATE.tsv;results/stage10c2_sc/STAGE10C2_SC_DATASET_CANDIDATES.tsv;results/stage10c2_sc/STAGE10C2_SC_DECISION.md;results/stage10c2_sc/STAGE10C2_SC_EXCLUSION_LOG.tsv;results/stage10c2_sc/STAGE10C2_SC_METADATA_EVIDENCE.md;results/stage10c2_sp/STAGE10C2_SP_ANALYSIS_PLAN.md;results/stage10c2_sp/STAGE10C2_SP_COHORT_COMMON_GENESET.tsv;results/stage10c2_sp/STAGE10C2_SP_DECISION.md;results/stage10c2_sp/STAGE10C2_SP_GENE_COVERAGE.tsv;results/stage10c2_sp/STAGE10C2_SP_GENE_ID_MAPPING.tsv;results/stage10c2_sp/STAGE10C2_SP_LOCK_MANIFEST.tsv;results/stage10c2_sp/STAGE10C2_SP_PATIENT_SLIDE_ROI_MANIFEST.tsv;results/stage10c2_sp/STAGE10C2_SP_SOURCE_AUDIT.tsv	NA	NA	FALSE	Direct basename literals where detectable; otherwise frozen-manifest stage scope. Original frozen SHA retained.
F0521	Stage10C2	main_or_supporting	scripts/10C2_SP_finalize_gate.py	scripts/10C2_SP_finalize_gate.py	c37a637f6f219e61090b3a19cdde65b8247a716aab6abe1d6fd5c91fe7a66cac	c37a637f6f219e61090b3a19cdde65b8247a716aab6abe1d6fd5c91fe7a66cac	results/stage10c2_sp/STAGE10C2_SP_ANALYSIS_PLAN.md;results/stage10c2_sp/STAGE10C2_SP_COHORT_COMMON_GENESET.tsv;results/stage10c2_sp/STAGE10C2_SP_DECISION.md;results/stage10c2_sp/STAGE10C2_SP_GENE_COVERAGE.tsv;results/stage10c2_sp/STAGE10C2_SP_GENE_ID_MAPPING.tsv;results/stage10c2_sp/STAGE10C2_SP_LOCK_MANIFEST.tsv;results/stage10c2_sp/STAGE10C2_SP_PATIENT_SLIDE_ROI_MANIFEST.tsv;results/stage10c2_sp/STAGE10C2_SP_SOURCE_AUDIT.tsv	data/metadata/stage10c2_sc_file_manifest.tsv;data/metadata/stage10c2_sc_patient_sample_manifest.tsv;results/stage10c2_sc/STAGE10C2_SC_B_ARCHIVE_INVENTORY.tsv;results/stage10c2_sc/STAGE10C2_SC_B_DECISION.md;results/stage10c2_sc/STAGE10C2_SC_B_MATRIX_AUDIT.tsv;results/stage10c2_sc/STAGE10C2_SC_B_METADATA_AUDIT.md;results/stage10c2_sc/STAGE10C2_SC_B_QC_GATE.tsv;results/stage10c2_sc/STAGE10C2_SC_DATASET_CANDIDATES.tsv;results/stage10c2_sc/STAGE10C2_SC_DECISION.md;results/stage10c2_sc/STAGE10C2_SC_EXCLUSION_LOG.tsv;results/stage10c2_sc/STAGE10C2_SC_METADATA_EVIDENCE.md;results/stage10c2_sp/STAGE10C2_SP_ANALYSIS_PLAN.md;results/stage10c2_sp/STAGE10C2_SP_COHORT_COMMON_GENESET.tsv;results/stage10c2_sp/STAGE10C2_SP_DECISION.md;results/stage10c2_sp/STAGE10C2_SP_GENE_COVERAGE.tsv;results/stage10c2_sp/STAGE10C2_SP_GENE_ID_MAPPING.tsv;results/stage10c2_sp/STAGE10C2_SP_LOCK_MANIFEST.tsv;results/stage10c2_sp/STAGE10C2_SP_PATIENT_SLIDE_ROI_MANIFEST.tsv;results/stage10c2_sp/STAGE10C2_SP_SOURCE_AUDIT.tsv	NA	NA	FALSE	Direct basename literals where detectable; otherwise frozen-manifest stage scope. Original frozen SHA retained.
F0522	Stage10C2	sensitivity_or_validation	scripts/10C2_SP_validate_outputs.py	scripts/10C2_SP_validate_outputs.py	dcec70ecd6a67771598d8cebf701921a69fc0a4acb2a4c1347fcc61e1dac3be6	dcec70ecd6a67771598d8cebf701921a69fc0a4acb2a4c1347fcc61e1dac3be6	results/stage10c/M02_MINUS_INPP5D_SENS_V1.tsv;results/stage10c/STAGE10C_LOCK_MANIFEST.tsv;results/stage10c2_sp/STAGE10C2_SP_ANALYSIS_PLAN.md;results/stage10c2_sp/STAGE10C2_SP_COHORT_COMMON_GENESET.tsv;results/stage10c2_sp/STAGE10C2_SP_DECISION.md;results/stage10c2_sp/STAGE10C2_SP_GENE_COVERAGE.tsv;results/stage10c2_sp/STAGE10C2_SP_GENE_ID_MAPPING.tsv;results/stage10c2_sp/STAGE10C2_SP_LOCK_MANIFEST.tsv;results/stage10c2_sp/STAGE10C2_SP_PATIENT_SLIDE_ROI_MANIFEST.tsv;results/stage10c2_sp/STAGE10C2_SP_SOURCE_AUDIT.tsv	data/metadata/stage10c2_sc_file_manifest.tsv;data/metadata/stage10c2_sc_patient_sample_manifest.tsv;results/stage10c2_sc/STAGE10C2_SC_B_ARCHIVE_INVENTORY.tsv;results/stage10c2_sc/STAGE10C2_SC_B_DECISION.md;results/stage10c2_sc/STAGE10C2_SC_B_MATRIX_AUDIT.tsv;results/stage10c2_sc/STAGE10C2_SC_B_METADATA_AUDIT.md;results/stage10c2_sc/STAGE10C2_SC_B_QC_GATE.tsv;results/stage10c2_sc/STAGE10C2_SC_DATASET_CANDIDATES.tsv;results/stage10c2_sc/STAGE10C2_SC_DECISION.md;results/stage10c2_sc/STAGE10C2_SC_EXCLUSION_LOG.tsv;results/stage10c2_sc/STAGE10C2_SC_METADATA_EVIDENCE.md;results/stage10c2_sp/STAGE10C2_SP_ANALYSIS_PLAN.md;results/stage10c2_sp/STAGE10C2_SP_COHORT_COMMON_GENESET.tsv;results/stage10c2_sp/STAGE10C2_SP_DECISION.md;results/stage10c2_sp/STAGE10C2_SP_GENE_COVERAGE.tsv;results/stage10c2_sp/STAGE10C2_SP_GENE_ID_MAPPING.tsv;results/stage10c2_sp/STAGE10C2_SP_LOCK_MANIFEST.tsv;results/stage10c2_sp/STAGE10C2_SP_PATIENT_SLIDE_ROI_MANIFEST.tsv;results/stage10c2_sp/STAGE10C2_SP_SOURCE_AUDIT.tsv	NA	NA	FALSE	Direct basename literals where detectable; otherwise frozen-manifest stage scope. Original frozen SHA retained.
F0523	Stage10C3	main_or_supporting	scripts/10C3_finalize_outputs.R	scripts/10C3_finalize_outputs.R	9777b15f6fdb87c4d313876841173e20836a978870de03b4ef93d90f26e020da	9777b15f6fdb87c4d313876841173e20836a978870de03b4ef93d90f26e020da	figures/stage10c3/FIGURE10C3_1_matched_pairs.pdf;figures/stage10c3/FIGURE10C3_1_matched_pairs.png;figures/stage10c3/FIGURE10C3_1_source_data.tsv;figures/stage10c3/FIGURE10C3_2_patient_scores.pdf;figures/stage10c3/FIGURE10C3_2_patient_scores.png;figures/stage10c3/FIGURE10C3_2_source_data.tsv;figures/stage10c3/FIGURE10C3_S1_sensitivity.pdf;figures/stage10c3/FIGURE10C3_S1_sensitivity.png;figures/stage10c3/FIGURE10C3_S1_source_data.tsv;results/stage10c3/QC_PREM02.SUCCESS;results/stage10c3/STAGE10C3_CLAIM_LIMITS.md;results/stage10c3/STAGE10C3_DECISION.md;results/stage10c3/STAGE10C3_GENE_COVERAGE.tsv;results/stage10c3/STAGE10C3_MATCHED_PAIR_EFFECTS.tsv;results/stage10c3/STAGE10C3_PATIENT_SAMPLE_SCORES.tsv;results/stage10c3/STAGE10C3_SECONDARY_DESCRIPTIVE.tsv;results/stage10c3/STAGE10C3_SENSITIVITY.tsv;results/stage10c3/STAGE10C3_SESSIONINFO.txt	figures/stage10c3/FIGURE10C3_1_matched_pairs.pdf;figures/stage10c3/FIGURE10C3_1_matched_pairs.png;figures/stage10c3/FIGURE10C3_1_source_data.tsv;figures/stage10c3/FIGURE10C3_2_patient_scores.pdf;figures/stage10c3/FIGURE10C3_2_patient_scores.png;figures/stage10c3/FIGURE10C3_2_source_data.tsv;figures/stage10c3/FIGURE10C3_S1_sensitivity.pdf;figures/stage10c3/FIGURE10C3_S1_sensitivity.png;figures/stage10c3/FIGURE10C3_S1_source_data.tsv;reports/stage_10C3_lstg_directional_sensitivity.md;results/stage10c2_sc/STAGE10C3_PREANALYSIS_LOCK.md;results/stage10c3/QC_PREM02.SUCCESS;results/stage10c3/STAGE10C3_ANALYSIS_PLAN_LOCKED.md;results/stage10c3/STAGE10C3_ANNOTATION_SOURCE.tsv;results/stage10c3/STAGE10C3_CLAIM_LIMITS.md;results/stage10c3/STAGE10C3_DECISION.md;results/stage10c3/STAGE10C3_GENE_COVERAGE.tsv;results/stage10c3/STAGE10C3_MATCHED_PAIR_EFFECTS.tsv;results/stage10c3/STAGE10C3_OUTPUT_SHA256.txt;results/stage10c3/STAGE10C3_PATIENT_SAMPLE_SCORES.tsv;results/stage10c3/STAGE10C3_POSTLOCK_ADDENDUM.md;results/stage10c3/STAGE10C3_POSTLOCK_DECISION.md;results/stage10c3/STAGE10C3_QC.md;results/stage10c3/STAGE10C3_QC_SOURCE.tsv;results/stage10c3/STAGE10C3_SECONDARY_DESCRIPTIVE.tsv;results/stage10c3/STAGE10C3_SENSITIVITY.tsv;results/stage10c3/STAGE10C3_SESSIONINFO.txt;results/stage10c3/STAGE10C3_TO_SPATIAL_CLAIM_CROSSWALK.tsv;results/stage10c3/STAGE10C3_VALIDATION.tsv	NA	NA	FALSE	Direct basename literals where detectable; otherwise frozen-manifest stage scope. Original frozen SHA retained.
F0524	Stage10C3	sensitivity_or_validation	scripts/10C3_qc_annotation.R	scripts/10C3_qc_annotation.R	1eb67170ab88591639121f6d4eb5abc4e61bf42d7ae2eb2c0646e85033e76bcb	1eb67170ab88591639121f6d4eb5abc4e61bf42d7ae2eb2c0646e85033e76bcb	data/metadata/stage10c2_sc_patient_sample_manifest.tsv;results/stage10c/STAGE10C_LOCK_MANIFEST.tsv;results/stage10c3/QC_PREM02.SUCCESS;results/stage10c3/STAGE10C3_ANALYSIS_PLAN_LOCKED.md;results/stage10c3/STAGE10C3_ANNOTATION_SOURCE.tsv;results/stage10c3/STAGE10C3_QC.md;results/stage10c3/STAGE10C3_QC_SOURCE.tsv	figures/stage10c3/FIGURE10C3_1_matched_pairs.pdf;figures/stage10c3/FIGURE10C3_1_matched_pairs.png;figures/stage10c3/FIGURE10C3_1_source_data.tsv;figures/stage10c3/FIGURE10C3_2_patient_scores.pdf;figures/stage10c3/FIGURE10C3_2_patient_scores.png;figures/stage10c3/FIGURE10C3_2_source_data.tsv;figures/stage10c3/FIGURE10C3_S1_sensitivity.pdf;figures/stage10c3/FIGURE10C3_S1_sensitivity.png;figures/stage10c3/FIGURE10C3_S1_source_data.tsv;reports/stage_10C3_lstg_directional_sensitivity.md;results/stage10c2_sc/STAGE10C3_PREANALYSIS_LOCK.md;results/stage10c3/QC_PREM02.SUCCESS;results/stage10c3/STAGE10C3_ANALYSIS_PLAN_LOCKED.md;results/stage10c3/STAGE10C3_ANNOTATION_SOURCE.tsv;results/stage10c3/STAGE10C3_CLAIM_LIMITS.md;results/stage10c3/STAGE10C3_DECISION.md;results/stage10c3/STAGE10C3_GENE_COVERAGE.tsv;results/stage10c3/STAGE10C3_MATCHED_PAIR_EFFECTS.tsv;results/stage10c3/STAGE10C3_OUTPUT_SHA256.txt;results/stage10c3/STAGE10C3_PATIENT_SAMPLE_SCORES.tsv;results/stage10c3/STAGE10C3_POSTLOCK_ADDENDUM.md;results/stage10c3/STAGE10C3_POSTLOCK_DECISION.md;results/stage10c3/STAGE10C3_QC.md;results/stage10c3/STAGE10C3_QC_SOURCE.tsv;results/stage10c3/STAGE10C3_SECONDARY_DESCRIPTIVE.tsv;results/stage10c3/STAGE10C3_SENSITIVITY.tsv;results/stage10c3/STAGE10C3_SESSIONINFO.txt;results/stage10c3/STAGE10C3_TO_SPATIAL_CLAIM_CROSSWALK.tsv;results/stage10c3/STAGE10C3_VALIDATION.tsv	NA	NA	FALSE	Direct basename literals where detectable; otherwise frozen-manifest stage scope. Original frozen SHA retained.
F0525	Stage10C3	main_or_supporting	scripts/10C3_run.sh	scripts/10C3_run.sh	09fc555c8e7eb1499dff260f848f92e9500864959d0e84335a99ef3ef3951e9e	9980e8b2a61f46df8f7f22c986ec4063e77f2ab13cb9785debce995c03666226	results/stage10c3/QC_PREM02.SUCCESS;results/stage10c3/STAGE10C3_PATIENT_SAMPLE_SCORES.tsv;scripts/10C3_finalize_outputs.R;scripts/10C3_qc_annotation.R;scripts/10C3_score_locked_m02.R	figures/stage10c3/FIGURE10C3_1_matched_pairs.pdf;figures/stage10c3/FIGURE10C3_1_matched_pairs.png;figures/stage10c3/FIGURE10C3_1_source_data.tsv;figures/stage10c3/FIGURE10C3_2_patient_scores.pdf;figures/stage10c3/FIGURE10C3_2_patient_scores.png;figures/stage10c3/FIGURE10C3_2_source_data.tsv;figures/stage10c3/FIGURE10C3_S1_sensitivity.pdf;figures/stage10c3/FIGURE10C3_S1_sensitivity.png;figures/stage10c3/FIGURE10C3_S1_source_data.tsv;reports/stage_10C3_lstg_directional_sensitivity.md;results/stage10c2_sc/STAGE10C3_PREANALYSIS_LOCK.md;results/stage10c3/QC_PREM02.SUCCESS;results/stage10c3/STAGE10C3_ANALYSIS_PLAN_LOCKED.md;results/stage10c3/STAGE10C3_ANNOTATION_SOURCE.tsv;results/stage10c3/STAGE10C3_CLAIM_LIMITS.md;results/stage10c3/STAGE10C3_DECISION.md;results/stage10c3/STAGE10C3_GENE_COVERAGE.tsv;results/stage10c3/STAGE10C3_MATCHED_PAIR_EFFECTS.tsv;results/stage10c3/STAGE10C3_OUTPUT_SHA256.txt;results/stage10c3/STAGE10C3_PATIENT_SAMPLE_SCORES.tsv;results/stage10c3/STAGE10C3_POSTLOCK_ADDENDUM.md;results/stage10c3/STAGE10C3_POSTLOCK_DECISION.md;results/stage10c3/STAGE10C3_QC.md;results/stage10c3/STAGE10C3_QC_SOURCE.tsv;results/stage10c3/STAGE10C3_SECONDARY_DESCRIPTIVE.tsv;results/stage10c3/STAGE10C3_SENSITIVITY.tsv;results/stage10c3/STAGE10C3_SESSIONINFO.txt;results/stage10c3/STAGE10C3_TO_SPATIAL_CLAIM_CROSSWALK.tsv;results/stage10c3/STAGE10C3_VALIDATION.tsv	NA	NA	TRUE	Direct basename literals where detectable; otherwise frozen-manifest stage scope. Original frozen SHA retained.
F0526	Stage10C3	main_or_supporting	scripts/10C3_score_locked_m02.R	scripts/10C3_score_locked_m02.R	6c84edfcf9e80ae1cea0b81d31e395012c2c194ba8bbb6b7875338162e84165e	6c84edfcf9e80ae1cea0b81d31e395012c2c194ba8bbb6b7875338162e84165e	data/metadata/stage10c2_sc_patient_sample_manifest.tsv;figures/stage10c3/FIGURE10C3_1_matched_pairs.pdf;figures/stage10c3/FIGURE10C3_1_matched_pairs.png;figures/stage10c3/FIGURE10C3_1_source_data.tsv;figures/stage10c3/FIGURE10C3_2_patient_scores.pdf;figures/stage10c3/FIGURE10C3_2_patient_scores.png;figures/stage10c3/FIGURE10C3_2_source_data.tsv;figures/stage10c3/FIGURE10C3_S1_sensitivity.pdf;figures/stage10c3/FIGURE10C3_S1_sensitivity.png;figures/stage10c3/FIGURE10C3_S1_source_data.tsv;results/stage10c/M02_MINUS_INPP5D_SENS_V1.tsv;results/stage10c/STAGE10C_LOCK_MANIFEST.tsv;results/stage10c2_sc/STAGE10C2_SC_B_DECISION.md;results/stage10c3/QC_PREM02.SUCCESS;results/stage10c3/STAGE10C3_ANALYSIS_PLAN_LOCKED.md;results/stage10c3/STAGE10C3_CLAIM_LIMITS.md;results/stage10c3/STAGE10C3_DECISION.md;results/stage10c3/STAGE10C3_GENE_COVERAGE.tsv;results/stage10c3/STAGE10C3_MATCHED_PAIR_EFFECTS.tsv;results/stage10c3/STAGE10C3_PATIENT_SAMPLE_SCORES.tsv;results/stage10c3/STAGE10C3_SECONDARY_DESCRIPTIVE.tsv;results/stage10c3/STAGE10C3_SENSITIVITY.tsv;results/stage10c3/STAGE10C3_SESSIONINFO.txt	figures/stage10c3/FIGURE10C3_1_matched_pairs.pdf;figures/stage10c3/FIGURE10C3_1_matched_pairs.png;figures/stage10c3/FIGURE10C3_1_source_data.tsv;figures/stage10c3/FIGURE10C3_2_patient_scores.pdf;figures/stage10c3/FIGURE10C3_2_patient_scores.png;figures/stage10c3/FIGURE10C3_2_source_data.tsv;figures/stage10c3/FIGURE10C3_S1_sensitivity.pdf;figures/stage10c3/FIGURE10C3_S1_sensitivity.png;figures/stage10c3/FIGURE10C3_S1_source_data.tsv;reports/stage_10C3_lstg_directional_sensitivity.md;results/stage10c2_sc/STAGE10C3_PREANALYSIS_LOCK.md;results/stage10c3/QC_PREM02.SUCCESS;results/stage10c3/STAGE10C3_ANALYSIS_PLAN_LOCKED.md;results/stage10c3/STAGE10C3_ANNOTATION_SOURCE.tsv;results/stage10c3/STAGE10C3_CLAIM_LIMITS.md;results/stage10c3/STAGE10C3_DECISION.md;results/stage10c3/STAGE10C3_GENE_COVERAGE.tsv;results/stage10c3/STAGE10C3_MATCHED_PAIR_EFFECTS.tsv;results/stage10c3/STAGE10C3_OUTPUT_SHA256.txt;results/stage10c3/STAGE10C3_PATIENT_SAMPLE_SCORES.tsv;results/stage10c3/STAGE10C3_POSTLOCK_ADDENDUM.md;results/stage10c3/STAGE10C3_POSTLOCK_DECISION.md;results/stage10c3/STAGE10C3_QC.md;results/stage10c3/STAGE10C3_QC_SOURCE.tsv;results/stage10c3/STAGE10C3_SECONDARY_DESCRIPTIVE.tsv;results/stage10c3/STAGE10C3_SENSITIVITY.tsv;results/stage10c3/STAGE10C3_SESSIONINFO.txt;results/stage10c3/STAGE10C3_TO_SPATIAL_CLAIM_CROSSWALK.tsv;results/stage10c3/STAGE10C3_VALIDATION.tsv	NA	NA	FALSE	Direct basename literals where detectable; otherwise frozen-manifest stage scope. Original frozen SHA retained.
F0527	Stage10C3	sensitivity_or_validation	scripts/10C3_validate_outputs.py	scripts/10C3_validate_outputs.py	7b25a90b70be56319c5c85723a3d7b1b26f7ab78f2a9b5d7e170ef148851b096	7b25a90b70be56319c5c85723a3d7b1b26f7ab78f2a9b5d7e170ef148851b096	results/stage10c2_sc/STAGE10C3_PREANALYSIS_LOCK.md;results/stage10c3/STAGE10C3_ANALYSIS_PLAN_LOCKED.md;results/stage10c3/STAGE10C3_CLAIM_LIMITS.md;results/stage10c3/STAGE10C3_DECISION.md;results/stage10c3/STAGE10C3_GENE_COVERAGE.tsv;results/stage10c3/STAGE10C3_MATCHED_PAIR_EFFECTS.tsv;results/stage10c3/STAGE10C3_PATIENT_SAMPLE_SCORES.tsv;results/stage10c3/STAGE10C3_QC.md;results/stage10c3/STAGE10C3_QC_SOURCE.tsv;results/stage10c3/STAGE10C3_SECONDARY_DESCRIPTIVE.tsv;results/stage10c3/STAGE10C3_SENSITIVITY.tsv;results/stage10c3/STAGE10C3_VALIDATION.tsv	figures/stage10c3/FIGURE10C3_1_matched_pairs.pdf;figures/stage10c3/FIGURE10C3_1_matched_pairs.png;figures/stage10c3/FIGURE10C3_1_source_data.tsv;figures/stage10c3/FIGURE10C3_2_patient_scores.pdf;figures/stage10c3/FIGURE10C3_2_patient_scores.png;figures/stage10c3/FIGURE10C3_2_source_data.tsv;figures/stage10c3/FIGURE10C3_S1_sensitivity.pdf;figures/stage10c3/FIGURE10C3_S1_sensitivity.png;figures/stage10c3/FIGURE10C3_S1_source_data.tsv;reports/stage_10C3_lstg_directional_sensitivity.md;results/stage10c2_sc/STAGE10C3_PREANALYSIS_LOCK.md;results/stage10c3/QC_PREM02.SUCCESS;results/stage10c3/STAGE10C3_ANALYSIS_PLAN_LOCKED.md;results/stage10c3/STAGE10C3_ANNOTATION_SOURCE.tsv;results/stage10c3/STAGE10C3_CLAIM_LIMITS.md;results/stage10c3/STAGE10C3_DECISION.md;results/stage10c3/STAGE10C3_GENE_COVERAGE.tsv;results/stage10c3/STAGE10C3_MATCHED_PAIR_EFFECTS.tsv;results/stage10c3/STAGE10C3_OUTPUT_SHA256.txt;results/stage10c3/STAGE10C3_PATIENT_SAMPLE_SCORES.tsv;results/stage10c3/STAGE10C3_POSTLOCK_ADDENDUM.md;results/stage10c3/STAGE10C3_POSTLOCK_DECISION.md;results/stage10c3/STAGE10C3_QC.md;results/stage10c3/STAGE10C3_QC_SOURCE.tsv;results/stage10c3/STAGE10C3_SECONDARY_DESCRIPTIVE.tsv;results/stage10c3/STAGE10C3_SENSITIVITY.tsv;results/stage10c3/STAGE10C3_SESSIONINFO.txt;results/stage10c3/STAGE10C3_TO_SPATIAL_CLAIM_CROSSWALK.tsv;results/stage10c3/STAGE10C3_VALIDATION.tsv	NA	NA	FALSE	Direct basename literals where detectable; otherwise frozen-manifest stage scope. Original frozen SHA retained.
F0528	Stage10C	main_or_supporting	scripts/10C_fap_confounding.R	scripts/10C_fap_confounding.R	10afa1bd183b136366e8cc7e743396d4b160c706e3ebbd0328efe32f1a576b61	10afa1bd183b136366e8cc7e743396d4b160c706e3ebbd0328efe32f1a576b61	config/10C_fap_confounding_parameters.tsv;metadata/dataset_manifest.tsv;modules_locked.tsv;results/05B_full_qc_integration/validation_checks.tsv;results_final/stage_6A_exploratory_candidate_modules.tsv;results_final/stage_6A_stage_blind_module_membership.tsv;scripts/10C_fap_confounding.R	config/10C_fap_confounding_parameters.tsv;governance/STAGE10C_WORKFLOW_CROSSWALK.tsv;results/stage10c/M02_MINUS_INPP5D_SENS_V1.tsv;results/stage10c/M02_MINUS_INPP5D_SENS_V1_SHA256.txt;results/stage10c/STAGE10C_ALIGN_DECISION.md;results/stage10c/STAGE10C_CLAIM_CEILING.md;results/stage10c/STAGE10C_DECISION.md;results/stage10c/STAGE10C_LOCK_MANIFEST.tsv;results/stage10c/STAGE10C_METHOD_CLARIFICATION_V2.md;results/stage10c/STAGE10C_PROTOCOL_ADDENDUM.md;results/stage10c/STAGE10C_STATISTICAL_AUDIT.tsv;${CRC_PROJECT_ROOT}/results/10C_fap_confounding/20260731_110021/GSE201348_module_donor_effects.tsv;${CRC_PROJECT_ROOT}/results/10C_fap_confounding/20260731_110021/stage10C_locked_module_results.tsv;${CRC_PROJECT_ROOT}/results/10C_fap_confounding/20260731_110021/stage10C_sessionInfo.txt;${CRC_PROJECT_ROOT}/results/10C_fap_confounding/20260731_110021/stage10C_software_versions.tsv	NA	NA	FALSE	Direct basename literals where detectable; otherwise frozen-manifest stage scope. Original frozen SHA retained.
F0529	Stage10C	main_or_supporting	scripts/10C_run_server.sh	scripts/10C_run_server.sh	010e0ce346ef23b5b0ea0f309f023e6ceaf0288f6999c6b469c49662747b9e56	010e0ce346ef23b5b0ea0f309f023e6ceaf0288f6999c6b469c49662747b9e56	modules_locked.tsv;results/05B_full_qc_integration/validation_checks.tsv;results_final/stage_6A_exploratory_candidate_modules.tsv;results_final/stage_6A_stage_blind_module_membership.tsv;scripts/10C_fap_confounding.R;scripts/10C_run_server.sh	config/10C_fap_confounding_parameters.tsv;governance/STAGE10C_WORKFLOW_CROSSWALK.tsv;results/stage10c/M02_MINUS_INPP5D_SENS_V1.tsv;results/stage10c/M02_MINUS_INPP5D_SENS_V1_SHA256.txt;results/stage10c/STAGE10C_ALIGN_DECISION.md;results/stage10c/STAGE10C_CLAIM_CEILING.md;results/stage10c/STAGE10C_DECISION.md;results/stage10c/STAGE10C_LOCK_MANIFEST.tsv;results/stage10c/STAGE10C_METHOD_CLARIFICATION_V2.md;results/stage10c/STAGE10C_PROTOCOL_ADDENDUM.md;results/stage10c/STAGE10C_STATISTICAL_AUDIT.tsv;${CRC_PROJECT_ROOT}/results/10C_fap_confounding/20260731_110021/GSE201348_module_donor_effects.tsv;${CRC_PROJECT_ROOT}/results/10C_fap_confounding/20260731_110021/stage10C_locked_module_results.tsv;${CRC_PROJECT_ROOT}/results/10C_fap_confounding/20260731_110021/stage10C_sessionInfo.txt;${CRC_PROJECT_ROOT}/results/10C_fap_confounding/20260731_110021/stage10C_software_versions.tsv	NA	NA	FALSE	Direct basename literals where detectable; otherwise frozen-manifest stage scope. Original frozen SHA retained.
F0530	Stage10D	sensitivity_or_validation	scripts/10D_TECH_pseudospot_validation.R	scripts/10D_TECH_pseudospot_validation.R	f3785bd47cbca9ce438a623ac650f4ddd978ca8caac4a288dd2bb09991b9084f	f3785bd47cbca9ce438a623ac650f4ddd978ca8caac4a288dd2bb09991b9084f	config/stage10d_tech_parameters.tsv;figures/stage10d_tech/source_data/fig1_primary_recovery.tsv;figures/stage10d_tech/source_data/fig2_stress_performance.tsv;figures/stage10d_tech/source_data/fig3_coverage_performance.tsv;figures/stage10d_tech/source_data/fig4_null_module.tsv;reports/STAGE10D_TECH_GATE_DECISION.md;reports/STAGE10D_TECH_SUMMARY.md;results/stage10c/M02_MINUS_INPP5D_SENS_V1.tsv;results/stage10c/STAGE10C_LOCK_MANIFEST.tsv;results/stage10c2_sp/STAGE10C2_SP_COHORT_COMMON_GENESET.tsv;results/stage10c2_sp/STAGE10C2_SP_DECISION.md;results/stage10d_tech/STAGE10D_TECH_COVERAGE_RESULTS.tsv;results/stage10d_tech/STAGE10D_TECH_DECISION.md;results/stage10d_tech/STAGE10D_TECH_DESIGN.md;results/stage10d_tech/STAGE10D_TECH_MAPPED_GENESET.tsv;results/stage10d_tech/STAGE10D_TECH_NULL_MODULE_RESULTS.tsv;results/stage10d_tech/STAGE10D_TECH_PRIMARY_SCORE_RESULTS.tsv;results/stage10d_tech/STAGE10D_TECH_RUN_MANIFEST.tsv;results/stage10d_tech/STAGE10D_TECH_SENSITIVITY_RESULTS.tsv;results/stage10d_tech/STAGE10D_TECH_SESSIONINFO.txt;results/stage10d_tech/STAGE10D_TECH_SIMULATION_DESIGN.tsv;scripts/10D_TECH_pseudospot_validation.R	config/stage10d_tech_parameters.tsv;figures/stage10d_tech/Fig10D_1_primary_recovery.pdf;figures/stage10d_tech/Fig10D_1_primary_recovery.png;figures/stage10d_tech/Fig10D_2_stress_performance.pdf;figures/stage10d_tech/Fig10D_2_stress_performance.png;figures/stage10d_tech/Fig10D_3_coverage_sensitivity.pdf;figures/stage10d_tech/Fig10D_3_coverage_sensitivity.png;figures/stage10d_tech/Fig10D_4_matched_null.pdf;figures/stage10d_tech/Fig10D_4_matched_null.png;figures/stage10d_tech/source_data/fig1_primary_recovery.tsv;figures/stage10d_tech/source_data/fig2_stress_performance.tsv;figures/stage10d_tech/source_data/fig3_coverage_performance.tsv;figures/stage10d_tech/source_data/fig4_null_module.tsv;reports/STAGE10D_TECH_ACCEPTANCE.md;reports/STAGE10D_TECH_GATE_DECISION.md;reports/STAGE10D_TECH_SUMMARY.md;results/stage10d_tech/STAGE10D_TECH_COVERAGE_RESULTS.tsv;results/stage10d_tech/STAGE10D_TECH_DECISION.md;results/stage10d_tech/STAGE10D_TECH_DESIGN.md;results/stage10d_tech/STAGE10D_TECH_MAPPED_GENESET.tsv;results/stage10d_tech/STAGE10D_TECH_NULL_MODULE_RESULTS.tsv;results/stage10d_tech/STAGE10D_TECH_PRIMARY_SCORE_RESULTS.tsv;results/stage10d_tech/STAGE10D_TECH_RUN_MANIFEST.tsv;results/stage10d_tech/STAGE10D_TECH_SENSITIVITY_RESULTS.tsv;results/stage10d_tech/STAGE10D_TECH_SESSIONINFO.txt;results/stage10d_tech/STAGE10D_TECH_SIMULATION_DESIGN.tsv	NA	NA	FALSE	Direct basename literals where detectable; otherwise frozen-manifest stage scope. Original frozen SHA retained.
F0531	Stage10D	main_or_supporting	scripts/10D_TECH_run_server.sh	scripts/10D_TECH_run_server.sh	56789a96b06bf01e7085cd26441603bc3a50255f978a1e18eff3fcac03310561	428ced5b3673231f86c46bf78da651e5c2ab1213f3eb62a4b70994aed92d9bbb	reports/STAGE10D_TECH_SUMMARY.md;results/stage10d_tech/STAGE10D_TECH_COVERAGE_RESULTS.tsv;results/stage10d_tech/STAGE10D_TECH_DECISION.md;results/stage10d_tech/STAGE10D_TECH_NULL_MODULE_RESULTS.tsv;results/stage10d_tech/STAGE10D_TECH_PRIMARY_SCORE_RESULTS.tsv;results/stage10d_tech/STAGE10D_TECH_SENSITIVITY_RESULTS.tsv;scripts/10C2_SP_validate_outputs.py;scripts/10D_TECH_pseudospot_validation.R;scripts/10D_TECH_validate_outputs.py	config/stage10d_tech_parameters.tsv;figures/stage10d_tech/Fig10D_1_primary_recovery.pdf;figures/stage10d_tech/Fig10D_1_primary_recovery.png;figures/stage10d_tech/Fig10D_2_stress_performance.pdf;figures/stage10d_tech/Fig10D_2_stress_performance.png;figures/stage10d_tech/Fig10D_3_coverage_sensitivity.pdf;figures/stage10d_tech/Fig10D_3_coverage_sensitivity.png;figures/stage10d_tech/Fig10D_4_matched_null.pdf;figures/stage10d_tech/Fig10D_4_matched_null.png;figures/stage10d_tech/source_data/fig1_primary_recovery.tsv;figures/stage10d_tech/source_data/fig2_stress_performance.tsv;figures/stage10d_tech/source_data/fig3_coverage_performance.tsv;figures/stage10d_tech/source_data/fig4_null_module.tsv;reports/STAGE10D_TECH_ACCEPTANCE.md;reports/STAGE10D_TECH_GATE_DECISION.md;reports/STAGE10D_TECH_SUMMARY.md;results/stage10d_tech/STAGE10D_TECH_COVERAGE_RESULTS.tsv;results/stage10d_tech/STAGE10D_TECH_DECISION.md;results/stage10d_tech/STAGE10D_TECH_DESIGN.md;results/stage10d_tech/STAGE10D_TECH_MAPPED_GENESET.tsv;results/stage10d_tech/STAGE10D_TECH_NULL_MODULE_RESULTS.tsv;results/stage10d_tech/STAGE10D_TECH_PRIMARY_SCORE_RESULTS.tsv;results/stage10d_tech/STAGE10D_TECH_RUN_MANIFEST.tsv;results/stage10d_tech/STAGE10D_TECH_SENSITIVITY_RESULTS.tsv;results/stage10d_tech/STAGE10D_TECH_SESSIONINFO.txt;results/stage10d_tech/STAGE10D_TECH_SIMULATION_DESIGN.tsv	NA	NA	TRUE	Direct basename literals where detectable; otherwise frozen-manifest stage scope. Original frozen SHA retained.
F0532	Stage10D	sensitivity_or_validation	scripts/10D_TECH_validate_outputs.py	scripts/10D_TECH_validate_outputs.py	80893528fcaae0fabfb3bae3a35a334931f1238b8afa29b342eda9df428e04f4	80893528fcaae0fabfb3bae3a35a334931f1238b8afa29b342eda9df428e04f4	config/stage10d_tech_parameters.tsv;figures/stage10d_tech/source_data/fig1_primary_recovery.tsv;figures/stage10d_tech/source_data/fig2_stress_performance.tsv;figures/stage10d_tech/source_data/fig3_coverage_performance.tsv;figures/stage10d_tech/source_data/fig4_null_module.tsv;reports/STAGE10D_TECH_GATE_DECISION.md;reports/STAGE10D_TECH_SUMMARY.md;results/stage10c/M02_MINUS_INPP5D_SENS_V1.tsv;results/stage10c/STAGE10C_LOCK_MANIFEST.tsv;results/stage10d_tech/STAGE10D_TECH_COVERAGE_RESULTS.tsv;results/stage10d_tech/STAGE10D_TECH_DECISION.md;results/stage10d_tech/STAGE10D_TECH_DESIGN.md;results/stage10d_tech/STAGE10D_TECH_MAPPED_GENESET.tsv;results/stage10d_tech/STAGE10D_TECH_NULL_MODULE_RESULTS.tsv;results/stage10d_tech/STAGE10D_TECH_PRIMARY_SCORE_RESULTS.tsv;results/stage10d_tech/STAGE10D_TECH_RUN_MANIFEST.tsv;results/stage10d_tech/STAGE10D_TECH_SENSITIVITY_RESULTS.tsv;results/stage10d_tech/STAGE10D_TECH_SESSIONINFO.txt;results/stage10d_tech/STAGE10D_TECH_SIMULATION_DESIGN.tsv;scripts/10D_TECH_pseudospot_validation.R	config/stage10d_tech_parameters.tsv;figures/stage10d_tech/Fig10D_1_primary_recovery.pdf;figures/stage10d_tech/Fig10D_1_primary_recovery.png;figures/stage10d_tech/Fig10D_2_stress_performance.pdf;figures/stage10d_tech/Fig10D_2_stress_performance.png;figures/stage10d_tech/Fig10D_3_coverage_sensitivity.pdf;figures/stage10d_tech/Fig10D_3_coverage_sensitivity.png;figures/stage10d_tech/Fig10D_4_matched_null.pdf;figures/stage10d_tech/Fig10D_4_matched_null.png;figures/stage10d_tech/source_data/fig1_primary_recovery.tsv;figures/stage10d_tech/source_data/fig2_stress_performance.tsv;figures/stage10d_tech/source_data/fig3_coverage_performance.tsv;figures/stage10d_tech/source_data/fig4_null_module.tsv;reports/STAGE10D_TECH_ACCEPTANCE.md;reports/STAGE10D_TECH_GATE_DECISION.md;reports/STAGE10D_TECH_SUMMARY.md;results/stage10d_tech/STAGE10D_TECH_COVERAGE_RESULTS.tsv;results/stage10d_tech/STAGE10D_TECH_DECISION.md;results/stage10d_tech/STAGE10D_TECH_DESIGN.md;results/stage10d_tech/STAGE10D_TECH_MAPPED_GENESET.tsv;results/stage10d_tech/STAGE10D_TECH_NULL_MODULE_RESULTS.tsv;results/stage10d_tech/STAGE10D_TECH_PRIMARY_SCORE_RESULTS.tsv;results/stage10d_tech/STAGE10D_TECH_RUN_MANIFEST.tsv;results/stage10d_tech/STAGE10D_TECH_SENSITIVITY_RESULTS.tsv;results/stage10d_tech/STAGE10D_TECH_SESSIONINFO.txt;results/stage10d_tech/STAGE10D_TECH_SIMULATION_DESIGN.tsv	NA	NA	FALSE	Direct basename literals where detectable; otherwise frozen-manifest stage scope. Original frozen SHA retained.
F0533	Stage10E	main_or_supporting	scripts/10E_DESC_case4_descriptive.R	scripts/10E_DESC_case4_descriptive.R	52f6e47fecf5902fd3830e2a1a9df7083786496121101871fc04ea31fece7911	52f6e47fecf5902fd3830e2a1a9df7083786496121101871fc04ea31fece7911	config/stage10e_desc_parameters.tsv;figures/stage10e_desc/source_data/Fig10E_DESC_1_case4_spatial_source_data.tsv;figures/stage10e_desc/source_data/Fig10E_DESC_2_case4_paired_source_data.tsv;figures/stage10e_roi_remediation/source_data/Fig10E_R_case4_registration_qc_source_data.tsv;reports/STAGE10E_DESC_GATE_DECISION.md;reports/STAGE10E_DESC_SUMMARY.md;results/stage10c2_sp/STAGE10C2_SP_COHORT_COMMON_GENESET.tsv;results/stage10c2_sp/STAGE10C2_SP_LOCK_MANIFEST.tsv;results/stage10d_tech/STAGE10D_TECH_DECISION.md;results/stage10e/STAGE10E_ANALYSIS_READY_MANIFEST.tsv;results/stage10e_desc/STAGE10E_DESC_ANALYSIS_PLAN_LOCKED.md;results/stage10e_desc/STAGE10E_DESC_CASE4_SCORES.tsv;results/stage10e_desc/STAGE10E_DESC_CLAIM_LIMITS.md;results/stage10e_desc/STAGE10E_DESC_DECISION.md;results/stage10e_desc/STAGE10E_DESC_MAPPED_GENESET.tsv;results/stage10e_desc/STAGE10E_DESC_RUN_MANIFEST.tsv;results/stage10e_desc/STAGE10E_DESC_SENSITIVITY.tsv;results/stage10e_desc/STAGE10E_DESC_SESSIONINFO.txt;results/stage10e_desc/STAGE10E_DESC_SMOKE_TEST.tsv;results/stage10e_roi_remediation/STAGE10E_R_ACCEPTANCE.md;results/stage10e_roi_remediation/STAGE10E_R_DECISION.md;results/stage10e_roi_remediation/STAGE10E_R_GENESET_INTEGRITY_CHECK.tsv;results/stage10e_roi_remediation/STAGE10E_R_PATIENT_ELIGIBILITY.tsv;results/stage10e_roi_remediation/STAGE10E_R_ROI_AGREEMENT.tsv;scripts/10E_DESC_case4_descriptive.R	config/stage10e_desc_parameters.tsv;config/stage10e_parameters.tsv;config/stage10e_r_parameters.tsv;config/stage10e_r_registration_inputs.tsv;config/stage10e_roi_overlay_panels.tsv;figures/stage10e_desc/Fig10E_DESC_1_case4_spatial.pdf;figures/stage10e_desc/Fig10E_DESC_1_case4_spatial.png;figures/stage10e_desc/Fig10E_DESC_2_case4_paired.pdf;figures/stage10e_desc/Fig10E_DESC_2_case4_paired.png;figures/stage10e_desc/source_data/Fig10E_DESC_1_case4_spatial_source_data.tsv;figures/stage10e_desc/source_data/Fig10E_DESC_2_case4_paired_source_data.tsv;figures/stage10e_roi_remediation/Fig10E_R_case1_registration_qc.png;figures/stage10e_roi_remediation/Fig10E_R_case2_registration_qc.png;figures/stage10e_roi_remediation/Fig10E_R_case3_registration_qc.png;figures/stage10e_roi_remediation/Fig10E_R_case4_registration_qc.png;figures/stage10e_roi_remediation/source_data/Fig10E_R_case1_registration_qc_source_data.tsv;figures/stage10e_roi_remediation/source_data/Fig10E_R_case2_registration_qc_source_data.tsv;figures/stage10e_roi_remediation/source_data/Fig10E_R_case3_registration_qc_source_data.tsv;figures/stage10e_roi_remediation/source_data/Fig10E_R_case4_registration_qc_source_data.tsv;reports/STAGE10E_ACCEPTANCE.md;reports/STAGE10E_DESC_ACCEPTANCE.md;reports/STAGE10E_DESC_GATE_DECISION.md;reports/STAGE10E_DESC_SUMMARY.md;reports/STAGE10E_GATE_DECISION.md;reports/STAGE10E_SUMMARY.md;results/stage10e/STAGE10E_ANALYSIS_READY_MANIFEST.tsv;results/stage10e/STAGE10E_DECISION.md;results/stage10e/STAGE10E_GENESET_INTEGRITY_CHECK.tsv;results/stage10e/STAGE10E_RAW_HASHES.tsv;results/stage10e_desc/STAGE10E_DESC_ANALYSIS_PLAN_LOCKED.md;results/stage10e_desc/STAGE10E_DESC_CASE4_SCORES.tsv;results/stage10e_desc/STAGE10E_DESC_CLAIM_LIMITS.md;results/stage10e_desc/STAGE10E_DESC_DECISION.md;results/stage10e_desc/STAGE10E_DESC_INPUT_LOCK.tsv;results/stage10e_desc/STAGE10E_DESC_MAPPED_GENESET.tsv;results/stage10e_desc/STAGE10E_DESC_RENDER_FIX.txt;results/stage10e_desc/STAGE10E_DESC_RUN_MANIFEST.tsv;results/stage10e_desc/STAGE10E_DESC_SENSITIVITY.tsv;results/stage10e_desc/STAGE10E_DESC_SESSIONINFO.txt;results/stage10e_desc/STAGE10E_DESC_SMOKE_TEST.tsv	NA	NA	FALSE	Direct basename literals where detectable; otherwise frozen-manifest stage scope. Original frozen SHA retained.
F0534	Stage10E	main_or_supporting	scripts/10E_DESC_render_figures.R	scripts/10E_DESC_render_figures.R	c27a4e066faf9428098b9e66a5ffaa14500b9b0ddf330733e1c0b93fc82a2b71	c27a4e066faf9428098b9e66a5ffaa14500b9b0ddf330733e1c0b93fc82a2b71	figures/stage10e_desc/source_data/Fig10E_DESC_1_case4_spatial_source_data.tsv;figures/stage10e_desc/source_data/Fig10E_DESC_2_case4_paired_source_data.tsv;results/stage10e_desc/STAGE10E_DESC_RENDER_FIX.txt;scripts/10E_DESC_render_figures.R	config/stage10e_desc_parameters.tsv;config/stage10e_parameters.tsv;config/stage10e_r_parameters.tsv;config/stage10e_r_registration_inputs.tsv;config/stage10e_roi_overlay_panels.tsv;figures/stage10e_desc/Fig10E_DESC_1_case4_spatial.pdf;figures/stage10e_desc/Fig10E_DESC_1_case4_spatial.png;figures/stage10e_desc/Fig10E_DESC_2_case4_paired.pdf;figures/stage10e_desc/Fig10E_DESC_2_case4_paired.png;figures/stage10e_desc/source_data/Fig10E_DESC_1_case4_spatial_source_data.tsv;figures/stage10e_desc/source_data/Fig10E_DESC_2_case4_paired_source_data.tsv;figures/stage10e_roi_remediation/Fig10E_R_case1_registration_qc.png;figures/stage10e_roi_remediation/Fig10E_R_case2_registration_qc.png;figures/stage10e_roi_remediation/Fig10E_R_case3_registration_qc.png;figures/stage10e_roi_remediation/Fig10E_R_case4_registration_qc.png;figures/stage10e_roi_remediation/source_data/Fig10E_R_case1_registration_qc_source_data.tsv;figures/stage10e_roi_remediation/source_data/Fig10E_R_case2_registration_qc_source_data.tsv;figures/stage10e_roi_remediation/source_data/Fig10E_R_case3_registration_qc_source_data.tsv;figures/stage10e_roi_remediation/source_data/Fig10E_R_case4_registration_qc_source_data.tsv;reports/STAGE10E_ACCEPTANCE.md;reports/STAGE10E_DESC_ACCEPTANCE.md;reports/STAGE10E_DESC_GATE_DECISION.md;reports/STAGE10E_DESC_SUMMARY.md;reports/STAGE10E_GATE_DECISION.md;reports/STAGE10E_SUMMARY.md;results/stage10e/STAGE10E_ANALYSIS_READY_MANIFEST.tsv;results/stage10e/STAGE10E_DECISION.md;results/stage10e/STAGE10E_GENESET_INTEGRITY_CHECK.tsv;results/stage10e/STAGE10E_RAW_HASHES.tsv;results/stage10e_desc/STAGE10E_DESC_ANALYSIS_PLAN_LOCKED.md;results/stage10e_desc/STAGE10E_DESC_CASE4_SCORES.tsv;results/stage10e_desc/STAGE10E_DESC_CLAIM_LIMITS.md;results/stage10e_desc/STAGE10E_DESC_DECISION.md;results/stage10e_desc/STAGE10E_DESC_INPUT_LOCK.tsv;results/stage10e_desc/STAGE10E_DESC_MAPPED_GENESET.tsv;results/stage10e_desc/STAGE10E_DESC_RENDER_FIX.txt;results/stage10e_desc/STAGE10E_DESC_RUN_MANIFEST.tsv;results/stage10e_desc/STAGE10E_DESC_SENSITIVITY.tsv;results/stage10e_desc/STAGE10E_DESC_SESSIONINFO.txt;results/stage10e_desc/STAGE10E_DESC_SMOKE_TEST.tsv	NA	NA	FALSE	Direct basename literals where detectable; otherwise frozen-manifest stage scope. Original frozen SHA retained.
F0535	Stage10E	main_or_supporting	scripts/10E_DESC_run_server.sh	scripts/10E_DESC_run_server.sh	f153679d167f2f246c2c1378248468072969ede69296be38b08869b1031aac94	f153679d167f2f246c2c1378248468072969ede69296be38b08869b1031aac94	scripts/10E_DESC_case4_descriptive.R;scripts/10E_DESC_validate_outputs.py	config/stage10e_desc_parameters.tsv;config/stage10e_parameters.tsv;config/stage10e_r_parameters.tsv;config/stage10e_r_registration_inputs.tsv;config/stage10e_roi_overlay_panels.tsv;figures/stage10e_desc/Fig10E_DESC_1_case4_spatial.pdf;figures/stage10e_desc/Fig10E_DESC_1_case4_spatial.png;figures/stage10e_desc/Fig10E_DESC_2_case4_paired.pdf;figures/stage10e_desc/Fig10E_DESC_2_case4_paired.png;figures/stage10e_desc/source_data/Fig10E_DESC_1_case4_spatial_source_data.tsv;figures/stage10e_desc/source_data/Fig10E_DESC_2_case4_paired_source_data.tsv;figures/stage10e_roi_remediation/Fig10E_R_case1_registration_qc.png;figures/stage10e_roi_remediation/Fig10E_R_case2_registration_qc.png;figures/stage10e_roi_remediation/Fig10E_R_case3_registration_qc.png;figures/stage10e_roi_remediation/Fig10E_R_case4_registration_qc.png;figures/stage10e_roi_remediation/source_data/Fig10E_R_case1_registration_qc_source_data.tsv;figures/stage10e_roi_remediation/source_data/Fig10E_R_case2_registration_qc_source_data.tsv;figures/stage10e_roi_remediation/source_data/Fig10E_R_case3_registration_qc_source_data.tsv;figures/stage10e_roi_remediation/source_data/Fig10E_R_case4_registration_qc_source_data.tsv;reports/STAGE10E_ACCEPTANCE.md;reports/STAGE10E_DESC_ACCEPTANCE.md;reports/STAGE10E_DESC_GATE_DECISION.md;reports/STAGE10E_DESC_SUMMARY.md;reports/STAGE10E_GATE_DECISION.md;reports/STAGE10E_SUMMARY.md;results/stage10e/STAGE10E_ANALYSIS_READY_MANIFEST.tsv;results/stage10e/STAGE10E_DECISION.md;results/stage10e/STAGE10E_GENESET_INTEGRITY_CHECK.tsv;results/stage10e/STAGE10E_RAW_HASHES.tsv;results/stage10e_desc/STAGE10E_DESC_ANALYSIS_PLAN_LOCKED.md;results/stage10e_desc/STAGE10E_DESC_CASE4_SCORES.tsv;results/stage10e_desc/STAGE10E_DESC_CLAIM_LIMITS.md;results/stage10e_desc/STAGE10E_DESC_DECISION.md;results/stage10e_desc/STAGE10E_DESC_INPUT_LOCK.tsv;results/stage10e_desc/STAGE10E_DESC_MAPPED_GENESET.tsv;results/stage10e_desc/STAGE10E_DESC_RENDER_FIX.txt;results/stage10e_desc/STAGE10E_DESC_RUN_MANIFEST.tsv;results/stage10e_desc/STAGE10E_DESC_SENSITIVITY.tsv;results/stage10e_desc/STAGE10E_DESC_SESSIONINFO.txt;results/stage10e_desc/STAGE10E_DESC_SMOKE_TEST.tsv	NA	NA	FALSE	Direct basename literals where detectable; otherwise frozen-manifest stage scope. Original frozen SHA retained.
F0536	Stage10E	sensitivity_or_validation	scripts/10E_DESC_validate_outputs.py	scripts/10E_DESC_validate_outputs.py	62f4b1d158855f5c05b880f03c39da40f4079e6edcdab506aceb5d33ca54b764	62f4b1d158855f5c05b880f03c39da40f4079e6edcdab506aceb5d33ca54b764	reports/STAGE10E_DESC_GATE_DECISION.md;reports/STAGE10E_DESC_SUMMARY.md;results/stage10e_desc/STAGE10E_DESC_ANALYSIS_PLAN_LOCKED.md;results/stage10e_desc/STAGE10E_DESC_CASE4_SCORES.tsv;results/stage10e_desc/STAGE10E_DESC_CLAIM_LIMITS.md;results/stage10e_desc/STAGE10E_DESC_DECISION.md;results/stage10e_desc/STAGE10E_DESC_MAPPED_GENESET.tsv;results/stage10e_desc/STAGE10E_DESC_RUN_MANIFEST.tsv;results/stage10e_desc/STAGE10E_DESC_SENSITIVITY.tsv;results/stage10e_desc/STAGE10E_DESC_SESSIONINFO.txt;results/stage10f/STAGE10F_SKIPPED.md;results/stage10g/STAGE10G_SKIPPED.md	config/stage10e_desc_parameters.tsv;config/stage10e_parameters.tsv;config/stage10e_r_parameters.tsv;config/stage10e_r_registration_inputs.tsv;config/stage10e_roi_overlay_panels.tsv;figures/stage10e_desc/Fig10E_DESC_1_case4_spatial.pdf;figures/stage10e_desc/Fig10E_DESC_1_case4_spatial.png;figures/stage10e_desc/Fig10E_DESC_2_case4_paired.pdf;figures/stage10e_desc/Fig10E_DESC_2_case4_paired.png;figures/stage10e_desc/source_data/Fig10E_DESC_1_case4_spatial_source_data.tsv;figures/stage10e_desc/source_data/Fig10E_DESC_2_case4_paired_source_data.tsv;figures/stage10e_roi_remediation/Fig10E_R_case1_registration_qc.png;figures/stage10e_roi_remediation/Fig10E_R_case2_registration_qc.png;figures/stage10e_roi_remediation/Fig10E_R_case3_registration_qc.png;figures/stage10e_roi_remediation/Fig10E_R_case4_registration_qc.png;figures/stage10e_roi_remediation/source_data/Fig10E_R_case1_registration_qc_source_data.tsv;figures/stage10e_roi_remediation/source_data/Fig10E_R_case2_registration_qc_source_data.tsv;figures/stage10e_roi_remediation/source_data/Fig10E_R_case3_registration_qc_source_data.tsv;figures/stage10e_roi_remediation/source_data/Fig10E_R_case4_registration_qc_source_data.tsv;reports/STAGE10E_ACCEPTANCE.md;reports/STAGE10E_DESC_ACCEPTANCE.md;reports/STAGE10E_DESC_GATE_DECISION.md;reports/STAGE10E_DESC_SUMMARY.md;reports/STAGE10E_GATE_DECISION.md;reports/STAGE10E_SUMMARY.md;results/stage10e/STAGE10E_ANALYSIS_READY_MANIFEST.tsv;results/stage10e/STAGE10E_DECISION.md;results/stage10e/STAGE10E_GENESET_INTEGRITY_CHECK.tsv;results/stage10e/STAGE10E_RAW_HASHES.tsv;results/stage10e_desc/STAGE10E_DESC_ANALYSIS_PLAN_LOCKED.md;results/stage10e_desc/STAGE10E_DESC_CASE4_SCORES.tsv;results/stage10e_desc/STAGE10E_DESC_CLAIM_LIMITS.md;results/stage10e_desc/STAGE10E_DESC_DECISION.md;results/stage10e_desc/STAGE10E_DESC_INPUT_LOCK.tsv;results/stage10e_desc/STAGE10E_DESC_MAPPED_GENESET.tsv;results/stage10e_desc/STAGE10E_DESC_RENDER_FIX.txt;results/stage10e_desc/STAGE10E_DESC_RUN_MANIFEST.tsv;results/stage10e_desc/STAGE10E_DESC_SENSITIVITY.tsv;results/stage10e_desc/STAGE10E_DESC_SESSIONINFO.txt;results/stage10e_desc/STAGE10E_DESC_SMOKE_TEST.tsv	NA	NA	FALSE	Direct basename literals where detectable; otherwise frozen-manifest stage scope. Original frozen SHA retained.
F0537	Stage10E	main_or_supporting	scripts/10E_R_roi_registration.py	scripts/10E_R_roi_registration.py	1f501c7c8450239011127bed6af14818cdb75adbc0d0c91c7d648607b04438cc	1f501c7c8450239011127bed6af14818cdb75adbc0d0c91c7d648607b04438cc	config/stage10e_r_parameters.tsv;config/stage10e_r_registration_inputs.tsv;results/stage10c2_sp/STAGE10C2_SP_COHORT_COMMON_GENESET.tsv;results/stage10e/STAGE10E_ANALYSIS_READY_MANIFEST.tsv;results/stage10e_roi_remediation/STAGE10E_R_ACCEPTANCE.md;results/stage10e_roi_remediation/STAGE10E_R_COORDINATE_AUDIT.tsv;results/stage10e_roi_remediation/STAGE10E_R_DECISION.md;results/stage10e_roi_remediation/STAGE10E_R_DENYLIST_AUDIT.tsv;results/stage10e_roi_remediation/STAGE10E_R_FAILURE_DIAGNOSIS.tsv;results/stage10e_roi_remediation/STAGE10E_R_GENESET_INTEGRITY_CHECK.tsv;results/stage10e_roi_remediation/STAGE10E_R_GEOMETRIC_QC.tsv;results/stage10e_roi_remediation/STAGE10E_R_INPUT_WHITELIST.tsv;results/stage10e_roi_remediation/STAGE10E_R_PATIENT_ELIGIBILITY.tsv;results/stage10e_roi_remediation/STAGE10E_R_REMEDIATION_PLAN_LOCKED.md;results/stage10e_roi_remediation/STAGE10E_R_ROI_AGREEMENT.tsv;results/stage10e_roi_remediation/STAGE10E_R_RUNTIME.tsv;results/stage10e_roi_remediation/STAGE10E_R_SMOKE_TEST.tsv;results/stage10e_roi_remediation/STAGE10E_R_TRANSFORM_PARAMETERS.tsv;results/stage10f/STAGE10F_SKIPPED.md	config/stage10e_desc_parameters.tsv;config/stage10e_parameters.tsv;config/stage10e_r_parameters.tsv;config/stage10e_r_registration_inputs.tsv;config/stage10e_roi_overlay_panels.tsv;figures/stage10e_desc/Fig10E_DESC_1_case4_spatial.pdf;figures/stage10e_desc/Fig10E_DESC_1_case4_spatial.png;figures/stage10e_desc/Fig10E_DESC_2_case4_paired.pdf;figures/stage10e_desc/Fig10E_DESC_2_case4_paired.png;figures/stage10e_desc/source_data/Fig10E_DESC_1_case4_spatial_source_data.tsv;figures/stage10e_desc/source_data/Fig10E_DESC_2_case4_paired_source_data.tsv;figures/stage10e_roi_remediation/Fig10E_R_case1_registration_qc.png;figures/stage10e_roi_remediation/Fig10E_R_case2_registration_qc.png;figures/stage10e_roi_remediation/Fig10E_R_case3_registration_qc.png;figures/stage10e_roi_remediation/Fig10E_R_case4_registration_qc.png;figures/stage10e_roi_remediation/source_data/Fig10E_R_case1_registration_qc_source_data.tsv;figures/stage10e_roi_remediation/source_data/Fig10E_R_case2_registration_qc_source_data.tsv;figures/stage10e_roi_remediation/source_data/Fig10E_R_case3_registration_qc_source_data.tsv;figures/stage10e_roi_remediation/source_data/Fig10E_R_case4_registration_qc_source_data.tsv;reports/STAGE10E_ACCEPTANCE.md;reports/STAGE10E_DESC_ACCEPTANCE.md;reports/STAGE10E_DESC_GATE_DECISION.md;reports/STAGE10E_DESC_SUMMARY.md;reports/STAGE10E_GATE_DECISION.md;reports/STAGE10E_SUMMARY.md;results/stage10e/STAGE10E_ANALYSIS_READY_MANIFEST.tsv;results/stage10e/STAGE10E_DECISION.md;results/stage10e/STAGE10E_GENESET_INTEGRITY_CHECK.tsv;results/stage10e/STAGE10E_RAW_HASHES.tsv;results/stage10e_desc/STAGE10E_DESC_ANALYSIS_PLAN_LOCKED.md;results/stage10e_desc/STAGE10E_DESC_CASE4_SCORES.tsv;results/stage10e_desc/STAGE10E_DESC_CLAIM_LIMITS.md;results/stage10e_desc/STAGE10E_DESC_DECISION.md;results/stage10e_desc/STAGE10E_DESC_INPUT_LOCK.tsv;results/stage10e_desc/STAGE10E_DESC_MAPPED_GENESET.tsv;results/stage10e_desc/STAGE10E_DESC_RENDER_FIX.txt;results/stage10e_desc/STAGE10E_DESC_RUN_MANIFEST.tsv;results/stage10e_desc/STAGE10E_DESC_SENSITIVITY.tsv;results/stage10e_desc/STAGE10E_DESC_SESSIONINFO.txt;results/stage10e_desc/STAGE10E_DESC_SMOKE_TEST.tsv	NA	NA	FALSE	Direct basename literals where detectable; otherwise frozen-manifest stage scope. Original frozen SHA retained.
F0538	Stage10E	main_or_supporting	scripts/10E_R_run_server.sh	scripts/10E_R_run_server.sh	248441327d8f9d2cf3ebb2423446ecfbe09945372b11499806f6e9b930e49ae0	248441327d8f9d2cf3ebb2423446ecfbe09945372b11499806f6e9b930e49ae0	scripts/10E_R_roi_registration.py;scripts/10E_R_validate_outputs.py	config/stage10e_desc_parameters.tsv;config/stage10e_parameters.tsv;config/stage10e_r_parameters.tsv;config/stage10e_r_registration_inputs.tsv;config/stage10e_roi_overlay_panels.tsv;figures/stage10e_desc/Fig10E_DESC_1_case4_spatial.pdf;figures/stage10e_desc/Fig10E_DESC_1_case4_spatial.png;figures/stage10e_desc/Fig10E_DESC_2_case4_paired.pdf;figures/stage10e_desc/Fig10E_DESC_2_case4_paired.png;figures/stage10e_desc/source_data/Fig10E_DESC_1_case4_spatial_source_data.tsv;figures/stage10e_desc/source_data/Fig10E_DESC_2_case4_paired_source_data.tsv;figures/stage10e_roi_remediation/Fig10E_R_case1_registration_qc.png;figures/stage10e_roi_remediation/Fig10E_R_case2_registration_qc.png;figures/stage10e_roi_remediation/Fig10E_R_case3_registration_qc.png;figures/stage10e_roi_remediation/Fig10E_R_case4_registration_qc.png;figures/stage10e_roi_remediation/source_data/Fig10E_R_case1_registration_qc_source_data.tsv;figures/stage10e_roi_remediation/source_data/Fig10E_R_case2_registration_qc_source_data.tsv;figures/stage10e_roi_remediation/source_data/Fig10E_R_case3_registration_qc_source_data.tsv;figures/stage10e_roi_remediation/source_data/Fig10E_R_case4_registration_qc_source_data.tsv;reports/STAGE10E_ACCEPTANCE.md;reports/STAGE10E_DESC_ACCEPTANCE.md;reports/STAGE10E_DESC_GATE_DECISION.md;reports/STAGE10E_DESC_SUMMARY.md;reports/STAGE10E_GATE_DECISION.md;reports/STAGE10E_SUMMARY.md;results/stage10e/STAGE10E_ANALYSIS_READY_MANIFEST.tsv;results/stage10e/STAGE10E_DECISION.md;results/stage10e/STAGE10E_GENESET_INTEGRITY_CHECK.tsv;results/stage10e/STAGE10E_RAW_HASHES.tsv;results/stage10e_desc/STAGE10E_DESC_ANALYSIS_PLAN_LOCKED.md;results/stage10e_desc/STAGE10E_DESC_CASE4_SCORES.tsv;results/stage10e_desc/STAGE10E_DESC_CLAIM_LIMITS.md;results/stage10e_desc/STAGE10E_DESC_DECISION.md;results/stage10e_desc/STAGE10E_DESC_INPUT_LOCK.tsv;results/stage10e_desc/STAGE10E_DESC_MAPPED_GENESET.tsv;results/stage10e_desc/STAGE10E_DESC_RENDER_FIX.txt;results/stage10e_desc/STAGE10E_DESC_RUN_MANIFEST.tsv;results/stage10e_desc/STAGE10E_DESC_SENSITIVITY.tsv;results/stage10e_desc/STAGE10E_DESC_SESSIONINFO.txt;results/stage10e_desc/STAGE10E_DESC_SMOKE_TEST.tsv	NA	NA	FALSE	Direct basename literals where detectable; otherwise frozen-manifest stage scope. Original frozen SHA retained.
F0539	Stage10E	sensitivity_or_validation	scripts/10E_R_validate_outputs.py	scripts/10E_R_validate_outputs.py	e1ba752faa131361367debaea93dfc608d4cbffe7895976ebfd5bf5690940c2f	e1ba752faa131361367debaea93dfc608d4cbffe7895976ebfd5bf5690940c2f	results/stage10e_roi_remediation/STAGE10E_R_ACCEPTANCE.md;results/stage10e_roi_remediation/STAGE10E_R_COORDINATE_AUDIT.tsv;results/stage10e_roi_remediation/STAGE10E_R_DECISION.md;results/stage10e_roi_remediation/STAGE10E_R_DENYLIST_AUDIT.tsv;results/stage10e_roi_remediation/STAGE10E_R_FAILURE_DIAGNOSIS.tsv;results/stage10e_roi_remediation/STAGE10E_R_GENESET_INTEGRITY_CHECK.tsv;results/stage10e_roi_remediation/STAGE10E_R_GEOMETRIC_QC.tsv;results/stage10e_roi_remediation/STAGE10E_R_HISTORY_BASELINE_SHA256.tsv;results/stage10e_roi_remediation/STAGE10E_R_INPUT_WHITELIST.tsv;results/stage10e_roi_remediation/STAGE10E_R_PATIENT_ELIGIBILITY.tsv;results/stage10e_roi_remediation/STAGE10E_R_REMEDIATION_PLAN_LOCKED.md;results/stage10e_roi_remediation/STAGE10E_R_ROI_AGREEMENT.tsv;results/stage10e_roi_remediation/STAGE10E_R_RUNTIME.tsv;results/stage10e_roi_remediation/STAGE10E_R_TRANSFORM_PARAMETERS.tsv	config/stage10e_desc_parameters.tsv;config/stage10e_parameters.tsv;config/stage10e_r_parameters.tsv;config/stage10e_r_registration_inputs.tsv;config/stage10e_roi_overlay_panels.tsv;figures/stage10e_desc/Fig10E_DESC_1_case4_spatial.pdf;figures/stage10e_desc/Fig10E_DESC_1_case4_spatial.png;figures/stage10e_desc/Fig10E_DESC_2_case4_paired.pdf;figures/stage10e_desc/Fig10E_DESC_2_case4_paired.png;figures/stage10e_desc/source_data/Fig10E_DESC_1_case4_spatial_source_data.tsv;figures/stage10e_desc/source_data/Fig10E_DESC_2_case4_paired_source_data.tsv;figures/stage10e_roi_remediation/Fig10E_R_case1_registration_qc.png;figures/stage10e_roi_remediation/Fig10E_R_case2_registration_qc.png;figures/stage10e_roi_remediation/Fig10E_R_case3_registration_qc.png;figures/stage10e_roi_remediation/Fig10E_R_case4_registration_qc.png;figures/stage10e_roi_remediation/source_data/Fig10E_R_case1_registration_qc_source_data.tsv;figures/stage10e_roi_remediation/source_data/Fig10E_R_case2_registration_qc_source_data.tsv;figures/stage10e_roi_remediation/source_data/Fig10E_R_case3_registration_qc_source_data.tsv;figures/stage10e_roi_remediation/source_data/Fig10E_R_case4_registration_qc_source_data.tsv;reports/STAGE10E_ACCEPTANCE.md;reports/STAGE10E_DESC_ACCEPTANCE.md;reports/STAGE10E_DESC_GATE_DECISION.md;reports/STAGE10E_DESC_SUMMARY.md;reports/STAGE10E_GATE_DECISION.md;reports/STAGE10E_SUMMARY.md;results/stage10e/STAGE10E_ANALYSIS_READY_MANIFEST.tsv;results/stage10e/STAGE10E_DECISION.md;results/stage10e/STAGE10E_GENESET_INTEGRITY_CHECK.tsv;results/stage10e/STAGE10E_RAW_HASHES.tsv;results/stage10e_desc/STAGE10E_DESC_ANALYSIS_PLAN_LOCKED.md;results/stage10e_desc/STAGE10E_DESC_CASE4_SCORES.tsv;results/stage10e_desc/STAGE10E_DESC_CLAIM_LIMITS.md;results/stage10e_desc/STAGE10E_DESC_DECISION.md;results/stage10e_desc/STAGE10E_DESC_INPUT_LOCK.tsv;results/stage10e_desc/STAGE10E_DESC_MAPPED_GENESET.tsv;results/stage10e_desc/STAGE10E_DESC_RENDER_FIX.txt;results/stage10e_desc/STAGE10E_DESC_RUN_MANIFEST.tsv;results/stage10e_desc/STAGE10E_DESC_SENSITIVITY.tsv;results/stage10e_desc/STAGE10E_DESC_SESSIONINFO.txt;results/stage10e_desc/STAGE10E_DESC_SMOKE_TEST.tsv	NA	NA	FALSE	Direct basename literals where detectable; otherwise frozen-manifest stage scope. Original frozen SHA retained.
F0540	Stage10E	main_or_supporting	scripts/10E_run_server.sh	scripts/10E_run_server.sh	f42674a1e5b1e480aba8ca949521ef078d6e523c756abf0ab169587786018239	795214c492f78f361323ae9a9f4a979ce298b621bfe9cfa02f233ee400fdaa69	data/metadata/spatial_patient_slide_roi_manifest.tsv;results/stage10e/STAGE10E_ANALYSIS_READY_MANIFEST.tsv;results/stage10e/STAGE10E_DECISION.md;results/stage10e/STAGE10E_GENESET_INTEGRITY_CHECK.tsv;scripts/10E_run_server.sh;scripts/10E_spatial_blind_qc.R;scripts/10E_validate_outputs.py	config/stage10e_desc_parameters.tsv;config/stage10e_parameters.tsv;config/stage10e_r_parameters.tsv;config/stage10e_r_registration_inputs.tsv;config/stage10e_roi_overlay_panels.tsv;figures/stage10e_desc/Fig10E_DESC_1_case4_spatial.pdf;figures/stage10e_desc/Fig10E_DESC_1_case4_spatial.png;figures/stage10e_desc/Fig10E_DESC_2_case4_paired.pdf;figures/stage10e_desc/Fig10E_DESC_2_case4_paired.png;figures/stage10e_desc/source_data/Fig10E_DESC_1_case4_spatial_source_data.tsv;figures/stage10e_desc/source_data/Fig10E_DESC_2_case4_paired_source_data.tsv;figures/stage10e_roi_remediation/Fig10E_R_case1_registration_qc.png;figures/stage10e_roi_remediation/Fig10E_R_case2_registration_qc.png;figures/stage10e_roi_remediation/Fig10E_R_case3_registration_qc.png;figures/stage10e_roi_remediation/Fig10E_R_case4_registration_qc.png;figures/stage10e_roi_remediation/source_data/Fig10E_R_case1_registration_qc_source_data.tsv;figures/stage10e_roi_remediation/source_data/Fig10E_R_case2_registration_qc_source_data.tsv;figures/stage10e_roi_remediation/source_data/Fig10E_R_case3_registration_qc_source_data.tsv;figures/stage10e_roi_remediation/source_data/Fig10E_R_case4_registration_qc_source_data.tsv;reports/STAGE10E_ACCEPTANCE.md;reports/STAGE10E_DESC_ACCEPTANCE.md;reports/STAGE10E_DESC_GATE_DECISION.md;reports/STAGE10E_DESC_SUMMARY.md;reports/STAGE10E_GATE_DECISION.md;reports/STAGE10E_SUMMARY.md;results/stage10e/STAGE10E_ANALYSIS_READY_MANIFEST.tsv;results/stage10e/STAGE10E_DECISION.md;results/stage10e/STAGE10E_GENESET_INTEGRITY_CHECK.tsv;results/stage10e/STAGE10E_RAW_HASHES.tsv;results/stage10e_desc/STAGE10E_DESC_ANALYSIS_PLAN_LOCKED.md;results/stage10e_desc/STAGE10E_DESC_CASE4_SCORES.tsv;results/stage10e_desc/STAGE10E_DESC_CLAIM_LIMITS.md;results/stage10e_desc/STAGE10E_DESC_DECISION.md;results/stage10e_desc/STAGE10E_DESC_INPUT_LOCK.tsv;results/stage10e_desc/STAGE10E_DESC_MAPPED_GENESET.tsv;results/stage10e_desc/STAGE10E_DESC_RENDER_FIX.txt;results/stage10e_desc/STAGE10E_DESC_RUN_MANIFEST.tsv;results/stage10e_desc/STAGE10E_DESC_SENSITIVITY.tsv;results/stage10e_desc/STAGE10E_DESC_SESSIONINFO.txt;results/stage10e_desc/STAGE10E_DESC_SMOKE_TEST.tsv	NA	NA	TRUE	Direct basename literals where detectable; otherwise frozen-manifest stage scope. Original frozen SHA retained.
F0541	Stage10E	sensitivity_or_validation	scripts/10E_spatial_blind_qc.R	scripts/10E_spatial_blind_qc.R	3c177bf562522d6f1b683ce8da802841146b3e71d429b154319199bd49a74ed9	3c177bf562522d6f1b683ce8da802841146b3e71d429b154319199bd49a74ed9	config/stage10e_parameters.tsv;config/stage10e_roi_overlay_panels.tsv;data/metadata/spatial_patient_slide_roi_manifest.tsv;reports/STAGE10E_GATE_DECISION.md;reports/STAGE10E_SUMMARY.md;results/stage10c/M02_MINUS_INPP5D_SENS_V1.tsv;results/stage10c/M02_MINUS_INPP5D_SENS_V1_SHA256.txt;results/stage10c/STAGE10C_LOCK_MANIFEST.tsv;results/stage10c2_sp/STAGE10C2_SP_COHORT_COMMON_GENESET.tsv;results/stage10c2_sp/STAGE10C2_SP_DECISION.md;results/stage10c2_sp/STAGE10C2_SP_PATIENT_SLIDE_ROI_MANIFEST.tsv;results/stage10d_tech/STAGE10D_TECH_DECISION.md;results/stage10e/STAGE10E_ANALYSIS_READY_MANIFEST.tsv;results/stage10e/STAGE10E_DECISION.md;results/stage10e/STAGE10E_GENESET_INTEGRITY_CHECK.tsv;results/stage10e/STAGE10E_RAW_HASHES.tsv;scripts/10E_spatial_blind_qc.R	config/stage10e_desc_parameters.tsv;config/stage10e_parameters.tsv;config/stage10e_r_parameters.tsv;config/stage10e_r_registration_inputs.tsv;config/stage10e_roi_overlay_panels.tsv;figures/stage10e_desc/Fig10E_DESC_1_case4_spatial.pdf;figures/stage10e_desc/Fig10E_DESC_1_case4_spatial.png;figures/stage10e_desc/Fig10E_DESC_2_case4_paired.pdf;figures/stage10e_desc/Fig10E_DESC_2_case4_paired.png;figures/stage10e_desc/source_data/Fig10E_DESC_1_case4_spatial_source_data.tsv;figures/stage10e_desc/source_data/Fig10E_DESC_2_case4_paired_source_data.tsv;figures/stage10e_roi_remediation/Fig10E_R_case1_registration_qc.png;figures/stage10e_roi_remediation/Fig10E_R_case2_registration_qc.png;figures/stage10e_roi_remediation/Fig10E_R_case3_registration_qc.png;figures/stage10e_roi_remediation/Fig10E_R_case4_registration_qc.png;figures/stage10e_roi_remediation/source_data/Fig10E_R_case1_registration_qc_source_data.tsv;figures/stage10e_roi_remediation/source_data/Fig10E_R_case2_registration_qc_source_data.tsv;figures/stage10e_roi_remediation/source_data/Fig10E_R_case3_registration_qc_source_data.tsv;figures/stage10e_roi_remediation/source_data/Fig10E_R_case4_registration_qc_source_data.tsv;reports/STAGE10E_ACCEPTANCE.md;reports/STAGE10E_DESC_ACCEPTANCE.md;reports/STAGE10E_DESC_GATE_DECISION.md;reports/STAGE10E_DESC_SUMMARY.md;reports/STAGE10E_GATE_DECISION.md;reports/STAGE10E_SUMMARY.md;results/stage10e/STAGE10E_ANALYSIS_READY_MANIFEST.tsv;results/stage10e/STAGE10E_DECISION.md;results/stage10e/STAGE10E_GENESET_INTEGRITY_CHECK.tsv;results/stage10e/STAGE10E_RAW_HASHES.tsv;results/stage10e_desc/STAGE10E_DESC_ANALYSIS_PLAN_LOCKED.md;results/stage10e_desc/STAGE10E_DESC_CASE4_SCORES.tsv;results/stage10e_desc/STAGE10E_DESC_CLAIM_LIMITS.md;results/stage10e_desc/STAGE10E_DESC_DECISION.md;results/stage10e_desc/STAGE10E_DESC_INPUT_LOCK.tsv;results/stage10e_desc/STAGE10E_DESC_MAPPED_GENESET.tsv;results/stage10e_desc/STAGE10E_DESC_RENDER_FIX.txt;results/stage10e_desc/STAGE10E_DESC_RUN_MANIFEST.tsv;results/stage10e_desc/STAGE10E_DESC_SENSITIVITY.tsv;results/stage10e_desc/STAGE10E_DESC_SESSIONINFO.txt;results/stage10e_desc/STAGE10E_DESC_SMOKE_TEST.tsv	NA	NA	FALSE	Direct basename literals where detectable; otherwise frozen-manifest stage scope. Original frozen SHA retained.
F0542	Stage10E	sensitivity_or_validation	scripts/10E_validate_outputs.py	scripts/10E_validate_outputs.py	f383ed0d901238cdd72b53806e358aebf3c66c8953a873ef5b76db029c698988	f383ed0d901238cdd72b53806e358aebf3c66c8953a873ef5b76db029c698988	data/metadata/spatial_patient_slide_roi_manifest.tsv;reports/STAGE10E_GATE_DECISION.md;reports/STAGE10E_SUMMARY.md;results/stage10c/M02_MINUS_INPP5D_SENS_V1.tsv;results/stage10c/M02_MINUS_INPP5D_SENS_V1_SHA256.txt;results/stage10c/STAGE10C_LOCK_MANIFEST.tsv;results/stage10e/STAGE10E_ANALYSIS_READY_MANIFEST.tsv;results/stage10e/STAGE10E_DECISION.md;results/stage10e/STAGE10E_GENESET_INTEGRITY_CHECK.tsv;results/stage10e/STAGE10E_RAW_HASHES.tsv	config/stage10e_desc_parameters.tsv;config/stage10e_parameters.tsv;config/stage10e_r_parameters.tsv;config/stage10e_r_registration_inputs.tsv;config/stage10e_roi_overlay_panels.tsv;figures/stage10e_desc/Fig10E_DESC_1_case4_spatial.pdf;figures/stage10e_desc/Fig10E_DESC_1_case4_spatial.png;figures/stage10e_desc/Fig10E_DESC_2_case4_paired.pdf;figures/stage10e_desc/Fig10E_DESC_2_case4_paired.png;figures/stage10e_desc/source_data/Fig10E_DESC_1_case4_spatial_source_data.tsv;figures/stage10e_desc/source_data/Fig10E_DESC_2_case4_paired_source_data.tsv;figures/stage10e_roi_remediation/Fig10E_R_case1_registration_qc.png;figures/stage10e_roi_remediation/Fig10E_R_case2_registration_qc.png;figures/stage10e_roi_remediation/Fig10E_R_case3_registration_qc.png;figures/stage10e_roi_remediation/Fig10E_R_case4_registration_qc.png;figures/stage10e_roi_remediation/source_data/Fig10E_R_case1_registration_qc_source_data.tsv;figures/stage10e_roi_remediation/source_data/Fig10E_R_case2_registration_qc_source_data.tsv;figures/stage10e_roi_remediation/source_data/Fig10E_R_case3_registration_qc_source_data.tsv;figures/stage10e_roi_remediation/source_data/Fig10E_R_case4_registration_qc_source_data.tsv;reports/STAGE10E_ACCEPTANCE.md;reports/STAGE10E_DESC_ACCEPTANCE.md;reports/STAGE10E_DESC_GATE_DECISION.md;reports/STAGE10E_DESC_SUMMARY.md;reports/STAGE10E_GATE_DECISION.md;reports/STAGE10E_SUMMARY.md;results/stage10e/STAGE10E_ANALYSIS_READY_MANIFEST.tsv;results/stage10e/STAGE10E_DECISION.md;results/stage10e/STAGE10E_GENESET_INTEGRITY_CHECK.tsv;results/stage10e/STAGE10E_RAW_HASHES.tsv;results/stage10e_desc/STAGE10E_DESC_ANALYSIS_PLAN_LOCKED.md;results/stage10e_desc/STAGE10E_DESC_CASE4_SCORES.tsv;results/stage10e_desc/STAGE10E_DESC_CLAIM_LIMITS.md;results/stage10e_desc/STAGE10E_DESC_DECISION.md;results/stage10e_desc/STAGE10E_DESC_INPUT_LOCK.tsv;results/stage10e_desc/STAGE10E_DESC_MAPPED_GENESET.tsv;results/stage10e_desc/STAGE10E_DESC_RENDER_FIX.txt;results/stage10e_desc/STAGE10E_DESC_RUN_MANIFEST.tsv;results/stage10e_desc/STAGE10E_DESC_SENSITIVITY.tsv;results/stage10e_desc/STAGE10E_DESC_SESSIONINFO.txt;results/stage10e_desc/STAGE10E_DESC_SMOKE_TEST.tsv	NA	NA	FALSE	Direct basename literals where detectable; otherwise frozen-manifest stage scope. Original frozen SHA retained.
F0543	Stage10I	main_or_supporting	scripts/10I_red_team_recompute.R	scripts/10I_red_team_recompute.R	1f31edba1726aa58e6c674a33dc70a8fb3fc6dcdb94227553b20afa60a89c64c	1f31edba1726aa58e6c674a33dc70a8fb3fc6dcdb94227553b20afa60a89c64c	audit/stage10i/recompute/CORE_FIGURE_RECOMPUTED.pdf;audit/stage10i/recompute/CORE_FIGURE_RECOMPUTED.png;audit/stage10i/recompute/CORE_FIGURE_SOURCE_RECOMPUTE.tsv;audit/stage10i/recompute/GSE161277_ALL_MODULES_RECOMPUTE.tsv;audit/stage10i/recompute/GSE161277_M02_RECOMPUTE.tsv;audit/stage10i/recompute/RECOMPUTE.SUCCESS;audit/stage10i/recompute/STAGE10C_FAP_ALL_MODULES_RECOMPUTE.tsv;audit/stage10i/recompute/STAGE10C_FAP_M02_RECOMPUTE.tsv;audit/stage10i/recompute/STAGE10E_DESC_CASE4_RECOMPUTE.tsv;audit/stage10i/recompute/STAGE10H_EVIDENCE_MATRIX_RECOMPUTE.tsv;audit/stage10i/recompute/STAGE10I_NUMERIC_RECOMPUTE_RAW.tsv;audit/stage10i/recompute/STAGE10I_RECOMPUTE_SESSIONINFO.txt;audit/stage10i/recompute/STAGE6A_PRIMARY_RECOMPUTE.tsv;audit/stage10i/recompute/STAGE8B_META_ALL_MODULES_RECOMPUTE.tsv;audit/stage10i/recompute/STAGE8B_META_M02_RECOMPUTE.tsv;figures_final/stage_8B_early_transition_forest_source_data.tsv;results/stage10e_desc/STAGE10E_DESC_CASE4_SCORES.tsv;results/stage10e_desc/STAGE10E_DESC_SENSITIVITY.tsv;results/stage10h/STAGE10H_EVIDENCE_MATRIX.tsv;results_final/stage_8B_bulk_validation_summary.tsv;results_final/stage_8B_meta_analysis_results.tsv;scripts/10I_red_team_recompute.R	audit/stage10i/STAGE10I_BMC_GENOMICS_FIT.md;audit/stage10i/STAGE10I_DATASET_INDEPENDENCE_AUDIT.tsv;audit/stage10i/STAGE10I_DECISION.md;audit/stage10i/STAGE10I_FINAL_CLAIM_AUDIT.tsv;audit/stage10i/STAGE10I_ISSUES.tsv;audit/stage10i/STAGE10I_NUMERIC_RECONCILIATION.tsv;audit/stage10i/STAGE10I_RED_TEAM_REPORT.md;audit/stage10i/STAGE10I_REPRODUCIBILITY_REPORT.md;audit/stage10i/STAGE10I_SPATIAL_CLAIM_AUDIT.tsv;audit/stage10i/STAGE10I_STORY_COHERENCE_REVIEW.md;audit/stage10i/recompute/CORE_FIGURE_RECOMPUTED.pdf;audit/stage10i/recompute/CORE_FIGURE_RECOMPUTED.png;audit/stage10i/recompute/CORE_FIGURE_SOURCE_RECOMPUTE.tsv;audit/stage10i/recompute/GSE161277_ALL_MODULES_RECOMPUTE.tsv;audit/stage10i/recompute/GSE161277_M02_RECOMPUTE.tsv;audit/stage10i/recompute/RECOMPUTE.SUCCESS;audit/stage10i/recompute/STAGE10C_FAP_ALL_MODULES_RECOMPUTE.tsv;audit/stage10i/recompute/STAGE10C_FAP_M02_RECOMPUTE.tsv;audit/stage10i/recompute/STAGE10E_DESC_CASE4_RECOMPUTE.tsv;audit/stage10i/recompute/STAGE10H_EVIDENCE_MATRIX_RECOMPUTE.tsv;audit/stage10i/recompute/STAGE10I_NUMERIC_RECOMPUTE_RAW.tsv;audit/stage10i/recompute/STAGE10I_RECOMPUTE_SESSIONINFO.txt;audit/stage10i/recompute/STAGE10I_RECOMPUTE_SHA256.txt;audit/stage10i/recompute/STAGE6A_PRIMARY_RECOMPUTE.tsv;audit/stage10i/recompute/STAGE8B_META_ALL_MODULES_RECOMPUTE.tsv;audit/stage10i/recompute/STAGE8B_META_M02_RECOMPUTE.tsv;manuscript_freeze/STAGE10I_R_DECISION.md;manuscript_freeze/STAGE10I_R_EVIDENCE_PLACEMENT.tsv;manuscript_freeze/STAGE10I_R_NARRATIVE_ARCHITECTURE.md;manuscript_freeze/STAGE10I_R_SECTION_CLAIM_MAP.tsv;reports/STAGE10I_GATE_DECISION.md;reports/STAGE10I_R_GATE_DECISION.md;reports/STAGE10I_R_SUMMARY.md;reports/STAGE10I_SUMMARY.md	NA	NA	FALSE	Direct basename literals where detectable; otherwise frozen-manifest stage scope. Original frozen SHA retained.
F0544	Project	main_or_supporting	scripts/11A_build_freeze_manifest.py	scripts/11A_build_freeze_manifest.py	b858c3e8770eaf0e9d1e431f0df811ec086ec49860c33b153b504238231c3573	6e63800d0eac00d7f570fa0a1bbf38d0912d79c672557902e94702eb7745b432	AGENTS.md;PROJECT_CONSTITUTION.md;SERVER_EXECUTION_CONTRACT.md;STAGE10_PROTOCOL_ADDENDUM.md;STATUS.md;audit/stage10i/STAGE10I_FINAL_CLAIM_AUDIT.tsv;audit/stage10i/STAGE10I_NUMERIC_RECONCILIATION.tsv;figures_final/stage_8B_early_transition_forest_source_data.tsv;logs_summary/stage_6A_candidate_attrition_audit.tsv;logs_summary/stage_6A_key_metrics.tsv;manuscript_freeze/FIGURE_BLUEPRINT.md;manuscript_freeze/FINAL_CLAIM_LIST.tsv;manuscript_freeze/SECTION_EVIDENCE_MAP.tsv;manuscript_freeze/STAGE10I_R_DECISION.md;manuscript_freeze/STAGE10I_R_EVIDENCE_PLACEMENT.tsv;manuscript_freeze/STAGE10I_R_NARRATIVE_ARCHITECTURE.md;manuscript_freeze/STAGE10I_R_SECTION_CLAIM_MAP.tsv;manuscript_freeze/SUPPLEMENT_BLUEPRINT.md;manuscript_freeze/TABLE_BLUEPRINT.md;modules_locked.tsv;modules_locked.tsv.sha256;result_registry.tsv;results/05B_qc_threshold_preflight.tsv;results/stage10c/STAGE10C_LOCK_MANIFEST.tsv;results/stage10c/STAGE10C_STATISTICAL_AUDIT.tsv;results/stage10c3/STAGE10C3_MATCHED_PAIR_EFFECTS.tsv;results/stage10c3/STAGE10C3_SENSITIVITY.tsv;results/stage10e_desc/STAGE10E_DESC_CASE4_SCORES.tsv;results/stage10e_desc/STAGE10E_DESC_SENSITIVITY.tsv;results/stage10fg/STAGE10FG_BRANCH_CLOSURE.tsv	AGENTS.md;PROJECT_CONSTITUTION.md;SERVER_EXECUTION_CONTRACT.md;STAGE10_PROTOCOL_ADDENDUM.md;STATUS.md;config/.gitkeep;config/annotation_parameters.tsv;config/epithelial_cluster_annotation.tsv;config/major_cluster_annotation.tsv;config/qc_parameters.tsv;config/stage10B_download_sources.tsv;config/stool_test_operating_points.tsv;data/metadata/spatial_patient_slide_roi_manifest.tsv;figures_final/.gitkeep;logs_summary/.gitkeep;manuscript_freeze/FIGURE_BLUEPRINT.md;manuscript_freeze/FINAL_CLAIM_LIST.tsv;manuscript_freeze/SECTION_EVIDENCE_MAP.tsv;manuscript_freeze/SUPPLEMENT_BLUEPRINT.md;manuscript_freeze/TABLE_BLUEPRINT.md;modules_locked.tsv;modules_locked.tsv.sha256;reports/stage10A_GATE_DECISION.md;reports/stage10A_SUMMARY.md;result_registry.tsv;results/05B_full_qc_integration/biological_sample_cell_summary.tsv;results/05B_full_qc_integration/donor_cell_qc_summary.tsv;results/05B_full_qc_integration/embedding_variance_audit.tsv;results/05B_full_qc_integration/leave_one_donor_out_folds.tsv;results/05B_full_qc_integration/library_depth_risk_audit.tsv;results/05B_full_qc_integration/library_qc_summary.tsv;results/05B_full_qc_integration/neighbor_mixing_audit.tsv;results/05B_full_qc_integration/object_manifest.tsv;results/05B_full_qc_integration/original_qc_threshold_comparison.tsv;results/05B_full_qc_integration/overcorrection_guard.tsv;results/05B_full_qc_integration/pre_post_distribution_audit.tsv;results/05B_full_qc_integration/validation_checks.tsv;results/05C_annotation/epithelial_cluster_composition.tsv;results/05C_annotation/epithelial_cluster_markers.tsv.gz;results/05C_annotation/epithelial_cluster_review_blinded.tsv	NA	NA	TRUE	Direct basename literals where detectable; otherwise frozen-manifest stage scope. Original frozen SHA retained.
F0554	Stage4A	main_or_supporting	scripts/build_stage4a_manifest.mjs	scripts/build_stage4a_manifest.mjs	eaf45b43b6c25de7afe23716d2e510d554d496b673863e061eb9faccfc43b531	eaf45b43b6c25de7afe23716d2e510d554d496b673863e061eb9faccfc43b531	metadata/dataset_manifest.tsv;metadata/exclusion_log.tsv;metadata/source_cache/GSE201348_supplement_tables.json;metadata/source_cache/TCGA-COAD_rnaseq_files.json	reports/stage_4A_metadata_audit.md	NA	NA	FALSE	Direct basename literals where detectable; otherwise frozen-manifest stage scope. Original frozen SHA retained.
F0555	Stage4B	main_or_supporting	scripts/build_stage4b_download_plan.mjs	scripts/build_stage4b_download_plan.mjs	cc1f0b2351da7efa7aadaeec6f4551d01f70ef52ae7e30aca6762e25e8dd39ad	cc1f0b2351da7efa7aadaeec6f4551d01f70ef52ae7e30aca6762e25e8dd39ad	metadata/download_plan.tsv;metadata/source_cache/TCGA-COAD_rnaseq_files.json	reports/stage_4B_download_integrity.md	NA	NA	FALSE	Direct basename literals where detectable; otherwise frozen-manifest stage scope. Original frozen SHA retained.
F0556	Project	main_or_supporting	scripts/collect_geo_sample_metadata.mjs	scripts/collect_geo_sample_metadata.mjs	7b55f2868cc7fed0490997eacdaec81fb7c8fa5397a0488d21996df42e59793f	7b55f2868cc7fed0490997eacdaec81fb7c8fa5397a0488d21996df42e59793f	See stage-scoped inputs and script source	AGENTS.md;PROJECT_CONSTITUTION.md;SERVER_EXECUTION_CONTRACT.md;STAGE10_PROTOCOL_ADDENDUM.md;STATUS.md;config/.gitkeep;config/annotation_parameters.tsv;config/epithelial_cluster_annotation.tsv;config/major_cluster_annotation.tsv;config/qc_parameters.tsv;config/stage10B_download_sources.tsv;config/stool_test_operating_points.tsv;data/metadata/spatial_patient_slide_roi_manifest.tsv;figures_final/.gitkeep;logs_summary/.gitkeep;manuscript_freeze/FIGURE_BLUEPRINT.md;manuscript_freeze/FINAL_CLAIM_LIST.tsv;manuscript_freeze/SECTION_EVIDENCE_MAP.tsv;manuscript_freeze/SUPPLEMENT_BLUEPRINT.md;manuscript_freeze/TABLE_BLUEPRINT.md;modules_locked.tsv;modules_locked.tsv.sha256;reports/stage10A_GATE_DECISION.md;reports/stage10A_SUMMARY.md;result_registry.tsv;results/05B_full_qc_integration/biological_sample_cell_summary.tsv;results/05B_full_qc_integration/donor_cell_qc_summary.tsv;results/05B_full_qc_integration/embedding_variance_audit.tsv;results/05B_full_qc_integration/leave_one_donor_out_folds.tsv;results/05B_full_qc_integration/library_depth_risk_audit.tsv;results/05B_full_qc_integration/library_qc_summary.tsv;results/05B_full_qc_integration/neighbor_mixing_audit.tsv;results/05B_full_qc_integration/object_manifest.tsv;results/05B_full_qc_integration/original_qc_threshold_comparison.tsv;results/05B_full_qc_integration/overcorrection_guard.tsv;results/05B_full_qc_integration/pre_post_distribution_audit.tsv;results/05B_full_qc_integration/validation_checks.tsv;results/05C_annotation/epithelial_cluster_composition.tsv;results/05C_annotation/epithelial_cluster_markers.tsv.gz;results/05C_annotation/epithelial_cluster_review_blinded.tsv	NA	NA	FALSE	Direct basename literals where detectable; otherwise frozen-manifest stage scope. Original frozen SHA retained.
F0557	Project	main_or_supporting	scripts/extract_gse201348_supplement.mjs	scripts/extract_gse201348_supplement.mjs	f07a5dc0164143370c46cab3fe87f5b719adcd02e25a3af3c95a8199be6d001e	f07a5dc0164143370c46cab3fe87f5b719adcd02e25a3af3c95a8199be6d001e	metadata/source_cache/GSE201348_supplement_tables.json;scripts/extract_gse201348_supplement.mjs	AGENTS.md;PROJECT_CONSTITUTION.md;SERVER_EXECUTION_CONTRACT.md;STAGE10_PROTOCOL_ADDENDUM.md;STATUS.md;config/.gitkeep;config/annotation_parameters.tsv;config/epithelial_cluster_annotation.tsv;config/major_cluster_annotation.tsv;config/qc_parameters.tsv;config/stage10B_download_sources.tsv;config/stool_test_operating_points.tsv;data/metadata/spatial_patient_slide_roi_manifest.tsv;figures_final/.gitkeep;logs_summary/.gitkeep;manuscript_freeze/FIGURE_BLUEPRINT.md;manuscript_freeze/FINAL_CLAIM_LIST.tsv;manuscript_freeze/SECTION_EVIDENCE_MAP.tsv;manuscript_freeze/SUPPLEMENT_BLUEPRINT.md;manuscript_freeze/TABLE_BLUEPRINT.md;modules_locked.tsv;modules_locked.tsv.sha256;reports/stage10A_GATE_DECISION.md;reports/stage10A_SUMMARY.md;result_registry.tsv;results/05B_full_qc_integration/biological_sample_cell_summary.tsv;results/05B_full_qc_integration/donor_cell_qc_summary.tsv;results/05B_full_qc_integration/embedding_variance_audit.tsv;results/05B_full_qc_integration/leave_one_donor_out_folds.tsv;results/05B_full_qc_integration/library_depth_risk_audit.tsv;results/05B_full_qc_integration/library_qc_summary.tsv;results/05B_full_qc_integration/neighbor_mixing_audit.tsv;results/05B_full_qc_integration/object_manifest.tsv;results/05B_full_qc_integration/original_qc_threshold_comparison.tsv;results/05B_full_qc_integration/overcorrection_guard.tsv;results/05B_full_qc_integration/pre_post_distribution_audit.tsv;results/05B_full_qc_integration/validation_checks.tsv;results/05C_annotation/epithelial_cluster_composition.tsv;results/05C_annotation/epithelial_cluster_markers.tsv.gz;results/05C_annotation/epithelial_cluster_review_blinded.tsv	NA	NA	FALSE	Direct basename literals where detectable; otherwise frozen-manifest stage scope. Original frozen SHA retained.
F0558	Stage4B	main_or_supporting	scripts/pause_stage4b_after_p2.sh	scripts/pause_stage4b_after_p2.sh	2099abaea5967a57f5fb6091446d6d40292673c13068e52bc8f21c6ca0bdf897	3959a9df85fe1573f3c5620e409eefabdd31a920e04d71f6a34f9def8daecb12	See stage-scoped inputs and script source	reports/stage_4B_download_integrity.md	NA	NA	TRUE	Direct basename literals where detectable; otherwise frozen-manifest stage scope. Original frozen SHA retained.
F0559	Stage4A	sensitivity_or_validation	scripts/validate_stage4a_metadata.mjs	scripts/validate_stage4a_metadata.mjs	f59686133af63565a6fbd7f6c40cbad0c3800c05c1ca127f0d6209882f56170e	f59686133af63565a6fbd7f6c40cbad0c3800c05c1ca127f0d6209882f56170e	metadata/dataset_manifest.tsv	reports/stage_4A_metadata_audit.md	NA	NA	FALSE	Direct basename literals where detectable; otherwise frozen-manifest stage scope. Original frozen SHA retained.
