section	source_file	source_sha256	accession	module_id	endpoint	analysis_set	model	effect	standard_error	ci_low	ci_high	p_value	n_units	residual_df	note	fdr	evidence_role	k_cohorts	pooled_effect	prediction_low	prediction_high	tau2	I2	Q	Q_p_value	method	caution
cohort_effects	results_final/stage_8B_bulk_validation_summary.tsv	8b2833a4bfc8568591a65b1ded08c9e843a478f2678a3eabfe3d30518e557cd1	GSE41657	Cycling_SB_M01	ordered_trend	primary_all_samples	HC3_robust_ordinal	-0.718590219117424	0.0803210946477313	-0.878263270650211	-0.558917167584638	6.32545647738897e-14	88	86	NA	1.89763694321669e-13	independent_tissue_validation	NA	NA	NA	NA	NA	NA	NA	NA	NA	NA
cohort_effects	results_final/stage_8B_bulk_validation_summary.tsv	8b2833a4bfc8568591a65b1ded08c9e843a478f2678a3eabfe3d30518e557cd1	GSE41657	Cycling_SB_M01	adenoma_vs_normal	primary_all_samples	HC3_robust_binary	-2.13205873601174	0.178190054227698	-2.48837177105697	-1.77574570096651	1.20205557460206e-17	63	61	NA	3.60616672380617e-17	independent_tissue_validation	NA	NA	NA	NA	NA	NA	NA	NA	NA	NA
cohort_effects	results_final/stage_8B_bulk_validation_summary.tsv	8b2833a4bfc8568591a65b1ded08c9e843a478f2678a3eabfe3d30518e557cd1	GSE41657	Cycling_SB_M01	cancer_vs_adenoma	primary_all_samples	HC3_robust_binary	-0.558105078593732	0.128363563727773	-0.81387506251775	-0.302335094669714	4.3236841069829e-05	76	74	NA	0.000129710523209487	independent_tissue_validation	NA	NA	NA	NA	NA	NA	NA	NA	NA	NA
cohort_effects	results_final/stage_8B_bulk_validation_summary.tsv	8b2833a4bfc8568591a65b1ded08c9e843a478f2678a3eabfe3d30518e557cd1	GSE41657	Cycling_SB_M01	cancer_vs_normal	primary_all_samples	HC3_robust_binary	-2.69016381460547	0.184263743465337	-3.06423910110354	-2.31608852810741	1.86946668835015e-16	37	35	NA	5.60840006505046e-16	independent_tissue_validation	NA	NA	NA	NA	NA	NA	NA	NA	NA	NA
cohort_effects	results_final/stage_8B_bulk_validation_summary.tsv	8b2833a4bfc8568591a65b1ded08c9e843a478f2678a3eabfe3d30518e557cd1	GSE41657	Cycling_SB_M01	low_grade_adenoma_vs_normal	primary_all_samples	HC3_robust_adjacent	-2.04621212406623	0.203294163731336	-2.4608333045702	-1.63159094356226	2.74292597275586e-11	33	31	NA	8.22877791826757e-11	independent_tissue_validation	NA	NA	NA	NA	NA	NA	NA	NA	NA	NA
cohort_effects	results_final/stage_8B_bulk_validation_summary.tsv	8b2833a4bfc8568591a65b1ded08c9e843a478f2678a3eabfe3d30518e557cd1	GSE41657	Cycling_SB_M01	high_grade_adenoma_vs_low_grade_adenoma	primary_all_samples	HC3_robust_adjacent	-0.145939240307372	0.172250978259626	-0.492090540789203	0.200212060174459	0.400976441725344	51	49	NA	0.400976441725344	independent_tissue_validation	NA	NA	NA	NA	NA	NA	NA	NA	NA	NA
cohort_effects	results_final/stage_8B_bulk_validation_summary.tsv	8b2833a4bfc8568591a65b1ded08c9e843a478f2678a3eabfe3d30518e557cd1	GSE41657	Cycling_SB_M01	cancer_vs_high_grade_adenoma	primary_all_samples	HC3_robust_adjacent	-0.498012450231873	0.149315135401721	-0.79750068510422	-0.198524215359526	0.00156126947094477	55	53	NA	0.00312253894188953	independent_tissue_validation	NA	NA	NA	NA	NA	NA	NA	NA	NA	NA
cohort_effects	results_final/stage_8B_bulk_validation_summary.tsv	8b2833a4bfc8568591a65b1ded08c9e843a478f2678a3eabfe3d30518e557cd1	GSE41657	Stem_progenitor_SB_M10	ordered_trend	primary_all_samples	HC3_robust_ordinal	0.569199241942913	0.0825982933853811	0.404999269145147	0.733399214740678	8.68373516373879e-10	88	86	NA	1.30256027456082e-09	independent_tissue_validation	NA	NA	NA	NA	NA	NA	NA	NA	NA	NA
cohort_effects	results_final/stage_8B_bulk_validation_summary.tsv	8b2833a4bfc8568591a65b1ded08c9e843a478f2678a3eabfe3d30518e557cd1	GSE41657	Stem_progenitor_SB_M10	adenoma_vs_normal	primary_all_samples	HC3_robust_binary	1.47068905976966	0.245761798753112	0.979257970692152	1.96212014884716	1.24247225653904e-07	63	61	NA	2.48494451307808e-07	independent_tissue_validation	NA	NA	NA	NA	NA	NA	NA	NA	NA	NA
cohort_effects	results_final/stage_8B_bulk_validation_summary.tsv	8b2833a4bfc8568591a65b1ded08c9e843a478f2678a3eabfe3d30518e557cd1	GSE41657	Stem_progenitor_SB_M10	cancer_vs_adenoma	primary_all_samples	HC3_robust_binary	0.44964179369946	0.191088855294548	0.0688889380807374	0.830394649318182	0.0212794935899064	76	74	NA	0.0255353923078877	independent_tissue_validation	NA	NA	NA	NA	NA	NA	NA	NA	NA	NA
cohort_effects	results_final/stage_8B_bulk_validation_summary.tsv	8b2833a4bfc8568591a65b1ded08c9e843a478f2678a3eabfe3d30518e557cd1	GSE41657	Stem_progenitor_SB_M10	cancer_vs_normal	primary_all_samples	HC3_robust_binary	1.92033085346911	0.256370262823038	1.39987155034444	2.44079015659379	8.99616528514054e-09	37	35	NA	1.34942479277108e-08	independent_tissue_validation	NA	NA	NA	NA	NA	NA	NA	NA	NA	NA
cohort_effects	results_final/stage_8B_bulk_validation_summary.tsv	8b2833a4bfc8568591a65b1ded08c9e843a478f2678a3eabfe3d30518e557cd1	GSE41657	Stem_progenitor_SB_M10	low_grade_adenoma_vs_normal	primary_all_samples	HC3_robust_adjacent	1.19278122984689	0.270815747187239	0.640448871962623	1.74511358773115	0.000117389612018933	33	31	NA	0.000176084418028399	independent_tissue_validation	NA	NA	NA	NA	NA	NA	NA	NA	NA	NA
cohort_effects	results_final/stage_8B_bulk_validation_summary.tsv	8b2833a4bfc8568591a65b1ded08c9e843a478f2678a3eabfe3d30518e557cd1	GSE41657	Stem_progenitor_SB_M10	high_grade_adenoma_vs_low_grade_adenoma	primary_all_samples	HC3_robust_adjacent	0.472443310868704	0.240916921479854	-0.01169736874262	0.956583990480029	0.0555728245480141	51	49	NA	0.155389170773967	independent_tissue_validation	NA	NA	NA	NA	NA	NA	NA	NA	NA	NA
cohort_effects	results_final/stage_8B_bulk_validation_summary.tsv	8b2833a4bfc8568591a65b1ded08c9e843a478f2678a3eabfe3d30518e557cd1	GSE41657	Stem_progenitor_SB_M10	cancer_vs_high_grade_adenoma	primary_all_samples	HC3_robust_adjacent	0.255106312753522	0.224556241932174	-0.195296470225567	0.705509095732611	0.261048119368488	55	53	NA	0.261048119368488	independent_tissue_validation	NA	NA	NA	NA	NA	NA	NA	NA	NA	NA
cohort_effects	results_final/stage_8B_bulk_validation_summary.tsv	8b2833a4bfc8568591a65b1ded08c9e843a478f2678a3eabfe3d30518e557cd1	GSE41657	Stem_progenitor_SB_M02	ordered_trend	primary_all_samples	HC3_robust_ordinal	0.563730186418585	0.0976204594350659	0.369667135878849	0.757793236958321	1.19913595316518e-07	88	86	NA	1.43896314379822e-07	independent_tissue_validation	NA	NA	NA	NA	NA	NA	NA	NA	NA	NA
cohort_effects	results_final/stage_8B_bulk_validation_summary.tsv	8b2833a4bfc8568591a65b1ded08c9e843a478f2678a3eabfe3d30518e557cd1	GSE41657	Stem_progenitor_SB_M02	adenoma_vs_normal	primary_all_samples	HC3_robust_binary	2.42013042055188	0.102708627819666	2.21475182598121	2.62550901512255	2.48332626808588e-32	63	61	NA	1.48999576085153e-31	independent_tissue_validation	NA	NA	NA	NA	NA	NA	NA	NA	NA	NA
cohort_effects	results_final/stage_8B_bulk_validation_summary.tsv	8b2833a4bfc8568591a65b1ded08c9e843a478f2678a3eabfe3d30518e557cd1	GSE41657	Stem_progenitor_SB_M02	cancer_vs_adenoma	primary_all_samples	HC3_robust_binary	-0.300672349379102	0.145231215399982	-0.590051862921558	-0.0112928358366473	0.0419136640083075	76	74	NA	0.0419136640083075	independent_tissue_validation	NA	NA	NA	NA	NA	NA	NA	NA	NA	NA
cohort_effects	results_final/stage_8B_bulk_validation_summary.tsv	8b2833a4bfc8568591a65b1ded08c9e843a478f2678a3eabfe3d30518e557cd1	GSE41657	Stem_progenitor_SB_M02	cancer_vs_normal	primary_all_samples	HC3_robust_binary	2.11945807117278	0.116839538677456	1.88226119737056	2.35665494497499	2.22975920457671e-19	37	35	NA	1.33785552274603e-18	independent_tissue_validation	NA	NA	NA	NA	NA	NA	NA	NA	NA	NA
cohort_effects	results_final/stage_8B_bulk_validation_summary.tsv	8b2833a4bfc8568591a65b1ded08c9e843a478f2678a3eabfe3d30518e557cd1	GSE41657	Stem_progenitor_SB_M02	low_grade_adenoma_vs_normal	primary_all_samples	HC3_robust_adjacent	2.03105291863762	0.155373364184867	1.71416685317073	2.3479389841045	3.74788297230436e-14	33	31	NA	2.24872978338262e-13	independent_tissue_validation	NA	NA	NA	NA	NA	NA	NA	NA	NA	NA
cohort_effects	results_final/stage_8B_bulk_validation_summary.tsv	8b2833a4bfc8568591a65b1ded08c9e843a478f2678a3eabfe3d30518e557cd1	GSE41657	Stem_progenitor_SB_M02	high_grade_adenoma_vs_low_grade_adenoma	primary_all_samples	HC3_robust_adjacent	0.66143175325425	0.179322014942596	0.301070672553489	1.02179283395501	0.000565289040970022	51	49	NA	0.00339173424582013	independent_tissue_validation	NA	NA	NA	NA	NA	NA	NA	NA	NA	NA
cohort_effects	results_final/stage_8B_bulk_validation_summary.tsv	8b2833a4bfc8568591a65b1ded08c9e843a478f2678a3eabfe3d30518e557cd1	GSE41657	Stem_progenitor_SB_M02	cancer_vs_high_grade_adenoma	primary_all_samples	HC3_robust_adjacent	-0.573026600719088	0.147197080620881	-0.868266555696901	-0.277786645741274	0.00027898504309175	55	53	NA	0.000836955129275251	independent_tissue_validation	NA	NA	NA	NA	NA	NA	NA	NA	NA	NA
cohort_effects	results_final/stage_8B_bulk_validation_summary.tsv	8b2833a4bfc8568591a65b1ded08c9e843a478f2678a3eabfe3d30518e557cd1	GSE41657	Stem_progenitor_SB_M16	ordered_trend	primary_all_samples	HC3_robust_ordinal	0.731197434839772	0.0707849731968272	0.590481565334087	0.871913304345457	9.79190863935032e-17	88	86	NA	5.87514518361019e-16	independent_tissue_validation	NA	NA	NA	NA	NA	NA	NA	NA	NA	NA
cohort_effects	results_final/stage_8B_bulk_validation_summary.tsv	8b2833a4bfc8568591a65b1ded08c9e843a478f2678a3eabfe3d30518e557cd1	GSE41657	Stem_progenitor_SB_M16	adenoma_vs_normal	primary_all_samples	HC3_robust_binary	1.06382978516577	0.188111381914716	0.687677829283117	1.43998174104843	4.39786272535695e-07	63	61	NA	6.59679408803543e-07	independent_tissue_validation	NA	NA	NA	NA	NA	NA	NA	NA	NA	NA
cohort_effects	results_final/stage_8B_bulk_validation_summary.tsv	8b2833a4bfc8568591a65b1ded08c9e843a478f2678a3eabfe3d30518e557cd1	GSE41657	Stem_progenitor_SB_M16	cancer_vs_adenoma	primary_all_samples	HC3_robust_binary	1.3306542125858	0.175625890968737	0.980711985950691	1.68059643922091	8.15599725124615e-11	76	74	NA	4.89359835074769e-10	independent_tissue_validation	NA	NA	NA	NA	NA	NA	NA	NA	NA	NA
cohort_effects	results_final/stage_8B_bulk_validation_summary.tsv	8b2833a4bfc8568591a65b1ded08c9e843a478f2678a3eabfe3d30518e557cd1	GSE41657	Stem_progenitor_SB_M16	cancer_vs_normal	primary_all_samples	HC3_robust_binary	2.39448399775158	0.230328860726602	1.92689155148563	2.86207644401752	3.03946476455217e-12	37	35	NA	6.07892952910434e-12	independent_tissue_validation	NA	NA	NA	NA	NA	NA	NA	NA	NA	NA
cohort_effects	results_final/stage_8B_bulk_validation_summary.tsv	8b2833a4bfc8568591a65b1ded08c9e843a478f2678a3eabfe3d30518e557cd1	GSE41657	Stem_progenitor_SB_M16	low_grade_adenoma_vs_normal	primary_all_samples	HC3_robust_adjacent	0.970902038820161	0.19839358432082	0.566275655919068	1.37552842172125	2.91118696989908e-05	33	31	NA	5.82237393979816e-05	independent_tissue_validation	NA	NA	NA	NA	NA	NA	NA	NA	NA	NA
cohort_effects	results_final/stage_8B_bulk_validation_summary.tsv	8b2833a4bfc8568591a65b1ded08c9e843a478f2678a3eabfe3d30518e557cd1	GSE41657	Stem_progenitor_SB_M16	high_grade_adenoma_vs_low_grade_adenoma	primary_all_samples	HC3_robust_adjacent	0.157977168787542	0.157356132925864	-0.158241819350691	0.474196156925775	0.320336494533322	51	49	NA	0.400976441725344	independent_tissue_validation	NA	NA	NA	NA	NA	NA	NA	NA	NA	NA
cohort_effects	results_final/stage_8B_bulk_validation_summary.tsv	8b2833a4bfc8568591a65b1ded08c9e843a478f2678a3eabfe3d30518e557cd1	GSE41657	Stem_progenitor_SB_M16	cancer_vs_high_grade_adenoma	primary_all_samples	HC3_robust_adjacent	1.26560479014387	0.196092637172674	0.872292768423462	1.65891681186428	3.4031327031164e-08	55	53	NA	2.04187962186984e-07	independent_tissue_validation	NA	NA	NA	NA	NA	NA	NA	NA	NA	NA
cohort_effects	results_final/stage_8B_bulk_validation_summary.tsv	8b2833a4bfc8568591a65b1ded08c9e843a478f2678a3eabfe3d30518e557cd1	GSE41657	Stem_progenitor_SB_M12	ordered_trend	primary_all_samples	HC3_robust_ordinal	-0.0945813733757306	0.102013884910322	-0.297378264700291	0.10821551794883	0.356447431076728	88	86	NA	0.356447431076728	independent_tissue_validation	NA	NA	NA	NA	NA	NA	NA	NA	NA	NA
cohort_effects	results_final/stage_8B_bulk_validation_summary.tsv	8b2833a4bfc8568591a65b1ded08c9e843a478f2678a3eabfe3d30518e557cd1	GSE41657	Stem_progenitor_SB_M12	adenoma_vs_normal	primary_all_samples	HC3_robust_binary	0.972908149385247	0.229119558494417	0.514755276436183	1.43106102233431	7.53799998436228e-05	63	61	NA	7.53799998436228e-05	independent_tissue_validation	NA	NA	NA	NA	NA	NA	NA	NA	NA	NA
cohort_effects	results_final/stage_8B_bulk_validation_summary.tsv	8b2833a4bfc8568591a65b1ded08c9e843a478f2678a3eabfe3d30518e557cd1	GSE41657	Stem_progenitor_SB_M12	cancer_vs_adenoma	primary_all_samples	HC3_robust_binary	-0.839963404962019	0.213122162112442	-1.26461858275806	-0.415308227165976	0.000182138505240564	76	74	NA	0.000273207757860846	independent_tissue_validation	NA	NA	NA	NA	NA	NA	NA	NA	NA	NA
cohort_effects	results_final/stage_8B_bulk_validation_summary.tsv	8b2833a4bfc8568591a65b1ded08c9e843a478f2678a3eabfe3d30518e557cd1	GSE41657	Stem_progenitor_SB_M12	cancer_vs_normal	primary_all_samples	HC3_robust_binary	0.132944744423228	0.237036399085102	-0.348264728643351	0.614154217489806	0.578464757316929	37	35	NA	0.578464757316929	independent_tissue_validation	NA	NA	NA	NA	NA	NA	NA	NA	NA	NA
cohort_effects	results_final/stage_8B_bulk_validation_summary.tsv	8b2833a4bfc8568591a65b1ded08c9e843a478f2678a3eabfe3d30518e557cd1	GSE41657	Stem_progenitor_SB_M12	low_grade_adenoma_vs_normal	primary_all_samples	HC3_robust_adjacent	1.1341242930354	0.29393044487627	0.534649198404967	1.73359938766583	0.000540492643014875	33	31	NA	0.00064859117161785	independent_tissue_validation	NA	NA	NA	NA	NA	NA	NA	NA	NA	NA
cohort_effects	results_final/stage_8B_bulk_validation_summary.tsv	8b2833a4bfc8568591a65b1ded08c9e843a478f2678a3eabfe3d30518e557cd1	GSE41657	Stem_progenitor_SB_M12	high_grade_adenoma_vs_low_grade_adenoma	primary_all_samples	HC3_robust_adjacent	-0.274067444205259	0.299398026374187	-0.875730304052191	0.327595415641674	0.364467386043685	51	49	NA	0.400976441725344	independent_tissue_validation	NA	NA	NA	NA	NA	NA	NA	NA	NA	NA
cohort_effects	results_final/stage_8B_bulk_validation_summary.tsv	8b2833a4bfc8568591a65b1ded08c9e843a478f2678a3eabfe3d30518e557cd1	GSE41657	Stem_progenitor_SB_M12	cancer_vs_high_grade_adenoma	primary_all_samples	HC3_robust_adjacent	-0.727112104406913	0.243783359282023	-1.21607960101197	-0.238144607801858	0.0043121497387726	55	53	NA	0.0064682246081589	independent_tissue_validation	NA	NA	NA	NA	NA	NA	NA	NA	NA	NA
cohort_effects	results_final/stage_8B_bulk_validation_summary.tsv	8b2833a4bfc8568591a65b1ded08c9e843a478f2678a3eabfe3d30518e557cd1	GSE41657	Cycling_SB_M02	ordered_trend	primary_all_samples	HC3_robust_ordinal	0.622766218927605	0.0827802362081031	0.458204555768971	0.787327882086239	4.82512212503073e-11	88	86	NA	9.65024425006147e-11	independent_tissue_validation	NA	NA	NA	NA	NA	NA	NA	NA	NA	NA
cohort_effects	results_final/stage_8B_bulk_validation_summary.tsv	8b2833a4bfc8568591a65b1ded08c9e843a478f2678a3eabfe3d30518e557cd1	GSE41657	Cycling_SB_M02	adenoma_vs_normal	primary_all_samples	HC3_robust_binary	1.29705362120445	0.264346087868716	0.76846094930102	1.82564629310788	7.23024673982937e-06	63	61	NA	8.67629608779524e-06	independent_tissue_validation	NA	NA	NA	NA	NA	NA	NA	NA	NA	NA
cohort_effects	results_final/stage_8B_bulk_validation_summary.tsv	8b2833a4bfc8568591a65b1ded08c9e843a478f2678a3eabfe3d30518e557cd1	GSE41657	Cycling_SB_M02	cancer_vs_adenoma	primary_all_samples	HC3_robust_binary	0.748080670593663	0.187046196355215	0.375382988747743	1.12077835243958	0.000148943436207512	76	74	NA	0.000273207757860846	independent_tissue_validation	NA	NA	NA	NA	NA	NA	NA	NA	NA	NA
cohort_effects	results_final/stage_8B_bulk_validation_summary.tsv	8b2833a4bfc8568591a65b1ded08c9e843a478f2678a3eabfe3d30518e557cd1	GSE41657	Cycling_SB_M02	cancer_vs_normal	primary_all_samples	HC3_robust_binary	2.04513429179811	0.279072819766572	1.47858634783082	2.61168223576541	1.44737350670846e-08	37	35	NA	1.73684820805016e-08	independent_tissue_validation	NA	NA	NA	NA	NA	NA	NA	NA	NA	NA
cohort_effects	results_final/stage_8B_bulk_validation_summary.tsv	8b2833a4bfc8568591a65b1ded08c9e843a478f2678a3eabfe3d30518e557cd1	GSE41657	Cycling_SB_M02	low_grade_adenoma_vs_normal	primary_all_samples	HC3_robust_adjacent	1.05110476519769	0.29574515902436	0.447928536660865	1.65428099373452	0.00123920661614218	33	31	NA	0.00123920661614218	independent_tissue_validation	NA	NA	NA	NA	NA	NA	NA	NA	NA	NA
cohort_effects	results_final/stage_8B_bulk_validation_summary.tsv	8b2833a4bfc8568591a65b1ded08c9e843a478f2678a3eabfe3d30518e557cd1	GSE41657	Cycling_SB_M02	high_grade_adenoma_vs_low_grade_adenoma	primary_all_samples	HC3_robust_adjacent	0.418113055211491	0.232023832624647	-0.0481562932548183	0.884382403677801	0.0776945853869836	51	49	NA	0.155389170773967	independent_tissue_validation	NA	NA	NA	NA	NA	NA	NA	NA	NA	NA
cohort_effects	results_final/stage_8B_bulk_validation_summary.tsv	8b2833a4bfc8568591a65b1ded08c9e843a478f2678a3eabfe3d30518e557cd1	GSE41657	Cycling_SB_M02	cancer_vs_high_grade_adenoma	primary_all_samples	HC3_robust_adjacent	0.575916471388931	0.210360401577749	0.153986938350902	0.997846004426959	0.00840328830506448	55	53	NA	0.0100839459660774	independent_tissue_validation	NA	NA	NA	NA	NA	NA	NA	NA	NA	NA
cohort_effects	results_final/stage_8B_bulk_validation_summary.tsv	8b2833a4bfc8568591a65b1ded08c9e843a478f2678a3eabfe3d30518e557cd1	GSE41657	Cycling_SB_M01	ordered_trend	exclude_high_leverage	HC3_robust_ordinal	-0.726484202629168	0.0786643940169152	-0.882916977017992	-0.570051428240344	1.99431663145423e-14	86	84	NA	5.98294989436269e-14	independent_tissue_validation	NA	NA	NA	NA	NA	NA	NA	NA	NA	NA
cohort_effects	results_final/stage_8B_bulk_validation_summary.tsv	8b2833a4bfc8568591a65b1ded08c9e843a478f2678a3eabfe3d30518e557cd1	GSE41657	Cycling_SB_M01	adenoma_vs_normal	exclude_high_leverage	HC3_robust_binary	-2.09880928414195	0.177997890077743	-2.45498223949698	-1.74263632878692	3.75769912134155e-17	61	59	NA	1.12730973640247e-16	independent_tissue_validation	NA	NA	NA	NA	NA	NA	NA	NA	NA	NA
cohort_effects	results_final/stage_8B_bulk_validation_summary.tsv	8b2833a4bfc8568591a65b1ded08c9e843a478f2678a3eabfe3d30518e557cd1	GSE41657	Cycling_SB_M01	cancer_vs_adenoma	exclude_high_leverage	HC3_robust_binary	-0.591354530463524	0.128096674193174	-0.846710583478173	-0.335998477448875	1.66218312616239e-05	74	72	NA	4.98654937848716e-05	independent_tissue_validation	NA	NA	NA	NA	NA	NA	NA	NA	NA	NA
cohort_effects	results_final/stage_8B_bulk_validation_summary.tsv	8b2833a4bfc8568591a65b1ded08c9e843a478f2678a3eabfe3d30518e557cd1	GSE41657	Cycling_SB_M01	cancer_vs_normal	exclude_high_leverage	HC3_robust_binary	-2.69016381460547	0.184263743465337	-3.06423910110354	-2.31608852810741	1.86946668835015e-16	37	35	NA	5.60840006505046e-16	independent_tissue_validation	NA	NA	NA	NA	NA	NA	NA	NA	NA	NA
cohort_effects	results_final/stage_8B_bulk_validation_summary.tsv	8b2833a4bfc8568591a65b1ded08c9e843a478f2678a3eabfe3d30518e557cd1	GSE41657	Cycling_SB_M01	low_grade_adenoma_vs_normal	exclude_high_leverage	HC3_robust_adjacent	-2.01599511709103	0.205114520378686	-2.43489485244786	-1.5970953817342	6.83242399639723e-11	32	30	NA	2.04972719891917e-10	independent_tissue_validation	NA	NA	NA	NA	NA	NA	NA	NA	NA	NA
cohort_effects	results_final/stage_8B_bulk_validation_summary.tsv	8b2833a4bfc8568591a65b1ded08c9e843a478f2678a3eabfe3d30518e557cd1	GSE41657	Cycling_SB_M01	high_grade_adenoma_vs_low_grade_adenoma	exclude_high_leverage	HC3_robust_adjacent	-0.139927385706728	0.17291406440491	-0.487785614463763	0.207930843050307	0.422460269079009	49	47	NA	0.422460269079009	independent_tissue_validation	NA	NA	NA	NA	NA	NA	NA	NA	NA	NA
cohort_effects	results_final/stage_8B_bulk_validation_summary.tsv	8b2833a4bfc8568591a65b1ded08c9e843a478f2678a3eabfe3d30518e557cd1	GSE41657	Cycling_SB_M01	cancer_vs_high_grade_adenoma	exclude_high_leverage	HC3_robust_adjacent	-0.534241311807717	0.147581958093483	-0.830386176500751	-0.238096447114682	0.000667731895200496	54	52	NA	0.00133546379040099	independent_tissue_validation	NA	NA	NA	NA	NA	NA	NA	NA	NA	NA
cohort_effects	results_final/stage_8B_bulk_validation_summary.tsv	8b2833a4bfc8568591a65b1ded08c9e843a478f2678a3eabfe3d30518e557cd1	GSE41657	Stem_progenitor_SB_M10	ordered_trend	exclude_high_leverage	HC3_robust_ordinal	0.566437330328053	0.0832777489383237	0.400830393745326	0.73204426691078	1.41783096446789e-09	86	84	NA	2.12674644670184e-09	independent_tissue_validation	NA	NA	NA	NA	NA	NA	NA	NA	NA	NA
cohort_effects	results_final/stage_8B_bulk_validation_summary.tsv	8b2833a4bfc8568591a65b1ded08c9e843a478f2678a3eabfe3d30518e557cd1	GSE41657	Stem_progenitor_SB_M10	adenoma_vs_normal	exclude_high_leverage	HC3_robust_binary	1.47782697401192	0.247842761670769	0.981894753416081	1.97375919460776	1.49091029729967e-07	61	59	NA	2.98182059459933e-07	independent_tissue_validation	NA	NA	NA	NA	NA	NA	NA	NA	NA	NA
cohort_effects	results_final/stage_8B_bulk_validation_summary.tsv	8b2833a4bfc8568591a65b1ded08c9e843a478f2678a3eabfe3d30518e557cd1	GSE41657	Stem_progenitor_SB_M10	cancer_vs_adenoma	exclude_high_leverage	HC3_robust_binary	0.442503879457193	0.193757898946105	0.0562545671551801	0.828753191759206	0.0253351758105572	74	72	NA	0.0304022109726686	independent_tissue_validation	NA	NA	NA	NA	NA	NA	NA	NA	NA	NA
cohort_effects	results_final/stage_8B_bulk_validation_summary.tsv	8b2833a4bfc8568591a65b1ded08c9e843a478f2678a3eabfe3d30518e557cd1	GSE41657	Stem_progenitor_SB_M10	cancer_vs_normal	exclude_high_leverage	HC3_robust_binary	1.92033085346911	0.256370262823038	1.39987155034444	2.44079015659379	8.99616528514054e-09	37	35	NA	1.34942479277108e-08	independent_tissue_validation	NA	NA	NA	NA	NA	NA	NA	NA	NA	NA
cohort_effects	results_final/stage_8B_bulk_validation_summary.tsv	8b2833a4bfc8568591a65b1ded08c9e843a478f2678a3eabfe3d30518e557cd1	GSE41657	Stem_progenitor_SB_M10	low_grade_adenoma_vs_normal	exclude_high_leverage	HC3_robust_adjacent	1.21560669270127	0.275350490266796	0.653265970600351	1.77794741480219	0.000120841809911807	32	30	NA	0.00018126271486771	independent_tissue_validation	NA	NA	NA	NA	NA	NA	NA	NA	NA	NA
cohort_effects	results_final/stage_8B_bulk_validation_summary.tsv	8b2833a4bfc8568591a65b1ded08c9e843a478f2678a3eabfe3d30518e557cd1	GSE41657	Stem_progenitor_SB_M10	high_grade_adenoma_vs_low_grade_adenoma	exclude_high_leverage	HC3_robust_adjacent	0.443061854628341	0.250230086243805	-0.0603361476224139	0.946459856879096	0.0831096956741757	49	47	NA	0.21730199148752	independent_tissue_validation	NA	NA	NA	NA	NA	NA	NA	NA	NA	NA
cohort_effects	results_final/stage_8B_bulk_validation_summary.tsv	8b2833a4bfc8568591a65b1ded08c9e843a478f2678a3eabfe3d30518e557cd1	GSE41657	Stem_progenitor_SB_M10	cancer_vs_high_grade_adenoma	exclude_high_leverage	HC3_robust_adjacent	0.261662306139502	0.229178784426855	-0.198218569418567	0.721543181697572	0.258793047556339	54	52	NA	0.258793047556339	independent_tissue_validation	NA	NA	NA	NA	NA	NA	NA	NA	NA	NA
cohort_effects	results_final/stage_8B_bulk_validation_summary.tsv	8b2833a4bfc8568591a65b1ded08c9e843a478f2678a3eabfe3d30518e557cd1	GSE41657	Stem_progenitor_SB_M02	ordered_trend	exclude_high_leverage	HC3_robust_ordinal	0.566692655165568	0.0972318011968461	0.373336555368059	0.760048754963076	1.00616139857414e-07	86	84	NA	1.20739367828897e-07	independent_tissue_validation	NA	NA	NA	NA	NA	NA	NA	NA	NA	NA
cohort_effects	results_final/stage_8B_bulk_validation_summary.tsv	8b2833a4bfc8568591a65b1ded08c9e843a478f2678a3eabfe3d30518e557cd1	GSE41657	Stem_progenitor_SB_M02	adenoma_vs_normal	exclude_high_leverage	HC3_robust_binary	2.42047802760766	0.105918194914434	2.20853620912842	2.63241984608689	5.35798723554713e-31	61	59	NA	3.21479234132828e-30	independent_tissue_validation	NA	NA	NA	NA	NA	NA	NA	NA	NA	NA
cohort_effects	results_final/stage_8B_bulk_validation_summary.tsv	8b2833a4bfc8568591a65b1ded08c9e843a478f2678a3eabfe3d30518e557cd1	GSE41657	Stem_progenitor_SB_M02	cancer_vs_adenoma	exclude_high_leverage	HC3_robust_binary	-0.30101995643488	0.147518499558155	-0.595092710712687	-0.00694720215707306	0.0449626081447986	74	72	NA	0.0449626081447986	independent_tissue_validation	NA	NA	NA	NA	NA	NA	NA	NA	NA	NA
cohort_effects	results_final/stage_8B_bulk_validation_summary.tsv	8b2833a4bfc8568591a65b1ded08c9e843a478f2678a3eabfe3d30518e557cd1	GSE41657	Stem_progenitor_SB_M02	cancer_vs_normal	exclude_high_leverage	HC3_robust_binary	2.11945807117278	0.116839538677456	1.88226119737056	2.35665494497499	2.22975920457671e-19	37	35	NA	1.33785552274603e-18	independent_tissue_validation	NA	NA	NA	NA	NA	NA	NA	NA	NA	NA
cohort_effects	results_final/stage_8B_bulk_validation_summary.tsv	8b2833a4bfc8568591a65b1ded08c9e843a478f2678a3eabfe3d30518e557cd1	GSE41657	Stem_progenitor_SB_M02	low_grade_adenoma_vs_normal	exclude_high_leverage	HC3_robust_adjacent	2.02861085641386	0.163015504197562	1.69568878224112	2.36153293058659	2.23763421841368e-13	32	30	NA	1.34258053104821e-12	independent_tissue_validation	NA	NA	NA	NA	NA	NA	NA	NA	NA	NA
cohort_effects	results_final/stage_8B_bulk_validation_summary.tsv	8b2833a4bfc8568591a65b1ded08c9e843a478f2678a3eabfe3d30518e557cd1	GSE41657	Stem_progenitor_SB_M02	high_grade_adenoma_vs_low_grade_adenoma	exclude_high_leverage	HC3_robust_adjacent	0.662120392706769	0.187834776595346	0.284245562742532	1.03999522267101	0.000956012475751842	49	47	NA	0.00573607485451105	independent_tissue_validation	NA	NA	NA	NA	NA	NA	NA	NA	NA	NA
cohort_effects	results_final/stage_8B_bulk_validation_summary.tsv	8b2833a4bfc8568591a65b1ded08c9e843a478f2678a3eabfe3d30518e557cd1	GSE41657	Stem_progenitor_SB_M02	cancer_vs_high_grade_adenoma	exclude_high_leverage	HC3_robust_adjacent	-0.571273177947847	0.149530353066523	-0.871327783188531	-0.271218572707162	0.0003571221603899	54	52	NA	0.0010713664811697	independent_tissue_validation	NA	NA	NA	NA	NA	NA	NA	NA	NA	NA
cohort_effects	results_final/stage_8B_bulk_validation_summary.tsv	8b2833a4bfc8568591a65b1ded08c9e843a478f2678a3eabfe3d30518e557cd1	GSE41657	Stem_progenitor_SB_M16	ordered_trend	exclude_high_leverage	HC3_robust_ordinal	0.7293879006618	0.0708466334169243	0.58850160057622	0.87027420074738	1.49292373118866e-16	86	84	NA	8.95754238713199e-16	independent_tissue_validation	NA	NA	NA	NA	NA	NA	NA	NA	NA	NA
cohort_effects	results_final/stage_8B_bulk_validation_summary.tsv	8b2833a4bfc8568591a65b1ded08c9e843a478f2678a3eabfe3d30518e557cd1	GSE41657	Stem_progenitor_SB_M16	adenoma_vs_normal	exclude_high_leverage	HC3_robust_binary	1.08680432122007	0.188753103711051	0.709110233094436	1.46449840934569	3.25072735516931e-07	61	59	NA	4.87609103275397e-07	independent_tissue_validation	NA	NA	NA	NA	NA	NA	NA	NA	NA	NA
cohort_effects	results_final/stage_8B_bulk_validation_summary.tsv	8b2833a4bfc8568591a65b1ded08c9e843a478f2678a3eabfe3d30518e557cd1	GSE41657	Stem_progenitor_SB_M16	cancer_vs_adenoma	exclude_high_leverage	HC3_robust_binary	1.30767967653151	0.17631306172049	0.956206011665109	1.65915334139791	1.87075498335719e-10	74	72	NA	1.12245299001431e-09	independent_tissue_validation	NA	NA	NA	NA	NA	NA	NA	NA	NA	NA
cohort_effects	results_final/stage_8B_bulk_validation_summary.tsv	8b2833a4bfc8568591a65b1ded08c9e843a478f2678a3eabfe3d30518e557cd1	GSE41657	Stem_progenitor_SB_M16	cancer_vs_normal	exclude_high_leverage	HC3_robust_binary	2.39448399775158	0.230328860726602	1.92689155148563	2.86207644401752	3.03946476455217e-12	37	35	NA	6.07892952910434e-12	independent_tissue_validation	NA	NA	NA	NA	NA	NA	NA	NA	NA	NA
cohort_effects	results_final/stage_8B_bulk_validation_summary.tsv	8b2833a4bfc8568591a65b1ded08c9e843a478f2678a3eabfe3d30518e557cd1	GSE41657	Stem_progenitor_SB_M16	low_grade_adenoma_vs_normal	exclude_high_leverage	HC3_robust_adjacent	1.00406972081372	0.19804379693287	0.599610329196407	1.40852911243104	1.91214781985621e-05	32	30	NA	3.82429563971242e-05	independent_tissue_validation	NA	NA	NA	NA	NA	NA	NA	NA	NA	NA
cohort_effects	results_final/stage_8B_bulk_validation_summary.tsv	8b2833a4bfc8568591a65b1ded08c9e843a478f2678a3eabfe3d30518e557cd1	GSE41657	Stem_progenitor_SB_M16	high_grade_adenoma_vs_low_grade_adenoma	exclude_high_leverage	HC3_robust_adjacent	0.139792945514167	0.159390584034267	-0.180859549894617	0.46044544092295	0.384922496585753	49	47	NA	0.422460269079009	independent_tissue_validation	NA	NA	NA	NA	NA	NA	NA	NA	NA	NA
cohort_effects	results_final/stage_8B_bulk_validation_summary.tsv	8b2833a4bfc8568591a65b1ded08c9e843a478f2678a3eabfe3d30518e557cd1	GSE41657	Stem_progenitor_SB_M16	cancer_vs_high_grade_adenoma	exclude_high_leverage	HC3_robust_adjacent	1.25062133142369	0.198079269129335	0.853146198876355	1.64809646397102	6.13171286068431e-08	54	52	NA	3.67902771641059e-07	independent_tissue_validation	NA	NA	NA	NA	NA	NA	NA	NA	NA	NA
cohort_effects	results_final/stage_8B_bulk_validation_summary.tsv	8b2833a4bfc8568591a65b1ded08c9e843a478f2678a3eabfe3d30518e557cd1	GSE41657	Stem_progenitor_SB_M12	ordered_trend	exclude_high_leverage	HC3_robust_ordinal	-0.104366530443703	0.101309405941987	-0.305831394455506	0.0970983335680991	0.305884491653027	86	84	NA	0.305884491653027	independent_tissue_validation	NA	NA	NA	NA	NA	NA	NA	NA	NA	NA
cohort_effects	results_final/stage_8B_bulk_validation_summary.tsv	8b2833a4bfc8568591a65b1ded08c9e843a478f2678a3eabfe3d30518e557cd1	GSE41657	Stem_progenitor_SB_M12	adenoma_vs_normal	exclude_high_leverage	HC3_robust_binary	0.924035472964875	0.22476044900842	0.474290853321984	1.37378009260777	0.000123423908548219	61	59	NA	0.000123423908548219	independent_tissue_validation	NA	NA	NA	NA	NA	NA	NA	NA	NA	NA
cohort_effects	results_final/stage_8B_bulk_validation_summary.tsv	8b2833a4bfc8568591a65b1ded08c9e843a478f2678a3eabfe3d30518e557cd1	GSE41657	Stem_progenitor_SB_M12	cancer_vs_adenoma	exclude_high_leverage	HC3_robust_binary	-0.791090728541648	0.208428748826241	-1.20658584557168	-0.375595611511619	0.000304502305303275	74	72	NA	0.000456753457954912	independent_tissue_validation	NA	NA	NA	NA	NA	NA	NA	NA	NA	NA
cohort_effects	results_final/stage_8B_bulk_validation_summary.tsv	8b2833a4bfc8568591a65b1ded08c9e843a478f2678a3eabfe3d30518e557cd1	GSE41657	Stem_progenitor_SB_M12	cancer_vs_normal	exclude_high_leverage	HC3_robust_binary	0.132944744423228	0.237036399085102	-0.348264728643351	0.614154217489806	0.578464757316929	37	35	NA	0.578464757316929	independent_tissue_validation	NA	NA	NA	NA	NA	NA	NA	NA	NA	NA
cohort_effects	results_final/stage_8B_bulk_validation_summary.tsv	8b2833a4bfc8568591a65b1ded08c9e843a478f2678a3eabfe3d30518e557cd1	GSE41657	Stem_progenitor_SB_M12	low_grade_adenoma_vs_normal	exclude_high_leverage	HC3_robust_adjacent	1.16645591420921	0.301820026163835	0.550057188014686	1.78285464040373	0.000553003217608753	32	30	NA	0.000663603861130503	independent_tissue_validation	NA	NA	NA	NA	NA	NA	NA	NA	NA	NA
cohort_effects	results_final/stage_8B_bulk_validation_summary.tsv	8b2833a4bfc8568591a65b1ded08c9e843a478f2678a3eabfe3d30518e557cd1	GSE41657	Stem_progenitor_SB_M12	high_grade_adenoma_vs_low_grade_adenoma	exclude_high_leverage	HC3_robust_adjacent	-0.409606952447317	0.291641235008128	-0.996313440387351	0.177099535492717	0.166747666768151	49	47	NA	0.250121500152227	independent_tissue_validation	NA	NA	NA	NA	NA	NA	NA	NA	NA	NA
cohort_effects	results_final/stage_8B_bulk_validation_summary.tsv	8b2833a4bfc8568591a65b1ded08c9e843a478f2678a3eabfe3d30518e557cd1	GSE41657	Stem_progenitor_SB_M12	cancer_vs_high_grade_adenoma	exclude_high_leverage	HC3_robust_adjacent	-0.623904217338661	0.223931990244269	-1.07325663011343	-0.174551804563893	0.00742730561189872	54	52	NA	0.0111409584178481	independent_tissue_validation	NA	NA	NA	NA	NA	NA	NA	NA	NA	NA
cohort_effects	results_final/stage_8B_bulk_validation_summary.tsv	8b2833a4bfc8568591a65b1ded08c9e843a478f2678a3eabfe3d30518e557cd1	GSE41657	Cycling_SB_M02	ordered_trend	exclude_high_leverage	HC3_robust_ordinal	0.617672671198732	0.0835192270222057	0.451585528964035	0.783759813433429	9.69081665115338e-11	86	84	NA	1.93816333023068e-10	independent_tissue_validation	NA	NA	NA	NA	NA	NA	NA	NA	NA	NA
cohort_effects	results_final/stage_8B_bulk_validation_summary.tsv	8b2833a4bfc8568591a65b1ded08c9e843a478f2678a3eabfe3d30518e557cd1	GSE41657	Cycling_SB_M02	adenoma_vs_normal	exclude_high_leverage	HC3_robust_binary	1.32579953915947	0.265341593355022	0.794852237241497	1.85674684107745	5.51678122032589e-06	61	59	NA	6.62013746439107e-06	independent_tissue_validation	NA	NA	NA	NA	NA	NA	NA	NA	NA	NA
cohort_effects	results_final/stage_8B_bulk_validation_summary.tsv	8b2833a4bfc8568591a65b1ded08c9e843a478f2678a3eabfe3d30518e557cd1	GSE41657	Cycling_SB_M02	cancer_vs_adenoma	exclude_high_leverage	HC3_robust_binary	0.719334752638641	0.188450488361374	0.343665569970604	1.09500393530668	0.000283180221055012	74	72	NA	0.000456753457954912	independent_tissue_validation	NA	NA	NA	NA	NA	NA	NA	NA	NA	NA
cohort_effects	results_final/stage_8B_bulk_validation_summary.tsv	8b2833a4bfc8568591a65b1ded08c9e843a478f2678a3eabfe3d30518e557cd1	GSE41657	Cycling_SB_M02	cancer_vs_normal	exclude_high_leverage	HC3_robust_binary	2.04513429179811	0.279072819766572	1.47858634783082	2.61168223576541	1.44737350670846e-08	37	35	NA	1.73684820805016e-08	independent_tissue_validation	NA	NA	NA	NA	NA	NA	NA	NA	NA	NA
cohort_effects	results_final/stage_8B_bulk_validation_summary.tsv	8b2833a4bfc8568591a65b1ded08c9e843a478f2678a3eabfe3d30518e557cd1	GSE41657	Cycling_SB_M02	low_grade_adenoma_vs_normal	exclude_high_leverage	HC3_robust_adjacent	1.09629691685046	0.297399642677325	0.488925818096732	1.70366801560419	0.000897193322689648	32	30	NA	0.000897193322689648	independent_tissue_validation	NA	NA	NA	NA	NA	NA	NA	NA	NA	NA
cohort_effects	results_final/stage_8B_bulk_validation_summary.tsv	8b2833a4bfc8568591a65b1ded08c9e843a478f2678a3eabfe3d30518e557cd1	GSE41657	Cycling_SB_M02	high_grade_adenoma_vs_low_grade_adenoma	exclude_high_leverage	HC3_robust_adjacent	0.387780292866944	0.237120032083533	-0.0892436822924016	0.86480426802629	0.10865099574376	49	47	NA	0.21730199148752	independent_tissue_validation	NA	NA	NA	NA	NA	NA	NA	NA	NA	NA
cohort_effects	results_final/stage_8B_bulk_validation_summary.tsv	8b2833a4bfc8568591a65b1ded08c9e843a478f2678a3eabfe3d30518e557cd1	GSE41657	Cycling_SB_M02	cancer_vs_high_grade_adenoma	exclude_high_leverage	HC3_robust_adjacent	0.561057082080705	0.213684348708932	0.132268066452238	0.989846097709172	0.0113324247878818	54	52	NA	0.0135989097454582	independent_tissue_validation	NA	NA	NA	NA	NA	NA	NA	NA	NA	NA
cohort_effects	results_final/stage_8B_bulk_validation_summary.tsv	8b2833a4bfc8568591a65b1ded08c9e843a478f2678a3eabfe3d30518e557cd1	GSE41657	Cycling_SB_M01	ordered_trend	exclude_all_qc_flags	HC3_robust_ordinal	-0.781865235339516	0.0756433552235032	-0.932657508037632	-0.631072962641401	7.16563403802289e-16	74	72	NA	4.29938042281374e-15	independent_tissue_validation	NA	NA	NA	NA	NA	NA	NA	NA	NA	NA
cohort_effects	results_final/stage_8B_bulk_validation_summary.tsv	8b2833a4bfc8568591a65b1ded08c9e843a478f2678a3eabfe3d30518e557cd1	GSE41657	Cycling_SB_M01	adenoma_vs_normal	exclude_all_qc_flags	HC3_robust_binary	-2.08198028515065	0.183373641869493	-2.45048341499379	-1.71347715530751	2.52014827307845e-15	51	49	NA	7.56044481923536e-15	independent_tissue_validation	NA	NA	NA	NA	NA	NA	NA	NA	NA	NA
cohort_effects	results_final/stage_8B_bulk_validation_summary.tsv	8b2833a4bfc8568591a65b1ded08c9e843a478f2678a3eabfe3d30518e557cd1	GSE41657	Cycling_SB_M01	cancer_vs_adenoma	exclude_all_qc_flags	HC3_robust_binary	-0.587817672132051	0.140718773225045	-0.869297127730628	-0.306338216533475	9.7091038758009e-05	62	60	NA	0.000291273116274027	independent_tissue_validation	NA	NA	NA	NA	NA	NA	NA	NA	NA	NA
cohort_effects	results_final/stage_8B_bulk_validation_summary.tsv	8b2833a4bfc8568591a65b1ded08c9e843a478f2678a3eabfe3d30518e557cd1	GSE41657	Cycling_SB_M01	cancer_vs_normal	exclude_all_qc_flags	HC3_robust_binary	-2.6697979572827	0.188158174667262	-3.05260864198339	-2.28698727258201	1.32932379717856e-15	35	33	NA	3.98797139153568e-15	independent_tissue_validation	NA	NA	NA	NA	NA	NA	NA	NA	NA	NA
cohort_effects	results_final/stage_8B_bulk_validation_summary.tsv	8b2833a4bfc8568591a65b1ded08c9e843a478f2678a3eabfe3d30518e557cd1	GSE41657	Cycling_SB_M01	low_grade_adenoma_vs_normal	exclude_all_qc_flags	HC3_robust_adjacent	-1.94566291262514	0.223717978614089	-2.40962560327883	-1.48170022197146	1.43551642708089e-08	24	22	NA	4.30654928124267e-08	independent_tissue_validation	NA	NA	NA	NA	NA	NA	NA	NA	NA	NA
cohort_effects	results_final/stage_8B_bulk_validation_summary.tsv	8b2833a4bfc8568591a65b1ded08c9e843a478f2678a3eabfe3d30518e557cd1	GSE41657	Cycling_SB_M01	high_grade_adenoma_vs_low_grade_adenoma	exclude_all_qc_flags	HC3_robust_adjacent	-0.196902871425727	0.199141246212551	-0.600401363579822	0.206595620728369	0.329202921361683	39	37	NA	0.332809392010261	independent_tissue_validation	NA	NA	NA	NA	NA	NA	NA	NA	NA	NA
cohort_effects	results_final/stage_8B_bulk_validation_summary.tsv	8b2833a4bfc8568591a65b1ded08c9e843a478f2678a3eabfe3d30518e557cd1	GSE41657	Cycling_SB_M01	cancer_vs_high_grade_adenoma	exclude_all_qc_flags	HC3_robust_adjacent	-0.527232173231828	0.15814866639346	-0.845211378754438	-0.209252967709217	0.00165721809787923	50	48	NA	0.00331443619575845	independent_tissue_validation	NA	NA	NA	NA	NA	NA	NA	NA	NA	NA
cohort_effects	results_final/stage_8B_bulk_validation_summary.tsv	8b2833a4bfc8568591a65b1ded08c9e843a478f2678a3eabfe3d30518e557cd1	GSE41657	Stem_progenitor_SB_M10	ordered_trend	exclude_all_qc_flags	HC3_robust_ordinal	0.601764373843646	0.0852779480500086	0.43176589136627	0.771762856321022	8.69509309844308e-10	74	72	NA	1.04341117181317e-09	independent_tissue_validation	NA	NA	NA	NA	NA	NA	NA	NA	NA	NA
cohort_effects	results_final/stage_8B_bulk_validation_summary.tsv	8b2833a4bfc8568591a65b1ded08c9e843a478f2678a3eabfe3d30518e557cd1	GSE41657	Stem_progenitor_SB_M10	adenoma_vs_normal	exclude_all_qc_flags	HC3_robust_binary	1.51760605875134	0.256598695842605	1.00195167370638	2.0332604437963	3.17088463340874e-07	51	49	NA	4.75632695011312e-07	independent_tissue_validation	NA	NA	NA	NA	NA	NA	NA	NA	NA	NA
cohort_effects	results_final/stage_8B_bulk_validation_summary.tsv	8b2833a4bfc8568591a65b1ded08c9e843a478f2678a3eabfe3d30518e557cd1	GSE41657	Stem_progenitor_SB_M10	cancer_vs_adenoma	exclude_all_qc_flags	HC3_robust_binary	0.434164584179136	0.212724453651848	0.00865232285017131	0.8596768455081	0.0456599401659486	62	60	NA	0.0547919281991383	independent_tissue_validation	NA	NA	NA	NA	NA	NA	NA	NA	NA	NA
cohort_effects	results_final/stage_8B_bulk_validation_summary.tsv	8b2833a4bfc8568591a65b1ded08c9e843a478f2678a3eabfe3d30518e557cd1	GSE41657	Stem_progenitor_SB_M10	cancer_vs_normal	exclude_all_qc_flags	HC3_robust_binary	1.95177064293048	0.262713580238802	1.41727584508695	2.48626544077401	1.54793745238461e-08	35	33	NA	2.14672901258983e-08	independent_tissue_validation	NA	NA	NA	NA	NA	NA	NA	NA	NA	NA
cohort_effects	results_final/stage_8B_bulk_validation_summary.tsv	8b2833a4bfc8568591a65b1ded08c9e843a478f2678a3eabfe3d30518e557cd1	GSE41657	Stem_progenitor_SB_M10	low_grade_adenoma_vs_normal	exclude_all_qc_flags	HC3_robust_adjacent	1.21687018392198	0.28666019026936	0.62237333568211	1.81136703216185	0.000331663801506683	24	22	NA	0.000497495702260024	independent_tissue_validation	NA	NA	NA	NA	NA	NA	NA	NA	NA	NA
cohort_effects	results_final/stage_8B_bulk_validation_summary.tsv	8b2833a4bfc8568591a65b1ded08c9e843a478f2678a3eabfe3d30518e557cd1	GSE41657	Stem_progenitor_SB_M10	high_grade_adenoma_vs_low_grade_adenoma	exclude_all_qc_flags	HC3_robust_adjacent	0.434396263642413	0.270740983123559	-0.114177075795633	0.98296960308046	0.117113184369953	39	37	NA	0.17566977655493	independent_tissue_validation	NA	NA	NA	NA	NA	NA	NA	NA	NA	NA
cohort_effects	results_final/stage_8B_bulk_validation_summary.tsv	8b2833a4bfc8568591a65b1ded08c9e843a478f2678a3eabfe3d30518e557cd1	GSE41657	Stem_progenitor_SB_M10	cancer_vs_high_grade_adenoma	exclude_all_qc_flags	HC3_robust_adjacent	0.300504195366086	0.245244858252595	-0.192593640765209	0.793602031497381	0.226432153295184	50	48	NA	0.226432153295184	independent_tissue_validation	NA	NA	NA	NA	NA	NA	NA	NA	NA	NA
cohort_effects	results_final/stage_8B_bulk_validation_summary.tsv	8b2833a4bfc8568591a65b1ded08c9e843a478f2678a3eabfe3d30518e557cd1	GSE41657	Stem_progenitor_SB_M02	ordered_trend	exclude_all_qc_flags	HC3_robust_ordinal	0.642098626858716	0.0909150713250971	0.46086274451167	0.823334509205763	8.47203875789157e-10	74	72	NA	1.04341117181317e-09	independent_tissue_validation	NA	NA	NA	NA	NA	NA	NA	NA	NA	NA
cohort_effects	results_final/stage_8B_bulk_validation_summary.tsv	8b2833a4bfc8568591a65b1ded08c9e843a478f2678a3eabfe3d30518e557cd1	GSE41657	Stem_progenitor_SB_M02	adenoma_vs_normal	exclude_all_qc_flags	HC3_robust_binary	2.43043968354582	0.121102026622137	2.1870760496798	2.67380331741183	2.77102650207325e-25	51	49	NA	1.66261590124395e-24	independent_tissue_validation	NA	NA	NA	NA	NA	NA	NA	NA	NA	NA
cohort_effects	results_final/stage_8B_bulk_validation_summary.tsv	8b2833a4bfc8568591a65b1ded08c9e843a478f2678a3eabfe3d30518e557cd1	GSE41657	Stem_progenitor_SB_M02	cancer_vs_adenoma	exclude_all_qc_flags	HC3_robust_binary	-0.314750270848228	0.164770610528218	-0.644340564219783	0.0148400225233277	0.0608860247866606	62	60	NA	0.0608860247866606	independent_tissue_validation	NA	NA	NA	NA	NA	NA	NA	NA	NA	NA
cohort_effects	results_final/stage_8B_bulk_validation_summary.tsv	8b2833a4bfc8568591a65b1ded08c9e843a478f2678a3eabfe3d30518e557cd1	GSE41657	Stem_progenitor_SB_M02	cancer_vs_normal	exclude_all_qc_flags	HC3_robust_binary	2.11568941269759	0.12486827996836	1.86164298693577	2.3697358384594	7.59223954840984e-18	35	33	NA	4.55534372904591e-17	independent_tissue_validation	NA	NA	NA	NA	NA	NA	NA	NA	NA	NA
cohort_effects	results_final/stage_8B_bulk_validation_summary.tsv	8b2833a4bfc8568591a65b1ded08c9e843a478f2678a3eabfe3d30518e557cd1	GSE41657	Stem_progenitor_SB_M02	low_grade_adenoma_vs_normal	exclude_all_qc_flags	HC3_robust_adjacent	1.83611749565146	0.202784753993145	1.41556765576353	2.25666733553938	7.12332677048165e-09	24	22	NA	4.27399606228899e-08	independent_tissue_validation	NA	NA	NA	NA	NA	NA	NA	NA	NA	NA
cohort_effects	results_final/stage_8B_bulk_validation_summary.tsv	8b2833a4bfc8568591a65b1ded08c9e843a478f2678a3eabfe3d30518e557cd1	GSE41657	Stem_progenitor_SB_M02	high_grade_adenoma_vs_low_grade_adenoma	exclude_all_qc_flags	HC3_robust_adjacent	0.858465382514078	0.226794132809103	0.398936819957051	1.3179939450711	0.000545706833508261	39	37	NA	0.00327424100104956	independent_tissue_validation	NA	NA	NA	NA	NA	NA	NA	NA	NA	NA
cohort_effects	results_final/stage_8B_bulk_validation_summary.tsv	8b2833a4bfc8568591a65b1ded08c9e843a478f2678a3eabfe3d30518e557cd1	GSE41657	Stem_progenitor_SB_M02	cancer_vs_high_grade_adenoma	exclude_all_qc_flags	HC3_robust_adjacent	-0.578893465467944	0.160953439127063	-0.902512044535973	-0.255274886399914	0.000759566405362531	50	48	NA	0.00227869921608759	independent_tissue_validation	NA	NA	NA	NA	NA	NA	NA	NA	NA	NA
cohort_effects	results_final/stage_8B_bulk_validation_summary.tsv	8b2833a4bfc8568591a65b1ded08c9e843a478f2678a3eabfe3d30518e557cd1	GSE41657	Stem_progenitor_SB_M16	ordered_trend	exclude_all_qc_flags	HC3_robust_ordinal	0.73571032704963	0.0743291904459467	0.587537793956163	0.883882860143096	4.54696932410984e-15	74	72	NA	1.36409079723295e-14	independent_tissue_validation	NA	NA	NA	NA	NA	NA	NA	NA	NA	NA
cohort_effects	results_final/stage_8B_bulk_validation_summary.tsv	8b2833a4bfc8568591a65b1ded08c9e843a478f2678a3eabfe3d30518e557cd1	GSE41657	Stem_progenitor_SB_M16	adenoma_vs_normal	exclude_all_qc_flags	HC3_robust_binary	1.159945497832	0.190009164107763	0.778107786813409	1.54178320885058	1.61398863862879e-07	51	49	NA	3.22797727725758e-07	independent_tissue_validation	NA	NA	NA	NA	NA	NA	NA	NA	NA	NA
cohort_effects	results_final/stage_8B_bulk_validation_summary.tsv	8b2833a4bfc8568591a65b1ded08c9e843a478f2678a3eabfe3d30518e557cd1	GSE41657	Stem_progenitor_SB_M16	cancer_vs_adenoma	exclude_all_qc_flags	HC3_robust_binary	1.2084313390608	0.187842699461495	0.832689996446691	1.5841726816749	2.2969642774683e-08	62	60	NA	1.37817856648098e-07	independent_tissue_validation	NA	NA	NA	NA	NA	NA	NA	NA	NA	NA
cohort_effects	results_final/stage_8B_bulk_validation_summary.tsv	8b2833a4bfc8568591a65b1ded08c9e843a478f2678a3eabfe3d30518e557cd1	GSE41657	Stem_progenitor_SB_M16	cancer_vs_normal	exclude_all_qc_flags	HC3_robust_binary	2.36837683689279	0.238273413974297	1.88360593118661	2.85314774259898	1.88310279329505e-11	35	33	NA	3.76620558659009e-11	independent_tissue_validation	NA	NA	NA	NA	NA	NA	NA	NA	NA	NA
cohort_effects	results_final/stage_8B_bulk_validation_summary.tsv	8b2833a4bfc8568591a65b1ded08c9e843a478f2678a3eabfe3d30518e557cd1	GSE41657	Stem_progenitor_SB_M16	low_grade_adenoma_vs_normal	exclude_all_qc_flags	HC3_robust_adjacent	1.05046918305841	0.204419894736817	0.626528268819946	1.47441009729687	3.76712047668886e-05	24	22	NA	7.53424095337771e-05	independent_tissue_validation	NA	NA	NA	NA	NA	NA	NA	NA	NA	NA
cohort_effects	results_final/stage_8B_bulk_validation_summary.tsv	8b2833a4bfc8568591a65b1ded08c9e843a478f2678a3eabfe3d30518e557cd1	GSE41657	Stem_progenitor_SB_M16	high_grade_adenoma_vs_low_grade_adenoma	exclude_all_qc_flags	HC3_robust_adjacent	0.158132454672964	0.161142923566659	-0.168374122528277	0.484639031874205	0.332809392010261	39	37	NA	0.332809392010261	independent_tissue_validation	NA	NA	NA	NA	NA	NA	NA	NA	NA	NA
cohort_effects	results_final/stage_8B_bulk_validation_summary.tsv	8b2833a4bfc8568591a65b1ded08c9e843a478f2678a3eabfe3d30518e557cd1	GSE41657	Stem_progenitor_SB_M16	cancer_vs_high_grade_adenoma	exclude_all_qc_flags	HC3_robust_adjacent	1.15977519916142	0.20237037396409	0.752882291355811	1.56666810696704	6.44184606379543e-07	50	48	NA	3.86510763827726e-06	independent_tissue_validation	NA	NA	NA	NA	NA	NA	NA	NA	NA	NA
cohort_effects	results_final/stage_8B_bulk_validation_summary.tsv	8b2833a4bfc8568591a65b1ded08c9e843a478f2678a3eabfe3d30518e557cd1	GSE41657	Stem_progenitor_SB_M12	ordered_trend	exclude_all_qc_flags	HC3_robust_ordinal	-0.108003788030038	0.108166616222241	-0.323629996598171	0.107622420538096	0.321383530389386	74	72	NA	0.321383530389386	independent_tissue_validation	NA	NA	NA	NA	NA	NA	NA	NA	NA	NA
cohort_effects	results_final/stage_8B_bulk_validation_summary.tsv	8b2833a4bfc8568591a65b1ded08c9e843a478f2678a3eabfe3d30518e557cd1	GSE41657	Stem_progenitor_SB_M12	adenoma_vs_normal	exclude_all_qc_flags	HC3_robust_binary	0.947774184783139	0.242266515532991	0.460921394382454	1.43462697518382	0.000281953679420511	51	49	NA	0.000281953679420511	independent_tissue_validation	NA	NA	NA	NA	NA	NA	NA	NA	NA	NA
cohort_effects	results_final/stage_8B_bulk_validation_summary.tsv	8b2833a4bfc8568591a65b1ded08c9e843a478f2678a3eabfe3d30518e557cd1	GSE41657	Stem_progenitor_SB_M12	cancer_vs_adenoma	exclude_all_qc_flags	HC3_robust_binary	-0.86182467230569	0.227537594211716	-1.31696762643375	-0.406681718177631	0.000354431305751213	62	60	NA	0.000681461773790283	independent_tissue_validation	NA	NA	NA	NA	NA	NA	NA	NA	NA	NA
cohort_effects	results_final/stage_8B_bulk_validation_summary.tsv	8b2833a4bfc8568591a65b1ded08c9e843a478f2678a3eabfe3d30518e557cd1	GSE41657	Stem_progenitor_SB_M12	cancer_vs_normal	exclude_all_qc_flags	HC3_robust_binary	0.0859495124774482	0.237363145461937	-0.396969438015556	0.568868462970452	0.719584886191186	35	33	NA	0.719584886191186	independent_tissue_validation	NA	NA	NA	NA	NA	NA	NA	NA	NA	NA
cohort_effects	results_final/stage_8B_bulk_validation_summary.tsv	8b2833a4bfc8568591a65b1ded08c9e843a478f2678a3eabfe3d30518e557cd1	GSE41657	Stem_progenitor_SB_M12	low_grade_adenoma_vs_normal	exclude_all_qc_flags	HC3_robust_adjacent	1.46127602708991	0.39848917816313	0.634860052646185	2.28769200153363	0.00135376331050634	24	22	NA	0.00162451597260761	independent_tissue_validation	NA	NA	NA	NA	NA	NA	NA	NA	NA	NA
cohort_effects	results_final/stage_8B_bulk_validation_summary.tsv	8b2833a4bfc8568591a65b1ded08c9e843a478f2678a3eabfe3d30518e557cd1	GSE41657	Stem_progenitor_SB_M12	high_grade_adenoma_vs_low_grade_adenoma	exclude_all_qc_flags	HC3_robust_adjacent	-0.741724883332002	0.394269945351355	-1.54059167500182	0.0571419083378116	0.0678228710183398	39	37	NA	0.17566977655493	independent_tissue_validation	NA	NA	NA	NA	NA	NA	NA	NA	NA	NA
cohort_effects	results_final/stage_8B_bulk_validation_summary.tsv	8b2833a4bfc8568591a65b1ded08c9e843a478f2678a3eabfe3d30518e557cd1	GSE41657	Stem_progenitor_SB_M12	cancer_vs_high_grade_adenoma	exclude_all_qc_flags	HC3_robust_adjacent	-0.633601631280459	0.230209529598187	-1.0964689130269	-0.17073434953402	0.00832765589392443	50	48	NA	0.0103635545552526	independent_tissue_validation	NA	NA	NA	NA	NA	NA	NA	NA	NA	NA
cohort_effects	results_final/stage_8B_bulk_validation_summary.tsv	8b2833a4bfc8568591a65b1ded08c9e843a478f2678a3eabfe3d30518e557cd1	GSE41657	Cycling_SB_M02	ordered_trend	exclude_all_qc_flags	HC3_robust_ordinal	0.662933054855717	0.0863496658395094	0.490798142011227	0.835067967700206	6.12957175393958e-11	74	72	NA	1.22591435078792e-10	independent_tissue_validation	NA	NA	NA	NA	NA	NA	NA	NA	NA	NA
cohort_effects	results_final/stage_8B_bulk_validation_summary.tsv	8b2833a4bfc8568591a65b1ded08c9e843a478f2678a3eabfe3d30518e557cd1	GSE41657	Cycling_SB_M02	adenoma_vs_normal	exclude_all_qc_flags	HC3_robust_binary	1.33136199191542	0.272706557921153	0.783337646114321	1.87938633771652	1.15799496570275e-05	51	49	NA	1.3895939588433e-05	independent_tissue_validation	NA	NA	NA	NA	NA	NA	NA	NA	NA	NA
cohort_effects	results_final/stage_8B_bulk_validation_summary.tsv	8b2833a4bfc8568591a65b1ded08c9e843a478f2678a3eabfe3d30518e557cd1	GSE41657	Cycling_SB_M02	cancer_vs_adenoma	exclude_all_qc_flags	HC3_robust_binary	0.759746600815123	0.204748006495494	0.350189609360424	1.16930359226982	0.000454307849193522	62	60	NA	0.000681461773790283	independent_tissue_validation	NA	NA	NA	NA	NA	NA	NA	NA	NA	NA
cohort_effects	results_final/stage_8B_bulk_validation_summary.tsv	8b2833a4bfc8568591a65b1ded08c9e843a478f2678a3eabfe3d30518e557cd1	GSE41657	Cycling_SB_M02	cancer_vs_normal	exclude_all_qc_flags	HC3_robust_binary	2.09110859273054	0.283420346417971	1.51448556233479	2.6677316231263	1.78894084382486e-08	35	33	NA	2.14672901258983e-08	independent_tissue_validation	NA	NA	NA	NA	NA	NA	NA	NA	NA	NA
cohort_effects	results_final/stage_8B_bulk_validation_summary.tsv	8b2833a4bfc8568591a65b1ded08c9e843a478f2678a3eabfe3d30518e557cd1	GSE41657	Cycling_SB_M02	low_grade_adenoma_vs_normal	exclude_all_qc_flags	HC3_robust_adjacent	1.01307397218665	0.324679140543193	0.339730646903895	1.6864172974694	0.00498355577082727	24	22	NA	0.00498355577082727	independent_tissue_validation	NA	NA	NA	NA	NA	NA	NA	NA	NA	NA
cohort_effects	results_final/stage_8B_bulk_validation_summary.tsv	8b2833a4bfc8568591a65b1ded08c9e843a478f2678a3eabfe3d30518e557cd1	GSE41657	Cycling_SB_M02	high_grade_adenoma_vs_low_grade_adenoma	exclude_all_qc_flags	HC3_robust_adjacent	0.459749361830449	0.275801700850116	-0.0990779657226645	1.01857668938356	0.103967376479948	39	37	NA	0.17566977655493	independent_tissue_validation	NA	NA	NA	NA	NA	NA	NA	NA	NA	NA
cohort_effects	results_final/stage_8B_bulk_validation_summary.tsv	8b2833a4bfc8568591a65b1ded08c9e843a478f2678a3eabfe3d30518e557cd1	GSE41657	Cycling_SB_M02	cancer_vs_high_grade_adenoma	exclude_all_qc_flags	HC3_robust_adjacent	0.618285258713446	0.225781147688714	0.164321835554229	1.07224868187266	0.00863629546271053	50	48	NA	0.0103635545552526	independent_tissue_validation	NA	NA	NA	NA	NA	NA	NA	NA	NA	NA
cohort_effects	results_final/stage_8B_bulk_validation_summary.tsv	8b2833a4bfc8568591a65b1ded08c9e843a478f2678a3eabfe3d30518e557cd1	GSE100179	Cycling_SB_M01	ordered_trend	primary_all_samples	HC3_robust_ordinal	-0.939478849586669	0.106630970550501	-1.15292392768898	-0.726033771484356	2.72729371576389e-12	60	58	NA	1.63637622945834e-11	independent_tissue_validation	NA	NA	NA	NA	NA	NA	NA	NA	NA	NA
cohort_effects	results_final/stage_8B_bulk_validation_summary.tsv	8b2833a4bfc8568591a65b1ded08c9e843a478f2678a3eabfe3d30518e557cd1	GSE100179	Cycling_SB_M01	adenoma_vs_normal	primary_all_samples	HC3_robust_binary	-1.16711193290694	0.180122507890391	-1.53175088666943	-0.802472979144445	1.25480857665811e-07	40	38	NA	3.76442572997433e-07	independent_tissue_validation	NA	NA	NA	NA	NA	NA	NA	NA	NA	NA
cohort_effects	results_final/stage_8B_bulk_validation_summary.tsv	8b2833a4bfc8568591a65b1ded08c9e843a478f2678a3eabfe3d30518e557cd1	GSE100179	Cycling_SB_M01	cancer_vs_adenoma	primary_all_samples	HC3_robust_binary	-0.711845766266398	0.222169632114043	-1.16160467291654	-0.26208685961626	0.00274299331134871	40	38	NA	0.00730365772106336	independent_tissue_validation	NA	NA	NA	NA	NA	NA	NA	NA	NA	NA
cohort_effects	results_final/stage_8B_bulk_validation_summary.tsv	8b2833a4bfc8568591a65b1ded08c9e843a478f2678a3eabfe3d30518e557cd1	GSE100179	Cycling_SB_M01	cancer_vs_normal	primary_all_samples	HC3_robust_binary	-1.87895769917334	0.213644844482154	-2.31145907549289	-1.44645632285379	1.06777650541165e-10	40	38	NA	6.40665903246991e-10	independent_tissue_validation	NA	NA	NA	NA	NA	NA	NA	NA	NA	NA
cohort_effects	results_final/stage_8B_bulk_validation_summary.tsv	8b2833a4bfc8568591a65b1ded08c9e843a478f2678a3eabfe3d30518e557cd1	GSE100179	Stem_progenitor_SB_M02	ordered_trend	primary_all_samples	HC3_robust_ordinal	0.532708547480391	0.124806407956344	0.282881378540815	0.782535716419967	7.38232120984776e-05	60	58	NA	0.000147646424196955	independent_tissue_validation	NA	NA	NA	NA	NA	NA	NA	NA	NA	NA
cohort_effects	results_final/stage_8B_bulk_validation_summary.tsv	8b2833a4bfc8568591a65b1ded08c9e843a478f2678a3eabfe3d30518e557cd1	GSE100179	Stem_progenitor_SB_M02	adenoma_vs_normal	primary_all_samples	HC3_robust_binary	2.07978676949337	0.122249208851039	1.83230618455247	2.32726735443427	2.30764286180702e-19	40	38	NA	1.38458571708421e-18	independent_tissue_validation	NA	NA	NA	NA	NA	NA	NA	NA	NA	NA
cohort_effects	results_final/stage_8B_bulk_validation_summary.tsv	8b2833a4bfc8568591a65b1ded08c9e843a478f2678a3eabfe3d30518e557cd1	GSE100179	Stem_progenitor_SB_M02	cancer_vs_adenoma	primary_all_samples	HC3_robust_binary	-1.01436967453259	0.195700486702782	-1.41054459768843	-0.618194751376746	7.479493069099e-06	40	38	NA	4.4876958414594e-05	independent_tissue_validation	NA	NA	NA	NA	NA	NA	NA	NA	NA	NA
cohort_effects	results_final/stage_8B_bulk_validation_summary.tsv	8b2833a4bfc8568591a65b1ded08c9e843a478f2678a3eabfe3d30518e557cd1	GSE100179	Stem_progenitor_SB_M02	cancer_vs_normal	primary_all_samples	HC3_robust_binary	1.06541709496078	0.184221399804013	0.692480368329844	1.43835382159172	1.1287049366075e-06	40	38	NA	3.3861148098225e-06	independent_tissue_validation	NA	NA	NA	NA	NA	NA	NA	NA	NA	NA
cohort_effects	results_final/stage_8B_bulk_validation_summary.tsv	8b2833a4bfc8568591a65b1ded08c9e843a478f2678a3eabfe3d30518e557cd1	GSE100179	Stem_progenitor_SB_M10	ordered_trend	primary_all_samples	HC3_robust_ordinal	0.149460357916128	0.165835360136901	-0.18249518195943	0.481415897791685	0.371178756121088	60	58	NA	0.445414507345306	independent_tissue_validation	NA	NA	NA	NA	NA	NA	NA	NA	NA	NA
cohort_effects	results_final/stage_8B_bulk_validation_summary.tsv	8b2833a4bfc8568591a65b1ded08c9e843a478f2678a3eabfe3d30518e557cd1	GSE100179	Stem_progenitor_SB_M10	adenoma_vs_normal	primary_all_samples	HC3_robust_binary	-0.0222549280335598	0.345620987105281	-0.721928037254984	0.677418181187864	0.948996337312059	40	38	NA	0.948996337312059	independent_tissue_validation	NA	NA	NA	NA	NA	NA	NA	NA	NA	NA
cohort_effects	results_final/stage_8B_bulk_validation_summary.tsv	8b2833a4bfc8568591a65b1ded08c9e843a478f2678a3eabfe3d30518e557cd1	GSE100179	Stem_progenitor_SB_M10	cancer_vs_adenoma	primary_all_samples	HC3_robust_binary	0.321175643865816	0.297836632844598	-0.281763097463981	0.924114385195612	0.287670187228084	40	38	NA	0.345204224673701	independent_tissue_validation	NA	NA	NA	NA	NA	NA	NA	NA	NA	NA
cohort_effects	results_final/stage_8B_bulk_validation_summary.tsv	8b2833a4bfc8568591a65b1ded08c9e843a478f2678a3eabfe3d30518e557cd1	GSE100179	Stem_progenitor_SB_M10	cancer_vs_normal	primary_all_samples	HC3_robust_binary	0.298920715832256	0.334037174112861	-0.377302189971467	0.975143621635978	0.376488630993529	40	38	NA	0.451786357192235	independent_tissue_validation	NA	NA	NA	NA	NA	NA	NA	NA	NA	NA
cohort_effects	results_final/stage_8B_bulk_validation_summary.tsv	8b2833a4bfc8568591a65b1ded08c9e843a478f2678a3eabfe3d30518e557cd1	GSE100179	Cycling_SB_M02	ordered_trend	primary_all_samples	HC3_robust_ordinal	0.394315890824412	0.159202136102731	0.0756381914743053	0.712993590174518	0.0161929150396173	60	58	NA	0.0242893725594259	independent_tissue_validation	NA	NA	NA	NA	NA	NA	NA	NA	NA	NA
cohort_effects	results_final/stage_8B_bulk_validation_summary.tsv	8b2833a4bfc8568591a65b1ded08c9e843a478f2678a3eabfe3d30518e557cd1	GSE100179	Cycling_SB_M02	adenoma_vs_normal	primary_all_samples	HC3_robust_binary	0.256760844132609	0.322079041268442	-0.395254087329586	0.908775775594805	0.430289147553943	40	38	NA	0.516346977064732	independent_tissue_validation	NA	NA	NA	NA	NA	NA	NA	NA	NA	NA
cohort_effects	results_final/stage_8B_bulk_validation_summary.tsv	8b2833a4bfc8568591a65b1ded08c9e843a478f2678a3eabfe3d30518e557cd1	GSE100179	Cycling_SB_M02	cancer_vs_adenoma	primary_all_samples	HC3_robust_binary	0.531870937516214	0.290423708755701	-0.0560611235504965	1.11980299858293	0.0748951070590777	40	38	NA	0.112342660588616	independent_tissue_validation	NA	NA	NA	NA	NA	NA	NA	NA	NA	NA
cohort_effects	results_final/stage_8B_bulk_validation_summary.tsv	8b2833a4bfc8568591a65b1ded08c9e843a478f2678a3eabfe3d30518e557cd1	GSE100179	Cycling_SB_M02	cancer_vs_normal	primary_all_samples	HC3_robust_binary	0.788631781648823	0.32083445909426	0.139136375076549	1.4381271882211	0.018641088527209	40	38	NA	0.0279616327908135	independent_tissue_validation	NA	NA	NA	NA	NA	NA	NA	NA	NA	NA
cohort_effects	results_final/stage_8B_bulk_validation_summary.tsv	8b2833a4bfc8568591a65b1ded08c9e843a478f2678a3eabfe3d30518e557cd1	GSE100179	Stem_progenitor_SB_M16	ordered_trend	primary_all_samples	HC3_robust_ordinal	0.732282571590278	0.142979696192197	0.446077613844582	1.01848752933597	3.61146124203325e-06	60	58	NA	1.08343837260998e-05	independent_tissue_validation	NA	NA	NA	NA	NA	NA	NA	NA	NA	NA
cohort_effects	results_final/stage_8B_bulk_validation_summary.tsv	8b2833a4bfc8568591a65b1ded08c9e843a478f2678a3eabfe3d30518e557cd1	GSE100179	Stem_progenitor_SB_M16	adenoma_vs_normal	primary_all_samples	HC3_robust_binary	0.522406631691621	0.172169164767229	0.173868379331245	0.870944884051997	0.00433389676431697	40	38	NA	0.00866779352863395	independent_tissue_validation	NA	NA	NA	NA	NA	NA	NA	NA	NA	NA
cohort_effects	results_final/stage_8B_bulk_validation_summary.tsv	8b2833a4bfc8568591a65b1ded08c9e843a478f2678a3eabfe3d30518e557cd1	GSE100179	Stem_progenitor_SB_M16	cancer_vs_adenoma	primary_all_samples	HC3_robust_binary	0.942158511488935	0.304086467794645	0.32656764076085	1.55774938221702	0.00365182886053168	40	38	NA	0.00730365772106336	independent_tissue_validation	NA	NA	NA	NA	NA	NA	NA	NA	NA	NA
cohort_effects	results_final/stage_8B_bulk_validation_summary.tsv	8b2833a4bfc8568591a65b1ded08c9e843a478f2678a3eabfe3d30518e557cd1	GSE100179	Stem_progenitor_SB_M16	cancer_vs_normal	primary_all_samples	HC3_robust_binary	1.46456514318056	0.28752631415089	0.882498550842374	2.04663173551874	9.90489839021538e-06	40	38	NA	1.98097967804308e-05	independent_tissue_validation	NA	NA	NA	NA	NA	NA	NA	NA	NA	NA
cohort_effects	results_final/stage_8B_bulk_validation_summary.tsv	8b2833a4bfc8568591a65b1ded08c9e843a478f2678a3eabfe3d30518e557cd1	GSE100179	Stem_progenitor_SB_M12	ordered_trend	primary_all_samples	HC3_robust_ordinal	0.098903483537296	0.138909317620129	-0.179153726253601	0.376960693328193	0.479318830888316	60	58	NA	0.479318830888316	independent_tissue_validation	NA	NA	NA	NA	NA	NA	NA	NA	NA	NA
cohort_effects	results_final/stage_8B_bulk_validation_summary.tsv	8b2833a4bfc8568591a65b1ded08c9e843a478f2678a3eabfe3d30518e557cd1	GSE100179	Stem_progenitor_SB_M12	adenoma_vs_normal	primary_all_samples	HC3_robust_binary	0.339891066540129	0.324901641867547	-0.317837921101951	0.997620054182208	0.302107636153361	40	38	NA	0.453161454230042	independent_tissue_validation	NA	NA	NA	NA	NA	NA	NA	NA	NA	NA
cohort_effects	results_final/stage_8B_bulk_validation_summary.tsv	8b2833a4bfc8568591a65b1ded08c9e843a478f2678a3eabfe3d30518e557cd1	GSE100179	Stem_progenitor_SB_M12	cancer_vs_adenoma	primary_all_samples	HC3_robust_binary	-0.142084099465537	0.370165941255195	-0.891445870621534	0.60727767169046	0.703237208425127	40	38	NA	0.703237208425127	independent_tissue_validation	NA	NA	NA	NA	NA	NA	NA	NA	NA	NA
cohort_effects	results_final/stage_8B_bulk_validation_summary.tsv	8b2833a4bfc8568591a65b1ded08c9e843a478f2678a3eabfe3d30518e557cd1	GSE100179	Stem_progenitor_SB_M12	cancer_vs_normal	primary_all_samples	HC3_robust_binary	0.197806967074592	0.278977122347214	-0.366952691270064	0.762566625419248	0.482625131118169	40	38	NA	0.482625131118169	independent_tissue_validation	NA	NA	NA	NA	NA	NA	NA	NA	NA	NA
cohort_effects	results_final/stage_8B_bulk_validation_summary.tsv	8b2833a4bfc8568591a65b1ded08c9e843a478f2678a3eabfe3d30518e557cd1	GSE100179	Cycling_SB_M01	ordered_trend	exclude_high_leverage	HC3_robust_ordinal	-0.939478849586669	0.106630970550501	-1.15292392768898	-0.726033771484356	2.72729371576389e-12	60	58	NA	1.63637622945834e-11	independent_tissue_validation	NA	NA	NA	NA	NA	NA	NA	NA	NA	NA
cohort_effects	results_final/stage_8B_bulk_validation_summary.tsv	8b2833a4bfc8568591a65b1ded08c9e843a478f2678a3eabfe3d30518e557cd1	GSE100179	Cycling_SB_M01	adenoma_vs_normal	exclude_high_leverage	HC3_robust_binary	-1.16711193290694	0.180122507890391	-1.53175088666943	-0.802472979144445	1.25480857665811e-07	40	38	NA	3.76442572997433e-07	independent_tissue_validation	NA	NA	NA	NA	NA	NA	NA	NA	NA	NA
cohort_effects	results_final/stage_8B_bulk_validation_summary.tsv	8b2833a4bfc8568591a65b1ded08c9e843a478f2678a3eabfe3d30518e557cd1	GSE100179	Cycling_SB_M01	cancer_vs_adenoma	exclude_high_leverage	HC3_robust_binary	-0.711845766266398	0.222169632114043	-1.16160467291654	-0.26208685961626	0.00274299331134871	40	38	NA	0.00730365772106336	independent_tissue_validation	NA	NA	NA	NA	NA	NA	NA	NA	NA	NA
cohort_effects	results_final/stage_8B_bulk_validation_summary.tsv	8b2833a4bfc8568591a65b1ded08c9e843a478f2678a3eabfe3d30518e557cd1	GSE100179	Cycling_SB_M01	cancer_vs_normal	exclude_high_leverage	HC3_robust_binary	-1.87895769917334	0.213644844482154	-2.31145907549289	-1.44645632285379	1.06777650541165e-10	40	38	NA	6.40665903246991e-10	independent_tissue_validation	NA	NA	NA	NA	NA	NA	NA	NA	NA	NA
cohort_effects	results_final/stage_8B_bulk_validation_summary.tsv	8b2833a4bfc8568591a65b1ded08c9e843a478f2678a3eabfe3d30518e557cd1	GSE100179	Stem_progenitor_SB_M02	ordered_trend	exclude_high_leverage	HC3_robust_ordinal	0.532708547480391	0.124806407956344	0.282881378540815	0.782535716419967	7.38232120984776e-05	60	58	NA	0.000147646424196955	independent_tissue_validation	NA	NA	NA	NA	NA	NA	NA	NA	NA	NA
cohort_effects	results_final/stage_8B_bulk_validation_summary.tsv	8b2833a4bfc8568591a65b1ded08c9e843a478f2678a3eabfe3d30518e557cd1	GSE100179	Stem_progenitor_SB_M02	adenoma_vs_normal	exclude_high_leverage	HC3_robust_binary	2.07978676949337	0.122249208851039	1.83230618455247	2.32726735443427	2.30764286180702e-19	40	38	NA	1.38458571708421e-18	independent_tissue_validation	NA	NA	NA	NA	NA	NA	NA	NA	NA	NA
cohort_effects	results_final/stage_8B_bulk_validation_summary.tsv	8b2833a4bfc8568591a65b1ded08c9e843a478f2678a3eabfe3d30518e557cd1	GSE100179	Stem_progenitor_SB_M02	cancer_vs_adenoma	exclude_high_leverage	HC3_robust_binary	-1.01436967453259	0.195700486702782	-1.41054459768843	-0.618194751376746	7.479493069099e-06	40	38	NA	4.4876958414594e-05	independent_tissue_validation	NA	NA	NA	NA	NA	NA	NA	NA	NA	NA
cohort_effects	results_final/stage_8B_bulk_validation_summary.tsv	8b2833a4bfc8568591a65b1ded08c9e843a478f2678a3eabfe3d30518e557cd1	GSE100179	Stem_progenitor_SB_M02	cancer_vs_normal	exclude_high_leverage	HC3_robust_binary	1.06541709496078	0.184221399804013	0.692480368329844	1.43835382159172	1.1287049366075e-06	40	38	NA	3.3861148098225e-06	independent_tissue_validation	NA	NA	NA	NA	NA	NA	NA	NA	NA	NA
cohort_effects	results_final/stage_8B_bulk_validation_summary.tsv	8b2833a4bfc8568591a65b1ded08c9e843a478f2678a3eabfe3d30518e557cd1	GSE100179	Stem_progenitor_SB_M10	ordered_trend	exclude_high_leverage	HC3_robust_ordinal	0.149460357916128	0.165835360136901	-0.18249518195943	0.481415897791685	0.371178756121088	60	58	NA	0.445414507345306	independent_tissue_validation	NA	NA	NA	NA	NA	NA	NA	NA	NA	NA
cohort_effects	results_final/stage_8B_bulk_validation_summary.tsv	8b2833a4bfc8568591a65b1ded08c9e843a478f2678a3eabfe3d30518e557cd1	GSE100179	Stem_progenitor_SB_M10	adenoma_vs_normal	exclude_high_leverage	HC3_robust_binary	-0.0222549280335598	0.345620987105281	-0.721928037254984	0.677418181187864	0.948996337312059	40	38	NA	0.948996337312059	independent_tissue_validation	NA	NA	NA	NA	NA	NA	NA	NA	NA	NA
cohort_effects	results_final/stage_8B_bulk_validation_summary.tsv	8b2833a4bfc8568591a65b1ded08c9e843a478f2678a3eabfe3d30518e557cd1	GSE100179	Stem_progenitor_SB_M10	cancer_vs_adenoma	exclude_high_leverage	HC3_robust_binary	0.321175643865816	0.297836632844598	-0.281763097463981	0.924114385195612	0.287670187228084	40	38	NA	0.345204224673701	independent_tissue_validation	NA	NA	NA	NA	NA	NA	NA	NA	NA	NA
cohort_effects	results_final/stage_8B_bulk_validation_summary.tsv	8b2833a4bfc8568591a65b1ded08c9e843a478f2678a3eabfe3d30518e557cd1	GSE100179	Stem_progenitor_SB_M10	cancer_vs_normal	exclude_high_leverage	HC3_robust_binary	0.298920715832256	0.334037174112861	-0.377302189971467	0.975143621635978	0.376488630993529	40	38	NA	0.451786357192235	independent_tissue_validation	NA	NA	NA	NA	NA	NA	NA	NA	NA	NA
cohort_effects	results_final/stage_8B_bulk_validation_summary.tsv	8b2833a4bfc8568591a65b1ded08c9e843a478f2678a3eabfe3d30518e557cd1	GSE100179	Cycling_SB_M02	ordered_trend	exclude_high_leverage	HC3_robust_ordinal	0.394315890824412	0.159202136102731	0.0756381914743053	0.712993590174518	0.0161929150396173	60	58	NA	0.0242893725594259	independent_tissue_validation	NA	NA	NA	NA	NA	NA	NA	NA	NA	NA
cohort_effects	results_final/stage_8B_bulk_validation_summary.tsv	8b2833a4bfc8568591a65b1ded08c9e843a478f2678a3eabfe3d30518e557cd1	GSE100179	Cycling_SB_M02	adenoma_vs_normal	exclude_high_leverage	HC3_robust_binary	0.256760844132609	0.322079041268442	-0.395254087329586	0.908775775594805	0.430289147553943	40	38	NA	0.516346977064732	independent_tissue_validation	NA	NA	NA	NA	NA	NA	NA	NA	NA	NA
cohort_effects	results_final/stage_8B_bulk_validation_summary.tsv	8b2833a4bfc8568591a65b1ded08c9e843a478f2678a3eabfe3d30518e557cd1	GSE100179	Cycling_SB_M02	cancer_vs_adenoma	exclude_high_leverage	HC3_robust_binary	0.531870937516214	0.290423708755701	-0.0560611235504965	1.11980299858293	0.0748951070590777	40	38	NA	0.112342660588616	independent_tissue_validation	NA	NA	NA	NA	NA	NA	NA	NA	NA	NA
cohort_effects	results_final/stage_8B_bulk_validation_summary.tsv	8b2833a4bfc8568591a65b1ded08c9e843a478f2678a3eabfe3d30518e557cd1	GSE100179	Cycling_SB_M02	cancer_vs_normal	exclude_high_leverage	HC3_robust_binary	0.788631781648823	0.32083445909426	0.139136375076549	1.4381271882211	0.018641088527209	40	38	NA	0.0279616327908135	independent_tissue_validation	NA	NA	NA	NA	NA	NA	NA	NA	NA	NA
cohort_effects	results_final/stage_8B_bulk_validation_summary.tsv	8b2833a4bfc8568591a65b1ded08c9e843a478f2678a3eabfe3d30518e557cd1	GSE100179	Stem_progenitor_SB_M16	ordered_trend	exclude_high_leverage	HC3_robust_ordinal	0.732282571590278	0.142979696192197	0.446077613844582	1.01848752933597	3.61146124203325e-06	60	58	NA	1.08343837260998e-05	independent_tissue_validation	NA	NA	NA	NA	NA	NA	NA	NA	NA	NA
cohort_effects	results_final/stage_8B_bulk_validation_summary.tsv	8b2833a4bfc8568591a65b1ded08c9e843a478f2678a3eabfe3d30518e557cd1	GSE100179	Stem_progenitor_SB_M16	adenoma_vs_normal	exclude_high_leverage	HC3_robust_binary	0.522406631691621	0.172169164767229	0.173868379331245	0.870944884051997	0.00433389676431697	40	38	NA	0.00866779352863395	independent_tissue_validation	NA	NA	NA	NA	NA	NA	NA	NA	NA	NA
cohort_effects	results_final/stage_8B_bulk_validation_summary.tsv	8b2833a4bfc8568591a65b1ded08c9e843a478f2678a3eabfe3d30518e557cd1	GSE100179	Stem_progenitor_SB_M16	cancer_vs_adenoma	exclude_high_leverage	HC3_robust_binary	0.942158511488935	0.304086467794645	0.32656764076085	1.55774938221702	0.00365182886053168	40	38	NA	0.00730365772106336	independent_tissue_validation	NA	NA	NA	NA	NA	NA	NA	NA	NA	NA
cohort_effects	results_final/stage_8B_bulk_validation_summary.tsv	8b2833a4bfc8568591a65b1ded08c9e843a478f2678a3eabfe3d30518e557cd1	GSE100179	Stem_progenitor_SB_M16	cancer_vs_normal	exclude_high_leverage	HC3_robust_binary	1.46456514318056	0.28752631415089	0.882498550842374	2.04663173551874	9.90489839021538e-06	40	38	NA	1.98097967804308e-05	independent_tissue_validation	NA	NA	NA	NA	NA	NA	NA	NA	NA	NA
cohort_effects	results_final/stage_8B_bulk_validation_summary.tsv	8b2833a4bfc8568591a65b1ded08c9e843a478f2678a3eabfe3d30518e557cd1	GSE100179	Stem_progenitor_SB_M12	ordered_trend	exclude_high_leverage	HC3_robust_ordinal	0.098903483537296	0.138909317620129	-0.179153726253601	0.376960693328193	0.479318830888316	60	58	NA	0.479318830888316	independent_tissue_validation	NA	NA	NA	NA	NA	NA	NA	NA	NA	NA
cohort_effects	results_final/stage_8B_bulk_validation_summary.tsv	8b2833a4bfc8568591a65b1ded08c9e843a478f2678a3eabfe3d30518e557cd1	GSE100179	Stem_progenitor_SB_M12	adenoma_vs_normal	exclude_high_leverage	HC3_robust_binary	0.339891066540129	0.324901641867547	-0.317837921101951	0.997620054182208	0.302107636153361	40	38	NA	0.453161454230042	independent_tissue_validation	NA	NA	NA	NA	NA	NA	NA	NA	NA	NA
cohort_effects	results_final/stage_8B_bulk_validation_summary.tsv	8b2833a4bfc8568591a65b1ded08c9e843a478f2678a3eabfe3d30518e557cd1	GSE100179	Stem_progenitor_SB_M12	cancer_vs_adenoma	exclude_high_leverage	HC3_robust_binary	-0.142084099465537	0.370165941255195	-0.891445870621534	0.60727767169046	0.703237208425127	40	38	NA	0.703237208425127	independent_tissue_validation	NA	NA	NA	NA	NA	NA	NA	NA	NA	NA
cohort_effects	results_final/stage_8B_bulk_validation_summary.tsv	8b2833a4bfc8568591a65b1ded08c9e843a478f2678a3eabfe3d30518e557cd1	GSE100179	Stem_progenitor_SB_M12	cancer_vs_normal	exclude_high_leverage	HC3_robust_binary	0.197806967074592	0.278977122347214	-0.366952691270064	0.762566625419248	0.482625131118169	40	38	NA	0.482625131118169	independent_tissue_validation	NA	NA	NA	NA	NA	NA	NA	NA	NA	NA
cohort_effects	results_final/stage_8B_bulk_validation_summary.tsv	8b2833a4bfc8568591a65b1ded08c9e843a478f2678a3eabfe3d30518e557cd1	GSE100179	Cycling_SB_M01	ordered_trend	exclude_all_qc_flags	HC3_robust_ordinal	-1.05886625010549	0.116424952509683	-1.29308304387828	-0.824649456332692	6.24198050024948e-12	49	47	NA	3.74518830014969e-11	independent_tissue_validation	NA	NA	NA	NA	NA	NA	NA	NA	NA	NA
cohort_effects	results_final/stage_8B_bulk_validation_summary.tsv	8b2833a4bfc8568591a65b1ded08c9e843a478f2678a3eabfe3d30518e557cd1	GSE100179	Cycling_SB_M01	adenoma_vs_normal	exclude_all_qc_flags	HC3_robust_binary	-1.34327679443316	0.16189424443861	-1.67390895068383	-1.01264463818249	2.91815056865539e-09	32	30	NA	8.75445170596616e-09	independent_tissue_validation	NA	NA	NA	NA	NA	NA	NA	NA	NA	NA
cohort_effects	results_final/stage_8B_bulk_validation_summary.tsv	8b2833a4bfc8568591a65b1ded08c9e843a478f2678a3eabfe3d30518e557cd1	GSE100179	Cycling_SB_M01	cancer_vs_adenoma	exclude_all_qc_flags	HC3_robust_binary	-0.794095308583048	0.242884033171642	-1.28824658957695	-0.299944027589148	0.00252322223216366	35	33	NA	0.00756966669649099	independent_tissue_validation	NA	NA	NA	NA	NA	NA	NA	NA	NA	NA
cohort_effects	results_final/stage_8B_bulk_validation_summary.tsv	8b2833a4bfc8568591a65b1ded08c9e843a478f2678a3eabfe3d30518e557cd1	GSE100179	Cycling_SB_M01	cancer_vs_normal	exclude_all_qc_flags	HC3_robust_binary	-2.13737210301621	0.226714342012597	-2.60105499559698	-1.67368921043543	2.47035983973814e-10	31	29	NA	1.48221590384288e-09	independent_tissue_validation	NA	NA	NA	NA	NA	NA	NA	NA	NA	NA
cohort_effects	results_final/stage_8B_bulk_validation_summary.tsv	8b2833a4bfc8568591a65b1ded08c9e843a478f2678a3eabfe3d30518e557cd1	GSE100179	Stem_progenitor_SB_M02	ordered_trend	exclude_all_qc_flags	HC3_robust_ordinal	0.595769236014488	0.147828113258427	0.298377431504279	0.893161040524697	0.000202611023810841	49	47	NA	0.000405222047621683	independent_tissue_validation	NA	NA	NA	NA	NA	NA	NA	NA	NA	NA
cohort_effects	results_final/stage_8B_bulk_validation_summary.tsv	8b2833a4bfc8568591a65b1ded08c9e843a478f2678a3eabfe3d30518e557cd1	GSE100179	Stem_progenitor_SB_M02	adenoma_vs_normal	exclude_all_qc_flags	HC3_robust_binary	2.2149891638223	0.116954448293331	1.97613631543092	2.45384201221368	3.08301429985871e-18	32	30	NA	1.84980857991523e-17	independent_tissue_validation	NA	NA	NA	NA	NA	NA	NA	NA	NA	NA
cohort_effects	results_final/stage_8B_bulk_validation_summary.tsv	8b2833a4bfc8568591a65b1ded08c9e843a478f2678a3eabfe3d30518e557cd1	GSE100179	Stem_progenitor_SB_M02	cancer_vs_adenoma	exclude_all_qc_flags	HC3_robust_binary	-0.911637550998408	0.208736618256723	-1.33631539397955	-0.486959708017262	0.000117294822950192	35	33	NA	0.000703768937701155	independent_tissue_validation	NA	NA	NA	NA	NA	NA	NA	NA	NA	NA
cohort_effects	results_final/stage_8B_bulk_validation_summary.tsv	8b2833a4bfc8568591a65b1ded08c9e843a478f2678a3eabfe3d30518e557cd1	GSE100179	Stem_progenitor_SB_M02	cancer_vs_normal	exclude_all_qc_flags	HC3_robust_binary	1.30335161282389	0.191689966972107	0.911301610273097	1.69540161537468	1.82565685946168e-07	31	29	NA	5.47697057838505e-07	independent_tissue_validation	NA	NA	NA	NA	NA	NA	NA	NA	NA	NA
cohort_effects	results_final/stage_8B_bulk_validation_summary.tsv	8b2833a4bfc8568591a65b1ded08c9e843a478f2678a3eabfe3d30518e557cd1	GSE100179	Stem_progenitor_SB_M10	ordered_trend	exclude_all_qc_flags	HC3_robust_ordinal	0.438376563863439	0.171027746292621	0.0943131176746779	0.782440010052199	0.0136322894552711	49	47	NA	0.0163587473463253	independent_tissue_validation	NA	NA	NA	NA	NA	NA	NA	NA	NA	NA
cohort_effects	results_final/stage_8B_bulk_validation_summary.tsv	8b2833a4bfc8568591a65b1ded08c9e843a478f2678a3eabfe3d30518e557cd1	GSE100179	Stem_progenitor_SB_M10	adenoma_vs_normal	exclude_all_qc_flags	HC3_robust_binary	0.283853980412303	0.354168538939925	-0.439454671553159	1.00716263237776	0.429164711008241	32	30	NA	0.429164711008241	independent_tissue_validation	NA	NA	NA	NA	NA	NA	NA	NA	NA	NA
cohort_effects	results_final/stage_8B_bulk_validation_summary.tsv	8b2833a4bfc8568591a65b1ded08c9e843a478f2678a3eabfe3d30518e557cd1	GSE100179	Stem_progenitor_SB_M10	cancer_vs_adenoma	exclude_all_qc_flags	HC3_robust_binary	0.58222878988956	0.308219814386943	-0.0448491374576724	1.20930671723679	0.0677058893094644	35	33	NA	0.0812470671713573	independent_tissue_validation	NA	NA	NA	NA	NA	NA	NA	NA	NA	NA
cohort_effects	results_final/stage_8B_bulk_validation_summary.tsv	8b2833a4bfc8568591a65b1ded08c9e843a478f2678a3eabfe3d30518e557cd1	GSE100179	Stem_progenitor_SB_M10	cancer_vs_normal	exclude_all_qc_flags	HC3_robust_binary	0.866082770301862	0.34856026354041	0.153196987239429	1.5789685533643	0.0189819429377348	31	29	NA	0.0227783315252818	independent_tissue_validation	NA	NA	NA	NA	NA	NA	NA	NA	NA	NA
cohort_effects	results_final/stage_8B_bulk_validation_summary.tsv	8b2833a4bfc8568591a65b1ded08c9e843a478f2678a3eabfe3d30518e557cd1	GSE100179	Cycling_SB_M02	ordered_trend	exclude_all_qc_flags	HC3_robust_ordinal	0.607311189000551	0.16839428537749	0.268545582826083	0.94607679517502	0.000749011745249994	49	47	NA	0.00112351761787499	independent_tissue_validation	NA	NA	NA	NA	NA	NA	NA	NA	NA	NA
cohort_effects	results_final/stage_8B_bulk_validation_summary.tsv	8b2833a4bfc8568591a65b1ded08c9e843a478f2678a3eabfe3d30518e557cd1	GSE100179	Cycling_SB_M02	adenoma_vs_normal	exclude_all_qc_flags	HC3_robust_binary	0.526219492621239	0.344578835421145	-0.177504371983723	1.2299433572262	0.137202229409778	32	30	NA	0.193550867276914	independent_tissue_validation	NA	NA	NA	NA	NA	NA	NA	NA	NA	NA
cohort_effects	results_final/stage_8B_bulk_validation_summary.tsv	8b2833a4bfc8568591a65b1ded08c9e843a478f2678a3eabfe3d30518e557cd1	GSE100179	Cycling_SB_M02	cancer_vs_adenoma	exclude_all_qc_flags	HC3_robust_binary	0.68280320302119	0.309550716023768	0.0530175359344376	1.31258887010794	0.0344721128364816	35	33	NA	0.0517081692547224	independent_tissue_validation	NA	NA	NA	NA	NA	NA	NA	NA	NA	NA
cohort_effects	results_final/stage_8B_bulk_validation_summary.tsv	8b2833a4bfc8568591a65b1ded08c9e843a478f2678a3eabfe3d30518e557cd1	GSE100179	Cycling_SB_M02	cancer_vs_normal	exclude_all_qc_flags	HC3_robust_binary	1.20902269564243	0.342919366714649	0.507673841976253	1.9103715493086	0.00142485722169422	31	29	NA	0.00213728583254132	independent_tissue_validation	NA	NA	NA	NA	NA	NA	NA	NA	NA	NA
cohort_effects	results_final/stage_8B_bulk_validation_summary.tsv	8b2833a4bfc8568591a65b1ded08c9e843a478f2678a3eabfe3d30518e557cd1	GSE100179	Stem_progenitor_SB_M16	ordered_trend	exclude_all_qc_flags	HC3_robust_ordinal	0.871650861757586	0.165949499524628	0.537803530330713	1.20549819318446	3.5645642987214e-06	49	47	NA	1.06936928961642e-05	independent_tissue_validation	NA	NA	NA	NA	NA	NA	NA	NA	NA	NA
cohort_effects	results_final/stage_8B_bulk_validation_summary.tsv	8b2833a4bfc8568591a65b1ded08c9e843a478f2678a3eabfe3d30518e557cd1	GSE100179	Stem_progenitor_SB_M16	adenoma_vs_normal	exclude_all_qc_flags	HC3_robust_binary	0.741822322060823	0.177645530110983	0.379021748930131	1.10462289519151	0.000235005484246914	32	30	NA	0.000470010968493827	independent_tissue_validation	NA	NA	NA	NA	NA	NA	NA	NA	NA	NA
cohort_effects	results_final/stage_8B_bulk_validation_summary.tsv	8b2833a4bfc8568591a65b1ded08c9e843a478f2678a3eabfe3d30518e557cd1	GSE100179	Stem_progenitor_SB_M16	cancer_vs_adenoma	exclude_all_qc_flags	HC3_robust_binary	0.992514259326952	0.345553959732242	0.289479442157512	1.69554907649639	0.00707073028469755	35	33	NA	0.0141414605693951	independent_tissue_validation	NA	NA	NA	NA	NA	NA	NA	NA	NA	NA
cohort_effects	results_final/stage_8B_bulk_validation_summary.tsv	8b2833a4bfc8568591a65b1ded08c9e843a478f2678a3eabfe3d30518e557cd1	GSE100179	Stem_progenitor_SB_M16	cancer_vs_normal	exclude_all_qc_flags	HC3_robust_binary	1.73433658138777	0.325114220024565	1.06940334151468	2.39926982126087	1.00117965457578e-05	31	29	NA	2.00235930915156e-05	independent_tissue_validation	NA	NA	NA	NA	NA	NA	NA	NA	NA	NA
cohort_effects	results_final/stage_8B_bulk_validation_summary.tsv	8b2833a4bfc8568591a65b1ded08c9e843a478f2678a3eabfe3d30518e557cd1	GSE100179	Stem_progenitor_SB_M12	ordered_trend	exclude_all_qc_flags	HC3_robust_ordinal	0.290269987056429	0.15480593904585	-0.0211593922880875	0.601699366400946	0.0670056947800312	49	47	NA	0.0670056947800312	independent_tissue_validation	NA	NA	NA	NA	NA	NA	NA	NA	NA	NA
cohort_effects	results_final/stage_8B_bulk_validation_summary.tsv	8b2833a4bfc8568591a65b1ded08c9e843a478f2678a3eabfe3d30518e557cd1	GSE100179	Stem_progenitor_SB_M12	adenoma_vs_normal	exclude_all_qc_flags	HC3_robust_binary	0.414565337871415	0.288654512591029	-0.174945822580302	1.00407649832313	0.161292389397429	32	30	NA	0.193550867276914	independent_tissue_validation	NA	NA	NA	NA	NA	NA	NA	NA	NA	NA
cohort_effects	results_final/stage_8B_bulk_validation_summary.tsv	8b2833a4bfc8568591a65b1ded08c9e843a478f2678a3eabfe3d30518e557cd1	GSE100179	Stem_progenitor_SB_M12	cancer_vs_adenoma	exclude_all_qc_flags	HC3_robust_binary	0.174557691157057	0.372025842925358	-0.582334577321068	0.931449959635182	0.6420059508922	35	33	NA	0.6420059508922	independent_tissue_validation	NA	NA	NA	NA	NA	NA	NA	NA	NA	NA
cohort_effects	results_final/stage_8B_bulk_validation_summary.tsv	8b2833a4bfc8568591a65b1ded08c9e843a478f2678a3eabfe3d30518e557cd1	GSE100179	Stem_progenitor_SB_M12	cancer_vs_normal	exclude_all_qc_flags	HC3_robust_binary	0.589123029028472	0.305586349140648	-0.0358712304650955	1.21411728852204	0.063718799604653	31	29	NA	0.063718799604653	independent_tissue_validation	NA	NA	NA	NA	NA	NA	NA	NA	NA	NA
cohort_effects	results_final/stage_8B_bulk_validation_summary.tsv	8b2833a4bfc8568591a65b1ded08c9e843a478f2678a3eabfe3d30518e557cd1	GSE8671	Cycling_SB_M01	adenoma_vs_normal	primary_all_samples	verified_pair_difference	-1.72461968306677	0.134707798523531	-1.99935804948997	-1.44988131664357	6.48109345699882e-14	32	31	One difference per verified donor pair	1.94432803709965e-13	independent_tissue_validation	NA	NA	NA	NA	NA	NA	NA	NA	NA	NA
cohort_effects	results_final/stage_8B_bulk_validation_summary.tsv	8b2833a4bfc8568591a65b1ded08c9e843a478f2678a3eabfe3d30518e557cd1	GSE8671	Stem_progenitor_SB_M12	adenoma_vs_normal	primary_all_samples	verified_pair_difference	1.20264403831598	0.156331063814423	0.883804731577007	1.52148334505495	1.12041284641911e-08	32	31	One difference per verified donor pair	1.12041284641911e-08	independent_tissue_validation	NA	NA	NA	NA	NA	NA	NA	NA	NA	NA
cohort_effects	results_final/stage_8B_bulk_validation_summary.tsv	8b2833a4bfc8568591a65b1ded08c9e843a478f2678a3eabfe3d30518e557cd1	GSE8671	Stem_progenitor_SB_M02	adenoma_vs_normal	primary_all_samples	verified_pair_difference	1.84595803364361	0.0882306489699283	1.66601043868516	2.02590562860206	7.647425811228e-20	32	31	One difference per verified donor pair	4.5884554867368e-19	independent_tissue_validation	NA	NA	NA	NA	NA	NA	NA	NA	NA	NA
cohort_effects	results_final/stage_8B_bulk_validation_summary.tsv	8b2833a4bfc8568591a65b1ded08c9e843a478f2678a3eabfe3d30518e557cd1	GSE8671	Stem_progenitor_SB_M16	adenoma_vs_normal	primary_all_samples	verified_pair_difference	1.56165364570784	0.157343494862354	1.24074947223306	1.88255781918261	3.83373101525091e-11	32	31	One difference per verified donor pair	5.75059652287636e-11	independent_tissue_validation	NA	NA	NA	NA	NA	NA	NA	NA	NA	NA
cohort_effects	results_final/stage_8B_bulk_validation_summary.tsv	8b2833a4bfc8568591a65b1ded08c9e843a478f2678a3eabfe3d30518e557cd1	GSE8671	Stem_progenitor_SB_M10	adenoma_vs_normal	primary_all_samples	verified_pair_difference	1.29536701141376	0.148686342623402	0.992119216337826	1.59861480648969	7.74158600596758e-10	32	31	One difference per verified donor pair	9.2899032071611e-10	independent_tissue_validation	NA	NA	NA	NA	NA	NA	NA	NA	NA	NA
cohort_effects	results_final/stage_8B_bulk_validation_summary.tsv	8b2833a4bfc8568591a65b1ded08c9e843a478f2678a3eabfe3d30518e557cd1	GSE8671	Cycling_SB_M02	adenoma_vs_normal	primary_all_samples	verified_pair_difference	1.39770202225984	0.130941378484423	1.13064532015117	1.6647587243685	6.5947436075312e-12	32	31	One difference per verified donor pair	1.31894872150624e-11	independent_tissue_validation	NA	NA	NA	NA	NA	NA	NA	NA	NA	NA
cohort_effects	results_final/stage_8B_bulk_validation_summary.tsv	8b2833a4bfc8568591a65b1ded08c9e843a478f2678a3eabfe3d30518e557cd1	GSE8671	Cycling_SB_M01	adenoma_vs_normal	exclude_high_leverage	verified_pair_difference	-1.65627038616861	0.119276691209677	-1.89986588730488	-1.41267488503234	1.33841305398354e-14	31	30	One difference per verified donor pair	4.01523916195061e-14	independent_tissue_validation	NA	NA	NA	NA	NA	NA	NA	NA	NA	NA
cohort_effects	results_final/stage_8B_bulk_validation_summary.tsv	8b2833a4bfc8568591a65b1ded08c9e843a478f2678a3eabfe3d30518e557cd1	GSE8671	Stem_progenitor_SB_M12	adenoma_vs_normal	exclude_high_leverage	verified_pair_difference	1.19374454587997	0.161271673811046	0.864383848474069	1.52310524328586	3.01317260819851e-08	31	30	One difference per verified donor pair	3.01317260819851e-08	independent_tissue_validation	NA	NA	NA	NA	NA	NA	NA	NA	NA	NA
cohort_effects	results_final/stage_8B_bulk_validation_summary.tsv	8b2833a4bfc8568591a65b1ded08c9e843a478f2678a3eabfe3d30518e557cd1	GSE8671	Stem_progenitor_SB_M02	adenoma_vs_normal	exclude_high_leverage	verified_pair_difference	1.81550313020109	0.085381269308273	1.64113131560877	1.98987494479342	1.20807701365546e-19	31	30	One difference per verified donor pair	7.24846208193274e-19	independent_tissue_validation	NA	NA	NA	NA	NA	NA	NA	NA	NA	NA
cohort_effects	results_final/stage_8B_bulk_validation_summary.tsv	8b2833a4bfc8568591a65b1ded08c9e843a478f2678a3eabfe3d30518e557cd1	GSE8671	Stem_progenitor_SB_M16	adenoma_vs_normal	exclude_high_leverage	verified_pair_difference	1.56956781496715	0.162375834044186	1.23795212152977	1.90118350840453	1.00258191955237e-10	31	30	One difference per verified donor pair	1.20309830346284e-10	independent_tissue_validation	NA	NA	NA	NA	NA	NA	NA	NA	NA	NA
cohort_effects	results_final/stage_8B_bulk_validation_summary.tsv	8b2833a4bfc8568591a65b1ded08c9e843a478f2678a3eabfe3d30518e557cd1	GSE8671	Stem_progenitor_SB_M10	adenoma_vs_normal	exclude_high_leverage	verified_pair_difference	1.19799543705761	0.114697947609474	0.963750977860497	1.43223989625472	1.64463344824023e-11	31	30	One difference per verified donor pair	2.46695017236035e-11	independent_tissue_validation	NA	NA	NA	NA	NA	NA	NA	NA	NA	NA
cohort_effects	results_final/stage_8B_bulk_validation_summary.tsv	8b2833a4bfc8568591a65b1ded08c9e843a478f2678a3eabfe3d30518e557cd1	GSE8671	Cycling_SB_M02	adenoma_vs_normal	exclude_high_leverage	verified_pair_difference	1.31167592910093	0.100750956242901	1.10591502622004	1.51743683198182	7.0899417323385e-14	31	30	One difference per verified donor pair	1.4179883464677e-13	independent_tissue_validation	NA	NA	NA	NA	NA	NA	NA	NA	NA	NA
cohort_effects	results_final/stage_8B_bulk_validation_summary.tsv	8b2833a4bfc8568591a65b1ded08c9e843a478f2678a3eabfe3d30518e557cd1	GSE8671	Cycling_SB_M01	adenoma_vs_normal	exclude_all_qc_flags	verified_pair_difference	-1.6808930936845	0.125091821433947	-1.93802301517544	-1.42376317219357	3.28342140562738e-13	27	26	One difference per verified donor pair	9.85026421688213e-13	independent_tissue_validation	NA	NA	NA	NA	NA	NA	NA	NA	NA	NA
cohort_effects	results_final/stage_8B_bulk_validation_summary.tsv	8b2833a4bfc8568591a65b1ded08c9e843a478f2678a3eabfe3d30518e557cd1	GSE8671	Stem_progenitor_SB_M12	adenoma_vs_normal	exclude_all_qc_flags	verified_pair_difference	1.24262741771404	0.173572514144006	0.885844005151777	1.5994108302763	1.32911119842873e-07	27	26	One difference per verified donor pair	1.32911119842873e-07	independent_tissue_validation	NA	NA	NA	NA	NA	NA	NA	NA	NA	NA
cohort_effects	results_final/stage_8B_bulk_validation_summary.tsv	8b2833a4bfc8568591a65b1ded08c9e843a478f2678a3eabfe3d30518e557cd1	GSE8671	Stem_progenitor_SB_M02	adenoma_vs_normal	exclude_all_qc_flags	verified_pair_difference	1.90609916219809	0.0749509271282406	1.75203532503241	2.06016299936376	6.77274026834815e-20	27	26	One difference per verified donor pair	4.06364416100889e-19	independent_tissue_validation	NA	NA	NA	NA	NA	NA	NA	NA	NA	NA
cohort_effects	results_final/stage_8B_bulk_validation_summary.tsv	8b2833a4bfc8568591a65b1ded08c9e843a478f2678a3eabfe3d30518e557cd1	GSE8671	Stem_progenitor_SB_M16	adenoma_vs_normal	exclude_all_qc_flags	verified_pair_difference	1.48990436941591	0.176871608405338	1.12633957147862	1.85346916735319	6.63166618283405e-09	27	26	One difference per verified donor pair	7.95799941940087e-09	independent_tissue_validation	NA	NA	NA	NA	NA	NA	NA	NA	NA	NA
cohort_effects	results_final/stage_8B_bulk_validation_summary.tsv	8b2833a4bfc8568591a65b1ded08c9e843a478f2678a3eabfe3d30518e557cd1	GSE8671	Stem_progenitor_SB_M10	adenoma_vs_normal	exclude_all_qc_flags	verified_pair_difference	1.23112780632049	0.119111939348974	0.986289708494832	1.47596590414615	1.06085300179199e-10	27	26	One difference per verified donor pair	1.59127950268798e-10	independent_tissue_validation	NA	NA	NA	NA	NA	NA	NA	NA	NA	NA
cohort_effects	results_final/stage_8B_bulk_validation_summary.tsv	8b2833a4bfc8568591a65b1ded08c9e843a478f2678a3eabfe3d30518e557cd1	GSE8671	Cycling_SB_M02	adenoma_vs_normal	exclude_all_qc_flags	verified_pair_difference	1.30928829922816	0.112268947096117	1.07851617342665	1.54006042502966	7.87352204919218e-12	27	26	One difference per verified donor pair	1.57470440983844e-11	independent_tissue_validation	NA	NA	NA	NA	NA	NA	NA	NA	NA	NA
cohort_effects	results_final/stage_8B_bulk_validation_summary.tsv	8b2833a4bfc8568591a65b1ded08c9e843a478f2678a3eabfe3d30518e557cd1	TCGA-COAD	Stem_progenitor_SB_M02	cancer_vs_normal_paired	auxiliary	paired_patient_difference	1.82138313361985	0.148146339692688	1.521968212303	2.12079805493669	3.63074098673637e-15	41	40	Auxiliary TCGA comparison	7.26148197347274e-15	TCGA_auxiliary_only	NA	NA	NA	NA	NA	NA	NA	NA	NA	NA
cohort_effects	results_final/stage_8B_bulk_validation_summary.tsv	8b2833a4bfc8568591a65b1ded08c9e843a478f2678a3eabfe3d30518e557cd1	TCGA-COAD	Stem_progenitor_SB_M12	cancer_vs_normal_paired	auxiliary	paired_patient_difference	-0.914350654552621	0.198064185135203	-1.31465330483045	-0.514048004274796	3.98421022904302e-05	41	40	Auxiliary TCGA comparison	3.98421022904302e-05	TCGA_auxiliary_only	NA	NA	NA	NA	NA	NA	NA	NA	NA	NA
cohort_effects	results_final/stage_8B_bulk_validation_summary.tsv	8b2833a4bfc8568591a65b1ded08c9e843a478f2678a3eabfe3d30518e557cd1	TCGA-COAD	Cycling_SB_M02	cancer_vs_normal_paired	auxiliary	paired_patient_difference	1.20124035414159	0.151111301059568	0.895833022372932	1.50664768591024	9.25961623478627e-10	41	40	Auxiliary TCGA comparison	1.38894243521794e-09	TCGA_auxiliary_only	NA	NA	NA	NA	NA	NA	NA	NA	NA	NA
cohort_effects	results_final/stage_8B_bulk_validation_summary.tsv	8b2833a4bfc8568591a65b1ded08c9e843a478f2678a3eabfe3d30518e557cd1	TCGA-COAD	Stem_progenitor_SB_M10	cancer_vs_normal_paired	auxiliary	paired_patient_difference	1.24247654018549	0.161015999408641	0.91705106633512	1.56790201403587	1.92299363662493e-09	41	40	Auxiliary TCGA comparison	2.30759236394992e-09	TCGA_auxiliary_only	NA	NA	NA	NA	NA	NA	NA	NA	NA	NA
cohort_effects	results_final/stage_8B_bulk_validation_summary.tsv	8b2833a4bfc8568591a65b1ded08c9e843a478f2678a3eabfe3d30518e557cd1	TCGA-COAD	Cycling_SB_M01	cancer_vs_normal_paired	auxiliary	paired_patient_difference	-2.52922020590068	0.17320942157992	-2.87928950522504	-2.17915090657632	1.27295107134586e-17	41	40	Auxiliary TCGA comparison	7.63770642807516e-17	TCGA_auxiliary_only	NA	NA	NA	NA	NA	NA	NA	NA	NA	NA
cohort_effects	results_final/stage_8B_bulk_validation_summary.tsv	8b2833a4bfc8568591a65b1ded08c9e843a478f2678a3eabfe3d30518e557cd1	TCGA-COAD	Stem_progenitor_SB_M16	cancer_vs_normal_paired	auxiliary	paired_patient_difference	1.9810568582625	0.154055571961295	1.66969893303197	2.29241478349303	8.58052996038692e-16	41	40	Auxiliary TCGA comparison	2.57415898811608e-15	TCGA_auxiliary_only	NA	NA	NA	NA	NA	NA	NA	NA	NA	NA
cohort_effects	results_final/stage_8B_bulk_validation_summary.tsv	8b2833a4bfc8568591a65b1ded08c9e843a478f2678a3eabfe3d30518e557cd1	TCGA-COAD	Stem_progenitor_SB_M02	pathologic_stage_ordinal	auxiliary	HC3_robust_ordinal	0.0836039249785532	0.0459182234564766	-0.00665056027039902	0.173858410227505	0.0693518463656906	428	426	Primary tumors only	0.156928994432359	TCGA_auxiliary_only	NA	NA	NA	NA	NA	NA	NA	NA	NA	NA
cohort_effects	results_final/stage_8B_bulk_validation_summary.tsv	8b2833a4bfc8568591a65b1ded08c9e843a478f2678a3eabfe3d30518e557cd1	TCGA-COAD	Stem_progenitor_SB_M02	MSI_vs_MSS	auxiliary	HC3_robust_binary	-1.49482133963596	0.0794496236748768	-1.65102200959679	-1.33862066967513	9.85633625659319e-57	394	392	MANTIS; indeterminate excluded	5.91380175395592e-56	TCGA_auxiliary_only	NA	NA	NA	NA	NA	NA	NA	NA	NA	NA
cohort_effects	results_final/stage_8B_bulk_validation_summary.tsv	8b2833a4bfc8568591a65b1ded08c9e843a478f2678a3eabfe3d30518e557cd1	TCGA-COAD	Stem_progenitor_SB_M12	pathologic_stage_ordinal	auxiliary	HC3_robust_ordinal	-0.102878352881378	0.0494662720655585	-0.200106698980031	-0.00565000678272519	0.0381442608258721	428	426	Primary tumors only	0.156928994432359	TCGA_auxiliary_only	NA	NA	NA	NA	NA	NA	NA	NA	NA	NA
cohort_effects	results_final/stage_8B_bulk_validation_summary.tsv	8b2833a4bfc8568591a65b1ded08c9e843a478f2678a3eabfe3d30518e557cd1	TCGA-COAD	Stem_progenitor_SB_M12	MSI_vs_MSS	auxiliary	HC3_robust_binary	0.109751930848156	0.128207395682326	-0.142308181877654	0.361812043573965	0.392493129733816	394	392	MANTIS; indeterminate excluded	0.392493129733816	TCGA_auxiliary_only	NA	NA	NA	NA	NA	NA	NA	NA	NA	NA
cohort_effects	results_final/stage_8B_bulk_validation_summary.tsv	8b2833a4bfc8568591a65b1ded08c9e843a478f2678a3eabfe3d30518e557cd1	TCGA-COAD	Cycling_SB_M02	pathologic_stage_ordinal	auxiliary	HC3_robust_ordinal	0.0596396397265167	0.0459605211432786	-0.0306979836680816	0.149977263121115	0.195117552056947	428	426	Primary tumors only	0.292676328085421	TCGA_auxiliary_only	NA	NA	NA	NA	NA	NA	NA	NA	NA	NA
cohort_effects	results_final/stage_8B_bulk_validation_summary.tsv	8b2833a4bfc8568591a65b1ded08c9e843a478f2678a3eabfe3d30518e557cd1	TCGA-COAD	Cycling_SB_M02	MSI_vs_MSS	auxiliary	HC3_robust_binary	-0.538167636093628	0.197671187133996	-0.92679593203918	-0.149539340148076	0.00676747491301143	394	392	MANTIS; indeterminate excluded	0.0101512123695172	TCGA_auxiliary_only	NA	NA	NA	NA	NA	NA	NA	NA	NA	NA
cohort_effects	results_final/stage_8B_bulk_validation_summary.tsv	8b2833a4bfc8568591a65b1ded08c9e843a478f2678a3eabfe3d30518e557cd1	TCGA-COAD	Stem_progenitor_SB_M10	pathologic_stage_ordinal	auxiliary	HC3_robust_ordinal	0.03722065415628	0.0461005790551806	-0.0533922598265036	0.127833568139063	0.419898540742782	428	426	Primary tumors only	0.419898540742782	TCGA_auxiliary_only	NA	NA	NA	NA	NA	NA	NA	NA	NA	NA
cohort_effects	results_final/stage_8B_bulk_validation_summary.tsv	8b2833a4bfc8568591a65b1ded08c9e843a478f2678a3eabfe3d30518e557cd1	TCGA-COAD	Stem_progenitor_SB_M10	MSI_vs_MSS	auxiliary	HC3_robust_binary	-0.349034915237361	0.199126975549276	-0.740525340860436	0.042455510385714	0.0804136132290657	394	392	MANTIS; indeterminate excluded	0.0964963358748788	TCGA_auxiliary_only	NA	NA	NA	NA	NA	NA	NA	NA	NA	NA
cohort_effects	results_final/stage_8B_bulk_validation_summary.tsv	8b2833a4bfc8568591a65b1ded08c9e843a478f2678a3eabfe3d30518e557cd1	TCGA-COAD	Cycling_SB_M01	pathologic_stage_ordinal	auxiliary	HC3_robust_ordinal	-0.0337155262315924	0.0375475220937304	-0.107516993793929	0.0400859413307445	0.369723267602306	428	426	Primary tumors only	0.419898540742782	TCGA_auxiliary_only	NA	NA	NA	NA	NA	NA	NA	NA	NA	NA
cohort_effects	results_final/stage_8B_bulk_validation_summary.tsv	8b2833a4bfc8568591a65b1ded08c9e843a478f2678a3eabfe3d30518e557cd1	TCGA-COAD	Cycling_SB_M01	MSI_vs_MSS	auxiliary	HC3_robust_binary	-0.348514386122769	0.0960911023494715	-0.537432770754568	-0.159596001490969	0.000324712319917853	394	392	MANTIS; indeterminate excluded	0.000649424639835706	TCGA_auxiliary_only	NA	NA	NA	NA	NA	NA	NA	NA	NA	NA
cohort_effects	results_final/stage_8B_bulk_validation_summary.tsv	8b2833a4bfc8568591a65b1ded08c9e843a478f2678a3eabfe3d30518e557cd1	TCGA-COAD	Stem_progenitor_SB_M16	pathologic_stage_ordinal	auxiliary	HC3_robust_ordinal	0.0756034741775304	0.0428613925536922	-0.00864266234065254	0.159849610695713	0.0784644972161794	428	426	Primary tumors only	0.156928994432359	TCGA_auxiliary_only	NA	NA	NA	NA	NA	NA	NA	NA	NA	NA
cohort_effects	results_final/stage_8B_bulk_validation_summary.tsv	8b2833a4bfc8568591a65b1ded08c9e843a478f2678a3eabfe3d30518e557cd1	TCGA-COAD	Stem_progenitor_SB_M16	MSI_vs_MSS	auxiliary	HC3_robust_binary	-1.05473594465463	0.11633558646019	-1.28345567553378	-0.826016213775475	5.97571002803061e-18	394	392	MANTIS; indeterminate excluded	1.79271300840918e-17	TCGA_auxiliary_only	NA	NA	NA	NA	NA	NA	NA	NA	NA	NA
cohort_effects	results_final/stage_8B_bulk_validation_summary.tsv	8b2833a4bfc8568591a65b1ded08c9e843a478f2678a3eabfe3d30518e557cd1	TCGA-COAD	Stem_progenitor_SB_M02	CMS_CMS2_vs_CMS1	auxiliary	HC3_robust_CMS	1.56512533384143	0.114750837960757	1.33954866809151	1.79070199959135	3.66185535903372e-35	412	408	Confident CMScaller predictions only	2.19711321542023e-34	TCGA_auxiliary_only	NA	NA	NA	NA	NA	NA	NA	NA	NA	NA
cohort_effects	results_final/stage_8B_bulk_validation_summary.tsv	8b2833a4bfc8568591a65b1ded08c9e843a478f2678a3eabfe3d30518e557cd1	TCGA-COAD	Stem_progenitor_SB_M02	CMS_CMS3_vs_CMS1	auxiliary	HC3_robust_CMS	1.20151940673162	0.131127548032894	0.943749480177022	1.45928933328621	2.49011559503268e-18	412	408	Confident CMScaller predictions only	1.49406935701961e-17	TCGA_auxiliary_only	NA	NA	NA	NA	NA	NA	NA	NA	NA	NA
cohort_effects	results_final/stage_8B_bulk_validation_summary.tsv	8b2833a4bfc8568591a65b1ded08c9e843a478f2678a3eabfe3d30518e557cd1	TCGA-COAD	Stem_progenitor_SB_M02	CMS_CMS4_vs_CMS1	auxiliary	HC3_robust_CMS	1.27692896400315	0.115816420459454	1.04925758111295	1.50460034689334	6.43102100250949e-25	412	408	Confident CMScaller predictions only	3.85861260150569e-24	TCGA_auxiliary_only	NA	NA	NA	NA	NA	NA	NA	NA	NA	NA
cohort_effects	results_final/stage_8B_bulk_validation_summary.tsv	8b2833a4bfc8568591a65b1ded08c9e843a478f2678a3eabfe3d30518e557cd1	TCGA-COAD	Stem_progenitor_SB_M12	CMS_CMS2_vs_CMS1	auxiliary	HC3_robust_CMS	-0.446645672919975	0.125445427066784	-0.693245712398355	-0.200045633441595	0.00041380696185445	412	408	Confident CMScaller predictions only	0.000827613923708901	TCGA_auxiliary_only	NA	NA	NA	NA	NA	NA	NA	NA	NA	NA
cohort_effects	results_final/stage_8B_bulk_validation_summary.tsv	8b2833a4bfc8568591a65b1ded08c9e843a478f2678a3eabfe3d30518e557cd1	TCGA-COAD	Stem_progenitor_SB_M12	CMS_CMS3_vs_CMS1	auxiliary	HC3_robust_CMS	0.144192481380774	0.150615871787814	-0.151887501743457	0.440272464505005	0.338956291849566	412	408	Confident CMScaller predictions only	0.677912583699132	TCGA_auxiliary_only	NA	NA	NA	NA	NA	NA	NA	NA	NA	NA
cohort_effects	results_final/stage_8B_bulk_validation_summary.tsv	8b2833a4bfc8568591a65b1ded08c9e843a478f2678a3eabfe3d30518e557cd1	TCGA-COAD	Stem_progenitor_SB_M12	CMS_CMS4_vs_CMS1	auxiliary	HC3_robust_CMS	-0.235843280035621	0.118798485844258	-0.469376793246664	-0.00230976682457806	0.047787120207887	412	408	Confident CMScaller predictions only	0.0716806803118305	TCGA_auxiliary_only	NA	NA	NA	NA	NA	NA	NA	NA	NA	NA
cohort_effects	results_final/stage_8B_bulk_validation_summary.tsv	8b2833a4bfc8568591a65b1ded08c9e843a478f2678a3eabfe3d30518e557cd1	TCGA-COAD	Cycling_SB_M02	CMS_CMS2_vs_CMS1	auxiliary	HC3_robust_CMS	0.33438166819192	0.119535920532227	0.0993985092869836	0.569364827096857	0.00539660719376224	412	408	Confident CMScaller predictions only	0.00647592863251468	TCGA_auxiliary_only	NA	NA	NA	NA	NA	NA	NA	NA	NA	NA
cohort_effects	results_final/stage_8B_bulk_validation_summary.tsv	8b2833a4bfc8568591a65b1ded08c9e843a478f2678a3eabfe3d30518e557cd1	TCGA-COAD	Cycling_SB_M02	CMS_CMS3_vs_CMS1	auxiliary	HC3_robust_CMS	0.0917322942275394	0.131048058778523	-0.165881372718999	0.349345961174078	0.48433264939813	412	408	Confident CMScaller predictions only	0.713276641839025	TCGA_auxiliary_only	NA	NA	NA	NA	NA	NA	NA	NA	NA	NA
cohort_effects	results_final/stage_8B_bulk_validation_summary.tsv	8b2833a4bfc8568591a65b1ded08c9e843a478f2678a3eabfe3d30518e557cd1	TCGA-COAD	Cycling_SB_M02	CMS_CMS4_vs_CMS1	auxiliary	HC3_robust_CMS	-0.000545722677215939	0.112425756675519	-0.221551754406136	0.220460309051704	0.996129398843215	412	408	Confident CMScaller predictions only	0.996129398843215	TCGA_auxiliary_only	NA	NA	NA	NA	NA	NA	NA	NA	NA	NA
cohort_effects	results_final/stage_8B_bulk_validation_summary.tsv	8b2833a4bfc8568591a65b1ded08c9e843a478f2678a3eabfe3d30518e557cd1	TCGA-COAD	Stem_progenitor_SB_M10	CMS_CMS2_vs_CMS1	auxiliary	HC3_robust_CMS	0.126978457899757	0.122359953298277	-0.113556171536069	0.367513087335584	0.300003302917546	412	408	Confident CMScaller predictions only	0.300003302917546	TCGA_auxiliary_only	NA	NA	NA	NA	NA	NA	NA	NA	NA	NA
cohort_effects	results_final/stage_8B_bulk_validation_summary.tsv	8b2833a4bfc8568591a65b1ded08c9e843a478f2678a3eabfe3d30518e557cd1	TCGA-COAD	Stem_progenitor_SB_M10	CMS_CMS3_vs_CMS1	auxiliary	HC3_robust_CMS	-0.0734579982878664	0.13784734308415	-0.344437666828865	0.197521670253132	0.594397201532521	412	408	Confident CMScaller predictions only	0.713276641839025	TCGA_auxiliary_only	NA	NA	NA	NA	NA	NA	NA	NA	NA	NA
cohort_effects	results_final/stage_8B_bulk_validation_summary.tsv	8b2833a4bfc8568591a65b1ded08c9e843a478f2678a3eabfe3d30518e557cd1	TCGA-COAD	Stem_progenitor_SB_M10	CMS_CMS4_vs_CMS1	auxiliary	HC3_robust_CMS	-0.11136705978111	0.115772381625966	-0.338951871336418	0.116217751774199	0.336645264293567	412	408	Confident CMScaller predictions only	0.40397431715228	TCGA_auxiliary_only	NA	NA	NA	NA	NA	NA	NA	NA	NA	NA
cohort_effects	results_final/stage_8B_bulk_validation_summary.tsv	8b2833a4bfc8568591a65b1ded08c9e843a478f2678a3eabfe3d30518e557cd1	TCGA-COAD	Cycling_SB_M01	CMS_CMS2_vs_CMS1	auxiliary	HC3_robust_CMS	0.306482517159134	0.096230565976495	0.117312916292002	0.495652118026266	0.00155933031484885	412	408	Confident CMScaller predictions only	0.00233899547227328	TCGA_auxiliary_only	NA	NA	NA	NA	NA	NA	NA	NA	NA	NA
cohort_effects	results_final/stage_8B_bulk_validation_summary.tsv	8b2833a4bfc8568591a65b1ded08c9e843a478f2678a3eabfe3d30518e557cd1	TCGA-COAD	Cycling_SB_M01	CMS_CMS3_vs_CMS1	auxiliary	HC3_robust_CMS	0.794670791147708	0.116194642412754	0.566255901293598	1.02308568100182	2.92318802634286e-11	412	408	Confident CMScaller predictions only	8.76956407902858e-11	TCGA_auxiliary_only	NA	NA	NA	NA	NA	NA	NA	NA	NA	NA
cohort_effects	results_final/stage_8B_bulk_validation_summary.tsv	8b2833a4bfc8568591a65b1ded08c9e843a478f2678a3eabfe3d30518e557cd1	TCGA-COAD	Cycling_SB_M01	CMS_CMS4_vs_CMS1	auxiliary	HC3_robust_CMS	0.605823225908596	0.0983085667306291	0.412568700784059	0.799077751033132	1.72050945257829e-09	412	408	Confident CMScaller predictions only	5.16152835773487e-09	TCGA_auxiliary_only	NA	NA	NA	NA	NA	NA	NA	NA	NA	NA
cohort_effects	results_final/stage_8B_bulk_validation_summary.tsv	8b2833a4bfc8568591a65b1ded08c9e843a478f2678a3eabfe3d30518e557cd1	TCGA-COAD	Stem_progenitor_SB_M16	CMS_CMS2_vs_CMS1	auxiliary	HC3_robust_CMS	1.04230949559444	0.0972558511561275	0.851124393870192	1.23349459731868	8.83338434078007e-24	412	408	Confident CMScaller predictions only	2.65001530223402e-23	TCGA_auxiliary_only	NA	NA	NA	NA	NA	NA	NA	NA	NA	NA
cohort_effects	results_final/stage_8B_bulk_validation_summary.tsv	8b2833a4bfc8568591a65b1ded08c9e843a478f2678a3eabfe3d30518e557cd1	TCGA-COAD	Stem_progenitor_SB_M16	CMS_CMS3_vs_CMS1	auxiliary	HC3_robust_CMS	0.0401788671365529	0.113012852565052	-0.181981274972648	0.262339009245754	0.722380233056952	412	408	Confident CMScaller predictions only	0.722380233056952	TCGA_auxiliary_only	NA	NA	NA	NA	NA	NA	NA	NA	NA	NA
cohort_effects	results_final/stage_8B_bulk_validation_summary.tsv	8b2833a4bfc8568591a65b1ded08c9e843a478f2678a3eabfe3d30518e557cd1	TCGA-COAD	Stem_progenitor_SB_M16	CMS_CMS4_vs_CMS1	auxiliary	HC3_robust_CMS	0.35951494466397	0.106415683626029	0.150323486697735	0.568706402630206	0.000799188940853789	412	408	Confident CMScaller predictions only	0.00159837788170758	TCGA_auxiliary_only	NA	NA	NA	NA	NA	NA	NA	NA	NA	NA
cohort_effects	results_final/stage_8B_bulk_validation_summary.tsv	8b2833a4bfc8568591a65b1ded08c9e843a478f2678a3eabfe3d30518e557cd1	TCGA-COAD	Stem_progenitor_SB_M02	overall_survival	auxiliary	Cox_age_sex_stage_adjusted	-0.00937794641141675	0.124843762394448	-0.254071720704535	0.235315827881701	0.94012125546923	411	NA	log-HR per 1-SD; PH_p=0.3738	0.982805714457867	TCGA_auxiliary_only	NA	NA	NA	NA	NA	NA	NA	NA	NA	NA
cohort_effects	results_final/stage_8B_bulk_validation_summary.tsv	8b2833a4bfc8568591a65b1ded08c9e843a478f2678a3eabfe3d30518e557cd1	TCGA-COAD	Stem_progenitor_SB_M12	overall_survival	auxiliary	Cox_age_sex_stage_adjusted	0.0390549685513861	0.105475642498029	-0.16767729074475	0.245787227847522	0.71117777565624	411	NA	log-HR per 1-SD; PH_p=0.7401	0.982805714457867	TCGA_auxiliary_only	NA	NA	NA	NA	NA	NA	NA	NA	NA	NA
cohort_effects	results_final/stage_8B_bulk_validation_summary.tsv	8b2833a4bfc8568591a65b1ded08c9e843a478f2678a3eabfe3d30518e557cd1	TCGA-COAD	Cycling_SB_M02	overall_survival	auxiliary	Cox_age_sex_stage_adjusted	0.0533627208182402	0.121534674021524	-0.184845240263947	0.291570681900427	0.660607885738953	411	NA	log-HR per 1-SD; PH_p=0.03933	0.982805714457867	TCGA_auxiliary_only	NA	NA	NA	NA	NA	NA	NA	NA	NA	NA
cohort_effects	results_final/stage_8B_bulk_validation_summary.tsv	8b2833a4bfc8568591a65b1ded08c9e843a478f2678a3eabfe3d30518e557cd1	TCGA-COAD	Stem_progenitor_SB_M10	overall_survival	auxiliary	Cox_age_sex_stage_adjusted	0.13861203708893	0.129109068772955	-0.114441737706062	0.391665811883922	0.283000119272033	411	NA	log-HR per 1-SD; PH_p=0.03036	0.982805714457867	TCGA_auxiliary_only	NA	NA	NA	NA	NA	NA	NA	NA	NA	NA
cohort_effects	results_final/stage_8B_bulk_validation_summary.tsv	8b2833a4bfc8568591a65b1ded08c9e843a478f2678a3eabfe3d30518e557cd1	TCGA-COAD	Cycling_SB_M01	overall_survival	auxiliary	Cox_age_sex_stage_adjusted	-0.0135973267699133	0.130024235582908	-0.268444828512413	0.241250174972587	0.916712794660371	411	NA	log-HR per 1-SD; PH_p=0.1256	0.982805714457867	TCGA_auxiliary_only	NA	NA	NA	NA	NA	NA	NA	NA	NA	NA
cohort_effects	results_final/stage_8B_bulk_validation_summary.tsv	8b2833a4bfc8568591a65b1ded08c9e843a478f2678a3eabfe3d30518e557cd1	TCGA-COAD	Stem_progenitor_SB_M16	overall_survival	auxiliary	Cox_age_sex_stage_adjusted	0.00279886571609227	0.1298686634327	-0.251743714612	0.257341446044185	0.982805714457867	411	NA	log-HR per 1-SD; PH_p=0.3046	0.982805714457867	TCGA_auxiliary_only	NA	NA	NA	NA	NA	NA	NA	NA	NA	NA
random_effects_meta	results_final/stage_8B_meta_analysis_results.tsv	89d648700d15c228215d0d601918973c82cd6925c375aa7e35f8cc9078b1a70d	NA	Cycling_SB_M01	ordered_trend	primary_all_samples	NA	NA	0.109881681623146	-2.21407981903175	0.578278467885971	0.0850182629211855	NA	NA	NA	0.170036525842371	NA	2	-0.81790067557289	-2.92724763325768	1.2914462821119	0.0154850724723135	63.4740943180209	2.73778290046172	0.0980006498285816	REML_Knapp-Hartung	k=2; heterogeneity imprecise
random_effects_meta	results_final/stage_8B_meta_analysis_results.tsv	89d648700d15c228215d0d601918973c82cd6925c375aa7e35f8cc9078b1a70d	NA	Stem_progenitor_SB_M10	ordered_trend	primary_all_samples	NA	NA	0.208418799729179	-2.26424910129547	3.032174779158	0.316594937382112	NA	NA	NA	0.379913924858534	NA	2	0.383962838931262	-3.91304264490115	4.68096832276368	0.0709284430110689	80.5178213343427	5.13289615684909	0.0234765235010873	REML_Knapp-Hartung	k=2; heterogeneity imprecise
random_effects_meta	results_final/stage_8B_meta_analysis_results.tsv	89d648700d15c228215d0d601918973c82cd6925c375aa7e35f8cc9078b1a70d	NA	Stem_progenitor_SB_M02	ordered_trend	primary_all_samples	NA	NA	0.0150542158063467	0.360673206112715	0.743237102468712	0.0173590843237734	NA	NA	NA	0.0520772529713201	NA	2	0.551955154290714	0.360673206112715	0.743237102468712	0	0	0.0383305583031208	0.844780865749297	REML_Knapp-Hartung	k=2; heterogeneity imprecise
random_effects_meta	results_final/stage_8B_meta_analysis_results.tsv	89d648700d15c228215d0d601918973c82cd6925c375aa7e35f8cc9078b1a70d	NA	Stem_progenitor_SB_M16	ordered_trend	primary_all_samples	NA	NA	0.00043146829761818	0.725928717368443	0.736893366421853	0.000375549727604743	NA	NA	NA	0.00225329836562846	NA	2	0.731411041895148	0.725928717368443	0.736893366421853	0	0	4.62613094313741e-05	0.99457317679122	REML_Knapp-Hartung	k=2; heterogeneity imprecise
random_effects_meta	results_final/stage_8B_meta_analysis_results.tsv	89d648700d15c228215d0d601918973c82cd6925c375aa7e35f8cc9078b1a70d	NA	Stem_progenitor_SB_M12	ordered_trend	primary_all_samples	NA	NA	0.0939757646083619	-1.21488495182681	1.173265658878	0.861267887627249	NA	NA	NA	0.861267887627249	NA	2	-0.0208096464744019	-1.45263169157761	1.4110123986288	0.00386687930923404	20.6583985488295	1.26037284565706	0.261580527796559	REML_Knapp-Hartung	k=2; heterogeneity imprecise
random_effects_meta	results_final/stage_8B_meta_analysis_results.tsv	89d648700d15c228215d0d601918973c82cd6925c375aa7e35f8cc9078b1a70d	NA	Cycling_SB_M02	ordered_trend	primary_all_samples	NA	NA	0.106813931121331	-0.808184282348275	1.90621507265832	0.122329650540437	NA	NA	NA	0.183494475810655	NA	2	0.549015395155025	-1.30996133964149	2.40799212995153	0.00999583238205735	38.3058751048212	1.62089988584658	0.202966356989989	REML_Knapp-Hartung	k=2; heterogeneity imprecise
random_effects_meta	results_final/stage_8B_meta_analysis_results.tsv	89d648700d15c228215d0d601918973c82cd6925c375aa7e35f8cc9078b1a70d	NA	Cycling_SB_M01	adenoma_vs_normal	primary_all_samples	NA	NA	0.276737223403557	-2.8668296755244	-0.485421336123194	0.0261934602683443	NA	NA	NA	0.0785803808050328	NA	3	-1.6761255058238	-3.92991428901248	0.577663277364884	0.197797383545573	88.1232898535114	14.6470182401008	0.000659842676663098	REML_Knapp-Hartung	NA
random_effects_meta	results_final/stage_8B_meta_analysis_results.tsv	89d648700d15c228215d0d601918973c82cd6925c375aa7e35f8cc9078b1a70d	NA	Stem_progenitor_SB_M10	adenoma_vs_normal	primary_all_samples	NA	NA	0.45975499233899	-1.02671509576312	2.92961704984348	0.174368931616488	NA	NA	NA	0.174368931616488	NA	3	0.951450977040182	-2.77920784361728	4.68210979769765	0.540418690800296	90.7000671045196	14.1012637606997	0.000866861031761521	REML_Knapp-Hartung	NA
random_effects_meta	results_final/stage_8B_meta_analysis_results.tsv	89d648700d15c228215d0d601918973c82cd6925c375aa7e35f8cc9078b1a70d	NA	Stem_progenitor_SB_M02	adenoma_vs_normal	primary_all_samples	NA	NA	0.168287457119268	1.38879690807021	2.83696188158384	0.00628413144977775	NA	NA	NA	0.0377047886986665	NA	3	2.11287939482703	0.725429748934515	3.50032904071954	0.0756622185846449	87.6092612520759	17.9869623464334	0.000124216919086118	REML_Knapp-Hartung	NA
random_effects_meta	results_final/stage_8B_meta_analysis_results.tsv	89d648700d15c228215d0d601918973c82cd6925c375aa7e35f8cc9078b1a70d	NA	Stem_progenitor_SB_M16	adenoma_vs_normal	primary_all_samples	NA	NA	0.301518111612307	-0.245040773915152	2.34961467808004	0.0732019211486149	NA	NA	NA	0.109802881722922	NA	3	1.05228695208244	-1.44337175147303	3.54794565563791	0.245519213716916	89.2367748974145	19.8665150599305	4.8533439180017e-05	REML_Knapp-Hartung	NA
random_effects_meta	results_final/stage_8B_meta_analysis_results.tsv	89d648700d15c228215d0d601918973c82cd6925c375aa7e35f8cc9078b1a70d	NA	Stem_progenitor_SB_M12	adenoma_vs_normal	primary_all_samples	NA	NA	0.24388996745018	-0.143823410342413	1.95492425807364	0.0654919801943495	NA	NA	NA	0.109802881722922	NA	3	0.905550423865613	-0.86597828320669	2.67707913093792	0.110038797958964	68.1057883745794	5.78875523480866	0.0553334529580079	REML_Knapp-Hartung	NA
random_effects_meta	results_final/stage_8B_meta_analysis_results.tsv	89d648700d15c228215d0d601918973c82cd6925c375aa7e35f8cc9078b1a70d	NA	Cycling_SB_M02	adenoma_vs_normal	primary_all_samples	NA	NA	0.354981233007617	-0.501529837950841	2.55319210446926	0.101789087332155	NA	NA	NA	0.122146904798586	NA	3	1.02583113325921	-1.78573033154367	3.8373925980621	0.300983112223774	84.8825372172892	10.8131188703528	0.00448705167623248	REML_Knapp-Hartung	NA
random_effects_meta	results_final/stage_8B_meta_analysis_results.tsv	89d648700d15c228215d0d601918973c82cd6925c375aa7e35f8cc9078b1a70d	NA	Cycling_SB_M01	cancer_vs_adenoma	primary_all_samples	NA	NA	0.0665960110674166	-1.44276499160567	0.249600110864632	0.0707723497704223	NA	NA	NA	0.138306256594921	NA	2	-0.59658244037052	-1.44276499160567	0.249600110864632	0	0	0.359013330322166	0.549054717810155	REML_Knapp-Hartung	k=2; heterogeneity imprecise
random_effects_meta	results_final/stage_8B_meta_analysis_results.tsv	89d648700d15c228215d0d601918973c82cd6925c375aa7e35f8cc9078b1a70d	NA	Stem_progenitor_SB_M10	cancer_vs_adenoma	primary_all_samples	NA	NA	0.0583879053879105	-0.329707953092999	1.15406940685738	0.0895850160130943	NA	NA	NA	0.138306256594921	NA	2	0.41218072688219	-0.329707953092999	1.15406940685738	0	0	0.131794756428676	0.716578383967404	REML_Knapp-Hartung	k=2; heterogeneity imprecise
random_effects_meta	results_final/stage_8B_meta_analysis_results.tsv	89d648700d15c228215d0d601918973c82cd6925c375aa7e35f8cc9078b1a70d	NA	Stem_progenitor_SB_M02	cancer_vs_adenoma	primary_all_samples	NA	NA	0.356645000301019	-5.17707087185736	3.88613791205832	0.321359276189331	NA	NA	NA	0.351324709901609	NA	2	-0.645466479899523	-8.18595614928817	6.89502318948912	0.224986542754491	88.3402043813821	8.57647966318756	0.00340533110675043	REML_Knapp-Hartung	k=2; heterogeneity imprecise
random_effects_meta	results_final/stage_8B_meta_analysis_results.tsv	89d648700d15c228215d0d601918973c82cd6925c375aa7e35f8cc9078b1a70d	NA	Stem_progenitor_SB_M16	cancer_vs_adenoma	primary_all_samples	NA	NA	0.177318808390929	-1.0373315134624	3.46876665251695	0.0922041710632807	NA	NA	NA	0.138306256594921	NA	2	1.21571756952728	-1.48714927533344	3.91858441438799	0.0138079381481792	18.2972740863933	1.22394937111084	0.268586976590643	REML_Knapp-Hartung	k=2; heterogeneity imprecise
random_effects_meta	results_final/stage_8B_meta_analysis_results.tsv	89d648700d15c228215d0d601918973c82cd6925c375aa7e35f8cc9078b1a70d	NA	Stem_progenitor_SB_M12	cancer_vs_adenoma	primary_all_samples	NA	NA	0.342712357780249	-4.91122579633052	3.79792097081548	0.351324709901609	NA	NA	NA	0.351324709901609	NA	2	-0.55665241275752	-7.15590315004519	6.04259832453015	0.152295822495713	62.539923543822	2.66950869993507	0.102287594791595	REML_Knapp-Hartung	k=2; heterogeneity imprecise
random_effects_meta	results_final/stage_8B_meta_analysis_results.tsv	89d648700d15c228215d0d601918973c82cd6925c375aa7e35f8cc9078b1a70d	NA	Cycling_SB_M02	cancer_vs_adenoma	primary_all_samples	NA	NA	0.0984234319527565	-0.565896813590143	1.93527974086722	0.0908905631949336	NA	NA	NA	0.138306256594921	NA	2	0.68469146363854	-0.565896813590143	1.93527974086722	0	0	0.39173537980691	0.53138862018185	REML_Knapp-Hartung	k=2; heterogeneity imprecise
random_effects_meta	results_final/stage_8B_meta_analysis_results.tsv	89d648700d15c228215d0d601918973c82cd6925c375aa7e35f8cc9078b1a70d	NA	Cycling_SB_M01	cancer_vs_normal	primary_all_samples	NA	NA	0.405539042474087	-7.44462879120461	2.8610954131714	0.111498679900939	NA	NA	NA	0.298530060370278	NA	2	-2.2917666890166	-10.8502324538583	6.26669907582508	0.289229057492411	87.9041716912264	8.26731311384983	0.00403651997207844	REML_Knapp-Hartung	k=2; heterogeneity imprecise
random_effects_meta	results_final/stage_8B_meta_analysis_results.tsv	89d648700d15c228215d0d601918973c82cd6925c375aa7e35f8cc9078b1a70d	NA	Stem_progenitor_SB_M10	cancer_vs_normal	primary_all_samples	NA	NA	0.810581738430131	-9.17565123248532	11.42318381531	0.397813524785524	NA	NA	NA	0.397813524785524	NA	2	1.12376629141234	-16.311419587434	18.5589521702587	1.22583214454115	93.2556670835948	14.8272633097272	0.000117819876313279	REML_Knapp-Hartung	k=2; heterogeneity imprecise
random_effects_meta	results_final/stage_8B_meta_analysis_results.tsv	89d648700d15c228215d0d601918973c82cd6925c375aa7e35f8cc9078b1a70d	NA	Stem_progenitor_SB_M02	cancer_vs_normal	primary_all_samples	NA	NA	0.526932626617882	-5.09325326537701	8.29737440657721	0.202294627175209	NA	NA	NA	0.303441940762813	NA	2	1.6020605706001	-9.82903809930255	13.0331592405028	0.531706688794918	95.7165706554046	23.3457802043994	1.35340094359268e-06	REML_Knapp-Hartung	k=2; heterogeneity imprecise
random_effects_meta	results_final/stage_8B_meta_analysis_results.tsv	89d648700d15c228215d0d601918973c82cd6925c375aa7e35f8cc9078b1a70d	NA	Stem_progenitor_SB_M16	cancer_vs_normal	primary_all_samples	NA	NA	0.464686590881984	-3.95895227212949	7.84985365167361	0.149265030185139	NA	NA	NA	0.298530060370278	NA	2	1.94545068977206	-7.735032902297	11.6259342818411	0.364513155336934	84.304953984223	6.37143719741107	0.0115971634607992	REML_Knapp-Hartung	k=2; heterogeneity imprecise
random_effects_meta	results_final/stage_8B_meta_analysis_results.tsv	89d648700d15c228215d0d601918973c82cd6925c375aa7e35f8cc9078b1a70d	NA	Stem_progenitor_SB_M12	cancer_vs_normal	primary_all_samples	NA	NA	0.0320054326385745	-0.246529019458131	0.566806140093021	0.125580750337353	NA	NA	NA	0.298530060370278	NA	2	0.160138560317445	-0.246529019458131	0.566806140093021	0	0	0.0313929333293812	0.859366603765484	REML_Knapp-Hartung	k=2; heterogeneity imprecise
random_effects_meta	results_final/stage_8B_meta_analysis_results.tsv	89d648700d15c228215d0d601918973c82cd6925c375aa7e35f8cc9078b1a70d	NA	Cycling_SB_M02	cancer_vs_normal	primary_all_samples	NA	NA	0.628172150680477	-6.55483153563713	9.40853637658152	0.264016739362117	NA	NA	NA	0.31682008723454	NA	2	1.4268524204722	-11.860650690321	14.7143555312653	0.698991084568344	88.5472159853937	8.73150142991125	0.00312758846648331	REML_Knapp-Hartung	k=2; heterogeneity imprecise
random_effects_meta	results_final/stage_8B_meta_analysis_results.tsv	89d648700d15c228215d0d601918973c82cd6925c375aa7e35f8cc9078b1a70d	NA	Cycling_SB_M01	ordered_trend	exclude_high_leverage	NA	NA	0.105800271314423	-2.16513662886303	0.52350318806474	0.0816079916320591	NA	NA	NA	0.163215983264118	NA	2	-0.820816720399146	-2.83377519855639	1.19214175775809	0.0139042344329801	61.2970677430415	2.58378355769209	0.107963322523888	REML_Knapp-Hartung	k=2; heterogeneity imprecise
random_effects_meta	results_final/stage_8B_meta_analysis_results.tsv	89d648700d15c228215d0d601918973c82cd6925c375aa7e35f8cc9078b1a70d	NA	Stem_progenitor_SB_M10	ordered_trend	exclude_high_leverage	NA	NA	0.207024832567997	-2.24789001003509	3.01310980612744	0.315746629130049	NA	NA	NA	0.378895954956059	NA	2	0.382609898046172	-3.88061820807334	4.64583800416569	0.0697166226909225	80.194058412147	5.04898994861876	0.0246402980408203	REML_Knapp-Hartung	k=2; heterogeneity imprecise
random_effects_meta	results_final/stage_8B_meta_analysis_results.tsv	89d648700d15c228215d0d601918973c82cd6925c375aa7e35f8cc9078b1a70d	NA	Stem_progenitor_SB_M02	ordered_trend	exclude_high_leverage	NA	NA	0.016475884526431	0.344510974588709	0.763202898593519	0.0189322925830498	NA	NA	NA	0.0567968777491493	NA	2	0.553856936591114	0.344510974588709	0.763202898593519	0	0	0.0461401918193625	0.829921162454283	REML_Knapp-Hartung	k=2; heterogeneity imprecise
random_effects_meta	results_final/stage_8B_meta_analysis_results.tsv	89d648700d15c228215d0d601918973c82cd6925c375aa7e35f8cc9078b1a70d	NA	Stem_progenitor_SB_M16	ordered_trend	exclude_high_leverage	NA	NA	0.00115157647870165	0.715326341861378	0.74459067487687	0.00100432523100731	NA	NA	NA	0.00602595138604386	NA	2	0.729958508369124	0.715326341861378	0.74459067487687	0	0	0.00032907765778277	0.985526770745443	REML_Knapp-Hartung	k=2; heterogeneity imprecise
random_effects_meta	results_final/stage_8B_meta_analysis_results.tsv	89d648700d15c228215d0d601918973c82cd6925c375aa7e35f8cc9078b1a70d	NA	Stem_progenitor_SB_M12	ordered_trend	exclude_high_leverage	NA	NA	0.0991769544828839	-1.28511146555142	1.23521391198819	0.843108449174011	NA	NA	NA	0.843108449174011	NA	2	-0.0249487767816159	-1.61782854661485	1.56793099305162	0.00587965216491367	28.4600065657144	1.39781953002074	0.23708899375342	REML_Knapp-Hartung	k=2; heterogeneity imprecise
random_effects_meta	results_final/stage_8B_meta_analysis_results.tsv	89d648700d15c228215d0d601918973c82cd6925c375aa7e35f8cc9078b1a70d	NA	Cycling_SB_M02	ordered_trend	exclude_high_leverage	NA	NA	0.103831714027949	-0.772190503144564	1.86642352994957	0.119397720704484	NA	NA	NA	0.179096581056726	NA	2	0.547116513402503	-1.23015225434027	2.32438528114528	0.00878373495856152	35.2136413795798	1.54353481395512	0.214092421140452	REML_Knapp-Hartung	k=2; heterogeneity imprecise
random_effects_meta	results_final/stage_8B_meta_analysis_results.tsv	89d648700d15c228215d0d601918973c82cd6925c375aa7e35f8cc9078b1a70d	NA	Cycling_SB_M01	adenoma_vs_normal	exclude_high_leverage	NA	NA	0.265018044634425	-2.78201892977296	-0.501457703414612	0.0250818867906367	NA	NA	NA	0.0752456603719102	NA	3	-1.64173831659379	-3.78901882222619	0.505542189038612	0.17882600281162	87.8368622297721	13.5469489472682	0.00114371393554671	REML_Knapp-Hartung	NA
random_effects_meta	results_final/stage_8B_meta_analysis_results.tsv	89d648700d15c228215d0d601918973c82cd6925c375aa7e35f8cc9078b1a70d	NA	Stem_progenitor_SB_M10	adenoma_vs_normal	exclude_high_leverage	NA	NA	0.447430976434801	-1.00293550975239	2.84734471451094	0.175435526540956	NA	NA	NA	0.175435526540956	NA	3	0.922204602379277	-2.69653111474992	4.54094031950848	0.507166573164048	91.0130682012158	13.4217478826186	0.00121759954893717	REML_Knapp-Hartung	NA
random_effects_meta	results_final/stage_8B_meta_analysis_results.tsv	89d648700d15c228215d0d601918973c82cd6925c375aa7e35f8cc9078b1a70d	NA	Stem_progenitor_SB_M02	adenoma_vs_normal	exclude_high_leverage	NA	NA	0.176621906253827	1.34149324239546	2.86137869654862	0.00699011783276448	NA	NA	NA	0.0419407069965869	NA	3	2.10143596947204	0.639594887954249	3.56327705098983	0.0842371046646588	88.7170834175769	19.8091935951425	4.99445684974877e-05	REML_Knapp-Hartung	NA
random_effects_meta	results_final/stage_8B_meta_analysis_results.tsv	89d648700d15c228215d0d601918973c82cd6925c375aa7e35f8cc9078b1a70d	NA	Stem_progenitor_SB_M16	adenoma_vs_normal	exclude_high_leverage	NA	NA	0.303902184816081	-0.246155269748574	2.3690158604029	0.0731005851304359	NA	NA	NA	0.109650877695654	NA	3	1.06143029532716	-1.45244710696163	3.57530769761595	0.249005794689762	89.1502112115155	19.5804388547801	5.59966087336761e-05	REML_Knapp-Hartung	NA
random_effects_meta	results_final/stage_8B_meta_analysis_results.tsv	89d648700d15c228215d0d601918973c82cd6925c375aa7e35f8cc9078b1a70d	NA	Stem_progenitor_SB_M12	adenoma_vs_normal	exclude_high_leverage	NA	NA	0.238948155028836	-0.142028721384901	1.91419314162193	0.0656416287849746	NA	NA	NA	0.109650877695654	NA	3	0.886082210118517	-0.845086888268901	2.61725130850594	0.104788698102012	67.0138909555434	5.68396864184053	0.0583098456435939	REML_Knapp-Hartung	NA
random_effects_meta	results_final/stage_8B_meta_analysis_results.tsv	89d648700d15c228215d0d601918973c82cd6925c375aa7e35f8cc9078b1a70d	NA	Cycling_SB_M02	adenoma_vs_normal	exclude_high_leverage	NA	NA	0.341051487066211	-0.458686304817261	2.47616591880383	0.0978236127646306	NA	NA	NA	0.117388335317557	NA	3	1.00873980699328	-1.66750245206497	3.68498206605154	0.270565645687378	84.60787070259	9.91844798897861	0.00701837201531433	REML_Knapp-Hartung	NA
random_effects_meta	results_final/stage_8B_meta_analysis_results.tsv	89d648700d15c228215d0d601918973c82cd6925c375aa7e35f8cc9078b1a70d	NA	Cycling_SB_M01	cancer_vs_adenoma	exclude_high_leverage	NA	NA	0.0521389992310413	-1.28390518952418	0.0410724084135522	0.0532898000570588	NA	NA	NA	0.129505788028195	NA	2	-0.621416390555314	-1.28390518952418	0.0410724084135522	0	0	0.220747401258568	0.63847102529437	REML_Knapp-Hartung	k=2; heterogeneity imprecise
random_effects_meta	results_final/stage_8B_meta_analysis_results.tsv	89d648700d15c228215d0d601918973c82cd6925c375aa7e35f8cc9078b1a70d	NA	Stem_progenitor_SB_M10	cancer_vs_adenoma	exclude_high_leverage	NA	NA	0.0554590224893912	-0.298248733504332	1.11109865493231	0.0863371920187967	NA	NA	NA	0.129505788028195	NA	2	0.406424960713991	-0.298248733504332	1.11109865493231	0	0	0.116599466312818	0.732752314644736	REML_Knapp-Hartung	k=2; heterogeneity imprecise
random_effects_meta	results_final/stage_8B_meta_analysis_results.tsv	89d648700d15c228215d0d601918973c82cd6925c375aa7e35f8cc9078b1a70d	NA	Stem_progenitor_SB_M02	cancer_vs_adenoma	exclude_high_leverage	NA	NA	0.356486468435815	-5.17569379928037	3.88348630796232	0.320973679870117	NA	NA	NA	0.338085565028948	NA	2	-0.646103745659024	-8.17914006229412	6.88693257097607	0.224403716051244	88.1972516613456	8.47260291677122	0.00360535162790193	REML_Knapp-Hartung	k=2; heterogeneity imprecise
random_effects_meta	results_final/stage_8B_meta_analysis_results.tsv	89d648700d15c228215d0d601918973c82cd6925c375aa7e35f8cc9078b1a70d	NA	Stem_progenitor_SB_M16	cancer_vs_adenoma	exclude_high_leverage	NA	NA	0.162330640846949	-0.853721832767531	3.27149088234402	0.084977834066436	NA	NA	NA	0.129505788028195	NA	2	1.20888452478825	-1.04182374175265	3.45959279132914	0.00502542323250217	7.52276647098005	1.08134722659734	0.298396367629712	REML_Knapp-Hartung	k=2; heterogeneity imprecise
random_effects_meta	results_final/stage_8B_meta_analysis_results.tsv	89d648700d15c228215d0d601918973c82cd6925c375aa7e35f8cc9078b1a70d	NA	Stem_progenitor_SB_M12	cancer_vs_adenoma	exclude_high_leverage	NA	NA	0.31639328448635	-4.55884027530282	3.48147542436585	0.338085565028948	NA	NA	NA	0.338085565028948	NA	2	-0.538682425468489	-6.50487580660982	5.42751095567284	0.12037211859106	57.1554481573291	2.33401904557688	0.126574703395486	REML_Knapp-Hartung	k=2; heterogeneity imprecise
random_effects_meta	results_final/stage_8B_meta_analysis_results.tsv	89d648700d15c228215d0d601918973c82cd6925c375aa7e35f8cc9078b1a70d	NA	Cycling_SB_M02	cancer_vs_adenoma	exclude_high_leverage	NA	NA	0.0856000979613412	-0.423861912875166	1.75144282739166	0.0816456679337626	NA	NA	NA	0.129505788028195	NA	2	0.663790457258247	-0.423861912875166	1.75144282739166	0	0	0.293198928292877	0.588177836863026	REML_Knapp-Hartung	k=2; heterogeneity imprecise
random_effects_meta	results_final/stage_8B_meta_analysis_results.tsv	89d648700d15c228215d0d601918973c82cd6925c375aa7e35f8cc9078b1a70d	NA	Cycling_SB_M01	cancer_vs_normal	exclude_high_leverage	NA	NA	0.405539042474087	-7.44462879120461	2.8610954131714	0.111498679900939	NA	NA	NA	0.298530060370278	NA	2	-2.2917666890166	-10.8502324538583	6.26669907582508	0.289229057492411	87.9041716912264	8.26731311384983	0.00403651997207844	REML_Knapp-Hartung	k=2; heterogeneity imprecise
random_effects_meta	results_final/stage_8B_meta_analysis_results.tsv	89d648700d15c228215d0d601918973c82cd6925c375aa7e35f8cc9078b1a70d	NA	Stem_progenitor_SB_M10	cancer_vs_normal	exclude_high_leverage	NA	NA	0.810581738430131	-9.17565123248532	11.42318381531	0.397813524785524	NA	NA	NA	0.397813524785524	NA	2	1.12376629141234	-16.311419587434	18.5589521702587	1.22583214454115	93.2556670835948	14.8272633097272	0.000117819876313279	REML_Knapp-Hartung	k=2; heterogeneity imprecise
random_effects_meta	results_final/stage_8B_meta_analysis_results.tsv	89d648700d15c228215d0d601918973c82cd6925c375aa7e35f8cc9078b1a70d	NA	Stem_progenitor_SB_M02	cancer_vs_normal	exclude_high_leverage	NA	NA	0.526932626617882	-5.09325326537701	8.29737440657721	0.202294627175209	NA	NA	NA	0.303441940762813	NA	2	1.6020605706001	-9.82903809930255	13.0331592405028	0.531706688794918	95.7165706554046	23.3457802043994	1.35340094359268e-06	REML_Knapp-Hartung	k=2; heterogeneity imprecise
random_effects_meta	results_final/stage_8B_meta_analysis_results.tsv	89d648700d15c228215d0d601918973c82cd6925c375aa7e35f8cc9078b1a70d	NA	Stem_progenitor_SB_M16	cancer_vs_normal	exclude_high_leverage	NA	NA	0.464686590881984	-3.95895227212949	7.84985365167361	0.149265030185139	NA	NA	NA	0.298530060370278	NA	2	1.94545068977206	-7.735032902297	11.6259342818411	0.364513155336934	84.304953984223	6.37143719741107	0.0115971634607992	REML_Knapp-Hartung	k=2; heterogeneity imprecise
random_effects_meta	results_final/stage_8B_meta_analysis_results.tsv	89d648700d15c228215d0d601918973c82cd6925c375aa7e35f8cc9078b1a70d	NA	Stem_progenitor_SB_M12	cancer_vs_normal	exclude_high_leverage	NA	NA	0.0320054326385745	-0.246529019458131	0.566806140093021	0.125580750337353	NA	NA	NA	0.298530060370278	NA	2	0.160138560317445	-0.246529019458131	0.566806140093021	0	0	0.0313929333293812	0.859366603765484	REML_Knapp-Hartung	k=2; heterogeneity imprecise
random_effects_meta	results_final/stage_8B_meta_analysis_results.tsv	89d648700d15c228215d0d601918973c82cd6925c375aa7e35f8cc9078b1a70d	NA	Cycling_SB_M02	cancer_vs_normal	exclude_high_leverage	NA	NA	0.628172150680477	-6.55483153563713	9.40853637658152	0.264016739362117	NA	NA	NA	0.31682008723454	NA	2	1.4268524204722	-11.860650690321	14.7143555312653	0.698991084568344	88.5472159853937	8.73150142991125	0.00312758846648331	REML_Knapp-Hartung	k=2; heterogeneity imprecise
random_effects_meta	results_final/stage_8B_meta_analysis_results.tsv	89d648700d15c228215d0d601918973c82cd6925c375aa7e35f8cc9078b1a70d	NA	Cycling_SB_M01	ordered_trend	exclude_all_qc_flags	NA	NA	0.137776952101307	-2.65684923314075	0.844395089509929	0.0960520387838227	NA	NA	NA	0.115262446540587	NA	2	-0.906227071815411	-3.68156371652625	1.86910957289543	0.0287264377125142	74.8771057616838	3.98043310819996	0.0460317257369679	REML_Knapp-Hartung	k=2; heterogeneity imprecise
random_effects_meta	results_final/stage_8B_meta_analysis_results.tsv	89d648700d15c228215d0d601918973c82cd6925c375aa7e35f8cc9078b1a70d	NA	Stem_progenitor_SB_M10	ordered_trend	exclude_all_qc_flags	NA	NA	0.0652467196841219	-0.259807159748657	1.39826919759185	0.0726539148857384	NA	NA	NA	0.108980872328608	NA	2	0.569231018921597	-0.259807159748657	1.39826919759185	0	0	0.73092870706415	0.39258232394161	REML_Knapp-Hartung	k=2; heterogeneity imprecise
random_effects_meta	results_final/stage_8B_meta_analysis_results.tsv	89d648700d15c228215d0d601918973c82cd6925c375aa7e35f8cc9078b1a70d	NA	Stem_progenitor_SB_M02	ordered_trend	exclude_all_qc_flags	NA	NA	0.0206734647006536	0.366703061660087	0.892065611845257	0.0209036122366977	NA	NA	NA	0.0661919831153228	NA	2	0.629384336752672	0.366703061660087	0.892065611845257	0	0	0.0712651065931496	0.789503614773988	REML_Knapp-Hartung	k=2; heterogeneity imprecise
random_effects_meta	results_final/stage_8B_meta_analysis_results.tsv	89d648700d15c228215d0d601918973c82cd6925c375aa7e35f8cc9078b1a70d	NA	Stem_progenitor_SB_M16	ordered_trend	exclude_all_qc_flags	NA	NA	0.0507140247476544	0.114042482471095	1.40280804534935	0.0425059158801398	NA	NA	NA	0.0850118317602797	NA	2	0.758425263910223	0.114042482471095	1.40280804534935	0	0	0.558909771303777	0.454699846055906	REML_Knapp-Hartung	k=2; heterogeneity imprecise
random_effects_meta	results_final/stage_8B_meta_analysis_results.tsv	89d648700d15c228215d0d601918973c82cd6925c375aa7e35f8cc9078b1a70d	NA	Stem_progenitor_SB_M12	ordered_trend	exclude_all_qc_flags	NA	NA	0.198540716636342	-2.44696342089265	2.59843456720377	0.768000994180921	NA	NA	NA	0.768000994180921	NA	2	0.0757355731555599	-3.9602992749722	4.11177042128332	0.0614785521463944	77.5157950054477	4.44756663730066	0.0349510153389572	REML_Knapp-Hartung	k=2; heterogeneity imprecise
random_effects_meta	results_final/stage_8B_meta_analysis_results.tsv	89d648700d15c228215d0d601918973c82cd6925c375aa7e35f8cc9078b1a70d	NA	Cycling_SB_M02	ordered_trend	exclude_all_qc_flags	NA	NA	0.0225836467527428	0.364400113573818	0.938304992233412	0.0220639943717743	NA	NA	NA	0.0661919831153228	NA	2	0.651352552903615	0.364400113573818	0.938304992233412	0	0	0.0863876410247382	0.768820757888736	REML_Knapp-Hartung	k=2; heterogeneity imprecise
random_effects_meta	results_final/stage_8B_meta_analysis_results.tsv	89d648700d15c228215d0d601918973c82cd6925c375aa7e35f8cc9078b1a70d	NA	Cycling_SB_M01	adenoma_vs_normal	exclude_all_qc_flags	NA	NA	0.209109908179442	-2.59427092964791	-0.794816295156042	0.0148887897588955	NA	NA	NA	0.0446663692766865	NA	3	-1.69454361240198	-3.33339137645556	-0.0556958483483934	0.101352073664058	80.8024703906278	9.12618785362159	0.0104297401205825	REML_Knapp-Hartung	NA
random_effects_meta	results_final/stage_8B_meta_analysis_results.tsv	89d648700d15c228215d0d601918973c82cd6925c375aa7e35f8cc9078b1a70d	NA	Stem_progenitor_SB_M10	adenoma_vs_normal	exclude_all_qc_flags	NA	NA	0.353534094003239	-0.46191633562756	2.58035253361752	0.0956809468171234	NA	NA	NA	0.0956809468171234	NA	3	1.05921809899498	-1.67090164228016	3.78933784027012	0.277629431449761	83.867348612035	8.29073950719167	0.0158375788668135	REML_Knapp-Hartung	NA
random_effects_meta	results_final/stage_8B_meta_analysis_results.tsv	89d648700d15c228215d0d601918973c82cd6925c375aa7e35f8cc9078b1a70d	NA	Stem_progenitor_SB_M02	adenoma_vs_normal	exclude_all_qc_flags	NA	NA	0.153784278279195	1.5104104033697	2.83377109283076	0.00497527856734838	NA	NA	NA	0.0298516714040903	NA	3	2.17209074810023	0.916014673818649	3.42816682238181	0.0615738820019622	85.3189795983477	15.0646253287059	0.000535498395496351	REML_Knapp-Hartung	NA
random_effects_meta	results_final/stage_8B_meta_analysis_results.tsv	89d648700d15c228215d0d601918973c82cd6925c375aa7e35f8cc9078b1a70d	NA	Stem_progenitor_SB_M16	adenoma_vs_normal	exclude_all_qc_flags	NA	NA	0.217593840624674	0.194254070780921	2.06671553546177	0.0351084882342232	NA	NA	NA	0.0605334808423979	NA	3	1.13048480312134	-0.579569872296982	2.84053947853967	0.110613021247804	77.0711705340627	8.94014609718678	0.011446479670726	REML_Knapp-Hartung	NA
random_effects_meta	results_final/stage_8B_meta_analysis_results.tsv	89d648700d15c228215d0d601918973c82cd6925c375aa7e35f8cc9078b1a70d	NA	Stem_progenitor_SB_M12	adenoma_vs_normal	exclude_all_qc_flags	NA	NA	0.238174378812291	-0.11353930667939	1.93602397562678	0.0620275812563915	NA	NA	NA	0.0744330975076698	NA	3	0.911242334473697	-0.859263341925626	2.68174801087302	0.112598344302763	67.8867343137822	6.11353044583529	0.0470396120379825	REML_Knapp-Hartung	NA
random_effects_meta	results_final/stage_8B_meta_analysis_results.tsv	89d648700d15c228215d0d601918973c82cd6925c375aa7e35f8cc9078b1a70d	NA	Cycling_SB_M02	adenoma_vs_normal	exclude_all_qc_flags	NA	NA	0.235411795191238	0.1231947052726	2.1489851116622	0.0403556538949319	NA	NA	NA	0.0605334808423979	NA	3	1.1360899084674	-0.479492917300468	2.75167273423527	0.0855704927924946	60.9788130407583	4.77902723243873	0.0916742619097047	REML_Knapp-Hartung	NA
random_effects_meta	results_final/stage_8B_meta_analysis_results.tsv	89d648700d15c228215d0d601918973c82cd6925c375aa7e35f8cc9078b1a70d	NA	Cycling_SB_M01	cancer_vs_adenoma	exclude_all_qc_flags	NA	NA	0.0894762249611116	-1.77656039633377	0.497246070418053	0.0884772571539241	NA	NA	NA	0.136220581657316	NA	2	-0.639657162957856	-1.77656039633377	0.497246070418053	0	0	0.540018692662937	0.462424979709002	REML_Knapp-Hartung	k=2; heterogeneity imprecise
random_effects_meta	results_final/stage_8B_meta_analysis_results.tsv	89d648700d15c228215d0d601918973c82cd6925c375aa7e35f8cc9078b1a70d	NA	Stem_progenitor_SB_M10	cancer_vs_adenoma	exclude_all_qc_flags	NA	NA	0.0692184118337663	-0.397566170481472	1.36144045406391	0.0908137211048774	NA	NA	NA	0.136220581657316	NA	2	0.481937141791222	-0.397566170481472	1.36144045406391	0	0	0.15631251120752	0.692574442424266	REML_Knapp-Hartung	k=2; heterogeneity imprecise
random_effects_meta	results_final/stage_8B_meta_analysis_results.tsv	89d648700d15c228215d0d601918973c82cd6925c375aa7e35f8cc9078b1a70d	NA	Stem_progenitor_SB_M02	cancer_vs_adenoma	exclude_all_qc_flags	NA	NA	0.298126445336305	-4.38749351333203	3.18861779009014	0.293812786748062	NA	NA	NA	0.352575344097674	NA	2	-0.599437861620944	-6.71502310253204	5.51614737929015	0.142777047654992	80.1500402802176	5.03779359815729	0.0248000578184116	REML_Knapp-Hartung	k=2; heterogeneity imprecise
random_effects_meta	results_final/stage_8B_meta_analysis_results.tsv	89d648700d15c228215d0d601918973c82cd6925c375aa7e35f8cc9078b1a70d	NA	Stem_progenitor_SB_M16	cancer_vs_adenoma	exclude_all_qc_flags	NA	NA	0.0905999926053596	0.0079992414810155	2.31036335176024	0.0496563641876384	NA	NA	NA	0.136220581657316	NA	2	1.15918129662063	0.0079992414810155	2.31036335176024	0	0	0.30137343299768	0.583022680084551	REML_Knapp-Hartung	k=2; heterogeneity imprecise
random_effects_meta	results_final/stage_8B_meta_analysis_results.tsv	89d648700d15c228215d0d601918973c82cd6925c375aa7e35f8cc9078b1a70d	NA	Stem_progenitor_SB_M12	cancer_vs_adenoma	exclude_all_qc_flags	NA	NA	0.516502983984044	-6.94822050991002	6.17736481278284	0.591875008937014	NA	NA	NA	0.591875008937014	NA	2	-0.385427848563592	-11.0822958730856	10.3114401759585	0.441955909356326	82.2941404077838	5.6478477918102	0.0174768091269569	REML_Knapp-Hartung	k=2; heterogeneity imprecise
random_effects_meta	results_final/stage_8B_meta_analysis_results.tsv	89d648700d15c228215d0d601918973c82cd6925c375aa7e35f8cc9078b1a70d	NA	Cycling_SB_M02	cancer_vs_adenoma	exclude_all_qc_flags	NA	NA	0.0354039796338064	0.286478918256005	1.18617934566101	0.0305862252046699	NA	NA	NA	0.136220581657316	NA	2	0.73632913195851	0.286478918256005	1.18617934566101	0	0	0.0429805479599498	0.835761903952828	REML_Knapp-Hartung	k=2; heterogeneity imprecise
random_effects_meta	results_final/stage_8B_meta_analysis_results.tsv	89d648700d15c228215d0d601918973c82cd6925c375aa7e35f8cc9078b1a70d	NA	Cycling_SB_M01	cancer_vs_normal	exclude_all_qc_flags	NA	NA	0.265788770989279	-5.79577328149914	0.958559800032928	0.0696806696498157	NA	NA	NA	0.246126799647028	NA	2	-2.41860674073311	-7.64178225826629	2.80456877680008	0.0983371993615406	69.3792432264711	3.26575860745702	0.0707402967756915	REML_Knapp-Hartung	k=2; heterogeneity imprecise
random_effects_meta	results_final/stage_8B_meta_analysis_results.tsv	89d648700d15c228215d0d601918973c82cd6925c375aa7e35f8cc9078b1a70d	NA	Stem_progenitor_SB_M10	cancer_vs_normal	exclude_all_qc_flags	NA	NA	0.542305717262877	-5.45755367697626	8.32374126930413	0.230304975259426	NA	NA	NA	0.276365970311311	NA	2	1.43309379616393	-9.84754194958421	12.7137295419121	0.494102737105802	83.8372997423877	6.18708497999286	0.0128685989891434	REML_Knapp-Hartung	k=2; heterogeneity imprecise
random_effects_meta	results_final/stage_8B_meta_analysis_results.tsv	89d648700d15c228215d0d601918973c82cd6925c375aa7e35f8cc9078b1a70d	NA	Stem_progenitor_SB_M02	cancer_vs_normal	exclude_all_qc_flags	NA	NA	0.405960170470195	-3.43567272505957	6.8807533563938	0.14734679416331	NA	NA	NA	0.246126799647028	NA	2	1.72254031566712	-6.97523916573261	10.4203197970668	0.30377778516181	92.0688422992871	12.6084997642918	0.000383996583629248	REML_Knapp-Hartung	k=2; heterogeneity imprecise
random_effects_meta	results_final/stage_8B_meta_analysis_results.tsv	89d648700d15c228215d0d601918973c82cd6925c375aa7e35f8cc9078b1a70d	NA	Stem_progenitor_SB_M16	cancer_vs_normal	exclude_all_qc_flags	NA	NA	0.314663619563202	-1.90824170034708	6.08811904604459	0.095135648696494	NA	NA	NA	0.246126799647028	NA	2	2.08993867284876	-3.85325162526391	8.03312897096142	0.119766784865862	59.5844208087691	2.47429337896752	0.115721440012818	REML_Knapp-Hartung	k=2; heterogeneity imprecise
random_effects_meta	results_final/stage_8B_meta_analysis_results.tsv	89d648700d15c228215d0d601918973c82cd6925c375aa7e35f8cc9078b1a70d	NA	Stem_progenitor_SB_M12	cancer_vs_normal	exclude_all_qc_flags	NA	NA	0.248879606221516	-2.86158709208445	3.46304337053379	0.440120198286396	NA	NA	NA	0.440120198286396	NA	2	0.300728139224669	-3.98317990468657	4.58463618313591	0.0517296540768143	40.8633549550557	1.69099887090313	0.193469348336847	REML_Knapp-Hartung	k=2; heterogeneity imprecise
random_effects_meta	results_final/stage_8B_meta_analysis_results.tsv	89d648700d15c228215d0d601918973c82cd6925c375aa7e35f8cc9078b1a70d	NA	Cycling_SB_M02	cancer_vs_normal	exclude_all_qc_flags	NA	NA	0.440536778797042	-3.92636072819977	7.26874028222047	0.164084533098019	NA	NA	NA	0.246126799647028	NA	2	1.67118977701035	-7.16990056965646	10.5122801236772	0.290077372505039	74.5627799306429	3.93124719318149	0.0473967810680804	REML_Knapp-Hartung	k=2; heterogeneity imprecise
