section	source_file	source_sha256	freeze_id	stage	artifact_class	manuscript_placement	claim_ids	storage	path	size_bytes	sha256	evidence_commit	immutable_status	notes
freeze_manifest	manuscript_freeze/RESULTS_FREEZE_MANIFEST.tsv	25a0bdbdfbf8b6f93d9b2c7d748f724ebd9c62780a8a74bc822a94d85a55fde6	F0001	Project	report_or_provenance	supporting_reproducibility	NA	local_git_worktree	AGENTS.md	2680	6069fbb82da9ff03d5ca9da68649658975596778c9a2d754d9bd5746d14b7fa6	e0f18f35aae957cf1b837ac4bc709a2a8d07cdc0	FROZEN_NO_SILENT_OVERWRITE	Inclusion freezes provenance; it does not by itself authorize a manuscript claim.
freeze_manifest	manuscript_freeze/RESULTS_FREEZE_MANIFEST.tsv	25a0bdbdfbf8b6f93d9b2c7d748f724ebd9c62780a8a74bc822a94d85a55fde6	F0002	Project	report_or_provenance	supporting_reproducibility	NA	local_git_worktree	PROJECT_CONSTITUTION.md	9275	5ed4868ea8552ea069f884790dd758fbc8e238fb2426248745bcdc1f88f42c8b	e0f18f35aae957cf1b837ac4bc709a2a8d07cdc0	FROZEN_NO_SILENT_OVERWRITE	Inclusion freezes provenance; it does not by itself authorize a manuscript claim.
freeze_manifest	manuscript_freeze/RESULTS_FREEZE_MANIFEST.tsv	25a0bdbdfbf8b6f93d9b2c7d748f724ebd9c62780a8a74bc822a94d85a55fde6	F0003	Project	report_or_provenance	supporting_reproducibility	NA	local_git_worktree	SERVER_EXECUTION_CONTRACT.md	8066	0717e219416a2f03cf8630cb242269f0d3a0e3e4d47cc2088ee206d049a53f6f	e0f18f35aae957cf1b837ac4bc709a2a8d07cdc0	FROZEN_NO_SILENT_OVERWRITE	Inclusion freezes provenance; it does not by itself authorize a manuscript claim.
freeze_manifest	manuscript_freeze/RESULTS_FREEZE_MANIFEST.tsv	25a0bdbdfbf8b6f93d9b2c7d748f724ebd9c62780a8a74bc822a94d85a55fde6	F0004	Project	report_or_provenance	supporting_reproducibility	NA	local_git_worktree	STAGE10_PROTOCOL_ADDENDUM.md	15058	d0a784119c2565f02ac9b8a342d851a016152add37953d60981f8088853dd658	e0f18f35aae957cf1b837ac4bc709a2a8d07cdc0	FROZEN_NO_SILENT_OVERWRITE	Inclusion freezes provenance; it does not by itself authorize a manuscript claim.
freeze_manifest	manuscript_freeze/RESULTS_FREEZE_MANIFEST.tsv	25a0bdbdfbf8b6f93d9b2c7d748f724ebd9c62780a8a74bc822a94d85a55fde6	F0005	Project	report_or_provenance	supporting_reproducibility	NA	local_git_worktree	STATUS.md	30510	0666766c5c443e946a429ec4ba5089298955662aacef2825ce8ce69c9fe31156	e0f18f35aae957cf1b837ac4bc709a2a8d07cdc0	FROZEN_NO_SILENT_OVERWRITE	Inclusion freezes provenance; it does not by itself authorize a manuscript claim.
freeze_manifest	manuscript_freeze/RESULTS_FREEZE_MANIFEST.tsv	25a0bdbdfbf8b6f93d9b2c7d748f724ebd9c62780a8a74bc822a94d85a55fde6	F0006	Stage10I	report_or_provenance	main_or_governance	NA	local_git_worktree	audit/stage10i/STAGE10I_BMC_GENOMICS_FIT.md	3940	f2e7d1828ce0855426f3ac9cc1640882909d86f3ccf009c56efd2f1e717065d8	e0f18f35aae957cf1b837ac4bc709a2a8d07cdc0	FROZEN_NO_SILENT_OVERWRITE	Inclusion freezes provenance; it does not by itself authorize a manuscript claim.
freeze_manifest	manuscript_freeze/RESULTS_FREEZE_MANIFEST.tsv	25a0bdbdfbf8b6f93d9b2c7d748f724ebd9c62780a8a74bc822a94d85a55fde6	F0007	Stage10I	tabular_result_or_audit	main_or_governance	NA	local_git_worktree	audit/stage10i/STAGE10I_DATASET_INDEPENDENCE_AUDIT.tsv	3309	f9e6ebe552e7214ec54a47e2fc54187ba17744651cf568b861f115ffe2ea577c	e0f18f35aae957cf1b837ac4bc709a2a8d07cdc0	FROZEN_NO_SILENT_OVERWRITE	Inclusion freezes provenance; it does not by itself authorize a manuscript claim.
freeze_manifest	manuscript_freeze/RESULTS_FREEZE_MANIFEST.tsv	25a0bdbdfbf8b6f93d9b2c7d748f724ebd9c62780a8a74bc822a94d85a55fde6	F0008	Stage10I	governance_or_claim_file	main_or_governance	NA	local_git_worktree	audit/stage10i/STAGE10I_DECISION.md	1633	7b11bccaab78f90352d26ebd50bad0e23c87a628e7b9b9c20e2131fa25f19a65	e0f18f35aae957cf1b837ac4bc709a2a8d07cdc0	FROZEN_NO_SILENT_OVERWRITE	Inclusion freezes provenance; it does not by itself authorize a manuscript claim.
freeze_manifest	manuscript_freeze/RESULTS_FREEZE_MANIFEST.tsv	25a0bdbdfbf8b6f93d9b2c7d748f724ebd9c62780a8a74bc822a94d85a55fde6	F0009	Stage10I	tabular_result_or_audit	main_or_governance	CLM03;CLM04;CLM05;CLM06;CLM07;CLM08;CLM14;CLM15;CLM16;CLM17;CLM18;CLM19;CLM20;CLM21;CLM22;CLM23	local_git_worktree	audit/stage10i/STAGE10I_FINAL_CLAIM_AUDIT.tsv	4225	e869539f6b6771e96f0b63bfa60ecd910541275689b4ccd1e6c0ae6a164ba712	e0f18f35aae957cf1b837ac4bc709a2a8d07cdc0	FROZEN_NO_SILENT_OVERWRITE	Inclusion freezes provenance; it does not by itself authorize a manuscript claim.
freeze_manifest	manuscript_freeze/RESULTS_FREEZE_MANIFEST.tsv	25a0bdbdfbf8b6f93d9b2c7d748f724ebd9c62780a8a74bc822a94d85a55fde6	F0010	Stage10I	tabular_result_or_audit	main_or_governance	NA	local_git_worktree	audit/stage10i/STAGE10I_ISSUES.tsv	4172	5ec757a1d064a6fc9a0c9e6ee136356f69c5fb02cc29e49d4c5dc197a567c2c2	e0f18f35aae957cf1b837ac4bc709a2a8d07cdc0	FROZEN_NO_SILENT_OVERWRITE	Inclusion freezes provenance; it does not by itself authorize a manuscript claim.
freeze_manifest	manuscript_freeze/RESULTS_FREEZE_MANIFEST.tsv	25a0bdbdfbf8b6f93d9b2c7d748f724ebd9c62780a8a74bc822a94d85a55fde6	F0011	Stage10I	tabular_result_or_audit	main_or_governance	CLM03;CLM04;CLM05;CLM06;CLM22;CLM23	local_git_worktree	audit/stage10i/STAGE10I_NUMERIC_RECONCILIATION.tsv	5813	a3dcc1d660b823285bf05c13758df83ba8ab8b05b1d07cc0201c438bdf3a462a	e0f18f35aae957cf1b837ac4bc709a2a8d07cdc0	FROZEN_NO_SILENT_OVERWRITE	Inclusion freezes provenance; it does not by itself authorize a manuscript claim.
freeze_manifest	manuscript_freeze/RESULTS_FREEZE_MANIFEST.tsv	25a0bdbdfbf8b6f93d9b2c7d748f724ebd9c62780a8a74bc822a94d85a55fde6	F0012	Stage10I	report_or_provenance	main_or_governance	NA	local_git_worktree	audit/stage10i/STAGE10I_RED_TEAM_REPORT.md	7061	20979e8ceee1b6e07b0bb3eb0301ee8d15b3ad2f578baaaaffda4a5872cac562	e0f18f35aae957cf1b837ac4bc709a2a8d07cdc0	FROZEN_NO_SILENT_OVERWRITE	Inclusion freezes provenance; it does not by itself authorize a manuscript claim.
freeze_manifest	manuscript_freeze/RESULTS_FREEZE_MANIFEST.tsv	25a0bdbdfbf8b6f93d9b2c7d748f724ebd9c62780a8a74bc822a94d85a55fde6	F0013	Stage10I	report_or_provenance	main_or_governance	NA	local_git_worktree	audit/stage10i/STAGE10I_REPRODUCIBILITY_REPORT.md	3811	1e67e0835a6de17e718f178c5d05a5ccd60afda30f718d5a70cb138b28f290cd	e0f18f35aae957cf1b837ac4bc709a2a8d07cdc0	FROZEN_NO_SILENT_OVERWRITE	Inclusion freezes provenance; it does not by itself authorize a manuscript claim.
freeze_manifest	manuscript_freeze/RESULTS_FREEZE_MANIFEST.tsv	25a0bdbdfbf8b6f93d9b2c7d748f724ebd9c62780a8a74bc822a94d85a55fde6	F0014	Stage10I	tabular_result_or_audit	main_or_governance	NA	local_git_worktree	audit/stage10i/STAGE10I_SPATIAL_CLAIM_AUDIT.tsv	1761	108f9614ed2222786a507465e8fd7b02b19e106cde0d1fada2627d7c1703cfc4	e0f18f35aae957cf1b837ac4bc709a2a8d07cdc0	FROZEN_NO_SILENT_OVERWRITE	Inclusion freezes provenance; it does not by itself authorize a manuscript claim.
freeze_manifest	manuscript_freeze/RESULTS_FREEZE_MANIFEST.tsv	25a0bdbdfbf8b6f93d9b2c7d748f724ebd9c62780a8a74bc822a94d85a55fde6	F0015	Stage10I	report_or_provenance	main_or_governance	NA	local_git_worktree	audit/stage10i/STAGE10I_STORY_COHERENCE_REVIEW.md	3791	1375bb9e660cb37febb8019367f79a78eeb3be30a5a1326e6e2555edacf64658	e0f18f35aae957cf1b837ac4bc709a2a8d07cdc0	FROZEN_NO_SILENT_OVERWRITE	Inclusion freezes provenance; it does not by itself authorize a manuscript claim.
freeze_manifest	manuscript_freeze/RESULTS_FREEZE_MANIFEST.tsv	25a0bdbdfbf8b6f93d9b2c7d748f724ebd9c62780a8a74bc822a94d85a55fde6	F0016	Stage10I	report_or_provenance	main_or_governance	NA	local_git_worktree	audit/stage10i/recompute/CORE_FIGURE_RECOMPUTED.pdf	4955	6f62aaacdacfa3600444e414c854b1b1d588c95dff6006c18ba333dc0344b036	e0f18f35aae957cf1b837ac4bc709a2a8d07cdc0	FROZEN_NO_SILENT_OVERWRITE	Inclusion freezes provenance; it does not by itself authorize a manuscript claim.
freeze_manifest	manuscript_freeze/RESULTS_FREEZE_MANIFEST.tsv	25a0bdbdfbf8b6f93d9b2c7d748f724ebd9c62780a8a74bc822a94d85a55fde6	F0017	Stage10I	report_or_provenance	main_or_governance	NA	local_git_worktree	audit/stage10i/recompute/CORE_FIGURE_RECOMPUTED.png	45198	d04b690c29c0e18b6d7f2e86bc2e4a7333947dc41caa3f2bea10071dbcd821e5	e0f18f35aae957cf1b837ac4bc709a2a8d07cdc0	FROZEN_NO_SILENT_OVERWRITE	Inclusion freezes provenance; it does not by itself authorize a manuscript claim.
freeze_manifest	manuscript_freeze/RESULTS_FREEZE_MANIFEST.tsv	25a0bdbdfbf8b6f93d9b2c7d748f724ebd9c62780a8a74bc822a94d85a55fde6	F0018	Stage10I	tabular_result_or_audit	main_or_governance	NA	local_git_worktree	audit/stage10i/recompute/CORE_FIGURE_SOURCE_RECOMPUTE.tsv	667	8f1b25e1d62917b5553438ab2c2c4537985e532eb2da2ff001b278ecc108979c	e0f18f35aae957cf1b837ac4bc709a2a8d07cdc0	FROZEN_NO_SILENT_OVERWRITE	Inclusion freezes provenance; it does not by itself authorize a manuscript claim.
freeze_manifest	manuscript_freeze/RESULTS_FREEZE_MANIFEST.tsv	25a0bdbdfbf8b6f93d9b2c7d748f724ebd9c62780a8a74bc822a94d85a55fde6	F0019	Stage10I	tabular_result_or_audit	main_or_governance	NA	local_git_worktree	audit/stage10i/recompute/GSE161277_ALL_MODULES_RECOMPUTE.tsv	1199	941afd511c00c968c05d508444730099a2343e1073b5dd6178493c8c8d5a983e	e0f18f35aae957cf1b837ac4bc709a2a8d07cdc0	FROZEN_NO_SILENT_OVERWRITE	Inclusion freezes provenance; it does not by itself authorize a manuscript claim.
freeze_manifest	manuscript_freeze/RESULTS_FREEZE_MANIFEST.tsv	25a0bdbdfbf8b6f93d9b2c7d748f724ebd9c62780a8a74bc822a94d85a55fde6	F0020	Stage10I	tabular_result_or_audit	main_or_governance	NA	local_git_worktree	audit/stage10i/recompute/GSE161277_M02_RECOMPUTE.tsv	316	69f01e0980cbd9b1ab0ea4197b7d0724fb998bad925c721aeaf3d36c23c39322	e0f18f35aae957cf1b837ac4bc709a2a8d07cdc0	FROZEN_NO_SILENT_OVERWRITE	Inclusion freezes provenance; it does not by itself authorize a manuscript claim.
freeze_manifest	manuscript_freeze/RESULTS_FREEZE_MANIFEST.tsv	25a0bdbdfbf8b6f93d9b2c7d748f724ebd9c62780a8a74bc822a94d85a55fde6	F0021	Stage10I	report_or_provenance	main_or_governance	NA	local_git_worktree	audit/stage10i/recompute/RECOMPUTE.SUCCESS	213	759adf78614b27c0a6e32032b51be9aa76e958f669c809a09fb9673e5e746462	e0f18f35aae957cf1b837ac4bc709a2a8d07cdc0	FROZEN_NO_SILENT_OVERWRITE	Inclusion freezes provenance; it does not by itself authorize a manuscript claim.
freeze_manifest	manuscript_freeze/RESULTS_FREEZE_MANIFEST.tsv	25a0bdbdfbf8b6f93d9b2c7d748f724ebd9c62780a8a74bc822a94d85a55fde6	F0022	Stage10I	tabular_result_or_audit	main_or_governance	NA	local_git_worktree	audit/stage10i/recompute/STAGE10C_FAP_ALL_MODULES_RECOMPUTE.tsv	2810	747f9843a68e053321058f04f87131bec4ff98d6ae19f54f890a0fc6ed60b23a	e0f18f35aae957cf1b837ac4bc709a2a8d07cdc0	FROZEN_NO_SILENT_OVERWRITE	Inclusion freezes provenance; it does not by itself authorize a manuscript claim.
freeze_manifest	manuscript_freeze/RESULTS_FREEZE_MANIFEST.tsv	25a0bdbdfbf8b6f93d9b2c7d748f724ebd9c62780a8a74bc822a94d85a55fde6	F0023	Stage10I	tabular_result_or_audit	main_or_governance	NA	local_git_worktree	audit/stage10i/recompute/STAGE10C_FAP_M02_RECOMPUTE.tsv	608	3c389659e54581d700704e3cd80dd793064dcbc8ca1ae5fe839a67d79f92756d	e0f18f35aae957cf1b837ac4bc709a2a8d07cdc0	FROZEN_NO_SILENT_OVERWRITE	Inclusion freezes provenance; it does not by itself authorize a manuscript claim.
freeze_manifest	manuscript_freeze/RESULTS_FREEZE_MANIFEST.tsv	25a0bdbdfbf8b6f93d9b2c7d748f724ebd9c62780a8a74bc822a94d85a55fde6	F0024	Stage10I	tabular_result_or_audit	supplement_or_limit	NA	local_git_worktree	audit/stage10i/recompute/STAGE10E_DESC_CASE4_RECOMPUTE.tsv	257	d4fe6ec6d07cdfd9c715d6e174797a9981d39aa73d584e2d81920fa685ddf54b	e0f18f35aae957cf1b837ac4bc709a2a8d07cdc0	FROZEN_NO_SILENT_OVERWRITE	Inclusion freezes provenance; it does not by itself authorize a manuscript claim.
freeze_manifest	manuscript_freeze/RESULTS_FREEZE_MANIFEST.tsv	25a0bdbdfbf8b6f93d9b2c7d748f724ebd9c62780a8a74bc822a94d85a55fde6	F0025	Stage10I	tabular_result_or_audit	main_or_governance	NA	local_git_worktree	audit/stage10i/recompute/STAGE10H_EVIDENCE_MATRIX_RECOMPUTE.tsv	364	4a29b3599786e5c7aa6aad7247e1ebd6646114fa52f1b1c25d76e84fba131424	e0f18f35aae957cf1b837ac4bc709a2a8d07cdc0	FROZEN_NO_SILENT_OVERWRITE	Inclusion freezes provenance; it does not by itself authorize a manuscript claim.
freeze_manifest	manuscript_freeze/RESULTS_FREEZE_MANIFEST.tsv	25a0bdbdfbf8b6f93d9b2c7d748f724ebd9c62780a8a74bc822a94d85a55fde6	F0026	Stage10I	tabular_result_or_audit	main_or_governance	NA	local_git_worktree	audit/stage10i/recompute/STAGE10I_NUMERIC_RECOMPUTE_RAW.tsv	1593	a190b8875fc643b18c865f5a2b442091b23cd489a6d999df94cc291c95f5b2fd	e0f18f35aae957cf1b837ac4bc709a2a8d07cdc0	FROZEN_NO_SILENT_OVERWRITE	Inclusion freezes provenance; it does not by itself authorize a manuscript claim.
freeze_manifest	manuscript_freeze/RESULTS_FREEZE_MANIFEST.tsv	25a0bdbdfbf8b6f93d9b2c7d748f724ebd9c62780a8a74bc822a94d85a55fde6	F0027	Stage10I	environment	reproducibility	NA	local_git_worktree	audit/stage10i/recompute/STAGE10I_RECOMPUTE_SESSIONINFO.txt	991	5de402f5c71ab382f3b1c9906ad98af1f8b847c78901622bf034bae060d3322b	e0f18f35aae957cf1b837ac4bc709a2a8d07cdc0	FROZEN_NO_SILENT_OVERWRITE	Inclusion freezes provenance; it does not by itself authorize a manuscript claim.
freeze_manifest	manuscript_freeze/RESULTS_FREEZE_MANIFEST.tsv	25a0bdbdfbf8b6f93d9b2c7d748f724ebd9c62780a8a74bc822a94d85a55fde6	F0028	Stage10I	report_or_provenance	main_or_governance	NA	local_git_worktree	audit/stage10i/recompute/STAGE10I_RECOMPUTE_SHA256.txt	1502	1cdc29d26f21a1b7e777291b2ad792831e144a3cb4ba5d0955787f3ec82d00d7	e0f18f35aae957cf1b837ac4bc709a2a8d07cdc0	FROZEN_NO_SILENT_OVERWRITE	Inclusion freezes provenance; it does not by itself authorize a manuscript claim.
freeze_manifest	manuscript_freeze/RESULTS_FREEZE_MANIFEST.tsv	25a0bdbdfbf8b6f93d9b2c7d748f724ebd9c62780a8a74bc822a94d85a55fde6	F0029	Stage10I	tabular_result_or_audit	main_or_governance	NA	local_git_worktree	audit/stage10i/recompute/STAGE6A_PRIMARY_RECOMPUTE.tsv	601	e0c908da9aed3ca0896d308b335acb16c3269640e2edc7202e44f5282fa55af0	e0f18f35aae957cf1b837ac4bc709a2a8d07cdc0	FROZEN_NO_SILENT_OVERWRITE	Inclusion freezes provenance; it does not by itself authorize a manuscript claim.
freeze_manifest	manuscript_freeze/RESULTS_FREEZE_MANIFEST.tsv	25a0bdbdfbf8b6f93d9b2c7d748f724ebd9c62780a8a74bc822a94d85a55fde6	F0030	Stage10I	tabular_result_or_audit	main_or_governance	NA	local_git_worktree	audit/stage10i/recompute/STAGE8B_META_ALL_MODULES_RECOMPUTE.tsv	1821	3e42465964a811e315d90193d90b1180aa4ed876f845707f722c9f20b22c9f44	e0f18f35aae957cf1b837ac4bc709a2a8d07cdc0	FROZEN_NO_SILENT_OVERWRITE	Inclusion freezes provenance; it does not by itself authorize a manuscript claim.
freeze_manifest	manuscript_freeze/RESULTS_FREEZE_MANIFEST.tsv	25a0bdbdfbf8b6f93d9b2c7d748f724ebd9c62780a8a74bc822a94d85a55fde6	F0031	Stage10I	tabular_result_or_audit	main_or_governance	NA	local_git_worktree	audit/stage10i/recompute/STAGE8B_META_M02_RECOMPUTE.tsv	424	81a4566b78d2c59b637bbb98f02f6b4f781bbb6d338c78140576e4a195ff4fcd	e0f18f35aae957cf1b837ac4bc709a2a8d07cdc0	FROZEN_NO_SILENT_OVERWRITE	Inclusion freezes provenance; it does not by itself authorize a manuscript claim.
freeze_manifest	manuscript_freeze/RESULTS_FREEZE_MANIFEST.tsv	25a0bdbdfbf8b6f93d9b2c7d748f724ebd9c62780a8a74bc822a94d85a55fde6	F0032	Project	parameter_file	reproducibility	NA	local_git_worktree	config/.gitkeep	0	e3b0c44298fc1c149afbf4c8996fb92427ae41e4649b934ca495991b7852b855	e0f18f35aae957cf1b837ac4bc709a2a8d07cdc0	FROZEN_NO_SILENT_OVERWRITE	Inclusion freezes provenance; it does not by itself authorize a manuscript claim.
freeze_manifest	manuscript_freeze/RESULTS_FREEZE_MANIFEST.tsv	25a0bdbdfbf8b6f93d9b2c7d748f724ebd9c62780a8a74bc822a94d85a55fde6	F0033	Stage6A	parameter_file	reproducibility	NA	local_git_worktree	config/06A_amendment_parameters.tsv	1254	e5b3815819146f8008e6479fdb7302a871205b5a8483059a3b27740b530a23b7	e0f18f35aae957cf1b837ac4bc709a2a8d07cdc0	FROZEN_NO_SILENT_OVERWRITE	Inclusion freezes provenance; it does not by itself authorize a manuscript claim.
freeze_manifest	manuscript_freeze/RESULTS_FREEZE_MANIFEST.tsv	25a0bdbdfbf8b6f93d9b2c7d748f724ebd9c62780a8a74bc822a94d85a55fde6	F0034	Stage6A	parameter_file	reproducibility	NA	local_git_worktree	config/06A_pseudobulk_parameters.tsv	1766	51940f98e16a3ecf47a2956f2c98e3279ff600ee881ba37f6d684b5fc328467a	e0f18f35aae957cf1b837ac4bc709a2a8d07cdc0	FROZEN_NO_SILENT_OVERWRITE	Inclusion freezes provenance; it does not by itself authorize a manuscript claim.
freeze_manifest	manuscript_freeze/RESULTS_FREEZE_MANIFEST.tsv	25a0bdbdfbf8b6f93d9b2c7d748f724ebd9c62780a8a74bc822a94d85a55fde6	F0035	Stage6B	parameter_file	reproducibility	NA	local_git_worktree	config/06B_regulatory_parameters.tsv	3389	9a100dfee398ba14216ce5b2f1988d38cbb190d921bb1c43341980c55f70c236	e0f18f35aae957cf1b837ac4bc709a2a8d07cdc0	FROZEN_NO_SILENT_OVERWRITE	Inclusion freezes provenance; it does not by itself authorize a manuscript claim.
freeze_manifest	manuscript_freeze/RESULTS_FREEZE_MANIFEST.tsv	25a0bdbdfbf8b6f93d9b2c7d748f724ebd9c62780a8a74bc822a94d85a55fde6	F0036	Stage7	parameter_file	reproducibility	NA	local_git_worktree	config/07_replication_parameters.tsv	2357	41d1438e45903a9a7f15a4260432362104325601856932c957d9caf10048784d	e0f18f35aae957cf1b837ac4bc709a2a8d07cdc0	FROZEN_NO_SILENT_OVERWRITE	Inclusion freezes provenance; it does not by itself authorize a manuscript claim.
freeze_manifest	manuscript_freeze/RESULTS_FREEZE_MANIFEST.tsv	25a0bdbdfbf8b6f93d9b2c7d748f724ebd9c62780a8a74bc822a94d85a55fde6	F0037	Stage8A	parameter_file	reproducibility	NA	local_git_worktree	config/08A_bulk_preprocessing_parameters.tsv	641	1884006bbe44e79d3e6883619d2b8ce025fc3a9edbf4d7d1464a45bfd56bae05	e0f18f35aae957cf1b837ac4bc709a2a8d07cdc0	FROZEN_NO_SILENT_OVERWRITE	Inclusion freezes provenance; it does not by itself authorize a manuscript claim.
freeze_manifest	manuscript_freeze/RESULTS_FREEZE_MANIFEST.tsv	25a0bdbdfbf8b6f93d9b2c7d748f724ebd9c62780a8a74bc822a94d85a55fde6	F0038	Stage8B	parameter_file	reproducibility	NA	local_git_worktree	config/08B_bulk_validation_parameters.tsv	1067	b7e02d7d269cbf2389c88dafad9d36d5fc9f233b6ef0f843c33e8a541d3b2346	e0f18f35aae957cf1b837ac4bc709a2a8d07cdc0	FROZEN_NO_SILENT_OVERWRITE	Inclusion freezes provenance; it does not by itself authorize a manuscript claim.
freeze_manifest	manuscript_freeze/RESULTS_FREEZE_MANIFEST.tsv	25a0bdbdfbf8b6f93d9b2c7d748f724ebd9c62780a8a74bc822a94d85a55fde6	F0039	Stage10C	parameter_file	reproducibility	NA	local_git_worktree	config/10C_fap_confounding_parameters.tsv	1580	1103d4c120801f21e6def748d325f91fa8abeffcd1ad09e48b7d7a42fdad066e	e0f18f35aae957cf1b837ac4bc709a2a8d07cdc0	FROZEN_NO_SILENT_OVERWRITE	Inclusion freezes provenance; it does not by itself authorize a manuscript claim.
freeze_manifest	manuscript_freeze/RESULTS_FREEZE_MANIFEST.tsv	25a0bdbdfbf8b6f93d9b2c7d748f724ebd9c62780a8a74bc822a94d85a55fde6	F0040	Project	parameter_file	reproducibility	NA	local_git_worktree	config/annotation_parameters.tsv	5044	d9ca62f579d6f5f8645fe7323e28eed92248dc4f91282b189287f345ab7d1981	e0f18f35aae957cf1b837ac4bc709a2a8d07cdc0	FROZEN_NO_SILENT_OVERWRITE	Inclusion freezes provenance; it does not by itself authorize a manuscript claim.
freeze_manifest	manuscript_freeze/RESULTS_FREEZE_MANIFEST.tsv	25a0bdbdfbf8b6f93d9b2c7d748f724ebd9c62780a8a74bc822a94d85a55fde6	F0041	Project	parameter_file	reproducibility	NA	local_git_worktree	config/epithelial_cluster_annotation.tsv	4995	c2303c58a7f95db0fb817dd26b42b6e800508c081bd61b63477fdf8f5709b2b5	e0f18f35aae957cf1b837ac4bc709a2a8d07cdc0	FROZEN_NO_SILENT_OVERWRITE	Inclusion freezes provenance; it does not by itself authorize a manuscript claim.
freeze_manifest	manuscript_freeze/RESULTS_FREEZE_MANIFEST.tsv	25a0bdbdfbf8b6f93d9b2c7d748f724ebd9c62780a8a74bc822a94d85a55fde6	F0042	Project	parameter_file	reproducibility	NA	local_git_worktree	config/major_cluster_annotation.tsv	2756	c446852ec78942d4128f11fd15e2c134d0a58080631d437e012516f5ca96ccba	e0f18f35aae957cf1b837ac4bc709a2a8d07cdc0	FROZEN_NO_SILENT_OVERWRITE	Inclusion freezes provenance; it does not by itself authorize a manuscript claim.
freeze_manifest	manuscript_freeze/RESULTS_FREEZE_MANIFEST.tsv	25a0bdbdfbf8b6f93d9b2c7d748f724ebd9c62780a8a74bc822a94d85a55fde6	F0043	Project	parameter_file	reproducibility	NA	local_git_worktree	config/qc_parameters.tsv	4215	adad82582b864f165974a82172e1f8196e6eb07adc11849c348f5d6d76373559	e0f18f35aae957cf1b837ac4bc709a2a8d07cdc0	FROZEN_NO_SILENT_OVERWRITE	Inclusion freezes provenance; it does not by itself authorize a manuscript claim.
freeze_manifest	manuscript_freeze/RESULTS_FREEZE_MANIFEST.tsv	25a0bdbdfbf8b6f93d9b2c7d748f724ebd9c62780a8a74bc822a94d85a55fde6	F0044	Project	parameter_file	reproducibility	NA	local_git_worktree	config/stage10B_download_sources.tsv	4707	750069d838c7550d7bd0e522ceca2cff1933fd6d7b127ac36da394208f790b09	e0f18f35aae957cf1b837ac4bc709a2a8d07cdc0	FROZEN_NO_SILENT_OVERWRITE	Inclusion freezes provenance; it does not by itself authorize a manuscript claim.
freeze_manifest	manuscript_freeze/RESULTS_FREEZE_MANIFEST.tsv	25a0bdbdfbf8b6f93d9b2c7d748f724ebd9c62780a8a74bc822a94d85a55fde6	F0045	Stage10D	parameter_file	reproducibility	NA	local_git_worktree	config/stage10d_tech_parameters.tsv	3866	187bdcf8a1a0851a2a1dca93c04b2d1d7f4e9ad73f810b7c72018021d056a9b2	e0f18f35aae957cf1b837ac4bc709a2a8d07cdc0	FROZEN_NO_SILENT_OVERWRITE	Inclusion freezes provenance; it does not by itself authorize a manuscript claim.
freeze_manifest	manuscript_freeze/RESULTS_FREEZE_MANIFEST.tsv	25a0bdbdfbf8b6f93d9b2c7d748f724ebd9c62780a8a74bc822a94d85a55fde6	F0046	Stage10E	parameter_file	reproducibility	NA	local_git_worktree	config/stage10e_desc_parameters.tsv	1099	d0bd142468af0358fcbfe32965a6049056480d2e7fffda74ce60a51f0241515f	e0f18f35aae957cf1b837ac4bc709a2a8d07cdc0	FROZEN_NO_SILENT_OVERWRITE	Inclusion freezes provenance; it does not by itself authorize a manuscript claim.
freeze_manifest	manuscript_freeze/RESULTS_FREEZE_MANIFEST.tsv	25a0bdbdfbf8b6f93d9b2c7d748f724ebd9c62780a8a74bc822a94d85a55fde6	F0047	Stage10E	parameter_file	reproducibility	NA	local_git_worktree	config/stage10e_parameters.tsv	1624	6d49f647a6a88e61611b4c58a0c01049b1b1cb37a9cf425e267bbc86bbc7ea87	e0f18f35aae957cf1b837ac4bc709a2a8d07cdc0	FROZEN_NO_SILENT_OVERWRITE	Inclusion freezes provenance; it does not by itself authorize a manuscript claim.
freeze_manifest	manuscript_freeze/RESULTS_FREEZE_MANIFEST.tsv	25a0bdbdfbf8b6f93d9b2c7d748f724ebd9c62780a8a74bc822a94d85a55fde6	F0048	Stage10E	parameter_file	reproducibility	NA	local_git_worktree	config/stage10e_r_parameters.tsv	1134	97b147c62cba222ce1b1ff1b4b13f0694651bd60c805092075af4e661ee02b70	e0f18f35aae957cf1b837ac4bc709a2a8d07cdc0	FROZEN_NO_SILENT_OVERWRITE	Inclusion freezes provenance; it does not by itself authorize a manuscript claim.
freeze_manifest	manuscript_freeze/RESULTS_FREEZE_MANIFEST.tsv	25a0bdbdfbf8b6f93d9b2c7d748f724ebd9c62780a8a74bc822a94d85a55fde6	F0049	Stage10E	parameter_file	reproducibility	NA	local_git_worktree	config/stage10e_r_registration_inputs.tsv	2259	8dc2a67726ce8d0dd4e250676b81f06dbed33295d43bb8b61922ed2679d2d4ce	e0f18f35aae957cf1b837ac4bc709a2a8d07cdc0	FROZEN_NO_SILENT_OVERWRITE	Inclusion freezes provenance; it does not by itself authorize a manuscript claim.
freeze_manifest	manuscript_freeze/RESULTS_FREEZE_MANIFEST.tsv	25a0bdbdfbf8b6f93d9b2c7d748f724ebd9c62780a8a74bc822a94d85a55fde6	F0050	Stage10E	parameter_file	reproducibility	NA	local_git_worktree	config/stage10e_roi_overlay_panels.tsv	929	a212bc26e1858af7e335fbd983525cbc0bf17e5a09ca339d75d6583ee786c1bc	e0f18f35aae957cf1b837ac4bc709a2a8d07cdc0	FROZEN_NO_SILENT_OVERWRITE	Inclusion freezes provenance; it does not by itself authorize a manuscript claim.
freeze_manifest	manuscript_freeze/RESULTS_FREEZE_MANIFEST.tsv	25a0bdbdfbf8b6f93d9b2c7d748f724ebd9c62780a8a74bc822a94d85a55fde6	F0051	Stage9C	parameter_file	reproducibility	NA	local_git_worktree	config/stage_9C_lock_verification.tsv	990	2876d13379ed78c9525d5ac7a0a44be49e5b7630e00c9abe4c53a2cb86590aa4	e0f18f35aae957cf1b837ac4bc709a2a8d07cdc0	FROZEN_NO_SILENT_OVERWRITE	Inclusion freezes provenance; it does not by itself authorize a manuscript claim.
freeze_manifest	manuscript_freeze/RESULTS_FREEZE_MANIFEST.tsv	25a0bdbdfbf8b6f93d9b2c7d748f724ebd9c62780a8a74bc822a94d85a55fde6	F0052	Project	parameter_file	reproducibility	NA	local_git_worktree	config/stool_test_operating_points.tsv	1028	d2bf1abfdc3c38aecee670335f8f840f9afc07171bc950bc8b9d07c348f98191	e0f18f35aae957cf1b837ac4bc709a2a8d07cdc0	FROZEN_NO_SILENT_OVERWRITE	Inclusion freezes provenance; it does not by itself authorize a manuscript claim.
freeze_manifest	manuscript_freeze/RESULTS_FREEZE_MANIFEST.tsv	25a0bdbdfbf8b6f93d9b2c7d748f724ebd9c62780a8a74bc822a94d85a55fde6	F0053	Project	tabular_result_or_audit	supporting_reproducibility	NA	local_git_worktree	data/metadata/spatial_patient_slide_roi_manifest.tsv	1628	e68cb2e048234881420ff0319b79303a4ff482d2c76a554cfe5804876d97503c	e0f18f35aae957cf1b837ac4bc709a2a8d07cdc0	FROZEN_NO_SILENT_OVERWRITE	Inclusion freezes provenance; it does not by itself authorize a manuscript claim.
freeze_manifest	manuscript_freeze/RESULTS_FREEZE_MANIFEST.tsv	25a0bdbdfbf8b6f93d9b2c7d748f724ebd9c62780a8a74bc822a94d85a55fde6	F0054	Stage10C2	tabular_result_or_audit	supporting_reproducibility	NA	local_git_worktree	data/metadata/stage10c2_sc_file_manifest.tsv	915	f4d1973ca3013bbd529a4186b75dd33bd088ec9312f9ba112d492009e13c8f74	e0f18f35aae957cf1b837ac4bc709a2a8d07cdc0	FROZEN_NO_SILENT_OVERWRITE	Inclusion freezes provenance; it does not by itself authorize a manuscript claim.
freeze_manifest	manuscript_freeze/RESULTS_FREEZE_MANIFEST.tsv	25a0bdbdfbf8b6f93d9b2c7d748f724ebd9c62780a8a74bc822a94d85a55fde6	F0055	Stage10C2	tabular_result_or_audit	supporting_reproducibility	NA	local_git_worktree	data/metadata/stage10c2_sc_patient_sample_manifest.tsv	2260	221d1472c1a6c55a8e37cb6e58332bc95d739267cc2c4ff94419ead697e7e336	e0f18f35aae957cf1b837ac4bc709a2a8d07cdc0	FROZEN_NO_SILENT_OVERWRITE	Inclusion freezes provenance; it does not by itself authorize a manuscript claim.
freeze_manifest	manuscript_freeze/RESULTS_FREEZE_MANIFEST.tsv	25a0bdbdfbf8b6f93d9b2c7d748f724ebd9c62780a8a74bc822a94d85a55fde6	F0056	Stage10C3	figure_snapshot	supplement_or_limit	NA	local_git_worktree	figures/stage10c3/FIGURE10C3_1_matched_pairs.pdf	5086	fa82c9b58ec7aed24b2ebace20724f04cf8371e084079311ffcd4c7e898482ed	e0f18f35aae957cf1b837ac4bc709a2a8d07cdc0	FROZEN_NO_SILENT_OVERWRITE	Inclusion freezes provenance; it does not by itself authorize a manuscript claim.
freeze_manifest	manuscript_freeze/RESULTS_FREEZE_MANIFEST.tsv	25a0bdbdfbf8b6f93d9b2c7d748f724ebd9c62780a8a74bc822a94d85a55fde6	F0057	Stage10C3	figure_snapshot	supplement_or_limit	NA	local_git_worktree	figures/stage10c3/FIGURE10C3_1_matched_pairs.png	98191	e74c525e7790fb61b753f5e21e0ab028505140c86b294bed2105ea2d74413a65	e0f18f35aae957cf1b837ac4bc709a2a8d07cdc0	FROZEN_NO_SILENT_OVERWRITE	Inclusion freezes provenance; it does not by itself authorize a manuscript claim.
freeze_manifest	manuscript_freeze/RESULTS_FREEZE_MANIFEST.tsv	25a0bdbdfbf8b6f93d9b2c7d748f724ebd9c62780a8a74bc822a94d85a55fde6	F0058	Stage10C3	source_data	supplement_or_limit	NA	local_git_worktree	figures/stage10c3/FIGURE10C3_1_source_data.tsv	1589	b317df8e7378a286eae3b244b1f805723d90313cc9295a2a641fef5d84586ac6	e0f18f35aae957cf1b837ac4bc709a2a8d07cdc0	FROZEN_NO_SILENT_OVERWRITE	Inclusion freezes provenance; it does not by itself authorize a manuscript claim.
freeze_manifest	manuscript_freeze/RESULTS_FREEZE_MANIFEST.tsv	25a0bdbdfbf8b6f93d9b2c7d748f724ebd9c62780a8a74bc822a94d85a55fde6	F0059	Stage10C3	figure_snapshot	supplement_or_limit	NA	local_git_worktree	figures/stage10c3/FIGURE10C3_2_patient_scores.pdf	5981	629f579d4c30ef7ea449886078066a1df701bdee046332570a1d6169a698852d	e0f18f35aae957cf1b837ac4bc709a2a8d07cdc0	FROZEN_NO_SILENT_OVERWRITE	Inclusion freezes provenance; it does not by itself authorize a manuscript claim.
freeze_manifest	manuscript_freeze/RESULTS_FREEZE_MANIFEST.tsv	25a0bdbdfbf8b6f93d9b2c7d748f724ebd9c62780a8a74bc822a94d85a55fde6	F0060	Stage10C3	figure_snapshot	supplement_or_limit	NA	local_git_worktree	figures/stage10c3/FIGURE10C3_2_patient_scores.png	98188	f8be5ecf15101035d3e7387a9d4281038cfdfb5f3135efc5e6d58b9ee064e59b	e0f18f35aae957cf1b837ac4bc709a2a8d07cdc0	FROZEN_NO_SILENT_OVERWRITE	Inclusion freezes provenance; it does not by itself authorize a manuscript claim.
freeze_manifest	manuscript_freeze/RESULTS_FREEZE_MANIFEST.tsv	25a0bdbdfbf8b6f93d9b2c7d748f724ebd9c62780a8a74bc822a94d85a55fde6	F0061	Stage10C3	source_data	supplement_or_limit	NA	local_git_worktree	figures/stage10c3/FIGURE10C3_2_source_data.tsv	3575	5b6eef2f4fe25055cb9f3b77b49282e9d57fda8d297c41b8e952497f032758a5	e0f18f35aae957cf1b837ac4bc709a2a8d07cdc0	FROZEN_NO_SILENT_OVERWRITE	Inclusion freezes provenance; it does not by itself authorize a manuscript claim.
freeze_manifest	manuscript_freeze/RESULTS_FREEZE_MANIFEST.tsv	25a0bdbdfbf8b6f93d9b2c7d748f724ebd9c62780a8a74bc822a94d85a55fde6	F0062	Stage10C3	figure_snapshot	supplement_or_limit	NA	local_git_worktree	figures/stage10c3/FIGURE10C3_S1_sensitivity.pdf	6896	58254d30a5714d7d6d59a3d7a952b03fa8f4fc824fcc4aab56f229494b55a0f4	e0f18f35aae957cf1b837ac4bc709a2a8d07cdc0	FROZEN_NO_SILENT_OVERWRITE	Inclusion freezes provenance; it does not by itself authorize a manuscript claim.
freeze_manifest	manuscript_freeze/RESULTS_FREEZE_MANIFEST.tsv	25a0bdbdfbf8b6f93d9b2c7d748f724ebd9c62780a8a74bc822a94d85a55fde6	F0063	Stage10C3	figure_snapshot	supplement_or_limit	NA	local_git_worktree	figures/stage10c3/FIGURE10C3_S1_sensitivity.png	188831	cfe8e4b4653f0e0cf59da73e7545c0eb79d23d5c1e79dd722cb189dc05ae98d0	e0f18f35aae957cf1b837ac4bc709a2a8d07cdc0	FROZEN_NO_SILENT_OVERWRITE	Inclusion freezes provenance; it does not by itself authorize a manuscript claim.
freeze_manifest	manuscript_freeze/RESULTS_FREEZE_MANIFEST.tsv	25a0bdbdfbf8b6f93d9b2c7d748f724ebd9c62780a8a74bc822a94d85a55fde6	F0064	Stage10C3	source_data	supplement_or_limit	NA	local_git_worktree	figures/stage10c3/FIGURE10C3_S1_source_data.tsv	14075	8e25d3aa1b39c08602558aa4fc1b53add4de87a0d7ad94709a984f5fd006ff85	e0f18f35aae957cf1b837ac4bc709a2a8d07cdc0	FROZEN_NO_SILENT_OVERWRITE	Inclusion freezes provenance; it does not by itself authorize a manuscript claim.
freeze_manifest	manuscript_freeze/RESULTS_FREEZE_MANIFEST.tsv	25a0bdbdfbf8b6f93d9b2c7d748f724ebd9c62780a8a74bc822a94d85a55fde6	F0065	Stage10D	figure_snapshot	supplement_or_limit	NA	local_git_worktree	figures/stage10d_tech/Fig10D_1_primary_recovery.pdf	36520	f6a36ca5e0d4a7859f9fbd8077298529a8776e955bd69135d6810488608f4e5d	e0f18f35aae957cf1b837ac4bc709a2a8d07cdc0	FROZEN_NO_SILENT_OVERWRITE	Inclusion freezes provenance; it does not by itself authorize a manuscript claim.
freeze_manifest	manuscript_freeze/RESULTS_FREEZE_MANIFEST.tsv	25a0bdbdfbf8b6f93d9b2c7d748f724ebd9c62780a8a74bc822a94d85a55fde6	F0066	Stage10D	figure_snapshot	supplement_or_limit	NA	local_git_worktree	figures/stage10d_tech/Fig10D_1_primary_recovery.png	288310	24f554d6d3a377185f41020c2fea8a8a8f880b2458aad1a7d9e68985f1d07c1a	e0f18f35aae957cf1b837ac4bc709a2a8d07cdc0	FROZEN_NO_SILENT_OVERWRITE	Inclusion freezes provenance; it does not by itself authorize a manuscript claim.
freeze_manifest	manuscript_freeze/RESULTS_FREEZE_MANIFEST.tsv	25a0bdbdfbf8b6f93d9b2c7d748f724ebd9c62780a8a74bc822a94d85a55fde6	F0067	Stage10D	figure_snapshot	supplement_or_limit	NA	local_git_worktree	figures/stage10d_tech/Fig10D_2_stress_performance.pdf	16742	6c1d770584cb4997df3274fa78e591ff8d7f7e5b7d61d10caa9712cb6298544b	e0f18f35aae957cf1b837ac4bc709a2a8d07cdc0	FROZEN_NO_SILENT_OVERWRITE	Inclusion freezes provenance; it does not by itself authorize a manuscript claim.
freeze_manifest	manuscript_freeze/RESULTS_FREEZE_MANIFEST.tsv	25a0bdbdfbf8b6f93d9b2c7d748f724ebd9c62780a8a74bc822a94d85a55fde6	F0068	Stage10D	figure_snapshot	supplement_or_limit	NA	local_git_worktree	figures/stage10d_tech/Fig10D_2_stress_performance.png	98545	933a92a0e663b62b8a5fdf48c71d43ac71d94b7b52fc997312a72481d331b148	e0f18f35aae957cf1b837ac4bc709a2a8d07cdc0	FROZEN_NO_SILENT_OVERWRITE	Inclusion freezes provenance; it does not by itself authorize a manuscript claim.
freeze_manifest	manuscript_freeze/RESULTS_FREEZE_MANIFEST.tsv	25a0bdbdfbf8b6f93d9b2c7d748f724ebd9c62780a8a74bc822a94d85a55fde6	F0069	Stage10D	figure_snapshot	supplement_or_limit	NA	local_git_worktree	figures/stage10d_tech/Fig10D_3_coverage_sensitivity.pdf	22648	2fd7fda22ac6f4d7d9403ebcbf0c84990aabe6838a5e8274363856f91523c0da	e0f18f35aae957cf1b837ac4bc709a2a8d07cdc0	FROZEN_NO_SILENT_OVERWRITE	Inclusion freezes provenance; it does not by itself authorize a manuscript claim.
freeze_manifest	manuscript_freeze/RESULTS_FREEZE_MANIFEST.tsv	25a0bdbdfbf8b6f93d9b2c7d748f724ebd9c62780a8a74bc822a94d85a55fde6	F0070	Stage10D	figure_snapshot	supplement_or_limit	NA	local_git_worktree	figures/stage10d_tech/Fig10D_3_coverage_sensitivity.png	107913	b484a0a0da47506c7a72e13cb1536597c6bb1632d2a1658580359ddf0cb4d407	e0f18f35aae957cf1b837ac4bc709a2a8d07cdc0	FROZEN_NO_SILENT_OVERWRITE	Inclusion freezes provenance; it does not by itself authorize a manuscript claim.
freeze_manifest	manuscript_freeze/RESULTS_FREEZE_MANIFEST.tsv	25a0bdbdfbf8b6f93d9b2c7d748f724ebd9c62780a8a74bc822a94d85a55fde6	F0071	Stage10D	figure_snapshot	supplement_or_limit	NA	local_git_worktree	figures/stage10d_tech/Fig10D_4_matched_null.pdf	12375	e15537ff680622a3e1b74e005c33e39ed47dc79bfc5217c595084b8d92b657da	e0f18f35aae957cf1b837ac4bc709a2a8d07cdc0	FROZEN_NO_SILENT_OVERWRITE	Inclusion freezes provenance; it does not by itself authorize a manuscript claim.
freeze_manifest	manuscript_freeze/RESULTS_FREEZE_MANIFEST.tsv	25a0bdbdfbf8b6f93d9b2c7d748f724ebd9c62780a8a74bc822a94d85a55fde6	F0072	Stage10D	figure_snapshot	supplement_or_limit	NA	local_git_worktree	figures/stage10d_tech/Fig10D_4_matched_null.png	54649	667c9169fc622c20864ffbf73816d3ab2b7a8be41e2541b5e8235d0cde2282ab	e0f18f35aae957cf1b837ac4bc709a2a8d07cdc0	FROZEN_NO_SILENT_OVERWRITE	Inclusion freezes provenance; it does not by itself authorize a manuscript claim.
freeze_manifest	manuscript_freeze/RESULTS_FREEZE_MANIFEST.tsv	25a0bdbdfbf8b6f93d9b2c7d748f724ebd9c62780a8a74bc822a94d85a55fde6	F0073	Stage10D	source_data	supplement_or_limit	NA	local_git_worktree	figures/stage10d_tech/source_data/fig1_primary_recovery.tsv	118486	23de2b58ea8dc096793d689719d208c2032f4a243d6821948c3ce8f063974f9b	e0f18f35aae957cf1b837ac4bc709a2a8d07cdc0	FROZEN_NO_SILENT_OVERWRITE	Inclusion freezes provenance; it does not by itself authorize a manuscript claim.
freeze_manifest	manuscript_freeze/RESULTS_FREEZE_MANIFEST.tsv	25a0bdbdfbf8b6f93d9b2c7d748f724ebd9c62780a8a74bc822a94d85a55fde6	F0074	Stage10D	source_data	supplement_or_limit	NA	local_git_worktree	figures/stage10d_tech/source_data/fig2_stress_performance.tsv	1082	a71f084874e7094cc9f95d185033b4ce6a2274ba15ae605ca6677a848b5c1bb3	e0f18f35aae957cf1b837ac4bc709a2a8d07cdc0	FROZEN_NO_SILENT_OVERWRITE	Inclusion freezes provenance; it does not by itself authorize a manuscript claim.
freeze_manifest	manuscript_freeze/RESULTS_FREEZE_MANIFEST.tsv	25a0bdbdfbf8b6f93d9b2c7d748f724ebd9c62780a8a74bc822a94d85a55fde6	F0075	Stage10D	source_data	supplement_or_limit	NA	local_git_worktree	figures/stage10d_tech/source_data/fig3_coverage_performance.tsv	469350	2071bd9571db6fe077491879725f08921e7d3739d9523b8f81c2aa2589f63e0b	e0f18f35aae957cf1b837ac4bc709a2a8d07cdc0	FROZEN_NO_SILENT_OVERWRITE	Inclusion freezes provenance; it does not by itself authorize a manuscript claim.
freeze_manifest	manuscript_freeze/RESULTS_FREEZE_MANIFEST.tsv	25a0bdbdfbf8b6f93d9b2c7d748f724ebd9c62780a8a74bc822a94d85a55fde6	F0076	Stage10D	source_data	supplement_or_limit	NA	local_git_worktree	figures/stage10d_tech/source_data/fig4_null_module.tsv	361229	776c43d27d133f5dfdbda19e2c071a2a95942d9a403a3e87ae0a43ef3f995826	e0f18f35aae957cf1b837ac4bc709a2a8d07cdc0	FROZEN_NO_SILENT_OVERWRITE	Inclusion freezes provenance; it does not by itself authorize a manuscript claim.
freeze_manifest	manuscript_freeze/RESULTS_FREEZE_MANIFEST.tsv	25a0bdbdfbf8b6f93d9b2c7d748f724ebd9c62780a8a74bc822a94d85a55fde6	F0077	Stage10E	figure_snapshot	supplement_or_limit	NA	local_git_worktree	figures/stage10e_desc/Fig10E_DESC_1_case4_spatial.pdf	53194	25ad146c9d0f6dfdb5a03c30b1b6e4a07f4a3ebb81d9ddf4b55b91427863f995	e0f18f35aae957cf1b837ac4bc709a2a8d07cdc0	FROZEN_NO_SILENT_OVERWRITE	Inclusion freezes provenance; it does not by itself authorize a manuscript claim.
freeze_manifest	manuscript_freeze/RESULTS_FREEZE_MANIFEST.tsv	25a0bdbdfbf8b6f93d9b2c7d748f724ebd9c62780a8a74bc822a94d85a55fde6	F0078	Stage10E	figure_snapshot	supplement_or_limit	NA	local_git_worktree	figures/stage10e_desc/Fig10E_DESC_1_case4_spatial.png	322304	f2200e0120d1b19bd278afc015971f937476681f3368e686a6cb88c7a212d420	e0f18f35aae957cf1b837ac4bc709a2a8d07cdc0	FROZEN_NO_SILENT_OVERWRITE	Inclusion freezes provenance; it does not by itself authorize a manuscript claim.
freeze_manifest	manuscript_freeze/RESULTS_FREEZE_MANIFEST.tsv	25a0bdbdfbf8b6f93d9b2c7d748f724ebd9c62780a8a74bc822a94d85a55fde6	F0079	Stage10E	figure_snapshot	supplement_or_limit	NA	local_git_worktree	figures/stage10e_desc/Fig10E_DESC_2_case4_paired.pdf	14552	d21c0dd374b2e9022d85ba2e2c30f11a2830576e02a9f4cf48081b143857ef60	e0f18f35aae957cf1b837ac4bc709a2a8d07cdc0	FROZEN_NO_SILENT_OVERWRITE	Inclusion freezes provenance; it does not by itself authorize a manuscript claim.
freeze_manifest	manuscript_freeze/RESULTS_FREEZE_MANIFEST.tsv	25a0bdbdfbf8b6f93d9b2c7d748f724ebd9c62780a8a74bc822a94d85a55fde6	F0080	Stage10E	figure_snapshot	supplement_or_limit	NA	local_git_worktree	figures/stage10e_desc/Fig10E_DESC_2_case4_paired.png	84983	d83b5917e33e6727d0b08563bdc03d332fbaa36392bf8499579eefd69f975579	e0f18f35aae957cf1b837ac4bc709a2a8d07cdc0	FROZEN_NO_SILENT_OVERWRITE	Inclusion freezes provenance; it does not by itself authorize a manuscript claim.
freeze_manifest	manuscript_freeze/RESULTS_FREEZE_MANIFEST.tsv	25a0bdbdfbf8b6f93d9b2c7d748f724ebd9c62780a8a74bc822a94d85a55fde6	F0081	Stage10E	source_data	supplement_or_limit	NA	local_git_worktree	figures/stage10e_desc/source_data/Fig10E_DESC_1_case4_spatial_source_data.tsv	147861	452ce84d1ebe64fd247b6ce303433521701c4c1d3d52176bf3728ccc31f3dbb6	e0f18f35aae957cf1b837ac4bc709a2a8d07cdc0	FROZEN_NO_SILENT_OVERWRITE	Inclusion freezes provenance; it does not by itself authorize a manuscript claim.
freeze_manifest	manuscript_freeze/RESULTS_FREEZE_MANIFEST.tsv	25a0bdbdfbf8b6f93d9b2c7d748f724ebd9c62780a8a74bc822a94d85a55fde6	F0082	Stage10E	source_data	supplement_or_limit	NA	local_git_worktree	figures/stage10e_desc/source_data/Fig10E_DESC_2_case4_paired_source_data.tsv	209	2e09f75a56962ec7977e2d5995aa3bac0be58d8d43ac063e3707c9ecd4f91353	e0f18f35aae957cf1b837ac4bc709a2a8d07cdc0	FROZEN_NO_SILENT_OVERWRITE	Inclusion freezes provenance; it does not by itself authorize a manuscript claim.
freeze_manifest	manuscript_freeze/RESULTS_FREEZE_MANIFEST.tsv	25a0bdbdfbf8b6f93d9b2c7d748f724ebd9c62780a8a74bc822a94d85a55fde6	F0083	Stage10E	figure_snapshot	supplement_or_limit	NA	local_git_worktree	figures/stage10e_roi_remediation/Fig10E_R_case1_registration_qc.png	64881	4a17f7c434a26af44274139118cba2e32ebf11e5192858e143cd18488eafe250	e0f18f35aae957cf1b837ac4bc709a2a8d07cdc0	FROZEN_NO_SILENT_OVERWRITE	Inclusion freezes provenance; it does not by itself authorize a manuscript claim.
freeze_manifest	manuscript_freeze/RESULTS_FREEZE_MANIFEST.tsv	25a0bdbdfbf8b6f93d9b2c7d748f724ebd9c62780a8a74bc822a94d85a55fde6	F0084	Stage10E	figure_snapshot	supplement_or_limit	NA	local_git_worktree	figures/stage10e_roi_remediation/Fig10E_R_case2_registration_qc.png	58960	1007b598b51be33bb7cf46f1771d44468e078aaa46dd9a1eb35e1e906f49e654	e0f18f35aae957cf1b837ac4bc709a2a8d07cdc0	FROZEN_NO_SILENT_OVERWRITE	Inclusion freezes provenance; it does not by itself authorize a manuscript claim.
freeze_manifest	manuscript_freeze/RESULTS_FREEZE_MANIFEST.tsv	25a0bdbdfbf8b6f93d9b2c7d748f724ebd9c62780a8a74bc822a94d85a55fde6	F0085	Stage10E	figure_snapshot	supplement_or_limit	NA	local_git_worktree	figures/stage10e_roi_remediation/Fig10E_R_case3_registration_qc.png	44956	f0cab010589ae25527437f8cbccceace8152b9deb7150960b90302f714064d2f	e0f18f35aae957cf1b837ac4bc709a2a8d07cdc0	FROZEN_NO_SILENT_OVERWRITE	Inclusion freezes provenance; it does not by itself authorize a manuscript claim.
freeze_manifest	manuscript_freeze/RESULTS_FREEZE_MANIFEST.tsv	25a0bdbdfbf8b6f93d9b2c7d748f724ebd9c62780a8a74bc822a94d85a55fde6	F0086	Stage10E	figure_snapshot	supplement_or_limit	NA	local_git_worktree	figures/stage10e_roi_remediation/Fig10E_R_case4_registration_qc.png	55950	fda6b91f2a187867de3b1caae1ef5e16e89e619af2f23cb50784ff789e0d6575	e0f18f35aae957cf1b837ac4bc709a2a8d07cdc0	FROZEN_NO_SILENT_OVERWRITE	Inclusion freezes provenance; it does not by itself authorize a manuscript claim.
freeze_manifest	manuscript_freeze/RESULTS_FREEZE_MANIFEST.tsv	25a0bdbdfbf8b6f93d9b2c7d748f724ebd9c62780a8a74bc822a94d85a55fde6	F0087	Stage10E	source_data	supplement_or_limit	NA	local_git_worktree	figures/stage10e_roi_remediation/source_data/Fig10E_R_case1_registration_qc_source_data.tsv	261941	30cc2421556b520d07a70ff129a2e7e82ae1c11bdb76e1858db772f536da037b	e0f18f35aae957cf1b837ac4bc709a2a8d07cdc0	FROZEN_NO_SILENT_OVERWRITE	Inclusion freezes provenance; it does not by itself authorize a manuscript claim.
freeze_manifest	manuscript_freeze/RESULTS_FREEZE_MANIFEST.tsv	25a0bdbdfbf8b6f93d9b2c7d748f724ebd9c62780a8a74bc822a94d85a55fde6	F0088	Stage10E	source_data	supplement_or_limit	NA	local_git_worktree	figures/stage10e_roi_remediation/source_data/Fig10E_R_case2_registration_qc_source_data.tsv	317223	21a308bd578cf620d7e6bc7e27e741403545ea9ba3b4c175dc9affff9a09828a	e0f18f35aae957cf1b837ac4bc709a2a8d07cdc0	FROZEN_NO_SILENT_OVERWRITE	Inclusion freezes provenance; it does not by itself authorize a manuscript claim.
freeze_manifest	manuscript_freeze/RESULTS_FREEZE_MANIFEST.tsv	25a0bdbdfbf8b6f93d9b2c7d748f724ebd9c62780a8a74bc822a94d85a55fde6	F0089	Stage10E	source_data	supplement_or_limit	NA	local_git_worktree	figures/stage10e_roi_remediation/source_data/Fig10E_R_case3_registration_qc_source_data.tsv	207449	f49ec006fa967cb3909c8b3699cc26e0e211ebeab24245e9e8eb5a3b46469edd	e0f18f35aae957cf1b837ac4bc709a2a8d07cdc0	FROZEN_NO_SILENT_OVERWRITE	Inclusion freezes provenance; it does not by itself authorize a manuscript claim.
freeze_manifest	manuscript_freeze/RESULTS_FREEZE_MANIFEST.tsv	25a0bdbdfbf8b6f93d9b2c7d748f724ebd9c62780a8a74bc822a94d85a55fde6	F0090	Stage10E	source_data	supplement_or_limit	NA	local_git_worktree	figures/stage10e_roi_remediation/source_data/Fig10E_R_case4_registration_qc_source_data.tsv	353937	fce059f0de79db91bbee6f52368c62febc573067f4e863ee90b24a6a9cfa3d0e	e0f18f35aae957cf1b837ac4bc709a2a8d07cdc0	FROZEN_NO_SILENT_OVERWRITE	Inclusion freezes provenance; it does not by itself authorize a manuscript claim.
freeze_manifest	manuscript_freeze/RESULTS_FREEZE_MANIFEST.tsv	25a0bdbdfbf8b6f93d9b2c7d748f724ebd9c62780a8a74bc822a94d85a55fde6	F0091	Project	report_or_provenance	supporting_reproducibility	NA	local_git_worktree	figures_final/.gitkeep	0	e3b0c44298fc1c149afbf4c8996fb92427ae41e4649b934ca495991b7852b855	e0f18f35aae957cf1b837ac4bc709a2a8d07cdc0	FROZEN_NO_SILENT_OVERWRITE	Inclusion freezes provenance; it does not by itself authorize a manuscript claim.
freeze_manifest	manuscript_freeze/RESULTS_FREEZE_MANIFEST.tsv	25a0bdbdfbf8b6f93d9b2c7d748f724ebd9c62780a8a74bc822a94d85a55fde6	F0092	Stage6A	figure_snapshot	main_or_governance	NA	local_git_worktree	figures_final/stage_6A_paired_FAP_gene_hits.pdf	4911	367e3fa49a9209c145ea948d68023f7c1c28978529b65b9e398bafc2ed0c321d	e0f18f35aae957cf1b837ac4bc709a2a8d07cdc0	FROZEN_NO_SILENT_OVERWRITE	Inclusion freezes provenance; it does not by itself authorize a manuscript claim.
freeze_manifest	manuscript_freeze/RESULTS_FREEZE_MANIFEST.tsv	25a0bdbdfbf8b6f93d9b2c7d748f724ebd9c62780a8a74bc822a94d85a55fde6	F0093	Stage6A	figure_snapshot	main_or_governance	NA	local_git_worktree	figures_final/stage_6A_paired_FAP_gene_hits.png	92868	7a03f42fb18d1b60417be69ae1437cd412878a416c2606de21826e506dec2bac	e0f18f35aae957cf1b837ac4bc709a2a8d07cdc0	FROZEN_NO_SILENT_OVERWRITE	Inclusion freezes provenance; it does not by itself authorize a manuscript claim.
freeze_manifest	manuscript_freeze/RESULTS_FREEZE_MANIFEST.tsv	25a0bdbdfbf8b6f93d9b2c7d748f724ebd9c62780a8a74bc822a94d85a55fde6	F0094	Stage6A	source_data	main_or_governance	NA	local_git_worktree	figures_final/stage_6A_paired_FAP_gene_hits_source_data.tsv	433	9e1b8ccab6876787366e160646a54e2ff669a9eb85e8b4e93708f32d96060a9b	e0f18f35aae957cf1b837ac4bc709a2a8d07cdc0	FROZEN_NO_SILENT_OVERWRITE	Inclusion freezes provenance; it does not by itself authorize a manuscript claim.
freeze_manifest	manuscript_freeze/RESULTS_FREEZE_MANIFEST.tsv	25a0bdbdfbf8b6f93d9b2c7d748f724ebd9c62780a8a74bc822a94d85a55fde6	F0095	Stage6A	figure_snapshot	main_or_governance	NA	local_git_worktree	figures_final/stage_6A_top_stage_blind_module_effects.pdf	9552	037b716be0dbf522199b6736e6f21a64a7ce2814a758ce4b1aee691752631783	e0f18f35aae957cf1b837ac4bc709a2a8d07cdc0	FROZEN_NO_SILENT_OVERWRITE	Inclusion freezes provenance; it does not by itself authorize a manuscript claim.
freeze_manifest	manuscript_freeze/RESULTS_FREEZE_MANIFEST.tsv	25a0bdbdfbf8b6f93d9b2c7d748f724ebd9c62780a8a74bc822a94d85a55fde6	F0096	Stage6A	figure_snapshot	main_or_governance	NA	local_git_worktree	figures_final/stage_6A_top_stage_blind_module_effects.png	280428	72f2d93edc0fd099b2698fb7b406a03642f925438eabd447acdfeccb6effa353	e0f18f35aae957cf1b837ac4bc709a2a8d07cdc0	FROZEN_NO_SILENT_OVERWRITE	Inclusion freezes provenance; it does not by itself authorize a manuscript claim.
freeze_manifest	manuscript_freeze/RESULTS_FREEZE_MANIFEST.tsv	25a0bdbdfbf8b6f93d9b2c7d748f724ebd9c62780a8a74bc822a94d85a55fde6	F0097	Stage6A	source_data	main_or_governance	NA	local_git_worktree	figures_final/stage_6A_top_stage_blind_module_effects_source_data.tsv	10328	5db649af7fe2b7f26adcec02eafe21944f80729d082767208e3c4c047b5c7828	e0f18f35aae957cf1b837ac4bc709a2a8d07cdc0	FROZEN_NO_SILENT_OVERWRITE	Inclusion freezes provenance; it does not by itself authorize a manuscript claim.
freeze_manifest	manuscript_freeze/RESULTS_FREEZE_MANIFEST.tsv	25a0bdbdfbf8b6f93d9b2c7d748f724ebd9c62780a8a74bc822a94d85a55fde6	F0098	Stage7	figure_snapshot	main_or_governance	NA	local_git_worktree	figures_final/stage_7_module_effects.pdf	8217	c9b1ca7f98ff0a292928512d0e4d829b47a36c72562a15b56bd78a418a4679b6	e0f18f35aae957cf1b837ac4bc709a2a8d07cdc0	FROZEN_NO_SILENT_OVERWRITE	Inclusion freezes provenance; it does not by itself authorize a manuscript claim.
freeze_manifest	manuscript_freeze/RESULTS_FREEZE_MANIFEST.tsv	25a0bdbdfbf8b6f93d9b2c7d748f724ebd9c62780a8a74bc822a94d85a55fde6	F0099	Stage7	figure_snapshot	main_or_governance	NA	local_git_worktree	figures_final/stage_7_module_effects.png	174601	fad89baaaa4479bef159d53d34bbfb694446a6386b5150ede980408c869ebc03	e0f18f35aae957cf1b837ac4bc709a2a8d07cdc0	FROZEN_NO_SILENT_OVERWRITE	Inclusion freezes provenance; it does not by itself authorize a manuscript claim.
freeze_manifest	manuscript_freeze/RESULTS_FREEZE_MANIFEST.tsv	25a0bdbdfbf8b6f93d9b2c7d748f724ebd9c62780a8a74bc822a94d85a55fde6	F0100	Stage7	source_data	main_or_governance	NA	local_git_worktree	figures_final/stage_7_module_effects_source_data.tsv	8010	126ac817c2ba9fada071c56094f689f54ffeb10cb2e7e82c7765fbffa98db20e	e0f18f35aae957cf1b837ac4bc709a2a8d07cdc0	FROZEN_NO_SILENT_OVERWRITE	Inclusion freezes provenance; it does not by itself authorize a manuscript claim.
freeze_manifest	manuscript_freeze/RESULTS_FREEZE_MANIFEST.tsv	25a0bdbdfbf8b6f93d9b2c7d748f724ebd9c62780a8a74bc822a94d85a55fde6	F0101	Stage8B	figure_snapshot	main_or_governance	NA	local_git_worktree	figures_final/stage_8B_early_transition_forest.pdf	8317	fa675be3a3c15ffca88e6b7091d0f5adf933df1ddb2ac846e2e7e5e4e6098511	e0f18f35aae957cf1b837ac4bc709a2a8d07cdc0	FROZEN_NO_SILENT_OVERWRITE	Inclusion freezes provenance; it does not by itself authorize a manuscript claim.
freeze_manifest	manuscript_freeze/RESULTS_FREEZE_MANIFEST.tsv	25a0bdbdfbf8b6f93d9b2c7d748f724ebd9c62780a8a74bc822a94d85a55fde6	F0102	Stage8B	figure_snapshot	main_or_governance	NA	local_git_worktree	figures_final/stage_8B_early_transition_forest.png	161925	658cc5ee56fcf1d8c66ccd5a9e8957ccfd5b121621f89810ab47d2d4e10c680d	e0f18f35aae957cf1b837ac4bc709a2a8d07cdc0	FROZEN_NO_SILENT_OVERWRITE	Inclusion freezes provenance; it does not by itself authorize a manuscript claim.
freeze_manifest	manuscript_freeze/RESULTS_FREEZE_MANIFEST.tsv	25a0bdbdfbf8b6f93d9b2c7d748f724ebd9c62780a8a74bc822a94d85a55fde6	F0103	Stage8B	source_data	main_or_governance	CLM06;CLM19	local_git_worktree	figures_final/stage_8B_early_transition_forest_source_data.tsv	2079	e9ede6af7d65b896df127ec67c1f6ceb1fe2e396b4845c308179e77fc0c21cab	e0f18f35aae957cf1b837ac4bc709a2a8d07cdc0	FROZEN_NO_SILENT_OVERWRITE	Inclusion freezes provenance; it does not by itself authorize a manuscript claim.
freeze_manifest	manuscript_freeze/RESULTS_FREEZE_MANIFEST.tsv	25a0bdbdfbf8b6f93d9b2c7d748f724ebd9c62780a8a74bc822a94d85a55fde6	F0104	Stage9A	figure_snapshot	supplement_or_limit	NA	local_git_worktree	figures_final/stage_9A_training_array_QC_outcome_blind.pdf	62863	2eef3cd99908d6990dab6ceb23114c79ac290a55983f88d3a3328f4e40bae3f2	e0f18f35aae957cf1b837ac4bc709a2a8d07cdc0	FROZEN_NO_SILENT_OVERWRITE	Inclusion freezes provenance; it does not by itself authorize a manuscript claim.
freeze_manifest	manuscript_freeze/RESULTS_FREEZE_MANIFEST.tsv	25a0bdbdfbf8b6f93d9b2c7d748f724ebd9c62780a8a74bc822a94d85a55fde6	F0105	Stage9C	figure_snapshot	supplement_or_limit	NA	local_git_worktree	figures_final/stage_9C_stool_test_ROC.pdf	5054	7ab82c75fbf4499eedc551f12114a6fdb091444fe3cb83a46292d6d4f5a84fbe	e0f18f35aae957cf1b837ac4bc709a2a8d07cdc0	FROZEN_NO_SILENT_OVERWRITE	Inclusion freezes provenance; it does not by itself authorize a manuscript claim.
freeze_manifest	manuscript_freeze/RESULTS_FREEZE_MANIFEST.tsv	25a0bdbdfbf8b6f93d9b2c7d748f724ebd9c62780a8a74bc822a94d85a55fde6	F0106	Stage9C	figure_snapshot	supplement_or_limit	NA	local_git_worktree	figures_final/stage_9C_stool_test_ROC.png	79826	4da4f564d724c54c1974cf0bab1232ab21adbc32c0338adb493cee8fae00e71e	e0f18f35aae957cf1b837ac4bc709a2a8d07cdc0	FROZEN_NO_SILENT_OVERWRITE	Inclusion freezes provenance; it does not by itself authorize a manuscript claim.
freeze_manifest	manuscript_freeze/RESULTS_FREEZE_MANIFEST.tsv	25a0bdbdfbf8b6f93d9b2c7d748f724ebd9c62780a8a74bc822a94d85a55fde6	F0107	Stage9C	figure_snapshot	supplement_or_limit	NA	local_git_worktree	figures_final/stage_9C_stool_test_calibration.pdf	6500	7a624842ed1bd011ebc82867c92e7089d05c59f285c027af282973fd9fb16da4	e0f18f35aae957cf1b837ac4bc709a2a8d07cdc0	FROZEN_NO_SILENT_OVERWRITE	Inclusion freezes provenance; it does not by itself authorize a manuscript claim.
freeze_manifest	manuscript_freeze/RESULTS_FREEZE_MANIFEST.tsv	25a0bdbdfbf8b6f93d9b2c7d748f724ebd9c62780a8a74bc822a94d85a55fde6	F0108	Stage9C	figure_snapshot	supplement_or_limit	NA	local_git_worktree	figures_final/stage_9C_stool_test_calibration.png	107430	1f0687952bfe977b379a00a44087c75e3aa4b28542bdec71a739870ab558b290	e0f18f35aae957cf1b837ac4bc709a2a8d07cdc0	FROZEN_NO_SILENT_OVERWRITE	Inclusion freezes provenance; it does not by itself authorize a manuscript claim.
freeze_manifest	manuscript_freeze/RESULTS_FREEZE_MANIFEST.tsv	25a0bdbdfbf8b6f93d9b2c7d748f724ebd9c62780a8a74bc822a94d85a55fde6	F0109	Stage10C	tabular_result_or_audit	supporting_reproducibility	NA	local_git_worktree	governance/STAGE10C_WORKFLOW_CROSSWALK.tsv	1832	39f01e7127b0ec25250f980aa4b32928439a64edd5c4314a6fc90815aa793b19	e0f18f35aae957cf1b837ac4bc709a2a8d07cdc0	FROZEN_NO_SILENT_OVERWRITE	Inclusion freezes provenance; it does not by itself authorize a manuscript claim.
freeze_manifest	manuscript_freeze/RESULTS_FREEZE_MANIFEST.tsv	25a0bdbdfbf8b6f93d9b2c7d748f724ebd9c62780a8a74bc822a94d85a55fde6	F0110	Stage10H	governance_or_claim_file	main_or_governance	NA	local_git_worktree	governance/STAGE10H_JOURNAL_ALIGNMENT.md	5706	46aa14e0a9d07a100572af417831fd14f2a81b95edde39f49e926c545dd45350	e0f18f35aae957cf1b837ac4bc709a2a8d07cdc0	FROZEN_NO_SILENT_OVERWRITE	Inclusion freezes provenance; it does not by itself authorize a manuscript claim.
freeze_manifest	manuscript_freeze/RESULTS_FREEZE_MANIFEST.tsv	25a0bdbdfbf8b6f93d9b2c7d748f724ebd9c62780a8a74bc822a94d85a55fde6	F0111	Stage10H	tabular_result_or_audit	main_or_governance	NA	local_git_worktree	governance/STAGE10H_TARGET_JOURNAL_LOCK.tsv	2341	74bfb2e26478e7de69a06088e7939751ee43f77d38346e129ea4151e9bd3bf89	e0f18f35aae957cf1b837ac4bc709a2a8d07cdc0	FROZEN_NO_SILENT_OVERWRITE	Inclusion freezes provenance; it does not by itself authorize a manuscript claim.
freeze_manifest	manuscript_freeze/RESULTS_FREEZE_MANIFEST.tsv	25a0bdbdfbf8b6f93d9b2c7d748f724ebd9c62780a8a74bc822a94d85a55fde6	F0112	Governance	governance_or_claim_file	supporting_reproducibility	NA	local_git_worktree	governance/WORKFLOW_CONTRACT_AFTER_10C.md	7904	c1a473f5a519d3ca6ed63b52954b669bd9d0aa294ce49cb34696732d29f55fad	e0f18f35aae957cf1b837ac4bc709a2a8d07cdc0	FROZEN_NO_SILENT_OVERWRITE	Inclusion freezes provenance; it does not by itself authorize a manuscript claim.
freeze_manifest	manuscript_freeze/RESULTS_FREEZE_MANIFEST.tsv	25a0bdbdfbf8b6f93d9b2c7d748f724ebd9c62780a8a74bc822a94d85a55fde6	F0113	Governance	governance_or_claim_file	supporting_reproducibility	NA	local_git_worktree	governance/WORKFLOW_CONTRACT_AFTER_10C_V2.md	13340	2e197cd5ae2b53d9fb5c55026b86d294ff3e9ad941603b26e62f78c2656c561e	e0f18f35aae957cf1b837ac4bc709a2a8d07cdc0	FROZEN_NO_SILENT_OVERWRITE	Inclusion freezes provenance; it does not by itself authorize a manuscript claim.
freeze_manifest	manuscript_freeze/RESULTS_FREEZE_MANIFEST.tsv	25a0bdbdfbf8b6f93d9b2c7d748f724ebd9c62780a8a74bc822a94d85a55fde6	F0114	Project	report_or_provenance	supporting_reproducibility	NA	local_git_worktree	logs_summary/.gitkeep	0	e3b0c44298fc1c149afbf4c8996fb92427ae41e4649b934ca495991b7852b855	e0f18f35aae957cf1b837ac4bc709a2a8d07cdc0	FROZEN_NO_SILENT_OVERWRITE	Inclusion freezes provenance; it does not by itself authorize a manuscript claim.
freeze_manifest	manuscript_freeze/RESULTS_FREEZE_MANIFEST.tsv	25a0bdbdfbf8b6f93d9b2c7d748f724ebd9c62780a8a74bc822a94d85a55fde6	F0115	Stage6A	tabular_result_or_audit	main_or_governance	NA	local_git_worktree	logs_summary/stage_6A_amendment_independent_acceptance.tsv	804	a8ec49ea33a79855399ec8b183a5a8a1ad4d981b266caab3935df99779af5390	e0f18f35aae957cf1b837ac4bc709a2a8d07cdc0	FROZEN_NO_SILENT_OVERWRITE	Inclusion freezes provenance; it does not by itself authorize a manuscript claim.
freeze_manifest	manuscript_freeze/RESULTS_FREEZE_MANIFEST.tsv	25a0bdbdfbf8b6f93d9b2c7d748f724ebd9c62780a8a74bc822a94d85a55fde6	F0116	Stage6A	tabular_result_or_audit	main_or_governance	NA	local_git_worktree	logs_summary/stage_6A_amendment_key_metrics.tsv	307	19d3985b0cb8f738e2b150cb805562f35240e49d9473328793cd74d89a8ed68f	e0f18f35aae957cf1b837ac4bc709a2a8d07cdc0	FROZEN_NO_SILENT_OVERWRITE	Inclusion freezes provenance; it does not by itself authorize a manuscript claim.
freeze_manifest	manuscript_freeze/RESULTS_FREEZE_MANIFEST.tsv	25a0bdbdfbf8b6f93d9b2c7d748f724ebd9c62780a8a74bc822a94d85a55fde6	F0117	Stage6A	tabular_result_or_audit	main_or_governance	NA	local_git_worktree	logs_summary/stage_6A_amendment_validation_checks.tsv	1252	e88047f7f32606f9627947ad70b1d03d096ced9c77e19438a354804c744bd1e5	e0f18f35aae957cf1b837ac4bc709a2a8d07cdc0	FROZEN_NO_SILENT_OVERWRITE	Inclusion freezes provenance; it does not by itself authorize a manuscript claim.
freeze_manifest	manuscript_freeze/RESULTS_FREEZE_MANIFEST.tsv	25a0bdbdfbf8b6f93d9b2c7d748f724ebd9c62780a8a74bc822a94d85a55fde6	F0118	Stage6A	tabular_result_or_audit	main_or_governance	CLM03;CLM14	local_git_worktree	logs_summary/stage_6A_candidate_attrition_audit.tsv	684	659b54ac28a4d9055ebfdad196d96c5073458c154cdfe99e54c5590752d8dbfa	e0f18f35aae957cf1b837ac4bc709a2a8d07cdc0	FROZEN_NO_SILENT_OVERWRITE	Inclusion freezes provenance; it does not by itself authorize a manuscript claim.
freeze_manifest	manuscript_freeze/RESULTS_FREEZE_MANIFEST.tsv	25a0bdbdfbf8b6f93d9b2c7d748f724ebd9c62780a8a74bc822a94d85a55fde6	F0119	Stage6A	tabular_result_or_audit	main_or_governance	NA	local_git_worktree	logs_summary/stage_6A_independent_validation_checks.tsv	440	5603ea65784ef6738d31ae5a251a8e1fdd5abcfe611dfaa9dcb792d77466f908	e0f18f35aae957cf1b837ac4bc709a2a8d07cdc0	FROZEN_NO_SILENT_OVERWRITE	Inclusion freezes provenance; it does not by itself authorize a manuscript claim.
freeze_manifest	manuscript_freeze/RESULTS_FREEZE_MANIFEST.tsv	25a0bdbdfbf8b6f93d9b2c7d748f724ebd9c62780a8a74bc822a94d85a55fde6	F0120	Stage6A	tabular_result_or_audit	main_or_governance	CLM03;CLM14	local_git_worktree	logs_summary/stage_6A_key_metrics.tsv	273	9b8e909fc59f0abe00c3ed4b128dff97ac1f314123ae4b3ccba26e1213f1aacb	e0f18f35aae957cf1b837ac4bc709a2a8d07cdc0	FROZEN_NO_SILENT_OVERWRITE	Inclusion freezes provenance; it does not by itself authorize a manuscript claim.
freeze_manifest	manuscript_freeze/RESULTS_FREEZE_MANIFEST.tsv	25a0bdbdfbf8b6f93d9b2c7d748f724ebd9c62780a8a74bc822a94d85a55fde6	F0121	Stage6A	tabular_result_or_audit	main_or_governance	NA	local_git_worktree	logs_summary/stage_6A_model_covariate_audit.tsv	524	dcd4d90f5229038ca72f6b3505e59929c89cead653ba63649ee92e4d7e4157bc	e0f18f35aae957cf1b837ac4bc709a2a8d07cdc0	FROZEN_NO_SILENT_OVERWRITE	Inclusion freezes provenance; it does not by itself authorize a manuscript claim.
freeze_manifest	manuscript_freeze/RESULTS_FREEZE_MANIFEST.tsv	25a0bdbdfbf8b6f93d9b2c7d748f724ebd9c62780a8a74bc822a94d85a55fde6	F0122	Stage6A	tabular_result_or_audit	main_or_governance	NA	local_git_worktree	logs_summary/stage_6A_model_fit_audit.tsv	677	fea2f20a3e4db321df26e9578aaa36b42effbd460d526588e69e2b40fae7101a	e0f18f35aae957cf1b837ac4bc709a2a8d07cdc0	FROZEN_NO_SILENT_OVERWRITE	Inclusion freezes provenance; it does not by itself authorize a manuscript claim.
freeze_manifest	manuscript_freeze/RESULTS_FREEZE_MANIFEST.tsv	25a0bdbdfbf8b6f93d9b2c7d748f724ebd9c62780a8a74bc822a94d85a55fde6	F0123	Stage6A	tabular_result_or_audit	main_or_governance	NA	local_git_worktree	logs_summary/stage_6A_paired_FAP_state_audit.tsv	395	a558f48dfc9eceb734e0d034071aa6fe3f21d6c33ca2ea5532e88bf2f4f06782	e0f18f35aae957cf1b837ac4bc709a2a8d07cdc0	FROZEN_NO_SILENT_OVERWRITE	Inclusion freezes provenance; it does not by itself authorize a manuscript claim.
freeze_manifest	manuscript_freeze/RESULTS_FREEZE_MANIFEST.tsv	25a0bdbdfbf8b6f93d9b2c7d748f724ebd9c62780a8a74bc822a94d85a55fde6	F0124	Stage6A	tabular_result_or_audit	main_or_governance	NA	local_git_worktree	logs_summary/stage_6A_stage_blind_module_audit.tsv	524	952d6e691e9cae4cc7272278c85cfa728852164f8baf242774695cd0dca0c56d	e0f18f35aae957cf1b837ac4bc709a2a8d07cdc0	FROZEN_NO_SILENT_OVERWRITE	Inclusion freezes provenance; it does not by itself authorize a manuscript claim.
freeze_manifest	manuscript_freeze/RESULTS_FREEZE_MANIFEST.tsv	25a0bdbdfbf8b6f93d9b2c7d748f724ebd9c62780a8a74bc822a94d85a55fde6	F0125	Stage6A	tabular_result_or_audit	main_or_governance	NA	local_git_worktree	logs_summary/stage_6A_validation_checks.tsv	1601	2f04dcfc3b53ab6d9f047ba0b22a7438d849b4379deb26937f8c582b7ca447d0	e0f18f35aae957cf1b837ac4bc709a2a8d07cdc0	FROZEN_NO_SILENT_OVERWRITE	Inclusion freezes provenance; it does not by itself authorize a manuscript claim.
freeze_manifest	manuscript_freeze/RESULTS_FREEZE_MANIFEST.tsv	25a0bdbdfbf8b6f93d9b2c7d748f724ebd9c62780a8a74bc822a94d85a55fde6	F0126	Stage7	tabular_result_or_audit	main_or_governance	NA	local_git_worktree	logs_summary/stage_7_GSE132465_annotation_evidence.tsv	2716	a995046a24fa9b1b7a3b65677d58466cc1434ddca18e48de6ab7d676f40f1bcd	e0f18f35aae957cf1b837ac4bc709a2a8d07cdc0	FROZEN_NO_SILENT_OVERWRITE	Inclusion freezes provenance; it does not by itself authorize a manuscript claim.
freeze_manifest	manuscript_freeze/RESULTS_FREEZE_MANIFEST.tsv	25a0bdbdfbf8b6f93d9b2c7d748f724ebd9c62780a8a74bc822a94d85a55fde6	F0127	Stage7	tabular_result_or_audit	main_or_governance	NA	local_git_worktree	logs_summary/stage_7_GSE132465_qc_summary.tsv	3006	fd4c35eb60c181d1548e4d5f328bf92e2f669a5326648cf23e109fdf08454d31	e0f18f35aae957cf1b837ac4bc709a2a8d07cdc0	FROZEN_NO_SILENT_OVERWRITE	Inclusion freezes provenance; it does not by itself authorize a manuscript claim.
freeze_manifest	manuscript_freeze/RESULTS_FREEZE_MANIFEST.tsv	25a0bdbdfbf8b6f93d9b2c7d748f724ebd9c62780a8a74bc822a94d85a55fde6	F0128	Stage7	tabular_result_or_audit	main_or_governance	NA	local_git_worktree	logs_summary/stage_7_GSE161277_annotation_evidence.tsv	4914	1f6ff95d307c71951bdfa5f9a7ff4cae80668babf01d380455b765e7690351e4	e0f18f35aae957cf1b837ac4bc709a2a8d07cdc0	FROZEN_NO_SILENT_OVERWRITE	Inclusion freezes provenance; it does not by itself authorize a manuscript claim.
freeze_manifest	manuscript_freeze/RESULTS_FREEZE_MANIFEST.tsv	25a0bdbdfbf8b6f93d9b2c7d748f724ebd9c62780a8a74bc822a94d85a55fde6	F0129	Stage7	tabular_result_or_audit	main_or_governance	NA	local_git_worktree	logs_summary/stage_7_GSE161277_qc_summary.tsv	2301	000e061b43acd1471554d2ce58d252404a5f3a157b4598885973873ed5605200	e0f18f35aae957cf1b837ac4bc709a2a8d07cdc0	FROZEN_NO_SILENT_OVERWRITE	Inclusion freezes provenance; it does not by itself authorize a manuscript claim.
freeze_manifest	manuscript_freeze/RESULTS_FREEZE_MANIFEST.tsv	25a0bdbdfbf8b6f93d9b2c7d748f724ebd9c62780a8a74bc822a94d85a55fde6	F0130	Stage7	tabular_result_or_audit	main_or_governance	NA	local_git_worktree	logs_summary/stage_7_acceptance_classification_audit.tsv	395	7b09a1a8c8fe2e67a1b0665c200315045a646754f0b60e2dec4ef2cd0c2ddbf3	e0f18f35aae957cf1b837ac4bc709a2a8d07cdc0	FROZEN_NO_SILENT_OVERWRITE	Inclusion freezes provenance; it does not by itself authorize a manuscript claim.
freeze_manifest	manuscript_freeze/RESULTS_FREEZE_MANIFEST.tsv	25a0bdbdfbf8b6f93d9b2c7d748f724ebd9c62780a8a74bc822a94d85a55fde6	F0131	Stage7	tabular_result_or_audit	main_or_governance	NA	local_git_worktree	logs_summary/stage_7_acceptance_qc_checks.tsv	1081	f238411fad08b32943dbf78129a08b19624d99341117725a1e5db56484d5b472	e0f18f35aae957cf1b837ac4bc709a2a8d07cdc0	FROZEN_NO_SILENT_OVERWRITE	Inclusion freezes provenance; it does not by itself authorize a manuscript claim.
freeze_manifest	manuscript_freeze/RESULTS_FREEZE_MANIFEST.tsv	25a0bdbdfbf8b6f93d9b2c7d748f724ebd9c62780a8a74bc822a94d85a55fde6	F0132	Stage7	tabular_result_or_audit	main_or_governance	NA	local_git_worktree	logs_summary/stage_7_model_input_audit.tsv	1890	4e75a82c7575ca599695318ab54cef1bdf20f6aa33901414d4ca89f2cf4e0974	e0f18f35aae957cf1b837ac4bc709a2a8d07cdc0	FROZEN_NO_SILENT_OVERWRITE	Inclusion freezes provenance; it does not by itself authorize a manuscript claim.
freeze_manifest	manuscript_freeze/RESULTS_FREEZE_MANIFEST.tsv	25a0bdbdfbf8b6f93d9b2c7d748f724ebd9c62780a8a74bc822a94d85a55fde6	F0133	Stage7	environment	reproducibility	NA	local_git_worktree	logs_summary/stage_7_model_sessionInfo.txt	1556	874153c51b423af362b6f1f9f748f2c8d793223a765cf0f2c77bff9cb1c725ec	e0f18f35aae957cf1b837ac4bc709a2a8d07cdc0	FROZEN_NO_SILENT_OVERWRITE	Inclusion freezes provenance; it does not by itself authorize a manuscript claim.
freeze_manifest	manuscript_freeze/RESULTS_FREEZE_MANIFEST.tsv	25a0bdbdfbf8b6f93d9b2c7d748f724ebd9c62780a8a74bc822a94d85a55fde6	F0134	Stage7	tabular_result_or_audit	main_or_governance	NA	local_git_worktree	logs_summary/stage_7_replication_gate.tsv	523	f7d1202f95d9b54d1676dc158aa5d5665a770ca1a19b521afb030b4cd8abe1ee	e0f18f35aae957cf1b837ac4bc709a2a8d07cdc0	FROZEN_NO_SILENT_OVERWRITE	Inclusion freezes provenance; it does not by itself authorize a manuscript claim.
freeze_manifest	manuscript_freeze/RESULTS_FREEZE_MANIFEST.tsv	25a0bdbdfbf8b6f93d9b2c7d748f724ebd9c62780a8a74bc822a94d85a55fde6	F0135	Stage7	tabular_result_or_audit	main_or_governance	NA	local_git_worktree	logs_summary/stage_7_validation_checks.tsv	1327	ca2b535774ed6df10d7f69aa59dea25fb03178e64bb68f9ef85a6a5b22ff4be2	e0f18f35aae957cf1b837ac4bc709a2a8d07cdc0	FROZEN_NO_SILENT_OVERWRITE	Inclusion freezes provenance; it does not by itself authorize a manuscript claim.
freeze_manifest	manuscript_freeze/RESULTS_FREEZE_MANIFEST.tsv	25a0bdbdfbf8b6f93d9b2c7d748f724ebd9c62780a8a74bc822a94d85a55fde6	F0136	Stage8B	tabular_result_or_audit	main_or_governance	NA	local_git_worktree	logs_summary/stage_8B_independent_acceptance.tsv	2041	807713433e8968f7b81ca70783371be16a577aa436c0cc8dc778d4e42453da36	e0f18f35aae957cf1b837ac4bc709a2a8d07cdc0	FROZEN_NO_SILENT_OVERWRITE	Inclusion freezes provenance; it does not by itself authorize a manuscript claim.
freeze_manifest	manuscript_freeze/RESULTS_FREEZE_MANIFEST.tsv	25a0bdbdfbf8b6f93d9b2c7d748f724ebd9c62780a8a74bc822a94d85a55fde6	F0137	Stage8B	tabular_result_or_audit	main_or_governance	NA	local_git_worktree	logs_summary/stage_8B_tissue_validation_gate.tsv	878	3e5178f658522512699ba2a737c2b42ac4b05901cfee833ae25b0e92e596b7bf	e0f18f35aae957cf1b837ac4bc709a2a8d07cdc0	FROZEN_NO_SILENT_OVERWRITE	Inclusion freezes provenance; it does not by itself authorize a manuscript claim.
freeze_manifest	manuscript_freeze/RESULTS_FREEZE_MANIFEST.tsv	25a0bdbdfbf8b6f93d9b2c7d748f724ebd9c62780a8a74bc822a94d85a55fde6	F0138	Stage8B	tabular_result_or_audit	main_or_governance	NA	local_git_worktree	logs_summary/stage_8B_validation_checks.tsv	2543	3ce9de3040087ffea4491bf99b8e3caa47746f7637380ec844ddb4e807bbc82f	e0f18f35aae957cf1b837ac4bc709a2a8d07cdc0	FROZEN_NO_SILENT_OVERWRITE	Inclusion freezes provenance; it does not by itself authorize a manuscript claim.
freeze_manifest	manuscript_freeze/RESULTS_FREEZE_MANIFEST.tsv	25a0bdbdfbf8b6f93d9b2c7d748f724ebd9c62780a8a74bc822a94d85a55fde6	F0139	Project	governance_or_claim_file	supporting_reproducibility	NA	local_analysis_output_untracked_by_design	manuscript_freeze/FIGURE_BLUEPRINT.md	10099	567d7d38ad318ad792d1f3a59b44329ea44d43e01fb914fd7c0b389752378166	e0f18f35aae957cf1b837ac4bc709a2a8d07cdc0	FROZEN_NO_SILENT_OVERWRITE	Inclusion freezes provenance; it does not by itself authorize a manuscript claim.
freeze_manifest	manuscript_freeze/RESULTS_FREEZE_MANIFEST.tsv	25a0bdbdfbf8b6f93d9b2c7d748f724ebd9c62780a8a74bc822a94d85a55fde6	F0140	Project	tabular_result_or_audit	supporting_reproducibility	NA	local_analysis_output_untracked_by_design	manuscript_freeze/FINAL_CLAIM_LIST.tsv	12604	b76423a124fb720675175851b255216143f6eda41cb39e7a8fe77c12dc83e0c5	e0f18f35aae957cf1b837ac4bc709a2a8d07cdc0	FROZEN_NO_SILENT_OVERWRITE	Inclusion freezes provenance; it does not by itself authorize a manuscript claim.
freeze_manifest	manuscript_freeze/RESULTS_FREEZE_MANIFEST.tsv	25a0bdbdfbf8b6f93d9b2c7d748f724ebd9c62780a8a74bc822a94d85a55fde6	F0141	Project	tabular_result_or_audit	supporting_reproducibility	NA	local_analysis_output_untracked_by_design	manuscript_freeze/SECTION_EVIDENCE_MAP.tsv	12441	06885a1470c6caf1e9a4b754a113b99ffc92f50bed6585b5ae94285e6645c772	e0f18f35aae957cf1b837ac4bc709a2a8d07cdc0	FROZEN_NO_SILENT_OVERWRITE	Inclusion freezes provenance; it does not by itself authorize a manuscript claim.
freeze_manifest	manuscript_freeze/RESULTS_FREEZE_MANIFEST.tsv	25a0bdbdfbf8b6f93d9b2c7d748f724ebd9c62780a8a74bc822a94d85a55fde6	F0142	Stage10I	governance_or_claim_file	main_or_governance	NA	local_git_worktree	manuscript_freeze/STAGE10I_R_DECISION.md	2681	be02c7fdb70f2ef2c280fac07b275d1e3ae82ae684788083fbe8c7ca7f8bc51a	e0f18f35aae957cf1b837ac4bc709a2a8d07cdc0	FROZEN_NO_SILENT_OVERWRITE	Inclusion freezes provenance; it does not by itself authorize a manuscript claim.
freeze_manifest	manuscript_freeze/RESULTS_FREEZE_MANIFEST.tsv	25a0bdbdfbf8b6f93d9b2c7d748f724ebd9c62780a8a74bc822a94d85a55fde6	F0143	Stage10I	tabular_result_or_audit	main_or_governance	NA	local_git_worktree	manuscript_freeze/STAGE10I_R_EVIDENCE_PLACEMENT.tsv	5231	4de82ea9b84253e6fa59e1df79bdfe112edfb3efa00483f22f1cf3a3b52578bc	e0f18f35aae957cf1b837ac4bc709a2a8d07cdc0	FROZEN_NO_SILENT_OVERWRITE	Inclusion freezes provenance; it does not by itself authorize a manuscript claim.
freeze_manifest	manuscript_freeze/RESULTS_FREEZE_MANIFEST.tsv	25a0bdbdfbf8b6f93d9b2c7d748f724ebd9c62780a8a74bc822a94d85a55fde6	F0144	Stage10I	governance_or_claim_file	main_or_governance	NA	local_git_worktree	manuscript_freeze/STAGE10I_R_NARRATIVE_ARCHITECTURE.md	10935	bcc44e9aa5914662a62646082969f33c519ec41c9a2a76cf2b6f62b9e6d6800a	e0f18f35aae957cf1b837ac4bc709a2a8d07cdc0	FROZEN_NO_SILENT_OVERWRITE	Inclusion freezes provenance; it does not by itself authorize a manuscript claim.
freeze_manifest	manuscript_freeze/RESULTS_FREEZE_MANIFEST.tsv	25a0bdbdfbf8b6f93d9b2c7d748f724ebd9c62780a8a74bc822a94d85a55fde6	F0145	Stage10I	tabular_result_or_audit	main_or_governance	NA	local_git_worktree	manuscript_freeze/STAGE10I_R_SECTION_CLAIM_MAP.tsv	9045	f0dc72749c20b02b03beb8d280883c7944e3a8129c3f3bc5a28f49ede273e28c	e0f18f35aae957cf1b837ac4bc709a2a8d07cdc0	FROZEN_NO_SILENT_OVERWRITE	Inclusion freezes provenance; it does not by itself authorize a manuscript claim.
freeze_manifest	manuscript_freeze/RESULTS_FREEZE_MANIFEST.tsv	25a0bdbdfbf8b6f93d9b2c7d748f724ebd9c62780a8a74bc822a94d85a55fde6	F0146	Project	governance_or_claim_file	supporting_reproducibility	NA	local_analysis_output_untracked_by_design	manuscript_freeze/SUPPLEMENT_BLUEPRINT.md	6982	d2723e4c522a5898c4d55b34cc035d72eb458f91bc9fe94d80542f3ef3da95f2	e0f18f35aae957cf1b837ac4bc709a2a8d07cdc0	FROZEN_NO_SILENT_OVERWRITE	Inclusion freezes provenance; it does not by itself authorize a manuscript claim.
freeze_manifest	manuscript_freeze/RESULTS_FREEZE_MANIFEST.tsv	25a0bdbdfbf8b6f93d9b2c7d748f724ebd9c62780a8a74bc822a94d85a55fde6	F0147	Project	governance_or_claim_file	supporting_reproducibility	NA	local_analysis_output_untracked_by_design	manuscript_freeze/TABLE_BLUEPRINT.md	6219	db517ccff235afebf0fdf842b6725c7466247bd5228bdb70f94b600c94fae4c7	e0f18f35aae957cf1b837ac4bc709a2a8d07cdc0	FROZEN_NO_SILENT_OVERWRITE	Inclusion freezes provenance; it does not by itself authorize a manuscript claim.
freeze_manifest	manuscript_freeze/RESULTS_FREEZE_MANIFEST.tsv	25a0bdbdfbf8b6f93d9b2c7d748f724ebd9c62780a8a74bc822a94d85a55fde6	F0148	Metadata	report_or_provenance	supporting_reproducibility	NA	local_git_worktree	metadata/.gitkeep	0	e3b0c44298fc1c149afbf4c8996fb92427ae41e4649b934ca495991b7852b855	e0f18f35aae957cf1b837ac4bc709a2a8d07cdc0	FROZEN_NO_SILENT_OVERWRITE	Inclusion freezes provenance; it does not by itself authorize a manuscript claim.
freeze_manifest	manuscript_freeze/RESULTS_FREEZE_MANIFEST.tsv	25a0bdbdfbf8b6f93d9b2c7d748f724ebd9c62780a8a74bc822a94d85a55fde6	F0149	Metadata	tabular_result_or_audit	supporting_reproducibility	NA	local_git_worktree	metadata/GSE8671_verified_pairs.tsv	17748	a8228d14983563beb5e756da9fb77b86d0bf32cdca948ef0466b0798eca9c5bc	e0f18f35aae957cf1b837ac4bc709a2a8d07cdc0	FROZEN_NO_SILENT_OVERWRITE	Inclusion freezes provenance; it does not by itself authorize a manuscript claim.
freeze_manifest	manuscript_freeze/RESULTS_FREEZE_MANIFEST.tsv	25a0bdbdfbf8b6f93d9b2c7d748f724ebd9c62780a8a74bc822a94d85a55fde6	F0150	Metadata	tabular_result_or_audit	supporting_reproducibility	NA	local_git_worktree	metadata/annotation_evidence.tsv	5584	3d3e0a77dba1d9576a28474f662787a3b56c66a6f3a1f51a891aaf6910e82ada	e0f18f35aae957cf1b837ac4bc709a2a8d07cdc0	FROZEN_NO_SILENT_OVERWRITE	Inclusion freezes provenance; it does not by itself authorize a manuscript claim.
freeze_manifest	manuscript_freeze/RESULTS_FREEZE_MANIFEST.tsv	25a0bdbdfbf8b6f93d9b2c7d748f724ebd9c62780a8a74bc822a94d85a55fde6	F0151	Metadata	report_or_provenance	supporting_reproducibility	NA	local_git_worktree	metadata/data_dictionary.md	6449	f31d4f93a5dd2a425b21662cca3629e5bc69028fdcb56d033a1440f77578f153	e0f18f35aae957cf1b837ac4bc709a2a8d07cdc0	FROZEN_NO_SILENT_OVERWRITE	Inclusion freezes provenance; it does not by itself authorize a manuscript claim.
freeze_manifest	manuscript_freeze/RESULTS_FREEZE_MANIFEST.tsv	25a0bdbdfbf8b6f93d9b2c7d748f724ebd9c62780a8a74bc822a94d85a55fde6	F0152	Metadata	tabular_result_or_audit	supporting_reproducibility	NA	local_git_worktree	metadata/dataset_manifest.tsv	643068	790a2870cfd728c8d91bebcc7b540debf3c28d699921e9258d1d364d6aab6951	e0f18f35aae957cf1b837ac4bc709a2a8d07cdc0	FROZEN_NO_SILENT_OVERWRITE	Inclusion freezes provenance; it does not by itself authorize a manuscript claim.
freeze_manifest	manuscript_freeze/RESULTS_FREEZE_MANIFEST.tsv	25a0bdbdfbf8b6f93d9b2c7d748f724ebd9c62780a8a74bc822a94d85a55fde6	F0153	Metadata	tabular_result_or_audit	supporting_reproducibility	NA	local_git_worktree	metadata/download_plan.tsv	191917	c70193761dc20d1918d063fac5c9a7dcafa39e70b5dae4a4ec620340ca996059	e0f18f35aae957cf1b837ac4bc709a2a8d07cdc0	FROZEN_NO_SILENT_OVERWRITE	Inclusion freezes provenance; it does not by itself authorize a manuscript claim.
freeze_manifest	manuscript_freeze/RESULTS_FREEZE_MANIFEST.tsv	25a0bdbdfbf8b6f93d9b2c7d748f724ebd9c62780a8a74bc822a94d85a55fde6	F0154	Metadata	tabular_result_or_audit	supporting_reproducibility	NA	local_git_worktree	metadata/exclusion_log.tsv	2162	a819dd5ae56820cda5bc7fab7010b34e5f4daecf3989cd214b2262a66a8b4cd0	e0f18f35aae957cf1b837ac4bc709a2a8d07cdc0	FROZEN_NO_SILENT_OVERWRITE	Inclusion freezes provenance; it does not by itself authorize a manuscript claim.
freeze_manifest	manuscript_freeze/RESULTS_FREEZE_MANIFEST.tsv	25a0bdbdfbf8b6f93d9b2c7d748f724ebd9c62780a8a74bc822a94d85a55fde6	F0155	Metadata	tabular_result_or_audit	supporting_reproducibility	NA	local_git_worktree	metadata/file_manifest.tsv	326613	8149428307c2663a2d0a374899dd70d15975f22afa3e2680ee650cd03e95f427	e0f18f35aae957cf1b837ac4bc709a2a8d07cdc0	FROZEN_NO_SILENT_OVERWRITE	Inclusion freezes provenance; it does not by itself authorize a manuscript claim.
freeze_manifest	manuscript_freeze/RESULTS_FREEZE_MANIFEST.tsv	25a0bdbdfbf8b6f93d9b2c7d748f724ebd9c62780a8a74bc822a94d85a55fde6	F0156	Metadata	report_or_provenance	supporting_reproducibility	NA	local_git_worktree	metadata/source_cache/GSE100179_samples.json	233714	89609d8688d6f122d68bcb8bd99093e4116945c36bbe2b37f5a260e514d1cb9c	e0f18f35aae957cf1b837ac4bc709a2a8d07cdc0	FROZEN_NO_SILENT_OVERWRITE	Inclusion freezes provenance; it does not by itself authorize a manuscript claim.
freeze_manifest	manuscript_freeze/RESULTS_FREEZE_MANIFEST.tsv	25a0bdbdfbf8b6f93d9b2c7d748f724ebd9c62780a8a74bc822a94d85a55fde6	F0157	Metadata	report_or_provenance	supporting_reproducibility	NA	local_git_worktree	metadata/source_cache/GSE132465_samples.json	251822	d972f33a567b9205ad6f3d9fba65eda3c0a6981c9eba327bbf9c5516cd396abe	e0f18f35aae957cf1b837ac4bc709a2a8d07cdc0	FROZEN_NO_SILENT_OVERWRITE	Inclusion freezes provenance; it does not by itself authorize a manuscript claim.
freeze_manifest	manuscript_freeze/RESULTS_FREEZE_MANIFEST.tsv	25a0bdbdfbf8b6f93d9b2c7d748f724ebd9c62780a8a74bc822a94d85a55fde6	F0158	Metadata	report_or_provenance	supporting_reproducibility	NA	local_git_worktree	metadata/source_cache/GSE161277_samples.json	72297	586051aac26b85c61afca34a530a5dccff0f0c957065d4707831026835252c69	e0f18f35aae957cf1b837ac4bc709a2a8d07cdc0	FROZEN_NO_SILENT_OVERWRITE	Inclusion freezes provenance; it does not by itself authorize a manuscript claim.
freeze_manifest	manuscript_freeze/RESULTS_FREEZE_MANIFEST.tsv	25a0bdbdfbf8b6f93d9b2c7d748f724ebd9c62780a8a74bc822a94d85a55fde6	F0159	Metadata	report_or_provenance	supporting_reproducibility	NA	local_git_worktree	metadata/source_cache/GSE201348_samples.json	844714	76b7fbbe954cc94604ec1457e311c5fd07fbd229b678198511d26465141e346f	e0f18f35aae957cf1b837ac4bc709a2a8d07cdc0	FROZEN_NO_SILENT_OVERWRITE	Inclusion freezes provenance; it does not by itself authorize a manuscript claim.
freeze_manifest	manuscript_freeze/RESULTS_FREEZE_MANIFEST.tsv	25a0bdbdfbf8b6f93d9b2c7d748f724ebd9c62780a8a74bc822a94d85a55fde6	F0160	Metadata	report_or_provenance	supporting_reproducibility	NA	local_git_worktree	metadata/source_cache/GSE201348_supplement_tables.json	51456	7c3654b56e105e48619b432c9f0f2b1b052912961c8f64ab71e60cdb9f56f406	e0f18f35aae957cf1b837ac4bc709a2a8d07cdc0	FROZEN_NO_SILENT_OVERWRITE	Inclusion freezes provenance; it does not by itself authorize a manuscript claim.
freeze_manifest	manuscript_freeze/RESULTS_FREEZE_MANIFEST.tsv	25a0bdbdfbf8b6f93d9b2c7d748f724ebd9c62780a8a74bc822a94d85a55fde6	F0161	Metadata	report_or_provenance	supporting_reproducibility	NA	local_git_worktree	metadata/source_cache/GSE226997_samples.json	30802	9af8812efa6e6869245ef18d0804d2e9e70bc20c69da184c248ebc7d6735f218	e0f18f35aae957cf1b837ac4bc709a2a8d07cdc0	FROZEN_NO_SILENT_OVERWRITE	Inclusion freezes provenance; it does not by itself authorize a manuscript claim.
freeze_manifest	manuscript_freeze/RESULTS_FREEZE_MANIFEST.tsv	25a0bdbdfbf8b6f93d9b2c7d748f724ebd9c62780a8a74bc822a94d85a55fde6	F0162	Metadata	report_or_provenance	supporting_reproducibility	NA	local_git_worktree	metadata/source_cache/GSE41657_samples.json	748612	8fc1a3dd31c0fe9fd4ca6d902ecc401b009413a4bd96574f884824c163f3f14f	e0f18f35aae957cf1b837ac4bc709a2a8d07cdc0	FROZEN_NO_SILENT_OVERWRITE	Inclusion freezes provenance; it does not by itself authorize a manuscript claim.
freeze_manifest	manuscript_freeze/RESULTS_FREEZE_MANIFEST.tsv	25a0bdbdfbf8b6f93d9b2c7d748f724ebd9c62780a8a74bc822a94d85a55fde6	F0163	Metadata	report_or_provenance	supporting_reproducibility	NA	local_git_worktree	metadata/source_cache/GSE8671_samples.json	400093	19131f939f2e692fe75746ca71ca8a76f4bc26cb594b472751af721784d46c96	e0f18f35aae957cf1b837ac4bc709a2a8d07cdc0	FROZEN_NO_SILENT_OVERWRITE	Inclusion freezes provenance; it does not by itself authorize a manuscript claim.
freeze_manifest	manuscript_freeze/RESULTS_FREEZE_MANIFEST.tsv	25a0bdbdfbf8b6f93d9b2c7d748f724ebd9c62780a8a74bc822a94d85a55fde6	F0164	Metadata	report_or_provenance	supporting_reproducibility	NA	local_git_worktree	metadata/source_cache/GSE99573_samples.json	2025814	7449b3815862a593763f538f23f93eed51ac9373047db3f30c2690739b5cd460	e0f18f35aae957cf1b837ac4bc709a2a8d07cdc0	FROZEN_NO_SILENT_OVERWRITE	Inclusion freezes provenance; it does not by itself authorize a manuscript claim.
freeze_manifest	manuscript_freeze/RESULTS_FREEZE_MANIFEST.tsv	25a0bdbdfbf8b6f93d9b2c7d748f724ebd9c62780a8a74bc822a94d85a55fde6	F0165	Metadata	report_or_provenance	supporting_reproducibility	NA	local_git_worktree	metadata/source_cache/TCGA-COAD_rnaseq_files.json	216838	81a3e8cce06be6d671e32a585703ced9bb6c3be0895ee43c6cbb5b2f25a06ddb	e0f18f35aae957cf1b837ac4bc709a2a8d07cdc0	FROZEN_NO_SILENT_OVERWRITE	Inclusion freezes provenance; it does not by itself authorize a manuscript claim.
freeze_manifest	manuscript_freeze/RESULTS_FREEZE_MANIFEST.tsv	25a0bdbdfbf8b6f93d9b2c7d748f724ebd9c62780a8a74bc822a94d85a55fde6	F0166	Project	tabular_result_or_audit	supporting_reproducibility	NA	local_git_worktree	modules_locked.tsv	80916	bfafb5890927a951d33a68aab1508cf35a7b995ad4906e7b7229ba22bdf9aec2	e0f18f35aae957cf1b837ac4bc709a2a8d07cdc0	FROZEN_NO_SILENT_OVERWRITE	Inclusion freezes provenance; it does not by itself authorize a manuscript claim.
freeze_manifest	manuscript_freeze/RESULTS_FREEZE_MANIFEST.tsv	25a0bdbdfbf8b6f93d9b2c7d748f724ebd9c62780a8a74bc822a94d85a55fde6	F0167	Project	report_or_provenance	supporting_reproducibility	NA	local_git_worktree	modules_locked.tsv.sha256	85	d05dc077d63e6f15d60ecf28e5f610f6ed07994519fe923eb432bf8324a62209	e0f18f35aae957cf1b837ac4bc709a2a8d07cdc0	FROZEN_NO_SILENT_OVERWRITE	Inclusion freezes provenance; it does not by itself authorize a manuscript claim.
freeze_manifest	manuscript_freeze/RESULTS_FREEZE_MANIFEST.tsv	25a0bdbdfbf8b6f93d9b2c7d748f724ebd9c62780a8a74bc822a94d85a55fde6	F0168	Governance	governance_or_claim_file	supporting_reproducibility	NA	local_git_worktree	protocol/.gitkeep	0	e3b0c44298fc1c149afbf4c8996fb92427ae41e4649b934ca495991b7852b855	e0f18f35aae957cf1b837ac4bc709a2a8d07cdc0	FROZEN_NO_SILENT_OVERWRITE	Inclusion freezes provenance; it does not by itself authorize a manuscript claim.
freeze_manifest	manuscript_freeze/RESULTS_FREEZE_MANIFEST.tsv	25a0bdbdfbf8b6f93d9b2c7d748f724ebd9c62780a8a74bc822a94d85a55fde6	F0169	Governance	governance_or_claim_file	supporting_reproducibility	NA	local_git_worktree	protocol/analysis_protocol_v1.md	4322	3f6dd5c9312db1fe03765a5a3a92d2f7b29d18724c60ecb8407913b8c214e414	e0f18f35aae957cf1b837ac4bc709a2a8d07cdc0	FROZEN_NO_SILENT_OVERWRITE	Inclusion freezes provenance; it does not by itself authorize a manuscript claim.
freeze_manifest	manuscript_freeze/RESULTS_FREEZE_MANIFEST.tsv	25a0bdbdfbf8b6f93d9b2c7d748f724ebd9c62780a8a74bc822a94d85a55fde6	F0170	Governance	governance_or_claim_file	supporting_reproducibility	NA	local_git_worktree	protocol/analysis_protocol_v1_amendment_6A.md	3951	350e2c156ab47a2798516fd5f9d8502387a9e76b8d1e2a0b2415a6daaa6ddfcc	e0f18f35aae957cf1b837ac4bc709a2a8d07cdc0	FROZEN_NO_SILENT_OVERWRITE	Inclusion freezes provenance; it does not by itself authorize a manuscript claim.
freeze_manifest	manuscript_freeze/RESULTS_FREEZE_MANIFEST.tsv	25a0bdbdfbf8b6f93d9b2c7d748f724ebd9c62780a8a74bc822a94d85a55fde6	F0171	Stage6B	governance_or_claim_file	supporting_reproducibility	NA	local_git_worktree	protocol/stage_6B_regulatory_inference_plan.md	5169	0319ee1a177ea242e5c25006b6c9b4ab1a3e4dfab45c5cb1dcea0abd7d70de4e	e0f18f35aae957cf1b837ac4bc709a2a8d07cdc0	FROZEN_NO_SILENT_OVERWRITE	Inclusion freezes provenance; it does not by itself authorize a manuscript claim.
freeze_manifest	manuscript_freeze/RESULTS_FREEZE_MANIFEST.tsv	25a0bdbdfbf8b6f93d9b2c7d748f724ebd9c62780a8a74bc822a94d85a55fde6	F0172	Stage7	governance_or_claim_file	main_or_governance	NA	local_git_worktree	protocol/stage_7_singlecell_replication_plan.md	5836	1158cc920d0544afcce54d9e142091256f11c86dde347fb8aba8997feb41843a	e0f18f35aae957cf1b837ac4bc709a2a8d07cdc0	FROZEN_NO_SILENT_OVERWRITE	Inclusion freezes provenance; it does not by itself authorize a manuscript claim.
freeze_manifest	manuscript_freeze/RESULTS_FREEZE_MANIFEST.tsv	25a0bdbdfbf8b6f93d9b2c7d748f724ebd9c62780a8a74bc822a94d85a55fde6	F0173	Stage8B	governance_or_claim_file	main_or_governance	NA	local_git_worktree	protocol/stage_8B_bulk_validation_plan.md	5656	c33e6bc583f45691012c6621a88af6af9b73399828315a5c4217441c1473df88	e0f18f35aae957cf1b837ac4bc709a2a8d07cdc0	FROZEN_NO_SILENT_OVERWRITE	Inclusion freezes provenance; it does not by itself authorize a manuscript claim.
freeze_manifest	manuscript_freeze/RESULTS_FREEZE_MANIFEST.tsv	25a0bdbdfbf8b6f93d9b2c7d748f724ebd9c62780a8a74bc822a94d85a55fde6	F0174	Governance	governance_or_claim_file	supporting_reproducibility	NA	local_git_worktree	protocol/stool_model_protocol.md	5075	c41fbd4b06ddb6aa8c2f5c859aeb67dcec0df139854f374e553015f70c205377	e0f18f35aae957cf1b837ac4bc709a2a8d07cdc0	FROZEN_NO_SILENT_OVERWRITE	Inclusion freezes provenance; it does not by itself authorize a manuscript claim.
freeze_manifest	manuscript_freeze/RESULTS_FREEZE_MANIFEST.tsv	25a0bdbdfbf8b6f93d9b2c7d748f724ebd9c62780a8a74bc822a94d85a55fde6	F0175	Governance	governance_or_claim_file	supporting_reproducibility	NA	local_git_worktree	protocol/stool_model_test_once_plan.md	4267	d7ced7d9d83da977f208357b92e968a8b1524ea6162191d795b22aeb54a209f7	e0f18f35aae957cf1b837ac4bc709a2a8d07cdc0	FROZEN_NO_SILENT_OVERWRITE	Inclusion freezes provenance; it does not by itself authorize a manuscript claim.
freeze_manifest	manuscript_freeze/RESULTS_FREEZE_MANIFEST.tsv	25a0bdbdfbf8b6f93d9b2c7d748f724ebd9c62780a8a74bc822a94d85a55fde6	F0176	Governance	governance_or_claim_file	supporting_reproducibility	NA	local_git_worktree	protocol/stool_model_training_lock_plan.md	4912	283e89d579c3213b597d8d735099a6dc906c435c9b7ca0714ca25c958163f41c	e0f18f35aae957cf1b837ac4bc709a2a8d07cdc0	FROZEN_NO_SILENT_OVERWRITE	Inclusion freezes provenance; it does not by itself authorize a manuscript claim.
freeze_manifest	manuscript_freeze/RESULTS_FREEZE_MANIFEST.tsv	25a0bdbdfbf8b6f93d9b2c7d748f724ebd9c62780a8a74bc822a94d85a55fde6	F0177	Stage10D	report_or_provenance	supplement_or_limit	NA	local_git_worktree	reports/STAGE10D_TECH_ACCEPTANCE.md	5584	03db6a0d3a14a1dac00a969c62767d337df67176d493a3453c3610adbc258b7b	e0f18f35aae957cf1b837ac4bc709a2a8d07cdc0	FROZEN_NO_SILENT_OVERWRITE	Inclusion freezes provenance; it does not by itself authorize a manuscript claim.
freeze_manifest	manuscript_freeze/RESULTS_FREEZE_MANIFEST.tsv	25a0bdbdfbf8b6f93d9b2c7d748f724ebd9c62780a8a74bc822a94d85a55fde6	F0178	Stage10D	governance_or_claim_file	supplement_or_limit	NA	local_git_worktree	reports/STAGE10D_TECH_GATE_DECISION.md	919	9f9125322b11dbce05fc77ce1cccc013f133b151e42e4883d483bf1e95db1fc4	e0f18f35aae957cf1b837ac4bc709a2a8d07cdc0	FROZEN_NO_SILENT_OVERWRITE	Inclusion freezes provenance; it does not by itself authorize a manuscript claim.
freeze_manifest	manuscript_freeze/RESULTS_FREEZE_MANIFEST.tsv	25a0bdbdfbf8b6f93d9b2c7d748f724ebd9c62780a8a74bc822a94d85a55fde6	F0179	Stage10D	report_or_provenance	supplement_or_limit	NA	local_git_worktree	reports/STAGE10D_TECH_SUMMARY.md	521	1184b49a434e41a6ba26b4b52b9844177aee6b3d53c694328d29ab678514fdd9	e0f18f35aae957cf1b837ac4bc709a2a8d07cdc0	FROZEN_NO_SILENT_OVERWRITE	Inclusion freezes provenance; it does not by itself authorize a manuscript claim.
freeze_manifest	manuscript_freeze/RESULTS_FREEZE_MANIFEST.tsv	25a0bdbdfbf8b6f93d9b2c7d748f724ebd9c62780a8a74bc822a94d85a55fde6	F0180	Stage10E	report_or_provenance	supplement_or_limit	NA	local_git_worktree	reports/STAGE10E_ACCEPTANCE.md	2980	23338358a223ebe55106b3d40fbf5ecfbde83190e156df1aac2e96e9533a317d	e0f18f35aae957cf1b837ac4bc709a2a8d07cdc0	FROZEN_NO_SILENT_OVERWRITE	Inclusion freezes provenance; it does not by itself authorize a manuscript claim.
freeze_manifest	manuscript_freeze/RESULTS_FREEZE_MANIFEST.tsv	25a0bdbdfbf8b6f93d9b2c7d748f724ebd9c62780a8a74bc822a94d85a55fde6	F0181	Stage10E	report_or_provenance	supplement_or_limit	NA	local_git_worktree	reports/STAGE10E_DESC_ACCEPTANCE.md	2669	db594358ec3c70734a4d1f8c6286277e772e4183ee5f81c5b402718a6502c78b	e0f18f35aae957cf1b837ac4bc709a2a8d07cdc0	FROZEN_NO_SILENT_OVERWRITE	Inclusion freezes provenance; it does not by itself authorize a manuscript claim.
freeze_manifest	manuscript_freeze/RESULTS_FREEZE_MANIFEST.tsv	25a0bdbdfbf8b6f93d9b2c7d748f724ebd9c62780a8a74bc822a94d85a55fde6	F0182	Stage10E	governance_or_claim_file	supplement_or_limit	NA	local_git_worktree	reports/STAGE10E_DESC_GATE_DECISION.md	217	95b59963c168b5769012925ff7ca77c8035f8f1cf82aa92c0854084a75ce448a	e0f18f35aae957cf1b837ac4bc709a2a8d07cdc0	FROZEN_NO_SILENT_OVERWRITE	Inclusion freezes provenance; it does not by itself authorize a manuscript claim.
freeze_manifest	manuscript_freeze/RESULTS_FREEZE_MANIFEST.tsv	25a0bdbdfbf8b6f93d9b2c7d748f724ebd9c62780a8a74bc822a94d85a55fde6	F0183	Stage10E	report_or_provenance	supplement_or_limit	NA	local_git_worktree	reports/STAGE10E_DESC_SUMMARY.md	533	9ffa9398b5b9528605aa5013539d277b87aa40be296557322aba6a9a8dcae991	e0f18f35aae957cf1b837ac4bc709a2a8d07cdc0	FROZEN_NO_SILENT_OVERWRITE	Inclusion freezes provenance; it does not by itself authorize a manuscript claim.
freeze_manifest	manuscript_freeze/RESULTS_FREEZE_MANIFEST.tsv	25a0bdbdfbf8b6f93d9b2c7d748f724ebd9c62780a8a74bc822a94d85a55fde6	F0184	Stage10E	governance_or_claim_file	supplement_or_limit	NA	local_git_worktree	reports/STAGE10E_GATE_DECISION.md	1036	642b5debda611484ae94a6935c87800f06538e5579b9fbb8c320236f5befaab4	e0f18f35aae957cf1b837ac4bc709a2a8d07cdc0	FROZEN_NO_SILENT_OVERWRITE	Inclusion freezes provenance; it does not by itself authorize a manuscript claim.
freeze_manifest	manuscript_freeze/RESULTS_FREEZE_MANIFEST.tsv	25a0bdbdfbf8b6f93d9b2c7d748f724ebd9c62780a8a74bc822a94d85a55fde6	F0185	Stage10E	report_or_provenance	supplement_or_limit	NA	local_git_worktree	reports/STAGE10E_SUMMARY.md	216	71bd8800b0d14cfde939735e674414054007c84d8312b8c5c0480103d3f31063	e0f18f35aae957cf1b837ac4bc709a2a8d07cdc0	FROZEN_NO_SILENT_OVERWRITE	Inclusion freezes provenance; it does not by itself authorize a manuscript claim.
freeze_manifest	manuscript_freeze/RESULTS_FREEZE_MANIFEST.tsv	25a0bdbdfbf8b6f93d9b2c7d748f724ebd9c62780a8a74bc822a94d85a55fde6	F0186	Stage10FG	report_or_provenance	supplement_or_limit	NA	local_git_worktree	reports/STAGE10FG_CLOSE_SUMMARY.md	900	ecdd51de7f570299b0f14f94cd49b476c18868888efba4fb7046016140059e4e	e0f18f35aae957cf1b837ac4bc709a2a8d07cdc0	FROZEN_NO_SILENT_OVERWRITE	Inclusion freezes provenance; it does not by itself authorize a manuscript claim.
freeze_manifest	manuscript_freeze/RESULTS_FREEZE_MANIFEST.tsv	25a0bdbdfbf8b6f93d9b2c7d748f724ebd9c62780a8a74bc822a94d85a55fde6	F0187	Stage10H	governance_or_claim_file	main_or_governance	NA	local_git_worktree	reports/STAGE10H_ALIGN_GATE_DECISION.md	801	19a0b8cb8cb6e7b5d1b4e611febb45cd69ff31e38af074d4bfa7414abb49ada9	e0f18f35aae957cf1b837ac4bc709a2a8d07cdc0	FROZEN_NO_SILENT_OVERWRITE	Inclusion freezes provenance; it does not by itself authorize a manuscript claim.
freeze_manifest	manuscript_freeze/RESULTS_FREEZE_MANIFEST.tsv	25a0bdbdfbf8b6f93d9b2c7d748f724ebd9c62780a8a74bc822a94d85a55fde6	F0188	Stage10H	report_or_provenance	main_or_governance	NA	local_git_worktree	reports/STAGE10H_ALIGN_SUMMARY.md	963	c8f5651b0bbc897058439e8a9c5db5845bf2afe1d770cbd03cac40d28ba6a9d3	e0f18f35aae957cf1b837ac4bc709a2a8d07cdc0	FROZEN_NO_SILENT_OVERWRITE	Inclusion freezes provenance; it does not by itself authorize a manuscript claim.
freeze_manifest	manuscript_freeze/RESULTS_FREEZE_MANIFEST.tsv	25a0bdbdfbf8b6f93d9b2c7d748f724ebd9c62780a8a74bc822a94d85a55fde6	F0189	Stage10H	governance_or_claim_file	main_or_governance	NA	local_git_worktree	reports/STAGE10H_GATE_DECISION.md	1658	35c07b003271231fd867aec00bd8dc0a4d62d69ee10728f72356cb9084b0e1d6	e0f18f35aae957cf1b837ac4bc709a2a8d07cdc0	FROZEN_NO_SILENT_OVERWRITE	Inclusion freezes provenance; it does not by itself authorize a manuscript claim.
freeze_manifest	manuscript_freeze/RESULTS_FREEZE_MANIFEST.tsv	25a0bdbdfbf8b6f93d9b2c7d748f724ebd9c62780a8a74bc822a94d85a55fde6	F0190	Stage10H	report_or_provenance	main_or_governance	NA	local_git_worktree	reports/STAGE10H_SUMMARY.md	1265	6603e8360a078065d43ae2b0ce7af8562bdf689bf45ed2775463d8dbba2524e2	e0f18f35aae957cf1b837ac4bc709a2a8d07cdc0	FROZEN_NO_SILENT_OVERWRITE	Inclusion freezes provenance; it does not by itself authorize a manuscript claim.
freeze_manifest	manuscript_freeze/RESULTS_FREEZE_MANIFEST.tsv	25a0bdbdfbf8b6f93d9b2c7d748f724ebd9c62780a8a74bc822a94d85a55fde6	F0191	Stage10I	governance_or_claim_file	main_or_governance	NA	local_git_worktree	reports/STAGE10I_GATE_DECISION.md	557	3312a2c26438785ed2ff0eb5bed91a7e72290f6c272a8c12b06e235886510811	e0f18f35aae957cf1b837ac4bc709a2a8d07cdc0	FROZEN_NO_SILENT_OVERWRITE	Inclusion freezes provenance; it does not by itself authorize a manuscript claim.
freeze_manifest	manuscript_freeze/RESULTS_FREEZE_MANIFEST.tsv	25a0bdbdfbf8b6f93d9b2c7d748f724ebd9c62780a8a74bc822a94d85a55fde6	F0192	Stage10I	governance_or_claim_file	main_or_governance	NA	local_git_worktree	reports/STAGE10I_R_GATE_DECISION.md	420	74c3311b2f1f4c0da66c534b42d7a36ea717d93b88b769ae131edd9d6b3550c1	e0f18f35aae957cf1b837ac4bc709a2a8d07cdc0	FROZEN_NO_SILENT_OVERWRITE	Inclusion freezes provenance; it does not by itself authorize a manuscript claim.
freeze_manifest	manuscript_freeze/RESULTS_FREEZE_MANIFEST.tsv	25a0bdbdfbf8b6f93d9b2c7d748f724ebd9c62780a8a74bc822a94d85a55fde6	F0193	Stage10I	report_or_provenance	main_or_governance	NA	local_git_worktree	reports/STAGE10I_R_SUMMARY.md	861	78c833fb7578ab34020f3495d8291deb8f37bba9da1ba2c1964b6ef8d569ab48	e0f18f35aae957cf1b837ac4bc709a2a8d07cdc0	FROZEN_NO_SILENT_OVERWRITE	Inclusion freezes provenance; it does not by itself authorize a manuscript claim.
freeze_manifest	manuscript_freeze/RESULTS_FREEZE_MANIFEST.tsv	25a0bdbdfbf8b6f93d9b2c7d748f724ebd9c62780a8a74bc822a94d85a55fde6	F0194	Stage10I	report_or_provenance	main_or_governance	NA	local_git_worktree	reports/STAGE10I_SUMMARY.md	1078	729b00a923670b99c404689b9994652ecc1969b067d80614403729905a225f39	e0f18f35aae957cf1b837ac4bc709a2a8d07cdc0	FROZEN_NO_SILENT_OVERWRITE	Inclusion freezes provenance; it does not by itself authorize a manuscript claim.
freeze_manifest	manuscript_freeze/RESULTS_FREEZE_MANIFEST.tsv	25a0bdbdfbf8b6f93d9b2c7d748f724ebd9c62780a8a74bc822a94d85a55fde6	F0195	Project	governance_or_claim_file	supporting_reproducibility	NA	local_git_worktree	reports/stage10A_GATE_DECISION.md	1364	dcabc14e638c743b2c297e16d975bc51a635bc912ec2fc0038636f2f406df410	e0f18f35aae957cf1b837ac4bc709a2a8d07cdc0	FROZEN_NO_SILENT_OVERWRITE	Inclusion freezes provenance; it does not by itself authorize a manuscript claim.
freeze_manifest	manuscript_freeze/RESULTS_FREEZE_MANIFEST.tsv	25a0bdbdfbf8b6f93d9b2c7d748f724ebd9c62780a8a74bc822a94d85a55fde6	F0196	Project	report_or_provenance	supporting_reproducibility	NA	local_git_worktree	reports/stage10A_SUMMARY.md	2708	9b2b4f35f62e1a7d04b022375fb5a5925f96c24475cf627fa2c663cec70380a7	e0f18f35aae957cf1b837ac4bc709a2a8d07cdc0	FROZEN_NO_SILENT_OVERWRITE	Inclusion freezes provenance; it does not by itself authorize a manuscript claim.
freeze_manifest	manuscript_freeze/RESULTS_FREEZE_MANIFEST.tsv	25a0bdbdfbf8b6f93d9b2c7d748f724ebd9c62780a8a74bc822a94d85a55fde6	F0197	Stage10C3	report_or_provenance	supporting_reproducibility	NA	local_git_worktree	reports/stage_10C3_lstg_directional_sensitivity.md	4653	9f2f91f2d9ea7732d65f6dca3de71c4762d054be3bdce88b7763509256ea6cbe	e0f18f35aae957cf1b837ac4bc709a2a8d07cdc0	FROZEN_NO_SILENT_OVERWRITE	Inclusion freezes provenance; it does not by itself authorize a manuscript claim.
freeze_manifest	manuscript_freeze/RESULTS_FREEZE_MANIFEST.tsv	25a0bdbdfbf8b6f93d9b2c7d748f724ebd9c62780a8a74bc822a94d85a55fde6	F0198	Stage4A	report_or_provenance	supporting_reproducibility	NA	local_git_worktree	reports/stage_4A_metadata_audit.md	10259	058120fc7407234577b017d1ddbfe37c3f186e22589997435087f86ff704cb18	e0f18f35aae957cf1b837ac4bc709a2a8d07cdc0	FROZEN_NO_SILENT_OVERWRITE	Inclusion freezes provenance; it does not by itself authorize a manuscript claim.
freeze_manifest	manuscript_freeze/RESULTS_FREEZE_MANIFEST.tsv	25a0bdbdfbf8b6f93d9b2c7d748f724ebd9c62780a8a74bc822a94d85a55fde6	F0199	Stage4B	report_or_provenance	supporting_reproducibility	NA	local_git_worktree	reports/stage_4B_download_integrity.md	2196	24e41a62ec61880ccbdf994db44641a87c4484e6fce507a84dea8e5dd1917cc5	e0f18f35aae957cf1b837ac4bc709a2a8d07cdc0	FROZEN_NO_SILENT_OVERWRITE	Inclusion freezes provenance; it does not by itself authorize a manuscript claim.
freeze_manifest	manuscript_freeze/RESULTS_FREEZE_MANIFEST.tsv	25a0bdbdfbf8b6f93d9b2c7d748f724ebd9c62780a8a74bc822a94d85a55fde6	F0200	Stage5A	report_or_provenance	supporting_reproducibility	NA	local_git_worktree	reports/stage_5A_qc_pilot.md	5758	4a66c369728d24f702e9aa1f64b5f5dc17c3e10836a18757c659061bd46179bc	e0f18f35aae957cf1b837ac4bc709a2a8d07cdc0	FROZEN_NO_SILENT_OVERWRITE	Inclusion freezes provenance; it does not by itself authorize a manuscript claim.
freeze_manifest	manuscript_freeze/RESULTS_FREEZE_MANIFEST.tsv	25a0bdbdfbf8b6f93d9b2c7d748f724ebd9c62780a8a74bc822a94d85a55fde6	F0201	Stage5B	report_or_provenance	supporting_reproducibility	NA	local_git_worktree	reports/stage_5B_full_qc_integration.md	11567	d090c694e4643281c991d0d847e988bb36c9fd8933f454a8cf555f237a19356c	e0f18f35aae957cf1b837ac4bc709a2a8d07cdc0	FROZEN_NO_SILENT_OVERWRITE	Inclusion freezes provenance; it does not by itself authorize a manuscript claim.
freeze_manifest	manuscript_freeze/RESULTS_FREEZE_MANIFEST.tsv	25a0bdbdfbf8b6f93d9b2c7d748f724ebd9c62780a8a74bc822a94d85a55fde6	F0202	Stage5C	report_or_provenance	supporting_reproducibility	NA	local_git_worktree	reports/stage_5C_annotation.md	10453	11df651aedd27e9d942e81eac8c8980ee35fae17711044679c596dea8be19444	e0f18f35aae957cf1b837ac4bc709a2a8d07cdc0	FROZEN_NO_SILENT_OVERWRITE	Inclusion freezes provenance; it does not by itself authorize a manuscript claim.
freeze_manifest	manuscript_freeze/RESULTS_FREEZE_MANIFEST.tsv	25a0bdbdfbf8b6f93d9b2c7d748f724ebd9c62780a8a74bc822a94d85a55fde6	F0203	Stage6A	report_or_provenance	main_or_governance	NA	local_git_worktree	reports/stage_6A_exploratory_amendment.md	3009	5309ac578035b98425c138df879325a488bac7ad212d6042513c1f98bf058862	e0f18f35aae957cf1b837ac4bc709a2a8d07cdc0	FROZEN_NO_SILENT_OVERWRITE	Inclusion freezes provenance; it does not by itself authorize a manuscript claim.
freeze_manifest	manuscript_freeze/RESULTS_FREEZE_MANIFEST.tsv	25a0bdbdfbf8b6f93d9b2c7d748f724ebd9c62780a8a74bc822a94d85a55fde6	F0204	Stage6A	report_or_provenance	main_or_governance	NA	local_git_worktree	reports/stage_6A_pseudobulk_discovery.md	6382	fca5525868f898b57d9ecca119459d56f03a5af3fe681d6a31341ad00abd6561	e0f18f35aae957cf1b837ac4bc709a2a8d07cdc0	FROZEN_NO_SILENT_OVERWRITE	Inclusion freezes provenance; it does not by itself authorize a manuscript claim.
freeze_manifest	manuscript_freeze/RESULTS_FREEZE_MANIFEST.tsv	25a0bdbdfbf8b6f93d9b2c7d748f724ebd9c62780a8a74bc822a94d85a55fde6	F0205	Stage6B	report_or_provenance	supporting_reproducibility	NA	local_git_worktree	reports/stage_6B_acceptance_audit.md	2533	a63f6843d67d10cba1cc3ae50ce5f450b33f585a858630a3ae2dae8e08781b76	e0f18f35aae957cf1b837ac4bc709a2a8d07cdc0	FROZEN_NO_SILENT_OVERWRITE	Inclusion freezes provenance; it does not by itself authorize a manuscript claim.
freeze_manifest	manuscript_freeze/RESULTS_FREEZE_MANIFEST.tsv	25a0bdbdfbf8b6f93d9b2c7d748f724ebd9c62780a8a74bc822a94d85a55fde6	F0206	Stage6B	report_or_provenance	supporting_reproducibility	NA	local_git_worktree	reports/stage_6B_regulatory_inference.md	4248	cd0a959d6214ce86a913f78a843a7d0da40512910b9bfb50a7968d31f0fdaf2e	e0f18f35aae957cf1b837ac4bc709a2a8d07cdc0	FROZEN_NO_SILENT_OVERWRITE	Inclusion freezes provenance; it does not by itself authorize a manuscript claim.
freeze_manifest	manuscript_freeze/RESULTS_FREEZE_MANIFEST.tsv	25a0bdbdfbf8b6f93d9b2c7d748f724ebd9c62780a8a74bc822a94d85a55fde6	F0207	Stage7	report_or_provenance	main_or_governance	NA	local_git_worktree	reports/stage_7_acceptance_audit.md	3757	672498e9f87450bde4371106cbf76a3ff23a2ba3966844df25209197f99b48da	e0f18f35aae957cf1b837ac4bc709a2a8d07cdc0	FROZEN_NO_SILENT_OVERWRITE	Inclusion freezes provenance; it does not by itself authorize a manuscript claim.
freeze_manifest	manuscript_freeze/RESULTS_FREEZE_MANIFEST.tsv	25a0bdbdfbf8b6f93d9b2c7d748f724ebd9c62780a8a74bc822a94d85a55fde6	F0208	Stage7	report_or_provenance	main_or_governance	NA	local_git_worktree	reports/stage_7_singlecell_replication.md	5310	ac014485fa0a934a894a0f9cefee9651f664502d54ca4b751666a379fbcb23b7	e0f18f35aae957cf1b837ac4bc709a2a8d07cdc0	FROZEN_NO_SILENT_OVERWRITE	Inclusion freezes provenance; it does not by itself authorize a manuscript claim.
freeze_manifest	manuscript_freeze/RESULTS_FREEZE_MANIFEST.tsv	25a0bdbdfbf8b6f93d9b2c7d748f724ebd9c62780a8a74bc822a94d85a55fde6	F0209	Stage8A	report_or_provenance	supporting_reproducibility	NA	local_git_worktree	reports/stage_8A_acceptance_audit.md	2247	7137f27fd92d1a068f656745f501bb836c58be76dd8a6d764d7328e70202f9ab	e0f18f35aae957cf1b837ac4bc709a2a8d07cdc0	FROZEN_NO_SILENT_OVERWRITE	Inclusion freezes provenance; it does not by itself authorize a manuscript claim.
freeze_manifest	manuscript_freeze/RESULTS_FREEZE_MANIFEST.tsv	25a0bdbdfbf8b6f93d9b2c7d748f724ebd9c62780a8a74bc822a94d85a55fde6	F0210	Stage8A	report_or_provenance	supporting_reproducibility	NA	local_git_worktree	reports/stage_8A_bulk_preprocessing.md	4799	db6df7a33be78db51a9169c723b211d577ec34da22393cfe8c3977033f730e53	e0f18f35aae957cf1b837ac4bc709a2a8d07cdc0	FROZEN_NO_SILENT_OVERWRITE	Inclusion freezes provenance; it does not by itself authorize a manuscript claim.
freeze_manifest	manuscript_freeze/RESULTS_FREEZE_MANIFEST.tsv	25a0bdbdfbf8b6f93d9b2c7d748f724ebd9c62780a8a74bc822a94d85a55fde6	F0211	Stage8B	report_or_provenance	main_or_governance	NA	local_git_worktree	reports/stage_8B_acceptance_audit.md	2489	7d06aaee14ec98dec9d784a06936a7122c5b364ddd0de6caf55e78c29c672884	e0f18f35aae957cf1b837ac4bc709a2a8d07cdc0	FROZEN_NO_SILENT_OVERWRITE	Inclusion freezes provenance; it does not by itself authorize a manuscript claim.
freeze_manifest	manuscript_freeze/RESULTS_FREEZE_MANIFEST.tsv	25a0bdbdfbf8b6f93d9b2c7d748f724ebd9c62780a8a74bc822a94d85a55fde6	F0212	Stage8B	report_or_provenance	main_or_governance	NA	local_git_worktree	reports/stage_8B_bulk_validation.md	4706	8da7d9fdf439ee0da28dce50d4580bfb45b6933665f79690638a2c40a665c47d	e0f18f35aae957cf1b837ac4bc709a2a8d07cdc0	FROZEN_NO_SILENT_OVERWRITE	Inclusion freezes provenance; it does not by itself authorize a manuscript claim.
freeze_manifest	manuscript_freeze/RESULTS_FREEZE_MANIFEST.tsv	25a0bdbdfbf8b6f93d9b2c7d748f724ebd9c62780a8a74bc822a94d85a55fde6	F0213	Stage9A	report_or_provenance	supplement_or_limit	NA	local_git_worktree	reports/stage_9A_acceptance_audit.md	4781	e11fb7fd95b96df8f455df2c12a8f3f6be9f243ce57cdf9c1f72c349ffaf99d7	e0f18f35aae957cf1b837ac4bc709a2a8d07cdc0	FROZEN_NO_SILENT_OVERWRITE	Inclusion freezes provenance; it does not by itself authorize a manuscript claim.
freeze_manifest	manuscript_freeze/RESULTS_FREEZE_MANIFEST.tsv	25a0bdbdfbf8b6f93d9b2c7d748f724ebd9c62780a8a74bc822a94d85a55fde6	F0214	Stage9A	report_or_provenance	supplement_or_limit	NA	local_git_worktree	reports/stage_9A_stool_feasibility.md	3626	3baafba7c6e450dc89a56367ed1606c8a5607ddcca1b11a00d7b96d8bf3fdb13	e0f18f35aae957cf1b837ac4bc709a2a8d07cdc0	FROZEN_NO_SILENT_OVERWRITE	Inclusion freezes provenance; it does not by itself authorize a manuscript claim.
freeze_manifest	manuscript_freeze/RESULTS_FREEZE_MANIFEST.tsv	25a0bdbdfbf8b6f93d9b2c7d748f724ebd9c62780a8a74bc822a94d85a55fde6	F0215	Stage9B	report_or_provenance	supplement_or_limit	NA	local_git_worktree	reports/stage_9B_acceptance_audit.md	2693	051d58326433299357a832de2de427a1e0f7668d043bc4df3831450411d525c8	e0f18f35aae957cf1b837ac4bc709a2a8d07cdc0	FROZEN_NO_SILENT_OVERWRITE	Inclusion freezes provenance; it does not by itself authorize a manuscript claim.
freeze_manifest	manuscript_freeze/RESULTS_FREEZE_MANIFEST.tsv	25a0bdbdfbf8b6f93d9b2c7d748f724ebd9c62780a8a74bc822a94d85a55fde6	F0216	Stage9B	report_or_provenance	supplement_or_limit	NA	local_git_worktree	reports/stage_9B_model_training.md	4761	9d132096434b414c753f6f5752bf73ee0ffcde6f640764a196e7bb95019f2a89	e0f18f35aae957cf1b837ac4bc709a2a8d07cdc0	FROZEN_NO_SILENT_OVERWRITE	Inclusion freezes provenance; it does not by itself authorize a manuscript claim.
freeze_manifest	manuscript_freeze/RESULTS_FREEZE_MANIFEST.tsv	25a0bdbdfbf8b6f93d9b2c7d748f724ebd9c62780a8a74bc822a94d85a55fde6	F0217	Stage9C	report_or_provenance	supplement_or_limit	NA	local_git_worktree	reports/stage_9C_acceptance_audit.md	3109	cdf1ba35b7dcff67014818cf7512bf364f008e502960fecc47d2ace1b2d245f4	e0f18f35aae957cf1b837ac4bc709a2a8d07cdc0	FROZEN_NO_SILENT_OVERWRITE	Inclusion freezes provenance; it does not by itself authorize a manuscript claim.
freeze_manifest	manuscript_freeze/RESULTS_FREEZE_MANIFEST.tsv	25a0bdbdfbf8b6f93d9b2c7d748f724ebd9c62780a8a74bc822a94d85a55fde6	F0218	Stage9C	report_or_provenance	supplement_or_limit	NA	local_git_worktree	reports/stage_9C_external_test.md	4329	2ab02292b4652042dc27a2c2df3742f93baf6f05204050e9d36ad5fbc20cd388	e0f18f35aae957cf1b837ac4bc709a2a8d07cdc0	FROZEN_NO_SILENT_OVERWRITE	Inclusion freezes provenance; it does not by itself authorize a manuscript claim.
freeze_manifest	manuscript_freeze/RESULTS_FREEZE_MANIFEST.tsv	25a0bdbdfbf8b6f93d9b2c7d748f724ebd9c62780a8a74bc822a94d85a55fde6	F0219	Project	tabular_result_or_audit	supporting_reproducibility	NA	local_git_worktree	result_registry.tsv	56833	f65546fe38f6342849cc0a4a4302da287b2a3e842bdf234203c28b3f7b75cc7c	e0f18f35aae957cf1b837ac4bc709a2a8d07cdc0	FROZEN_NO_SILENT_OVERWRITE	Inclusion freezes provenance; it does not by itself authorize a manuscript claim.
freeze_manifest	manuscript_freeze/RESULTS_FREEZE_MANIFEST.tsv	25a0bdbdfbf8b6f93d9b2c7d748f724ebd9c62780a8a74bc822a94d85a55fde6	F0220	Project	tabular_result_or_audit	supporting_reproducibility	NA	local_analysis_output_untracked_by_design	results/05B_full_qc_integration/biological_sample_cell_summary.tsv	6052	3035683a627ba5072dd86fe6d5381e0a8c82c16376dcbc26124f7115b1efff40	e0f18f35aae957cf1b837ac4bc709a2a8d07cdc0	FROZEN_NO_SILENT_OVERWRITE	Inclusion freezes provenance; it does not by itself authorize a manuscript claim.
freeze_manifest	manuscript_freeze/RESULTS_FREEZE_MANIFEST.tsv	25a0bdbdfbf8b6f93d9b2c7d748f724ebd9c62780a8a74bc822a94d85a55fde6	F0221	Project	tabular_result_or_audit	supporting_reproducibility	NA	local_analysis_output_untracked_by_design	results/05B_full_qc_integration/donor_cell_qc_summary.tsv	1347	4e27695fb32ebb6291d3272ad81a18ce0331d0cd5c2ce1682bac7c62ffd3fc87	e0f18f35aae957cf1b837ac4bc709a2a8d07cdc0	FROZEN_NO_SILENT_OVERWRITE	Inclusion freezes provenance; it does not by itself authorize a manuscript claim.
freeze_manifest	manuscript_freeze/RESULTS_FREEZE_MANIFEST.tsv	25a0bdbdfbf8b6f93d9b2c7d748f724ebd9c62780a8a74bc822a94d85a55fde6	F0222	Project	tabular_result_or_audit	supporting_reproducibility	NA	local_analysis_output_untracked_by_design	results/05B_full_qc_integration/embedding_variance_audit.tsv	455	16b76b702c0962203884d32827398dad55f37d02fefe6567f1dfc8e705047ead	e0f18f35aae957cf1b837ac4bc709a2a8d07cdc0	FROZEN_NO_SILENT_OVERWRITE	Inclusion freezes provenance; it does not by itself authorize a manuscript claim.
freeze_manifest	manuscript_freeze/RESULTS_FREEZE_MANIFEST.tsv	25a0bdbdfbf8b6f93d9b2c7d748f724ebd9c62780a8a74bc822a94d85a55fde6	F0223	Project	tabular_result_or_audit	supporting_reproducibility	NA	local_analysis_output_untracked_by_design	results/05B_full_qc_integration/leave_one_donor_out_folds.tsv	814	0dbcc0308bd1a5d2ad0800f719e1b4803ee4d89c07e0567f53d5c3d4af4d5227	e0f18f35aae957cf1b837ac4bc709a2a8d07cdc0	FROZEN_NO_SILENT_OVERWRITE	Inclusion freezes provenance; it does not by itself authorize a manuscript claim.
freeze_manifest	manuscript_freeze/RESULTS_FREEZE_MANIFEST.tsv	25a0bdbdfbf8b6f93d9b2c7d748f724ebd9c62780a8a74bc822a94d85a55fde6	F0224	Project	tabular_result_or_audit	supporting_reproducibility	NA	local_analysis_output_untracked_by_design	results/05B_full_qc_integration/library_depth_risk_audit.tsv	5607	625d8c8cee3ef7a25ce955d6acd9b395ccb86ce2b373e0b877c703f8ed8193f7	e0f18f35aae957cf1b837ac4bc709a2a8d07cdc0	FROZEN_NO_SILENT_OVERWRITE	Inclusion freezes provenance; it does not by itself authorize a manuscript claim.
freeze_manifest	manuscript_freeze/RESULTS_FREEZE_MANIFEST.tsv	25a0bdbdfbf8b6f93d9b2c7d748f724ebd9c62780a8a74bc822a94d85a55fde6	F0225	Project	tabular_result_or_audit	supporting_reproducibility	NA	local_analysis_output_untracked_by_design	results/05B_full_qc_integration/library_qc_summary.tsv	15608	f204e96c2fb75458af4fb1c248e4a70b0998a576593bef34ecb9a70a684df85d	e0f18f35aae957cf1b837ac4bc709a2a8d07cdc0	FROZEN_NO_SILENT_OVERWRITE	Inclusion freezes provenance; it does not by itself authorize a manuscript claim.
freeze_manifest	manuscript_freeze/RESULTS_FREEZE_MANIFEST.tsv	25a0bdbdfbf8b6f93d9b2c7d748f724ebd9c62780a8a74bc822a94d85a55fde6	F0226	Project	tabular_result_or_audit	supporting_reproducibility	NA	local_analysis_output_untracked_by_design	results/05B_full_qc_integration/neighbor_mixing_audit.tsv	806	346236c6b6fdccccefaebb44ed24a84582de8284b01e3cd0e37400d726f861dc	e0f18f35aae957cf1b837ac4bc709a2a8d07cdc0	FROZEN_NO_SILENT_OVERWRITE	Inclusion freezes provenance; it does not by itself authorize a manuscript claim.
freeze_manifest	manuscript_freeze/RESULTS_FREEZE_MANIFEST.tsv	25a0bdbdfbf8b6f93d9b2c7d748f724ebd9c62780a8a74bc822a94d85a55fde6	F0227	Project	tabular_result_or_audit	supporting_reproducibility	NA	local_analysis_output_untracked_by_design	results/05B_full_qc_integration/object_manifest.tsv	453	39da29878636daef10d0e434c571162ea3c7ab20ef56aca19d7490e093174195	e0f18f35aae957cf1b837ac4bc709a2a8d07cdc0	FROZEN_NO_SILENT_OVERWRITE	Inclusion freezes provenance; it does not by itself authorize a manuscript claim.
freeze_manifest	manuscript_freeze/RESULTS_FREEZE_MANIFEST.tsv	25a0bdbdfbf8b6f93d9b2c7d748f724ebd9c62780a8a74bc822a94d85a55fde6	F0228	Project	tabular_result_or_audit	supporting_reproducibility	NA	local_analysis_output_untracked_by_design	results/05B_full_qc_integration/original_qc_threshold_comparison.tsv	356	5f71b8fdc0adba2eda81c6b559843d4d755b7b046247f06bb607ec783cbd148d	e0f18f35aae957cf1b837ac4bc709a2a8d07cdc0	FROZEN_NO_SILENT_OVERWRITE	Inclusion freezes provenance; it does not by itself authorize a manuscript claim.
freeze_manifest	manuscript_freeze/RESULTS_FREEZE_MANIFEST.tsv	25a0bdbdfbf8b6f93d9b2c7d748f724ebd9c62780a8a74bc822a94d85a55fde6	F0229	Project	tabular_result_or_audit	supporting_reproducibility	NA	local_analysis_output_untracked_by_design	results/05B_full_qc_integration/overcorrection_guard.tsv	485	971252e0691448282e20469f4dc73047365ba4f9a31630c949f4b10ef81f0c8b	e0f18f35aae957cf1b837ac4bc709a2a8d07cdc0	FROZEN_NO_SILENT_OVERWRITE	Inclusion freezes provenance; it does not by itself authorize a manuscript claim.
freeze_manifest	manuscript_freeze/RESULTS_FREEZE_MANIFEST.tsv	25a0bdbdfbf8b6f93d9b2c7d748f724ebd9c62780a8a74bc822a94d85a55fde6	F0230	Project	tabular_result_or_audit	supporting_reproducibility	NA	local_analysis_output_untracked_by_design	results/05B_full_qc_integration/pre_post_distribution_audit.tsv	7584	d508465fe7d6ba0f46998bd46842da1ea8c5cd762815146da38c17f0179b158a	e0f18f35aae957cf1b837ac4bc709a2a8d07cdc0	FROZEN_NO_SILENT_OVERWRITE	Inclusion freezes provenance; it does not by itself authorize a manuscript claim.
freeze_manifest	manuscript_freeze/RESULTS_FREEZE_MANIFEST.tsv	25a0bdbdfbf8b6f93d9b2c7d748f724ebd9c62780a8a74bc822a94d85a55fde6	F0231	Project	tabular_result_or_audit	supporting_reproducibility	NA	local_analysis_output_untracked_by_design	results/05B_full_qc_integration/validation_checks.tsv	2128	bd1e8bf16e72294c79904e0058113708b70ec16dafbd5665db50c76930bd1106	e0f18f35aae957cf1b837ac4bc709a2a8d07cdc0	FROZEN_NO_SILENT_OVERWRITE	Inclusion freezes provenance; it does not by itself authorize a manuscript claim.
freeze_manifest	manuscript_freeze/RESULTS_FREEZE_MANIFEST.tsv	25a0bdbdfbf8b6f93d9b2c7d748f724ebd9c62780a8a74bc822a94d85a55fde6	F0232	Stage5B	tabular_result_or_audit	supporting_reproducibility	NA	local_analysis_output_untracked_by_design	results/05B_qc_threshold_preflight.tsv	7160	e170d4ce4d720973fe7ba3b300675b74e346c2a560445bc4935350435d9a1e35	e0f18f35aae957cf1b837ac4bc709a2a8d07cdc0	FROZEN_NO_SILENT_OVERWRITE	Inclusion freezes provenance; it does not by itself authorize a manuscript claim.
freeze_manifest	manuscript_freeze/RESULTS_FREEZE_MANIFEST.tsv	25a0bdbdfbf8b6f93d9b2c7d748f724ebd9c62780a8a74bc822a94d85a55fde6	F0233	Project	tabular_result_or_audit	supporting_reproducibility	NA	local_analysis_output_untracked_by_design	results/05C_annotation/epithelial_cluster_composition.tsv	19124	8237bdcbfc9b2c78b3509a3428c2ca511531fe8dbf84baf7bb4c8c52e322d117	e0f18f35aae957cf1b837ac4bc709a2a8d07cdc0	FROZEN_NO_SILENT_OVERWRITE	Inclusion freezes provenance; it does not by itself authorize a manuscript claim.
freeze_manifest	manuscript_freeze/RESULTS_FREEZE_MANIFEST.tsv	25a0bdbdfbf8b6f93d9b2c7d748f724ebd9c62780a8a74bc822a94d85a55fde6	F0234	Project	report_or_provenance	supporting_reproducibility	NA	local_analysis_output_untracked_by_design	results/05C_annotation/epithelial_cluster_markers.tsv.gz	877099	bcb79ec7db03dab98c82e133813814e291d9f8707e00c535353e3d5e3447b84f	e0f18f35aae957cf1b837ac4bc709a2a8d07cdc0	FROZEN_NO_SILENT_OVERWRITE	Inclusion freezes provenance; it does not by itself authorize a manuscript claim.
freeze_manifest	manuscript_freeze/RESULTS_FREEZE_MANIFEST.tsv	25a0bdbdfbf8b6f93d9b2c7d748f724ebd9c62780a8a74bc822a94d85a55fde6	F0235	Project	tabular_result_or_audit	supporting_reproducibility	NA	local_analysis_output_untracked_by_design	results/05C_annotation/epithelial_cluster_review_blinded.tsv	6887	0ba73aaa5c8d9ed64b3d723c8aa617d92d0c57f46b7da0f4b020511f2fded6ec	e0f18f35aae957cf1b837ac4bc709a2a8d07cdc0	FROZEN_NO_SILENT_OVERWRITE	Inclusion freezes provenance; it does not by itself authorize a manuscript claim.
freeze_manifest	manuscript_freeze/RESULTS_FREEZE_MANIFEST.tsv	25a0bdbdfbf8b6f93d9b2c7d748f724ebd9c62780a8a74bc822a94d85a55fde6	F0236	Project	tabular_result_or_audit	supporting_reproducibility	NA	local_analysis_output_untracked_by_design	results/05C_annotation/epithelial_signature_scores.tsv	50408	46223ac66d19aa8271ba02dda1f0d86608251d079ece1c9ee4b65374d5c699ce	e0f18f35aae957cf1b837ac4bc709a2a8d07cdc0	FROZEN_NO_SILENT_OVERWRITE	Inclusion freezes provenance; it does not by itself authorize a manuscript claim.
freeze_manifest	manuscript_freeze/RESULTS_FREEZE_MANIFEST.tsv	25a0bdbdfbf8b6f93d9b2c7d748f724ebd9c62780a8a74bc822a94d85a55fde6	F0237	Project	tabular_result_or_audit	supporting_reproducibility	NA	local_analysis_output_untracked_by_design	results/05C_annotation/major_ambiguous_cluster_blind_audit.tsv	1584	6792c061eb8bd0090abf36f5b7abd346430f06c1e961f68755b8954c1613c93a	e0f18f35aae957cf1b837ac4bc709a2a8d07cdc0	FROZEN_NO_SILENT_OVERWRITE	Inclusion freezes provenance; it does not by itself authorize a manuscript claim.
freeze_manifest	manuscript_freeze/RESULTS_FREEZE_MANIFEST.tsv	25a0bdbdfbf8b6f93d9b2c7d748f724ebd9c62780a8a74bc822a94d85a55fde6	F0238	Project	report_or_provenance	supporting_reproducibility	NA	local_analysis_output_untracked_by_design	results/05C_annotation/major_cluster_markers.tsv.gz	727935	1acff3a7f524a5716be47abbb2b9c6668bb8f75506b377b78d4bd553555e6700	e0f18f35aae957cf1b837ac4bc709a2a8d07cdc0	FROZEN_NO_SILENT_OVERWRITE	Inclusion freezes provenance; it does not by itself authorize a manuscript claim.
freeze_manifest	manuscript_freeze/RESULTS_FREEZE_MANIFEST.tsv	25a0bdbdfbf8b6f93d9b2c7d748f724ebd9c62780a8a74bc822a94d85a55fde6	F0239	Project	tabular_result_or_audit	supporting_reproducibility	NA	local_analysis_output_untracked_by_design	results/05C_annotation/major_cluster_review_blinded.tsv	5119	0b5f42b2caf6645655471b4b5507ae0d92dc2a1ba493baee7fb2edb423db57ee	e0f18f35aae957cf1b837ac4bc709a2a8d07cdc0	FROZEN_NO_SILENT_OVERWRITE	Inclusion freezes provenance; it does not by itself authorize a manuscript claim.
freeze_manifest	manuscript_freeze/RESULTS_FREEZE_MANIFEST.tsv	25a0bdbdfbf8b6f93d9b2c7d748f724ebd9c62780a8a74bc822a94d85a55fde6	F0240	Project	tabular_result_or_audit	supporting_reproducibility	NA	local_analysis_output_untracked_by_design	results/05C_annotation/major_signature_scores.tsv	48181	0721d23731c9321d0f7b6dc668333f20fd900267209956e36f80f98f32af5cce	e0f18f35aae957cf1b837ac4bc709a2a8d07cdc0	FROZEN_NO_SILENT_OVERWRITE	Inclusion freezes provenance; it does not by itself authorize a manuscript claim.
freeze_manifest	manuscript_freeze/RESULTS_FREEZE_MANIFEST.tsv	25a0bdbdfbf8b6f93d9b2c7d748f724ebd9c62780a8a74bc822a94d85a55fde6	F0241	Project	source_data	supporting_reproducibility	NA	local_analysis_output_untracked_by_design	results/05C_annotation/source_data/epithelial_marker_dotplot_source.tsv.gz	26582	98127faac93e2521243fe0470340d8bb7a0ef090e14b9a2b2fde4dfdc1e9c39f	e0f18f35aae957cf1b837ac4bc709a2a8d07cdc0	FROZEN_NO_SILENT_OVERWRITE	Inclusion freezes provenance; it does not by itself authorize a manuscript claim.
freeze_manifest	manuscript_freeze/RESULTS_FREEZE_MANIFEST.tsv	25a0bdbdfbf8b6f93d9b2c7d748f724ebd9c62780a8a74bc822a94d85a55fde6	F0242	Project	source_data	supporting_reproducibility	NA	local_analysis_output_untracked_by_design	results/05C_annotation/source_data/epithelial_umap_source.tsv.gz	4521792	1c4e385fd263b2cb7bb57802f9edd59292b16ee08e60b5b2b3c04eb9d8b218e6	e0f18f35aae957cf1b837ac4bc709a2a8d07cdc0	FROZEN_NO_SILENT_OVERWRITE	Inclusion freezes provenance; it does not by itself authorize a manuscript claim.
freeze_manifest	manuscript_freeze/RESULTS_FREEZE_MANIFEST.tsv	25a0bdbdfbf8b6f93d9b2c7d748f724ebd9c62780a8a74bc822a94d85a55fde6	F0243	Stage10C	tabular_result_or_audit	main_or_governance	NA	local_git_worktree	results/stage10c/M02_MINUS_INPP5D_SENS_V1.tsv	9715	e33329670392998547dcb7d4e0c91bd25419196965a666649e84409f13b28fcb	e0f18f35aae957cf1b837ac4bc709a2a8d07cdc0	FROZEN_NO_SILENT_OVERWRITE	Inclusion freezes provenance; it does not by itself authorize a manuscript claim.
freeze_manifest	manuscript_freeze/RESULTS_FREEZE_MANIFEST.tsv	25a0bdbdfbf8b6f93d9b2c7d748f724ebd9c62780a8a74bc822a94d85a55fde6	F0244	Stage10C	report_or_provenance	main_or_governance	NA	local_git_worktree	results/stage10c/M02_MINUS_INPP5D_SENS_V1_SHA256.txt	2032	1f8851e7c4f9710550c2f425f18310bb9c02d6317086193624e5929a3091f90c	e0f18f35aae957cf1b837ac4bc709a2a8d07cdc0	FROZEN_NO_SILENT_OVERWRITE	Inclusion freezes provenance; it does not by itself authorize a manuscript claim.
freeze_manifest	manuscript_freeze/RESULTS_FREEZE_MANIFEST.tsv	25a0bdbdfbf8b6f93d9b2c7d748f724ebd9c62780a8a74bc822a94d85a55fde6	F0245	Stage10C	governance_or_claim_file	main_or_governance	NA	local_git_worktree	results/stage10c/STAGE10C_ALIGN_DECISION.md	2558	e1be5a22d12c3cb897a5a5fbbe1cb4cc6f4d15f9e6e6ef59a9ef079f8fbd21e3	e0f18f35aae957cf1b837ac4bc709a2a8d07cdc0	FROZEN_NO_SILENT_OVERWRITE	Inclusion freezes provenance; it does not by itself authorize a manuscript claim.
freeze_manifest	manuscript_freeze/RESULTS_FREEZE_MANIFEST.tsv	25a0bdbdfbf8b6f93d9b2c7d748f724ebd9c62780a8a74bc822a94d85a55fde6	F0246	Stage10C	governance_or_claim_file	main_or_governance	NA	local_git_worktree	results/stage10c/STAGE10C_CLAIM_CEILING.md	3914	f943cae54a6f2af9ea571bd91b83ecac10c2cfd9ca1980683dbcc163147f5e3d	e0f18f35aae957cf1b837ac4bc709a2a8d07cdc0	FROZEN_NO_SILENT_OVERWRITE	Inclusion freezes provenance; it does not by itself authorize a manuscript claim.
freeze_manifest	manuscript_freeze/RESULTS_FREEZE_MANIFEST.tsv	25a0bdbdfbf8b6f93d9b2c7d748f724ebd9c62780a8a74bc822a94d85a55fde6	F0247	Stage10C	governance_or_claim_file	main_or_governance	NA	local_git_worktree	results/stage10c/STAGE10C_DECISION.md	3075	3c48848724d400860aaaec11d2cd836b4d4bf7bc6a29e27781db9a2315a84572	e0f18f35aae957cf1b837ac4bc709a2a8d07cdc0	FROZEN_NO_SILENT_OVERWRITE	Inclusion freezes provenance; it does not by itself authorize a manuscript claim.
freeze_manifest	manuscript_freeze/RESULTS_FREEZE_MANIFEST.tsv	25a0bdbdfbf8b6f93d9b2c7d748f724ebd9c62780a8a74bc822a94d85a55fde6	F0248	Stage10C	tabular_result_or_audit	main_or_governance	CLM12;CLM15	local_git_worktree	results/stage10c/STAGE10C_LOCK_MANIFEST.tsv	25836	0c0ef24f027b0840aa7c174ea3d7933f9a1890f2eef7aeb0e080456add470e05	e0f18f35aae957cf1b837ac4bc709a2a8d07cdc0	FROZEN_NO_SILENT_OVERWRITE	Inclusion freezes provenance; it does not by itself authorize a manuscript claim.
freeze_manifest	manuscript_freeze/RESULTS_FREEZE_MANIFEST.tsv	25a0bdbdfbf8b6f93d9b2c7d748f724ebd9c62780a8a74bc822a94d85a55fde6	F0249	Stage10C	report_or_provenance	main_or_governance	NA	local_git_worktree	results/stage10c/STAGE10C_METHOD_CLARIFICATION_V2.md	8633	7271c7725a12b0789859bb4626c74d4b8848eff5cb9b1ca1e075f172258df2f2	e0f18f35aae957cf1b837ac4bc709a2a8d07cdc0	FROZEN_NO_SILENT_OVERWRITE	Inclusion freezes provenance; it does not by itself authorize a manuscript claim.
freeze_manifest	manuscript_freeze/RESULTS_FREEZE_MANIFEST.tsv	25a0bdbdfbf8b6f93d9b2c7d748f724ebd9c62780a8a74bc822a94d85a55fde6	F0250	Stage10C	report_or_provenance	main_or_governance	NA	local_git_worktree	results/stage10c/STAGE10C_PROTOCOL_ADDENDUM.md	7597	0e5fe39598dd5504a3808324b94d9b76290ce66ad4e705bb87172872100a87f0	e0f18f35aae957cf1b837ac4bc709a2a8d07cdc0	FROZEN_NO_SILENT_OVERWRITE	Inclusion freezes provenance; it does not by itself authorize a manuscript claim.
freeze_manifest	manuscript_freeze/RESULTS_FREEZE_MANIFEST.tsv	25a0bdbdfbf8b6f93d9b2c7d748f724ebd9c62780a8a74bc822a94d85a55fde6	F0251	Stage10C	tabular_result_or_audit	main_or_governance	CLM04;CLM16	local_git_worktree	results/stage10c/STAGE10C_STATISTICAL_AUDIT.tsv	12229	8b86196fc64ce8cb0fc871e727021c50c6a1316f3cc369353ed83aa959954e1b	e0f18f35aae957cf1b837ac4bc709a2a8d07cdc0	FROZEN_NO_SILENT_OVERWRITE	Inclusion freezes provenance; it does not by itself authorize a manuscript claim.
freeze_manifest	manuscript_freeze/RESULTS_FREEZE_MANIFEST.tsv	25a0bdbdfbf8b6f93d9b2c7d748f724ebd9c62780a8a74bc822a94d85a55fde6	F0252	Stage10C2	tabular_result_or_audit	supporting_reproducibility	NA	local_git_worktree	results/stage10c2_sc/STAGE10C2_SC_B_ARCHIVE_INVENTORY.tsv	2295	26daf9afcb493f85356175b9f087f74e48b4cbfc289cb8c3db16cb9d863916b0	e0f18f35aae957cf1b837ac4bc709a2a8d07cdc0	FROZEN_NO_SILENT_OVERWRITE	Inclusion freezes provenance; it does not by itself authorize a manuscript claim.
freeze_manifest	manuscript_freeze/RESULTS_FREEZE_MANIFEST.tsv	25a0bdbdfbf8b6f93d9b2c7d748f724ebd9c62780a8a74bc822a94d85a55fde6	F0253	Stage10C2	governance_or_claim_file	supporting_reproducibility	NA	local_git_worktree	results/stage10c2_sc/STAGE10C2_SC_B_DECISION.md	1654	f3b5ab168c68d2e6036ab0bcae032e58d5c83fd9c4cd7fba9a1200398adef193	e0f18f35aae957cf1b837ac4bc709a2a8d07cdc0	FROZEN_NO_SILENT_OVERWRITE	Inclusion freezes provenance; it does not by itself authorize a manuscript claim.
freeze_manifest	manuscript_freeze/RESULTS_FREEZE_MANIFEST.tsv	25a0bdbdfbf8b6f93d9b2c7d748f724ebd9c62780a8a74bc822a94d85a55fde6	F0254	Stage10C2	tabular_result_or_audit	supporting_reproducibility	NA	local_git_worktree	results/stage10c2_sc/STAGE10C2_SC_B_MATRIX_AUDIT.tsv	5617	a6430bc5c5f4b8835654620d0dd7867a413c0e33ea0c119973f7bc8498986212	e0f18f35aae957cf1b837ac4bc709a2a8d07cdc0	FROZEN_NO_SILENT_OVERWRITE	Inclusion freezes provenance; it does not by itself authorize a manuscript claim.
freeze_manifest	manuscript_freeze/RESULTS_FREEZE_MANIFEST.tsv	25a0bdbdfbf8b6f93d9b2c7d748f724ebd9c62780a8a74bc822a94d85a55fde6	F0255	Stage10C2	report_or_provenance	supporting_reproducibility	NA	local_git_worktree	results/stage10c2_sc/STAGE10C2_SC_B_METADATA_AUDIT.md	5109	9d3f6ba4bdf60fb784c2743b1b9a5abf4814c2062d95d32cecff1d6d6307774b	e0f18f35aae957cf1b837ac4bc709a2a8d07cdc0	FROZEN_NO_SILENT_OVERWRITE	Inclusion freezes provenance; it does not by itself authorize a manuscript claim.
freeze_manifest	manuscript_freeze/RESULTS_FREEZE_MANIFEST.tsv	25a0bdbdfbf8b6f93d9b2c7d748f724ebd9c62780a8a74bc822a94d85a55fde6	F0256	Stage10C2	tabular_result_or_audit	supporting_reproducibility	NA	local_git_worktree	results/stage10c2_sc/STAGE10C2_SC_B_QC_GATE.tsv	2669	0c5c91abc6669de1058ee0785135f2f9ba84d9daa365f55d3d97433113af0bd0	e0f18f35aae957cf1b837ac4bc709a2a8d07cdc0	FROZEN_NO_SILENT_OVERWRITE	Inclusion freezes provenance; it does not by itself authorize a manuscript claim.
freeze_manifest	manuscript_freeze/RESULTS_FREEZE_MANIFEST.tsv	25a0bdbdfbf8b6f93d9b2c7d748f724ebd9c62780a8a74bc822a94d85a55fde6	F0257	Stage10C2	tabular_result_or_audit	supporting_reproducibility	NA	local_git_worktree	results/stage10c2_sc/STAGE10C2_SC_DATASET_CANDIDATES.tsv	11598	cf890fae8b1c891b85f8399dcc7b1598c56eb132224410081af2bfb9bdb31664	e0f18f35aae957cf1b837ac4bc709a2a8d07cdc0	FROZEN_NO_SILENT_OVERWRITE	Inclusion freezes provenance; it does not by itself authorize a manuscript claim.
freeze_manifest	manuscript_freeze/RESULTS_FREEZE_MANIFEST.tsv	25a0bdbdfbf8b6f93d9b2c7d748f724ebd9c62780a8a74bc822a94d85a55fde6	F0258	Stage10C2	governance_or_claim_file	supporting_reproducibility	NA	local_git_worktree	results/stage10c2_sc/STAGE10C2_SC_DECISION.md	2574	07147d5f156369783ce483ba193d4a5a5d44333276196ef7746b030511742af5	e0f18f35aae957cf1b837ac4bc709a2a8d07cdc0	FROZEN_NO_SILENT_OVERWRITE	Inclusion freezes provenance; it does not by itself authorize a manuscript claim.
freeze_manifest	manuscript_freeze/RESULTS_FREEZE_MANIFEST.tsv	25a0bdbdfbf8b6f93d9b2c7d748f724ebd9c62780a8a74bc822a94d85a55fde6	F0259	Stage10C2	tabular_result_or_audit	supporting_reproducibility	NA	local_git_worktree	results/stage10c2_sc/STAGE10C2_SC_EXCLUSION_LOG.tsv	2143	ee732a67120275ba2dab7a9d3dc330acf549f63cb6b7cd15cc0ba01e32d0112b	e0f18f35aae957cf1b837ac4bc709a2a8d07cdc0	FROZEN_NO_SILENT_OVERWRITE	Inclusion freezes provenance; it does not by itself authorize a manuscript claim.
freeze_manifest	manuscript_freeze/RESULTS_FREEZE_MANIFEST.tsv	25a0bdbdfbf8b6f93d9b2c7d748f724ebd9c62780a8a74bc822a94d85a55fde6	F0260	Stage10C2	report_or_provenance	supporting_reproducibility	NA	local_git_worktree	results/stage10c2_sc/STAGE10C2_SC_METADATA_EVIDENCE.md	7288	aa6ce684077d8b3e64cb66802f8ecbed8c49ca08a88c6220dab9745f5c203d5f	e0f18f35aae957cf1b837ac4bc709a2a8d07cdc0	FROZEN_NO_SILENT_OVERWRITE	Inclusion freezes provenance; it does not by itself authorize a manuscript claim.
freeze_manifest	manuscript_freeze/RESULTS_FREEZE_MANIFEST.tsv	25a0bdbdfbf8b6f93d9b2c7d748f724ebd9c62780a8a74bc822a94d85a55fde6	F0261	Stage10C3	report_or_provenance	supplement_or_limit	NA	local_git_worktree	results/stage10c2_sc/STAGE10C3_PREANALYSIS_LOCK.md	4578	f2b02a59a8dc9c5c30d12e2e5f01c6962e6be22cdf9a976c3995834e1d2df62f	e0f18f35aae957cf1b837ac4bc709a2a8d07cdc0	FROZEN_NO_SILENT_OVERWRITE	Inclusion freezes provenance; it does not by itself authorize a manuscript claim.
freeze_manifest	manuscript_freeze/RESULTS_FREEZE_MANIFEST.tsv	25a0bdbdfbf8b6f93d9b2c7d748f724ebd9c62780a8a74bc822a94d85a55fde6	F0262	Stage10C2	report_or_provenance	supporting_reproducibility	NA	local_git_worktree	results/stage10c2_sp/STAGE10C2_SP_ANALYSIS_PLAN.md	8816	65f816766a468b32f86d20bfb237e0ee7a2384950fa02e6d1552af812899b2fc	e0f18f35aae957cf1b837ac4bc709a2a8d07cdc0	FROZEN_NO_SILENT_OVERWRITE	Inclusion freezes provenance; it does not by itself authorize a manuscript claim.
freeze_manifest	manuscript_freeze/RESULTS_FREEZE_MANIFEST.tsv	25a0bdbdfbf8b6f93d9b2c7d748f724ebd9c62780a8a74bc822a94d85a55fde6	F0263	Stage10C2	tabular_result_or_audit	supporting_reproducibility	NA	local_git_worktree	results/stage10c2_sp/STAGE10C2_SP_COHORT_COMMON_GENESET.tsv	15350	ddeb9c0d2cda48ffc27dc601e21186b14a6cb9ba83af26201ccb44472f61220a	e0f18f35aae957cf1b837ac4bc709a2a8d07cdc0	FROZEN_NO_SILENT_OVERWRITE	Inclusion freezes provenance; it does not by itself authorize a manuscript claim.
freeze_manifest	manuscript_freeze/RESULTS_FREEZE_MANIFEST.tsv	25a0bdbdfbf8b6f93d9b2c7d748f724ebd9c62780a8a74bc822a94d85a55fde6	F0264	Stage10C2	governance_or_claim_file	supporting_reproducibility	NA	local_git_worktree	results/stage10c2_sp/STAGE10C2_SP_DECISION.md	2556	ea036af9dcd2b7650069ef86b1e69e25437282333aa80980dff7e5ea6e0682f8	e0f18f35aae957cf1b837ac4bc709a2a8d07cdc0	FROZEN_NO_SILENT_OVERWRITE	Inclusion freezes provenance; it does not by itself authorize a manuscript claim.
freeze_manifest	manuscript_freeze/RESULTS_FREEZE_MANIFEST.tsv	25a0bdbdfbf8b6f93d9b2c7d748f724ebd9c62780a8a74bc822a94d85a55fde6	F0265	Stage10C2	tabular_result_or_audit	supporting_reproducibility	NA	local_git_worktree	results/stage10c2_sp/STAGE10C2_SP_GENE_COVERAGE.tsv	1610	77c6e5d13eaf13baf87e54eceb93a870ec1aec14ab0008811a63a10ce9128f0c	e0f18f35aae957cf1b837ac4bc709a2a8d07cdc0	FROZEN_NO_SILENT_OVERWRITE	Inclusion freezes provenance; it does not by itself authorize a manuscript claim.
freeze_manifest	manuscript_freeze/RESULTS_FREEZE_MANIFEST.tsv	25a0bdbdfbf8b6f93d9b2c7d748f724ebd9c62780a8a74bc822a94d85a55fde6	F0266	Stage10C2	tabular_result_or_audit	supporting_reproducibility	NA	local_git_worktree	results/stage10c2_sp/STAGE10C2_SP_GENE_ID_MAPPING.tsv	29891	3d342f57128e1b4cee01f2347e23fe7113596a692c925ddce4b168f836be1fd4	e0f18f35aae957cf1b837ac4bc709a2a8d07cdc0	FROZEN_NO_SILENT_OVERWRITE	Inclusion freezes provenance; it does not by itself authorize a manuscript claim.
freeze_manifest	manuscript_freeze/RESULTS_FREEZE_MANIFEST.tsv	25a0bdbdfbf8b6f93d9b2c7d748f724ebd9c62780a8a74bc822a94d85a55fde6	F0267	Stage10C2	tabular_result_or_audit	supporting_reproducibility	NA	local_git_worktree	results/stage10c2_sp/STAGE10C2_SP_LOCK_MANIFEST.tsv	5520	dd50e393389957f506454685adc0877552e1a85e544489b425927bca20da7bb0	e0f18f35aae957cf1b837ac4bc709a2a8d07cdc0	FROZEN_NO_SILENT_OVERWRITE	Inclusion freezes provenance; it does not by itself authorize a manuscript claim.
freeze_manifest	manuscript_freeze/RESULTS_FREEZE_MANIFEST.tsv	25a0bdbdfbf8b6f93d9b2c7d748f724ebd9c62780a8a74bc822a94d85a55fde6	F0268	Stage10C2	tabular_result_or_audit	supporting_reproducibility	NA	local_git_worktree	results/stage10c2_sp/STAGE10C2_SP_PATIENT_SLIDE_ROI_MANIFEST.tsv	10247	554cc59e5ebeca22202671078a97727f630bed672fa836c87ec829c0d3ef1248	e0f18f35aae957cf1b837ac4bc709a2a8d07cdc0	FROZEN_NO_SILENT_OVERWRITE	Inclusion freezes provenance; it does not by itself authorize a manuscript claim.
freeze_manifest	manuscript_freeze/RESULTS_FREEZE_MANIFEST.tsv	25a0bdbdfbf8b6f93d9b2c7d748f724ebd9c62780a8a74bc822a94d85a55fde6	F0269	Stage10C2	tabular_result_or_audit	supporting_reproducibility	NA	local_git_worktree	results/stage10c2_sp/STAGE10C2_SP_SOURCE_AUDIT.tsv	3785	781affc89c8c56f8d67ef0bdf9d072cdff5c73e4a0b8b1d68ea45820d33e009b	e0f18f35aae957cf1b837ac4bc709a2a8d07cdc0	FROZEN_NO_SILENT_OVERWRITE	Inclusion freezes provenance; it does not by itself authorize a manuscript claim.
freeze_manifest	manuscript_freeze/RESULTS_FREEZE_MANIFEST.tsv	25a0bdbdfbf8b6f93d9b2c7d748f724ebd9c62780a8a74bc822a94d85a55fde6	F0270	Stage10C3	report_or_provenance	supplement_or_limit	NA	local_git_worktree	results/stage10c3/QC_PREM02.SUCCESS	183	8d16367c0b3cdac7f42f4f8d8f1cdc81b89b5f24a6388a45c0e329c6f77988ef	e0f18f35aae957cf1b837ac4bc709a2a8d07cdc0	FROZEN_NO_SILENT_OVERWRITE	Inclusion freezes provenance; it does not by itself authorize a manuscript claim.
freeze_manifest	manuscript_freeze/RESULTS_FREEZE_MANIFEST.tsv	25a0bdbdfbf8b6f93d9b2c7d748f724ebd9c62780a8a74bc822a94d85a55fde6	F0271	Stage10C3	report_or_provenance	supplement_or_limit	NA	local_git_worktree	results/stage10c3/STAGE10C3_ANALYSIS_PLAN_LOCKED.md	5778	6ad13dfd7cb57ce695a198597d40794fcf5ddb9b7e5c856c4222cefee6bd074d	e0f18f35aae957cf1b837ac4bc709a2a8d07cdc0	FROZEN_NO_SILENT_OVERWRITE	Inclusion freezes provenance; it does not by itself authorize a manuscript claim.
freeze_manifest	manuscript_freeze/RESULTS_FREEZE_MANIFEST.tsv	25a0bdbdfbf8b6f93d9b2c7d748f724ebd9c62780a8a74bc822a94d85a55fde6	F0272	Stage10C3	tabular_result_or_audit	supplement_or_limit	NA	local_git_worktree	results/stage10c3/STAGE10C3_ANNOTATION_SOURCE.tsv	122217	13291875538772156aaa0c027fcb3691b7d50a58a0d302d48a6eb481990c339a	e0f18f35aae957cf1b837ac4bc709a2a8d07cdc0	FROZEN_NO_SILENT_OVERWRITE	Inclusion freezes provenance; it does not by itself authorize a manuscript claim.
freeze_manifest	manuscript_freeze/RESULTS_FREEZE_MANIFEST.tsv	25a0bdbdfbf8b6f93d9b2c7d748f724ebd9c62780a8a74bc822a94d85a55fde6	F0273	Stage10C3	governance_or_claim_file	supplement_or_limit	NA	local_git_worktree	results/stage10c3/STAGE10C3_CLAIM_LIMITS.md	816	1dea5da0610cc1aefa320634a359bb11b576711bfb0c2c8749fe153954997b74	e0f18f35aae957cf1b837ac4bc709a2a8d07cdc0	FROZEN_NO_SILENT_OVERWRITE	Inclusion freezes provenance; it does not by itself authorize a manuscript claim.
freeze_manifest	manuscript_freeze/RESULTS_FREEZE_MANIFEST.tsv	25a0bdbdfbf8b6f93d9b2c7d748f724ebd9c62780a8a74bc822a94d85a55fde6	F0274	Stage10C3	governance_or_claim_file	supplement_or_limit	NA	local_git_worktree	results/stage10c3/STAGE10C3_DECISION.md	1176	0058f8a34b2b339c6173d72c7bb854720eee35781ca081adbc1c002642bfc843	e0f18f35aae957cf1b837ac4bc709a2a8d07cdc0	FROZEN_NO_SILENT_OVERWRITE	Inclusion freezes provenance; it does not by itself authorize a manuscript claim.
freeze_manifest	manuscript_freeze/RESULTS_FREEZE_MANIFEST.tsv	25a0bdbdfbf8b6f93d9b2c7d748f724ebd9c62780a8a74bc822a94d85a55fde6	F0275	Stage10C3	tabular_result_or_audit	supplement_or_limit	NA	local_git_worktree	results/stage10c3/STAGE10C3_GENE_COVERAGE.tsv	518	0009a305dff96e9ed966006867fee1f5eb911bd827755627552f2aba0dd5faa7	e0f18f35aae957cf1b837ac4bc709a2a8d07cdc0	FROZEN_NO_SILENT_OVERWRITE	Inclusion freezes provenance; it does not by itself authorize a manuscript claim.
freeze_manifest	manuscript_freeze/RESULTS_FREEZE_MANIFEST.tsv	25a0bdbdfbf8b6f93d9b2c7d748f724ebd9c62780a8a74bc822a94d85a55fde6	F0276	Stage10C3	tabular_result_or_audit	supplement_or_limit	CLM18	local_git_worktree	results/stage10c3/STAGE10C3_MATCHED_PAIR_EFFECTS.tsv	25437	7589a26142d443a56a803e5eed7eedecf65bb02005846309145d8c07907afb62	e0f18f35aae957cf1b837ac4bc709a2a8d07cdc0	FROZEN_NO_SILENT_OVERWRITE	Inclusion freezes provenance; it does not by itself authorize a manuscript claim.
freeze_manifest	manuscript_freeze/RESULTS_FREEZE_MANIFEST.tsv	25a0bdbdfbf8b6f93d9b2c7d748f724ebd9c62780a8a74bc822a94d85a55fde6	F0277	Stage10C3	report_or_provenance	supplement_or_limit	NA	local_git_worktree	results/stage10c3/STAGE10C3_OUTPUT_SHA256.txt	3995	e937937d08cfa2cddd0a2744639ce36a37fdf6cd5995fcba9403fdd18793f0fa	e0f18f35aae957cf1b837ac4bc709a2a8d07cdc0	FROZEN_NO_SILENT_OVERWRITE	Inclusion freezes provenance; it does not by itself authorize a manuscript claim.
freeze_manifest	manuscript_freeze/RESULTS_FREEZE_MANIFEST.tsv	25a0bdbdfbf8b6f93d9b2c7d748f724ebd9c62780a8a74bc822a94d85a55fde6	F0278	Stage10C3	tabular_result_or_audit	supplement_or_limit	NA	local_git_worktree	results/stage10c3/STAGE10C3_PATIENT_SAMPLE_SCORES.tsv	66946	79697bee284c930e3ac34b460153a5540190f58245300512722547077a7f613f	e0f18f35aae957cf1b837ac4bc709a2a8d07cdc0	FROZEN_NO_SILENT_OVERWRITE	Inclusion freezes provenance; it does not by itself authorize a manuscript claim.
freeze_manifest	manuscript_freeze/RESULTS_FREEZE_MANIFEST.tsv	25a0bdbdfbf8b6f93d9b2c7d748f724ebd9c62780a8a74bc822a94d85a55fde6	F0279	Stage10C3	report_or_provenance	supplement_or_limit	NA	local_git_worktree	results/stage10c3/STAGE10C3_POSTLOCK_ADDENDUM.md	5715	fe014e0a5ade40fdacfe97e01b85c33c1d448d868dea5065dc3a553cccaa1b16	e0f18f35aae957cf1b837ac4bc709a2a8d07cdc0	FROZEN_NO_SILENT_OVERWRITE	Inclusion freezes provenance; it does not by itself authorize a manuscript claim.
freeze_manifest	manuscript_freeze/RESULTS_FREEZE_MANIFEST.tsv	25a0bdbdfbf8b6f93d9b2c7d748f724ebd9c62780a8a74bc822a94d85a55fde6	F0280	Stage10C3	governance_or_claim_file	supplement_or_limit	NA	local_git_worktree	results/stage10c3/STAGE10C3_POSTLOCK_DECISION.md	1779	60efae06c707b812f2c157bc005674ae6b42bbaa6c372ee592217f95399e6739	e0f18f35aae957cf1b837ac4bc709a2a8d07cdc0	FROZEN_NO_SILENT_OVERWRITE	Inclusion freezes provenance; it does not by itself authorize a manuscript claim.
freeze_manifest	manuscript_freeze/RESULTS_FREEZE_MANIFEST.tsv	25a0bdbdfbf8b6f93d9b2c7d748f724ebd9c62780a8a74bc822a94d85a55fde6	F0281	Stage10C3	report_or_provenance	supplement_or_limit	NA	local_git_worktree	results/stage10c3/STAGE10C3_QC.md	7083	2651bcf530823d58adb8d764abd75e38812fbab99b67148b20aeec7ed4991fc4	e0f18f35aae957cf1b837ac4bc709a2a8d07cdc0	FROZEN_NO_SILENT_OVERWRITE	Inclusion freezes provenance; it does not by itself authorize a manuscript claim.
freeze_manifest	manuscript_freeze/RESULTS_FREEZE_MANIFEST.tsv	25a0bdbdfbf8b6f93d9b2c7d748f724ebd9c62780a8a74bc822a94d85a55fde6	F0282	Stage10C3	tabular_result_or_audit	supplement_or_limit	NA	local_git_worktree	results/stage10c3/STAGE10C3_QC_SOURCE.tsv	1715	690fcea8cbfa1dd1b965a9ced9cf0f3f0e4557436c8bec834de0ab26dc7ead02	e0f18f35aae957cf1b837ac4bc709a2a8d07cdc0	FROZEN_NO_SILENT_OVERWRITE	Inclusion freezes provenance; it does not by itself authorize a manuscript claim.
freeze_manifest	manuscript_freeze/RESULTS_FREEZE_MANIFEST.tsv	25a0bdbdfbf8b6f93d9b2c7d748f724ebd9c62780a8a74bc822a94d85a55fde6	F0283	Stage10C3	tabular_result_or_audit	supplement_or_limit	NA	local_git_worktree	results/stage10c3/STAGE10C3_SECONDARY_DESCRIPTIVE.tsv	4066	9d5a4060669b58177544537738e73c1eda3c6f1ffba51e1fe6b107be55491d96	e0f18f35aae957cf1b837ac4bc709a2a8d07cdc0	FROZEN_NO_SILENT_OVERWRITE	Inclusion freezes provenance; it does not by itself authorize a manuscript claim.
freeze_manifest	manuscript_freeze/RESULTS_FREEZE_MANIFEST.tsv	25a0bdbdfbf8b6f93d9b2c7d748f724ebd9c62780a8a74bc822a94d85a55fde6	F0284	Stage10C3	tabular_result_or_audit	supplement_or_limit	CLM18	local_git_worktree	results/stage10c3/STAGE10C3_SENSITIVITY.tsv	6980	d613030f943c32b22e5e7ef1a6d7e46067961a9ab4d81cdba5565ca60632365a	e0f18f35aae957cf1b837ac4bc709a2a8d07cdc0	FROZEN_NO_SILENT_OVERWRITE	Inclusion freezes provenance; it does not by itself authorize a manuscript claim.
freeze_manifest	manuscript_freeze/RESULTS_FREEZE_MANIFEST.tsv	25a0bdbdfbf8b6f93d9b2c7d748f724ebd9c62780a8a74bc822a94d85a55fde6	F0285	Stage10C3	environment	reproducibility	NA	local_git_worktree	results/stage10c3/STAGE10C3_SESSIONINFO.txt	1459	2e333c349fd89ab4773e234cd8f36e2da03467bd2d8ba282082009413c6a69f7	e0f18f35aae957cf1b837ac4bc709a2a8d07cdc0	FROZEN_NO_SILENT_OVERWRITE	Inclusion freezes provenance; it does not by itself authorize a manuscript claim.
freeze_manifest	manuscript_freeze/RESULTS_FREEZE_MANIFEST.tsv	25a0bdbdfbf8b6f93d9b2c7d748f724ebd9c62780a8a74bc822a94d85a55fde6	F0286	Stage10C3	tabular_result_or_audit	supplement_or_limit	NA	local_git_worktree	results/stage10c3/STAGE10C3_TO_SPATIAL_CLAIM_CROSSWALK.tsv	4025	deeea08311b98c044ef0f45c3443347e922e9ca818069dddf0ce1ca0156ef58a	e0f18f35aae957cf1b837ac4bc709a2a8d07cdc0	FROZEN_NO_SILENT_OVERWRITE	Inclusion freezes provenance; it does not by itself authorize a manuscript claim.
freeze_manifest	manuscript_freeze/RESULTS_FREEZE_MANIFEST.tsv	25a0bdbdfbf8b6f93d9b2c7d748f724ebd9c62780a8a74bc822a94d85a55fde6	F0287	Stage10C3	tabular_result_or_audit	supplement_or_limit	NA	local_git_worktree	results/stage10c3/STAGE10C3_VALIDATION.tsv	1385	4c31c43ba99dfeff6c1dd95fe1293651385518485570b0c70c51da42d48b6d21	e0f18f35aae957cf1b837ac4bc709a2a8d07cdc0	FROZEN_NO_SILENT_OVERWRITE	Inclusion freezes provenance; it does not by itself authorize a manuscript claim.
freeze_manifest	manuscript_freeze/RESULTS_FREEZE_MANIFEST.tsv	25a0bdbdfbf8b6f93d9b2c7d748f724ebd9c62780a8a74bc822a94d85a55fde6	F0288	Stage10D	tabular_result_or_audit	supplement_or_limit	NA	local_git_worktree	results/stage10d_tech/STAGE10D_TECH_COVERAGE_RESULTS.tsv	469350	2071bd9571db6fe077491879725f08921e7d3739d9523b8f81c2aa2589f63e0b	e0f18f35aae957cf1b837ac4bc709a2a8d07cdc0	FROZEN_NO_SILENT_OVERWRITE	Inclusion freezes provenance; it does not by itself authorize a manuscript claim.
freeze_manifest	manuscript_freeze/RESULTS_FREEZE_MANIFEST.tsv	25a0bdbdfbf8b6f93d9b2c7d748f724ebd9c62780a8a74bc822a94d85a55fde6	F0289	Stage10D	governance_or_claim_file	supplement_or_limit	NA	local_git_worktree	results/stage10d_tech/STAGE10D_TECH_DECISION.md	919	9f9125322b11dbce05fc77ce1cccc013f133b151e42e4883d483bf1e95db1fc4	e0f18f35aae957cf1b837ac4bc709a2a8d07cdc0	FROZEN_NO_SILENT_OVERWRITE	Inclusion freezes provenance; it does not by itself authorize a manuscript claim.
freeze_manifest	manuscript_freeze/RESULTS_FREEZE_MANIFEST.tsv	25a0bdbdfbf8b6f93d9b2c7d748f724ebd9c62780a8a74bc822a94d85a55fde6	F0290	Stage10D	report_or_provenance	supplement_or_limit	NA	local_git_worktree	results/stage10d_tech/STAGE10D_TECH_DESIGN.md	5849	36e9b63fdeaecd9a2eba80232423323170f0f42746a70ce97ce93a993416c7ad	e0f18f35aae957cf1b837ac4bc709a2a8d07cdc0	FROZEN_NO_SILENT_OVERWRITE	Inclusion freezes provenance; it does not by itself authorize a manuscript claim.
freeze_manifest	manuscript_freeze/RESULTS_FREEZE_MANIFEST.tsv	25a0bdbdfbf8b6f93d9b2c7d748f724ebd9c62780a8a74bc822a94d85a55fde6	F0291	Stage10D	tabular_result_or_audit	supplement_or_limit	NA	local_git_worktree	results/stage10d_tech/STAGE10D_TECH_MAPPED_GENESET.tsv	5312	444fbc5d9ed9da975392cb8e5b2a23e183ec7463bb7bfce1eaed9d034bf34f64	e0f18f35aae957cf1b837ac4bc709a2a8d07cdc0	FROZEN_NO_SILENT_OVERWRITE	Inclusion freezes provenance; it does not by itself authorize a manuscript claim.
freeze_manifest	manuscript_freeze/RESULTS_FREEZE_MANIFEST.tsv	25a0bdbdfbf8b6f93d9b2c7d748f724ebd9c62780a8a74bc822a94d85a55fde6	F0292	Stage10D	tabular_result_or_audit	supplement_or_limit	NA	local_git_worktree	results/stage10d_tech/STAGE10D_TECH_NULL_MODULE_RESULTS.tsv	361229	776c43d27d133f5dfdbda19e2c071a2a95942d9a403a3e87ae0a43ef3f995826	e0f18f35aae957cf1b837ac4bc709a2a8d07cdc0	FROZEN_NO_SILENT_OVERWRITE	Inclusion freezes provenance; it does not by itself authorize a manuscript claim.
freeze_manifest	manuscript_freeze/RESULTS_FREEZE_MANIFEST.tsv	25a0bdbdfbf8b6f93d9b2c7d748f724ebd9c62780a8a74bc822a94d85a55fde6	F0293	Stage10D	tabular_result_or_audit	supplement_or_limit	NA	local_git_worktree	results/stage10d_tech/STAGE10D_TECH_PRIMARY_SCORE_RESULTS.tsv	2106	72a2d5dc57228133fd79511448ad68f308b1a81e00fb2ebbfd3abad1645d5084	e0f18f35aae957cf1b837ac4bc709a2a8d07cdc0	FROZEN_NO_SILENT_OVERWRITE	Inclusion freezes provenance; it does not by itself authorize a manuscript claim.
freeze_manifest	manuscript_freeze/RESULTS_FREEZE_MANIFEST.tsv	25a0bdbdfbf8b6f93d9b2c7d748f724ebd9c62780a8a74bc822a94d85a55fde6	F0294	Stage10D	tabular_result_or_audit	supplement_or_limit	NA	local_git_worktree	results/stage10d_tech/STAGE10D_TECH_RUN_MANIFEST.tsv	4082	f424d0db37825c433b458673f5d8850a77c338a648ac03d10e6042b963c6a2fa	e0f18f35aae957cf1b837ac4bc709a2a8d07cdc0	FROZEN_NO_SILENT_OVERWRITE	Inclusion freezes provenance; it does not by itself authorize a manuscript claim.
freeze_manifest	manuscript_freeze/RESULTS_FREEZE_MANIFEST.tsv	25a0bdbdfbf8b6f93d9b2c7d748f724ebd9c62780a8a74bc822a94d85a55fde6	F0295	Stage10D	tabular_result_or_audit	supplement_or_limit	NA	local_git_worktree	results/stage10d_tech/STAGE10D_TECH_SENSITIVITY_RESULTS.tsv	14606	86231fbe9e27c1faa8b286cb34d5946bf10e47bae74bf34276008e14e14746e1	e0f18f35aae957cf1b837ac4bc709a2a8d07cdc0	FROZEN_NO_SILENT_OVERWRITE	Inclusion freezes provenance; it does not by itself authorize a manuscript claim.
freeze_manifest	manuscript_freeze/RESULTS_FREEZE_MANIFEST.tsv	25a0bdbdfbf8b6f93d9b2c7d748f724ebd9c62780a8a74bc822a94d85a55fde6	F0296	Stage10D	environment	reproducibility	NA	local_git_worktree	results/stage10d_tech/STAGE10D_TECH_SESSIONINFO.txt	5115	0f0c817426398aeefe93c1d64af3e00ab30ea90a0597588e3e26fadfbf0fcc34	e0f18f35aae957cf1b837ac4bc709a2a8d07cdc0	FROZEN_NO_SILENT_OVERWRITE	Inclusion freezes provenance; it does not by itself authorize a manuscript claim.
freeze_manifest	manuscript_freeze/RESULTS_FREEZE_MANIFEST.tsv	25a0bdbdfbf8b6f93d9b2c7d748f724ebd9c62780a8a74bc822a94d85a55fde6	F0297	Stage10D	tabular_result_or_audit	supplement_or_limit	NA	local_git_worktree	results/stage10d_tech/STAGE10D_TECH_SIMULATION_DESIGN.tsv	2696	7dbdc175b9218d8c37e4c5751bf7d0e7ed4a54956c2069a080d2fe2d72324e6a	e0f18f35aae957cf1b837ac4bc709a2a8d07cdc0	FROZEN_NO_SILENT_OVERWRITE	Inclusion freezes provenance; it does not by itself authorize a manuscript claim.
freeze_manifest	manuscript_freeze/RESULTS_FREEZE_MANIFEST.tsv	25a0bdbdfbf8b6f93d9b2c7d748f724ebd9c62780a8a74bc822a94d85a55fde6	F0298	Stage10E	tabular_result_or_audit	supplement_or_limit	NA	local_git_worktree	results/stage10e/STAGE10E_ANALYSIS_READY_MANIFEST.tsv	345	a44994e09170e131c8cbd39d85a7a4c3f59f65a22e6aeb3170fe6fa702eff457	e0f18f35aae957cf1b837ac4bc709a2a8d07cdc0	FROZEN_NO_SILENT_OVERWRITE	Inclusion freezes provenance; it does not by itself authorize a manuscript claim.
freeze_manifest	manuscript_freeze/RESULTS_FREEZE_MANIFEST.tsv	25a0bdbdfbf8b6f93d9b2c7d748f724ebd9c62780a8a74bc822a94d85a55fde6	F0299	Stage10E	governance_or_claim_file	supplement_or_limit	NA	local_git_worktree	results/stage10e/STAGE10E_DECISION.md	1036	642b5debda611484ae94a6935c87800f06538e5579b9fbb8c320236f5befaab4	e0f18f35aae957cf1b837ac4bc709a2a8d07cdc0	FROZEN_NO_SILENT_OVERWRITE	Inclusion freezes provenance; it does not by itself authorize a manuscript claim.
freeze_manifest	manuscript_freeze/RESULTS_FREEZE_MANIFEST.tsv	25a0bdbdfbf8b6f93d9b2c7d748f724ebd9c62780a8a74bc822a94d85a55fde6	F0300	Stage10E	tabular_result_or_audit	supplement_or_limit	NA	local_git_worktree	results/stage10e/STAGE10E_GENESET_INTEGRITY_CHECK.tsv	20599	097d1cc0009506a226348da1f05eca1d5744af99b38b79d008d3aa01cf8d7ab7	e0f18f35aae957cf1b837ac4bc709a2a8d07cdc0	FROZEN_NO_SILENT_OVERWRITE	Inclusion freezes provenance; it does not by itself authorize a manuscript claim.
freeze_manifest	manuscript_freeze/RESULTS_FREEZE_MANIFEST.tsv	25a0bdbdfbf8b6f93d9b2c7d748f724ebd9c62780a8a74bc822a94d85a55fde6	F0301	Stage10E	tabular_result_or_audit	supplement_or_limit	NA	local_git_worktree	results/stage10e/STAGE10E_RAW_HASHES.tsv	3877	b31b54578cd192b8de7a82b23c0cf721e5a3972d84fe113527a972d5a688046a	e0f18f35aae957cf1b837ac4bc709a2a8d07cdc0	FROZEN_NO_SILENT_OVERWRITE	Inclusion freezes provenance; it does not by itself authorize a manuscript claim.
freeze_manifest	manuscript_freeze/RESULTS_FREEZE_MANIFEST.tsv	25a0bdbdfbf8b6f93d9b2c7d748f724ebd9c62780a8a74bc822a94d85a55fde6	F0302	Stage10E	report_or_provenance	supplement_or_limit	NA	local_git_worktree	results/stage10e_desc/STAGE10E_DESC_ANALYSIS_PLAN_LOCKED.md	5173	3c8c2f64565f51ba81de7dd105aa06924621c83099f5a3599c20967457820efc	e0f18f35aae957cf1b837ac4bc709a2a8d07cdc0	FROZEN_NO_SILENT_OVERWRITE	Inclusion freezes provenance; it does not by itself authorize a manuscript claim.
freeze_manifest	manuscript_freeze/RESULTS_FREEZE_MANIFEST.tsv	25a0bdbdfbf8b6f93d9b2c7d748f724ebd9c62780a8a74bc822a94d85a55fde6	F0303	Stage10E	tabular_result_or_audit	supplement_or_limit	CLM22	local_git_worktree	results/stage10e_desc/STAGE10E_DESC_CASE4_SCORES.tsv	632	92d69c9b669d7318ac719b0bc7f24b7c78caf4980217406cdf84a5e506a291cd	e0f18f35aae957cf1b837ac4bc709a2a8d07cdc0	FROZEN_NO_SILENT_OVERWRITE	Inclusion freezes provenance; it does not by itself authorize a manuscript claim.
freeze_manifest	manuscript_freeze/RESULTS_FREEZE_MANIFEST.tsv	25a0bdbdfbf8b6f93d9b2c7d748f724ebd9c62780a8a74bc822a94d85a55fde6	F0304	Stage10E	governance_or_claim_file	supplement_or_limit	NA	local_git_worktree	results/stage10e_desc/STAGE10E_DESC_CLAIM_LIMITS.md	626	1c0392630c730f34f4b19ea8a63a553f2d807537960e9355c9305492b45877c2	e0f18f35aae957cf1b837ac4bc709a2a8d07cdc0	FROZEN_NO_SILENT_OVERWRITE	Inclusion freezes provenance; it does not by itself authorize a manuscript claim.
freeze_manifest	manuscript_freeze/RESULTS_FREEZE_MANIFEST.tsv	25a0bdbdfbf8b6f93d9b2c7d748f724ebd9c62780a8a74bc822a94d85a55fde6	F0305	Stage10E	governance_or_claim_file	supplement_or_limit	NA	local_git_worktree	results/stage10e_desc/STAGE10E_DESC_DECISION.md	544	e65c0b5d8c835bddb76b1f39404d661cf248f429635cca13d30919a221cb443d	e0f18f35aae957cf1b837ac4bc709a2a8d07cdc0	FROZEN_NO_SILENT_OVERWRITE	Inclusion freezes provenance; it does not by itself authorize a manuscript claim.
freeze_manifest	manuscript_freeze/RESULTS_FREEZE_MANIFEST.tsv	25a0bdbdfbf8b6f93d9b2c7d748f724ebd9c62780a8a74bc822a94d85a55fde6	F0306	Stage10E	tabular_result_or_audit	supplement_or_limit	NA	local_git_worktree	results/stage10e_desc/STAGE10E_DESC_INPUT_LOCK.tsv	3206	62be3a14344494445213915a857b7376b85f51ef8456a9631ac3a654cb48b599	e0f18f35aae957cf1b837ac4bc709a2a8d07cdc0	FROZEN_NO_SILENT_OVERWRITE	Inclusion freezes provenance; it does not by itself authorize a manuscript claim.
freeze_manifest	manuscript_freeze/RESULTS_FREEZE_MANIFEST.tsv	25a0bdbdfbf8b6f93d9b2c7d748f724ebd9c62780a8a74bc822a94d85a55fde6	F0307	Stage10E	tabular_result_or_audit	supplement_or_limit	NA	local_git_worktree	results/stage10e_desc/STAGE10E_DESC_MAPPED_GENESET.tsv	6581	bcc4453941919bf4dbb63238eb63e6a5a01436d07f06f82607f40112b58ab19a	e0f18f35aae957cf1b837ac4bc709a2a8d07cdc0	FROZEN_NO_SILENT_OVERWRITE	Inclusion freezes provenance; it does not by itself authorize a manuscript claim.
freeze_manifest	manuscript_freeze/RESULTS_FREEZE_MANIFEST.tsv	25a0bdbdfbf8b6f93d9b2c7d748f724ebd9c62780a8a74bc822a94d85a55fde6	F0308	Stage10E	report_or_provenance	supplement_or_limit	NA	local_git_worktree	results/stage10e_desc/STAGE10E_DESC_RENDER_FIX.txt	135	762a25318ec9ce556f96fb103135722b1982e11c26cce0970a092b936ad0d5e2	e0f18f35aae957cf1b837ac4bc709a2a8d07cdc0	FROZEN_NO_SILENT_OVERWRITE	Inclusion freezes provenance; it does not by itself authorize a manuscript claim.
freeze_manifest	manuscript_freeze/RESULTS_FREEZE_MANIFEST.tsv	25a0bdbdfbf8b6f93d9b2c7d748f724ebd9c62780a8a74bc822a94d85a55fde6	F0309	Stage10E	tabular_result_or_audit	supplement_or_limit	NA	local_git_worktree	results/stage10e_desc/STAGE10E_DESC_RUN_MANIFEST.tsv	580	11eb92927844c5d36e85b916608c1749d18453239954ce8bb61e136b8d772476	e0f18f35aae957cf1b837ac4bc709a2a8d07cdc0	FROZEN_NO_SILENT_OVERWRITE	Inclusion freezes provenance; it does not by itself authorize a manuscript claim.
freeze_manifest	manuscript_freeze/RESULTS_FREEZE_MANIFEST.tsv	25a0bdbdfbf8b6f93d9b2c7d748f724ebd9c62780a8a74bc822a94d85a55fde6	F0310	Stage10E	tabular_result_or_audit	supplement_or_limit	CLM22	local_git_worktree	results/stage10e_desc/STAGE10E_DESC_SENSITIVITY.tsv	2213	ea2d6ddda8aa9c8ca4b9ade4b987625109bffb3e4acc918a0d0b75b89521b3e9	e0f18f35aae957cf1b837ac4bc709a2a8d07cdc0	FROZEN_NO_SILENT_OVERWRITE	Inclusion freezes provenance; it does not by itself authorize a manuscript claim.
freeze_manifest	manuscript_freeze/RESULTS_FREEZE_MANIFEST.tsv	25a0bdbdfbf8b6f93d9b2c7d748f724ebd9c62780a8a74bc822a94d85a55fde6	F0311	Stage10E	environment	reproducibility	NA	local_git_worktree	results/stage10e_desc/STAGE10E_DESC_SESSIONINFO.txt	5177	5bd40805f76fac3491c4c64244373a5721358051f5a91dc429402119136b33b6	e0f18f35aae957cf1b837ac4bc709a2a8d07cdc0	FROZEN_NO_SILENT_OVERWRITE	Inclusion freezes provenance; it does not by itself authorize a manuscript claim.
freeze_manifest	manuscript_freeze/RESULTS_FREEZE_MANIFEST.tsv	25a0bdbdfbf8b6f93d9b2c7d748f724ebd9c62780a8a74bc822a94d85a55fde6	F0312	Stage10E	tabular_result_or_audit	supplement_or_limit	NA	local_git_worktree	results/stage10e_desc/STAGE10E_DESC_SMOKE_TEST.tsv	316	019de84efbf4992c103784b362cd02a8ad4204bfeb8d46411b99ea592174b4cf	e0f18f35aae957cf1b837ac4bc709a2a8d07cdc0	FROZEN_NO_SILENT_OVERWRITE	Inclusion freezes provenance; it does not by itself authorize a manuscript claim.
freeze_manifest	manuscript_freeze/RESULTS_FREEZE_MANIFEST.tsv	25a0bdbdfbf8b6f93d9b2c7d748f724ebd9c62780a8a74bc822a94d85a55fde6	F0313	Stage10E	report_or_provenance	supplement_or_limit	NA	local_git_worktree	results/stage10e_roi_remediation/STAGE10E_R_ACCEPTANCE.md	408	ffb0dae0f644d1cc5582d6d12164f633582b4947db4824bf2ab4c2fa8c5d078d	e0f18f35aae957cf1b837ac4bc709a2a8d07cdc0	FROZEN_NO_SILENT_OVERWRITE	Inclusion freezes provenance; it does not by itself authorize a manuscript claim.
freeze_manifest	manuscript_freeze/RESULTS_FREEZE_MANIFEST.tsv	25a0bdbdfbf8b6f93d9b2c7d748f724ebd9c62780a8a74bc822a94d85a55fde6	F0314	Stage10E	tabular_result_or_audit	supplement_or_limit	NA	local_git_worktree	results/stage10e_roi_remediation/STAGE10E_R_COORDINATE_AUDIT.tsv	937	ccdb17db81681436a95c8ef4c1c10818444becfbdb314663d822575911c0e9a5	e0f18f35aae957cf1b837ac4bc709a2a8d07cdc0	FROZEN_NO_SILENT_OVERWRITE	Inclusion freezes provenance; it does not by itself authorize a manuscript claim.
freeze_manifest	manuscript_freeze/RESULTS_FREEZE_MANIFEST.tsv	25a0bdbdfbf8b6f93d9b2c7d748f724ebd9c62780a8a74bc822a94d85a55fde6	F0315	Stage10E	governance_or_claim_file	supplement_or_limit	NA	local_git_worktree	results/stage10e_roi_remediation/STAGE10E_R_DECISION.md	486	4a7f5e503cae6fa34a777829bf6f952e118d41bfe0c9bf6c8d8dc112bb8f871e	e0f18f35aae957cf1b837ac4bc709a2a8d07cdc0	FROZEN_NO_SILENT_OVERWRITE	Inclusion freezes provenance; it does not by itself authorize a manuscript claim.
freeze_manifest	manuscript_freeze/RESULTS_FREEZE_MANIFEST.tsv	25a0bdbdfbf8b6f93d9b2c7d748f724ebd9c62780a8a74bc822a94d85a55fde6	F0316	Stage10E	tabular_result_or_audit	supplement_or_limit	NA	local_git_worktree	results/stage10e_roi_remediation/STAGE10E_R_DENYLIST_AUDIT.tsv	5117	87a55009ea0fb1df2128834a256cb28531d2fc287ef0b03bdf530693218b8cfa	e0f18f35aae957cf1b837ac4bc709a2a8d07cdc0	FROZEN_NO_SILENT_OVERWRITE	Inclusion freezes provenance; it does not by itself authorize a manuscript claim.
freeze_manifest	manuscript_freeze/RESULTS_FREEZE_MANIFEST.tsv	25a0bdbdfbf8b6f93d9b2c7d748f724ebd9c62780a8a74bc822a94d85a55fde6	F0317	Stage10E	tabular_result_or_audit	supplement_or_limit	NA	local_git_worktree	results/stage10e_roi_remediation/STAGE10E_R_FAILURE_DIAGNOSIS.tsv	1954	d9c568c8d261597d48c621db8eeac153bad8e61ac3aa1305a2b64604406fff38	e0f18f35aae957cf1b837ac4bc709a2a8d07cdc0	FROZEN_NO_SILENT_OVERWRITE	Inclusion freezes provenance; it does not by itself authorize a manuscript claim.
freeze_manifest	manuscript_freeze/RESULTS_FREEZE_MANIFEST.tsv	25a0bdbdfbf8b6f93d9b2c7d748f724ebd9c62780a8a74bc822a94d85a55fde6	F0318	Stage10E	tabular_result_or_audit	supplement_or_limit	NA	local_git_worktree	results/stage10e_roi_remediation/STAGE10E_R_GENESET_INTEGRITY_CHECK.tsv	257	23a375133617cd2ed4b7b8a63cedc35115b43420e308606ad8218ca1e38b1c5f	e0f18f35aae957cf1b837ac4bc709a2a8d07cdc0	FROZEN_NO_SILENT_OVERWRITE	Inclusion freezes provenance; it does not by itself authorize a manuscript claim.
freeze_manifest	manuscript_freeze/RESULTS_FREEZE_MANIFEST.tsv	25a0bdbdfbf8b6f93d9b2c7d748f724ebd9c62780a8a74bc822a94d85a55fde6	F0319	Stage10E	tabular_result_or_audit	supplement_or_limit	NA	local_git_worktree	results/stage10e_roi_remediation/STAGE10E_R_GEOMETRIC_QC.tsv	1166	764b5c740c91e21042c6586caaae4ad55fbcd09b031998930354a81520f96dd0	e0f18f35aae957cf1b837ac4bc709a2a8d07cdc0	FROZEN_NO_SILENT_OVERWRITE	Inclusion freezes provenance; it does not by itself authorize a manuscript claim.
freeze_manifest	manuscript_freeze/RESULTS_FREEZE_MANIFEST.tsv	25a0bdbdfbf8b6f93d9b2c7d748f724ebd9c62780a8a74bc822a94d85a55fde6	F0320	Stage10E	tabular_result_or_audit	supplement_or_limit	NA	local_git_worktree	results/stage10e_roi_remediation/STAGE10E_R_HISTORY_BASELINE_SHA256.tsv	1790	f9c89f08077e22e9d85af8ef3feb044e31a29ef65dbc02f3a7751c7b67fef25d	e0f18f35aae957cf1b837ac4bc709a2a8d07cdc0	FROZEN_NO_SILENT_OVERWRITE	Inclusion freezes provenance; it does not by itself authorize a manuscript claim.
freeze_manifest	manuscript_freeze/RESULTS_FREEZE_MANIFEST.tsv	25a0bdbdfbf8b6f93d9b2c7d748f724ebd9c62780a8a74bc822a94d85a55fde6	F0321	Stage10E	tabular_result_or_audit	supplement_or_limit	NA	local_git_worktree	results/stage10e_roi_remediation/STAGE10E_R_INPUT_WHITELIST.tsv	4828	24e7d8f9650de237925063c4e1b95c56c063cb51c3be6a82dd3985645c4c320f	e0f18f35aae957cf1b837ac4bc709a2a8d07cdc0	FROZEN_NO_SILENT_OVERWRITE	Inclusion freezes provenance; it does not by itself authorize a manuscript claim.
freeze_manifest	manuscript_freeze/RESULTS_FREEZE_MANIFEST.tsv	25a0bdbdfbf8b6f93d9b2c7d748f724ebd9c62780a8a74bc822a94d85a55fde6	F0322	Stage10E	tabular_result_or_audit	supplement_or_limit	NA	local_git_worktree	results/stage10e_roi_remediation/STAGE10E_R_PATIENT_ELIGIBILITY.tsv	486	41628be12e550ffbce9be85ad0750463b812f029be527587f5ec664a840a897b	e0f18f35aae957cf1b837ac4bc709a2a8d07cdc0	FROZEN_NO_SILENT_OVERWRITE	Inclusion freezes provenance; it does not by itself authorize a manuscript claim.
freeze_manifest	manuscript_freeze/RESULTS_FREEZE_MANIFEST.tsv	25a0bdbdfbf8b6f93d9b2c7d748f724ebd9c62780a8a74bc822a94d85a55fde6	F0323	Stage10E	report_or_provenance	supplement_or_limit	NA	local_git_worktree	results/stage10e_roi_remediation/STAGE10E_R_REMEDIATION_PLAN_LOCKED.md	7206	acac2b1693f725ddd7fa1ae70a66f1fde8f3aa8648612db30a4259cf9f8f6303	e0f18f35aae957cf1b837ac4bc709a2a8d07cdc0	FROZEN_NO_SILENT_OVERWRITE	Inclusion freezes provenance; it does not by itself authorize a manuscript claim.
freeze_manifest	manuscript_freeze/RESULTS_FREEZE_MANIFEST.tsv	25a0bdbdfbf8b6f93d9b2c7d748f724ebd9c62780a8a74bc822a94d85a55fde6	F0324	Stage10E	tabular_result_or_audit	supplement_or_limit	NA	local_git_worktree	results/stage10e_roi_remediation/STAGE10E_R_ROI_AGREEMENT.tsv	1176	33129538bc8a61f1ef7f564d581417be07317e17b63b142008a6ed4330e1abbd	e0f18f35aae957cf1b837ac4bc709a2a8d07cdc0	FROZEN_NO_SILENT_OVERWRITE	Inclusion freezes provenance; it does not by itself authorize a manuscript claim.
freeze_manifest	manuscript_freeze/RESULTS_FREEZE_MANIFEST.tsv	25a0bdbdfbf8b6f93d9b2c7d748f724ebd9c62780a8a74bc822a94d85a55fde6	F0325	Stage10E	tabular_result_or_audit	supplement_or_limit	NA	local_git_worktree	results/stage10e_roi_remediation/STAGE10E_R_RUNTIME.tsv	245	44a2d67c0d6f9edb670c50a9730cf9643a569726a287d0b067f6a160cdf94750	e0f18f35aae957cf1b837ac4bc709a2a8d07cdc0	FROZEN_NO_SILENT_OVERWRITE	Inclusion freezes provenance; it does not by itself authorize a manuscript claim.
freeze_manifest	manuscript_freeze/RESULTS_FREEZE_MANIFEST.tsv	25a0bdbdfbf8b6f93d9b2c7d748f724ebd9c62780a8a74bc822a94d85a55fde6	F0326	Stage10E	tabular_result_or_audit	supplement_or_limit	NA	local_git_worktree	results/stage10e_roi_remediation/STAGE10E_R_RUN_MANIFEST.tsv	859	880609df0eb3dd169f01cacad15dd8d6067f79f91d1a569613512c591980901f	e0f18f35aae957cf1b837ac4bc709a2a8d07cdc0	FROZEN_NO_SILENT_OVERWRITE	Inclusion freezes provenance; it does not by itself authorize a manuscript claim.
freeze_manifest	manuscript_freeze/RESULTS_FREEZE_MANIFEST.tsv	25a0bdbdfbf8b6f93d9b2c7d748f724ebd9c62780a8a74bc822a94d85a55fde6	F0327	Stage10E	tabular_result_or_audit	supplement_or_limit	NA	local_git_worktree	results/stage10e_roi_remediation/STAGE10E_R_SMOKE_TEST.tsv	157	c2ee66239ffc757a535d1e92449013a416cc82f86bc170584bb3767a8be8c7df	e0f18f35aae957cf1b837ac4bc709a2a8d07cdc0	FROZEN_NO_SILENT_OVERWRITE	Inclusion freezes provenance; it does not by itself authorize a manuscript claim.
freeze_manifest	manuscript_freeze/RESULTS_FREEZE_MANIFEST.tsv	25a0bdbdfbf8b6f93d9b2c7d748f724ebd9c62780a8a74bc822a94d85a55fde6	F0328	Stage10E	tabular_result_or_audit	supplement_or_limit	NA	local_git_worktree	results/stage10e_roi_remediation/STAGE10E_R_TRANSFORM_PARAMETERS.tsv	1613	ca54424a0be29d3ff773e8a08e2e21b6f06147fc07221eb9c8757673f4671ca2	e0f18f35aae957cf1b837ac4bc709a2a8d07cdc0	FROZEN_NO_SILENT_OVERWRITE	Inclusion freezes provenance; it does not by itself authorize a manuscript claim.
freeze_manifest	manuscript_freeze/RESULTS_FREEZE_MANIFEST.tsv	25a0bdbdfbf8b6f93d9b2c7d748f724ebd9c62780a8a74bc822a94d85a55fde6	F0329	Stage10F	report_or_provenance	supplement_or_limit	NA	local_git_worktree	results/stage10f/STAGE10F_SKIPPED.md	107	4ece7b6aeeb6963402b0a3520b0e560a7b0ba449c41d986029257648157e588d	e0f18f35aae957cf1b837ac4bc709a2a8d07cdc0	FROZEN_NO_SILENT_OVERWRITE	Inclusion freezes provenance; it does not by itself authorize a manuscript claim.
freeze_manifest	manuscript_freeze/RESULTS_FREEZE_MANIFEST.tsv	25a0bdbdfbf8b6f93d9b2c7d748f724ebd9c62780a8a74bc822a94d85a55fde6	F0330	Stage10FG	tabular_result_or_audit	supplement_or_limit	CLM07;CLM22	local_git_worktree	results/stage10fg/STAGE10FG_BRANCH_CLOSURE.tsv	1395	61af115edaf02747d1178ba0af9bb6337044c2e6028ea54e5c9e47700046d444	e0f18f35aae957cf1b837ac4bc709a2a8d07cdc0	FROZEN_NO_SILENT_OVERWRITE	Inclusion freezes provenance; it does not by itself authorize a manuscript claim.
freeze_manifest	manuscript_freeze/RESULTS_FREEZE_MANIFEST.tsv	25a0bdbdfbf8b6f93d9b2c7d748f724ebd9c62780a8a74bc822a94d85a55fde6	F0331	Stage10FG	governance_or_claim_file	supplement_or_limit	CLM07;CLM22	local_git_worktree	results/stage10fg/STAGE10FG_DECISION.md	1691	45627f30e14fc2ea442d4c8441c65f11b1b89e59037dc8d9d28a5ee5f4df8282	e0f18f35aae957cf1b837ac4bc709a2a8d07cdc0	FROZEN_NO_SILENT_OVERWRITE	Inclusion freezes provenance; it does not by itself authorize a manuscript claim.
freeze_manifest	manuscript_freeze/RESULTS_FREEZE_MANIFEST.tsv	25a0bdbdfbf8b6f93d9b2c7d748f724ebd9c62780a8a74bc822a94d85a55fde6	F0332	Stage10G	report_or_provenance	supplement_or_limit	NA	local_git_worktree	results/stage10g/STAGE10G_SKIPPED.md	285	17e75f8a1f4dda906277030dd5c5a340bac3f6978916686e557a60cdaa0caef3	e0f18f35aae957cf1b837ac4bc709a2a8d07cdc0	FROZEN_NO_SILENT_OVERWRITE	Inclusion freezes provenance; it does not by itself authorize a manuscript claim.
freeze_manifest	manuscript_freeze/RESULTS_FREEZE_MANIFEST.tsv	25a0bdbdfbf8b6f93d9b2c7d748f724ebd9c62780a8a74bc822a94d85a55fde6	F0333	Stage10H	governance_or_claim_file	main_or_governance	NA	local_git_worktree	results/stage10h/STAGE10H_ALIGNMENT_DECISION.md	1733	30a3b5b519a720c7147a9051231ab0061a88af44f3f935a1ee3b543a36f0a756	e0f18f35aae957cf1b837ac4bc709a2a8d07cdc0	FROZEN_NO_SILENT_OVERWRITE	Inclusion freezes provenance; it does not by itself authorize a manuscript claim.
freeze_manifest	manuscript_freeze/RESULTS_FREEZE_MANIFEST.tsv	25a0bdbdfbf8b6f93d9b2c7d748f724ebd9c62780a8a74bc822a94d85a55fde6	F0334	Stage10H	governance_or_claim_file	main_or_governance	NA	local_git_worktree	results/stage10h/STAGE10H_CLAIM_LADDER.md	3543	2b32117cd4ea65fd3b8b108e983cfbbb404b299c6685734060de7738498e2908	e0f18f35aae957cf1b837ac4bc709a2a8d07cdc0	FROZEN_NO_SILENT_OVERWRITE	Inclusion freezes provenance; it does not by itself authorize a manuscript claim.
freeze_manifest	manuscript_freeze/RESULTS_FREEZE_MANIFEST.tsv	25a0bdbdfbf8b6f93d9b2c7d748f724ebd9c62780a8a74bc822a94d85a55fde6	F0335	Stage10H	tabular_result_or_audit	main_or_governance	CLM11;CLM23	local_git_worktree	results/stage10h/STAGE10H_DATASET_INDEPENDENCE.tsv	4332	a92d8531ba78d572841509ef7431b4a4805850a17d6d83a25ac44c4da354980a	e0f18f35aae957cf1b837ac4bc709a2a8d07cdc0	FROZEN_NO_SILENT_OVERWRITE	Inclusion freezes provenance; it does not by itself authorize a manuscript claim.
freeze_manifest	manuscript_freeze/RESULTS_FREEZE_MANIFEST.tsv	25a0bdbdfbf8b6f93d9b2c7d748f724ebd9c62780a8a74bc822a94d85a55fde6	F0336	Stage10H	governance_or_claim_file	main_or_governance	NA	local_git_worktree	results/stage10h/STAGE10H_DECISION.md	2236	aeaba9944e570983ee90bfe7edde55b4c3db643bce2d3866cc3aa349bd84c12b	e0f18f35aae957cf1b837ac4bc709a2a8d07cdc0	FROZEN_NO_SILENT_OVERWRITE	Inclusion freezes provenance; it does not by itself authorize a manuscript claim.
freeze_manifest	manuscript_freeze/RESULTS_FREEZE_MANIFEST.tsv	25a0bdbdfbf8b6f93d9b2c7d748f724ebd9c62780a8a74bc822a94d85a55fde6	F0337	Stage10H	tabular_result_or_audit	main_or_governance	CLM08;CLM23	local_git_worktree	results/stage10h/STAGE10H_EVIDENCE_MATRIX.tsv	11135	72fa062c98ae4796c11fef5e9747b810038d35d6f17b80aa18e1595f168788a1	e0f18f35aae957cf1b837ac4bc709a2a8d07cdc0	FROZEN_NO_SILENT_OVERWRITE	Inclusion freezes provenance; it does not by itself authorize a manuscript claim.
freeze_manifest	manuscript_freeze/RESULTS_FREEZE_MANIFEST.tsv	25a0bdbdfbf8b6f93d9b2c7d748f724ebd9c62780a8a74bc822a94d85a55fde6	F0338	Stage10H	report_or_provenance	main_or_governance	NA	local_git_worktree	results/stage10h/STAGE10H_MANUSCRIPT_POSITIONING.md	3630	a97e81cf840d0c9375c7198990e92110897490c8b002c334153b0143e533661b	e0f18f35aae957cf1b837ac4bc709a2a8d07cdc0	FROZEN_NO_SILENT_OVERWRITE	Inclusion freezes provenance; it does not by itself authorize a manuscript claim.
freeze_manifest	manuscript_freeze/RESULTS_FREEZE_MANIFEST.tsv	25a0bdbdfbf8b6f93d9b2c7d748f724ebd9c62780a8a74bc822a94d85a55fde6	F0339	Stage10H	tabular_result_or_audit	main_or_governance	CLM22;CLM26	local_git_worktree	results/stage10h/STAGE10H_SPATIAL_LIMITATION_MATRIX.tsv	4637	c8b0be2588fe4b48e9cc0f2c96a4a9b9a18eb8dcc36efe637339e5f07e7f9440	e0f18f35aae957cf1b837ac4bc709a2a8d07cdc0	FROZEN_NO_SILENT_OVERWRITE	Inclusion freezes provenance; it does not by itself authorize a manuscript claim.
freeze_manifest	manuscript_freeze/RESULTS_FREEZE_MANIFEST.tsv	25a0bdbdfbf8b6f93d9b2c7d748f724ebd9c62780a8a74bc822a94d85a55fde6	F0340	Project	report_or_provenance	supporting_reproducibility	NA	local_git_worktree	results_final/.gitkeep	0	e3b0c44298fc1c149afbf4c8996fb92427ae41e4649b934ca495991b7852b855	e0f18f35aae957cf1b837ac4bc709a2a8d07cdc0	FROZEN_NO_SILENT_OVERWRITE	Inclusion freezes provenance; it does not by itself authorize a manuscript claim.
freeze_manifest	manuscript_freeze/RESULTS_FREEZE_MANIFEST.tsv	25a0bdbdfbf8b6f93d9b2c7d748f724ebd9c62780a8a74bc822a94d85a55fde6	F0341	Stage6A	tabular_result_or_audit	main_or_governance	CLM15	local_git_worktree	results_final/stage_6A_exploratory_candidate_modules.tsv	1218	d30d1127bb319b18684b2b77fdafea87847494813dc80cda7f3d33a406774d18	e0f18f35aae957cf1b837ac4bc709a2a8d07cdc0	FROZEN_NO_SILENT_OVERWRITE	Inclusion freezes provenance; it does not by itself authorize a manuscript claim.
freeze_manifest	manuscript_freeze/RESULTS_FREEZE_MANIFEST.tsv	25a0bdbdfbf8b6f93d9b2c7d748f724ebd9c62780a8a74bc822a94d85a55fde6	F0342	Stage6A	tabular_result_or_audit	main_or_governance	NA	local_git_worktree	results_final/stage_6A_paired_FAP_gene_LODO_summary.tsv	143399	f1b9fbaa1eeb9683cea41b80d011a93223a831bccc5c41a70a7eb8da45a07006	e0f18f35aae957cf1b837ac4bc709a2a8d07cdc0	FROZEN_NO_SILENT_OVERWRITE	Inclusion freezes provenance; it does not by itself authorize a manuscript claim.
freeze_manifest	manuscript_freeze/RESULTS_FREEZE_MANIFEST.tsv	25a0bdbdfbf8b6f93d9b2c7d748f724ebd9c62780a8a74bc822a94d85a55fde6	F0343	Stage6A	tabular_result_or_audit	main_or_governance	CLM15	local_git_worktree	results_final/stage_6A_stage_blind_module_membership.tsv	697027	bd99f958cd3d236854a441039a9b7212d02d4fb8f7a6795552aba4c651e9b24c	e0f18f35aae957cf1b837ac4bc709a2a8d07cdc0	FROZEN_NO_SILENT_OVERWRITE	Inclusion freezes provenance; it does not by itself authorize a manuscript claim.
freeze_manifest	manuscript_freeze/RESULTS_FREEZE_MANIFEST.tsv	25a0bdbdfbf8b6f93d9b2c7d748f724ebd9c62780a8a74bc822a94d85a55fde6	F0344	Stage7	tabular_result_or_audit	main_or_governance	NA	local_git_worktree	results_final/stage_7_GSE132465_cell_composition.tsv	4397	f70dd1c68b5bb756ea917dc595eb0af914a28c8b7b634d5aea355986a2a94bda	e0f18f35aae957cf1b837ac4bc709a2a8d07cdc0	FROZEN_NO_SILENT_OVERWRITE	Inclusion freezes provenance; it does not by itself authorize a manuscript claim.
freeze_manifest	manuscript_freeze/RESULTS_FREEZE_MANIFEST.tsv	25a0bdbdfbf8b6f93d9b2c7d748f724ebd9c62780a8a74bc822a94d85a55fde6	F0345	Stage7	tabular_result_or_audit	main_or_governance	NA	local_git_worktree	results_final/stage_7_GSE132465_pair_eligibility.tsv	1781	475fad4a93a2c66f3afe6d8167cceb13180f21da201af13e0412a4c990fd81b3	e0f18f35aae957cf1b837ac4bc709a2a8d07cdc0	FROZEN_NO_SILENT_OVERWRITE	Inclusion freezes provenance; it does not by itself authorize a manuscript claim.
freeze_manifest	manuscript_freeze/RESULTS_FREEZE_MANIFEST.tsv	25a0bdbdfbf8b6f93d9b2c7d748f724ebd9c62780a8a74bc822a94d85a55fde6	F0346	Stage7	tabular_result_or_audit	main_or_governance	NA	local_git_worktree	results_final/stage_7_GSE161277_cell_composition.tsv	5496	5b360d2e9b3d50231cac82522fe806ebd2bd3a3d0d0a08b4ce6f39d1c43239d9	e0f18f35aae957cf1b837ac4bc709a2a8d07cdc0	FROZEN_NO_SILENT_OVERWRITE	Inclusion freezes provenance; it does not by itself authorize a manuscript claim.
freeze_manifest	manuscript_freeze/RESULTS_FREEZE_MANIFEST.tsv	25a0bdbdfbf8b6f93d9b2c7d748f724ebd9c62780a8a74bc822a94d85a55fde6	F0347	Stage7	tabular_result_or_audit	main_or_governance	NA	local_git_worktree	results_final/stage_7_acceptance_recomputed_effects.tsv	14828	94d3a99adbadc0caf9f375703869485013d82758945e5753f4110215160bc1bb	e0f18f35aae957cf1b837ac4bc709a2a8d07cdc0	FROZEN_NO_SILENT_OVERWRITE	Inclusion freezes provenance; it does not by itself authorize a manuscript claim.
freeze_manifest	manuscript_freeze/RESULTS_FREEZE_MANIFEST.tsv	25a0bdbdfbf8b6f93d9b2c7d748f724ebd9c62780a8a74bc822a94d85a55fde6	F0348	Stage7	tabular_result_or_audit	main_or_governance	NA	local_git_worktree	results_final/stage_7_epithelial_specificity_donor_differences.tsv	10994	48d48e987ea4cfe67d477ccf4c5bf7db2bee26bc4b9c612b9db2edd56764bb13	e0f18f35aae957cf1b837ac4bc709a2a8d07cdc0	FROZEN_NO_SILENT_OVERWRITE	Inclusion freezes provenance; it does not by itself authorize a manuscript claim.
freeze_manifest	manuscript_freeze/RESULTS_FREEZE_MANIFEST.tsv	25a0bdbdfbf8b6f93d9b2c7d748f724ebd9c62780a8a74bc822a94d85a55fde6	F0349	Stage7	tabular_result_or_audit	main_or_governance	CLM05;CLM17	local_git_worktree	results_final/stage_7_paired_donor_module_differences.tsv	11350	f1aa7087ad54dee250a826328a62c4a6c3d471fb1dd2e2a5ba0ccf2919c49fdb	e0f18f35aae957cf1b837ac4bc709a2a8d07cdc0	FROZEN_NO_SILENT_OVERWRITE	Inclusion freezes provenance; it does not by itself authorize a manuscript claim.
freeze_manifest	manuscript_freeze/RESULTS_FREEZE_MANIFEST.tsv	25a0bdbdfbf8b6f93d9b2c7d748f724ebd9c62780a8a74bc822a94d85a55fde6	F0350	Stage7	tabular_result_or_audit	main_or_governance	CLM05;CLM17	local_git_worktree	results_final/stage_7_replication_effects_all.tsv	8867	043d4df61220dda88f7002ae29026d1b833e97f8cebf03c47a6e5a2de2ea7f29	e0f18f35aae957cf1b837ac4bc709a2a8d07cdc0	FROZEN_NO_SILENT_OVERWRITE	Inclusion freezes provenance; it does not by itself authorize a manuscript claim.
freeze_manifest	manuscript_freeze/RESULTS_FREEZE_MANIFEST.tsv	25a0bdbdfbf8b6f93d9b2c7d748f724ebd9c62780a8a74bc822a94d85a55fde6	F0351	Stage7	tabular_result_or_audit	main_or_governance	CLM20	local_git_worktree	results_final/stage_7_replication_summary.tsv	2820	656f8544d068c3c853a71bb950171a238abffee4a3b5b186a5b608c55b087ad5	e0f18f35aae957cf1b837ac4bc709a2a8d07cdc0	FROZEN_NO_SILENT_OVERWRITE	Inclusion freezes provenance; it does not by itself authorize a manuscript claim.
freeze_manifest	manuscript_freeze/RESULTS_FREEZE_MANIFEST.tsv	25a0bdbdfbf8b6f93d9b2c7d748f724ebd9c62780a8a74bc822a94d85a55fde6	F0352	Stage8B	tabular_result_or_audit	main_or_governance	CLM06;CLM19;CLM20	local_git_worktree	results_final/stage_8B_bulk_validation_summary.tsv	63279	8b2833a4bfc8568591a65b1ded08c9e843a478f2678a3eabfe3d30518e557cd1	e0f18f35aae957cf1b837ac4bc709a2a8d07cdc0	FROZEN_NO_SILENT_OVERWRITE	Inclusion freezes provenance; it does not by itself authorize a manuscript claim.
freeze_manifest	manuscript_freeze/RESULTS_FREEZE_MANIFEST.tsv	25a0bdbdfbf8b6f93d9b2c7d748f724ebd9c62780a8a74bc822a94d85a55fde6	F0353	Stage8B	tabular_result_or_audit	main_or_governance	CLM06;CLM19	local_git_worktree	results_final/stage_8B_meta_analysis_results.tsv	22320	89d648700d15c228215d0d601918973c82cd6925c375aa7e35f8cc9078b1a70d	e0f18f35aae957cf1b837ac4bc709a2a8d07cdc0	FROZEN_NO_SILENT_OVERWRITE	Inclusion freezes provenance; it does not by itself authorize a manuscript claim.
freeze_manifest	manuscript_freeze/RESULTS_FREEZE_MANIFEST.tsv	25a0bdbdfbf8b6f93d9b2c7d748f724ebd9c62780a8a74bc822a94d85a55fde6	F0354	Stage9A	tabular_result_or_audit	supplement_or_limit	NA	local_git_worktree	results_final/stage_9A_GSE99573_split_audit.tsv	575	17846612e143db3e3697b91c348d7b3e3a595cfc012839febc1a0db92d155235	e0f18f35aae957cf1b837ac4bc709a2a8d07cdc0	FROZEN_NO_SILENT_OVERWRITE	Inclusion freezes provenance; it does not by itself authorize a manuscript claim.
freeze_manifest	manuscript_freeze/RESULTS_FREEZE_MANIFEST.tsv	25a0bdbdfbf8b6f93d9b2c7d748f724ebd9c62780a8a74bc822a94d85a55fde6	F0355	Stage9A	tabular_result_or_audit	supplement_or_limit	NA	local_git_worktree	results_final/stage_9A_independent_acceptance_checks.tsv	1911	f746e476d27a50f5fe153da70e15e547cafa267d65cbbe445438c751a1426c55	e0f18f35aae957cf1b837ac4bc709a2a8d07cdc0	FROZEN_NO_SILENT_OVERWRITE	Inclusion freezes provenance; it does not by itself authorize a manuscript claim.
freeze_manifest	manuscript_freeze/RESULTS_FREEZE_MANIFEST.tsv	25a0bdbdfbf8b6f93d9b2c7d748f724ebd9c62780a8a74bc822a94d85a55fde6	F0356	Stage9A	tabular_result_or_audit	supplement_or_limit	NA	local_git_worktree	results_final/stage_9A_locked_gene_probe_mapping.tsv	61074	c64a40ac3a73e60dc3d90e4f92a27bd6b5abb1620e2426fcd04b35f78e85cc93	e0f18f35aae957cf1b837ac4bc709a2a8d07cdc0	FROZEN_NO_SILENT_OVERWRITE	Inclusion freezes provenance; it does not by itself authorize a manuscript claim.
freeze_manifest	manuscript_freeze/RESULTS_FREEZE_MANIFEST.tsv	25a0bdbdfbf8b6f93d9b2c7d748f724ebd9c62780a8a74bc822a94d85a55fde6	F0357	Stage9A	tabular_result_or_audit	supplement_or_limit	NA	local_git_worktree	results_final/stage_9A_locked_module_detectability_summary.tsv	517	4819b3a8f8831dbf03f929d5feb344197cb67080b254d3d05749b7c0707c541a	e0f18f35aae957cf1b837ac4bc709a2a8d07cdc0	FROZEN_NO_SILENT_OVERWRITE	Inclusion freezes provenance; it does not by itself authorize a manuscript claim.
freeze_manifest	manuscript_freeze/RESULTS_FREEZE_MANIFEST.tsv	25a0bdbdfbf8b6f93d9b2c7d748f724ebd9c62780a8a74bc822a94d85a55fde6	F0358	Stage9A	tabular_result_or_audit	supplement_or_limit	NA	local_git_worktree	results_final/stage_9A_locked_test_access_audit.tsv	6296	51e2d677bd97d7fe717ee6c85a5521911ef68d14ff90f2c1058089dfc5cc9870	e0f18f35aae957cf1b837ac4bc709a2a8d07cdc0	FROZEN_NO_SILENT_OVERWRITE	Inclusion freezes provenance; it does not by itself authorize a manuscript claim.
freeze_manifest	manuscript_freeze/RESULTS_FREEZE_MANIFEST.tsv	25a0bdbdfbf8b6f93d9b2c7d748f724ebd9c62780a8a74bc822a94d85a55fde6	F0359	Stage9A	environment	reproducibility	NA	local_git_worktree	results_final/stage_9A_software_versions.tsv	141	73bf6360a792cc03cbbfb6fc7711fce85e255db2c9781bfb37826c28c4af122a	e0f18f35aae957cf1b837ac4bc709a2a8d07cdc0	FROZEN_NO_SILENT_OVERWRITE	Inclusion freezes provenance; it does not by itself authorize a manuscript claim.
freeze_manifest	manuscript_freeze/RESULTS_FREEZE_MANIFEST.tsv	25a0bdbdfbf8b6f93d9b2c7d748f724ebd9c62780a8a74bc822a94d85a55fde6	F0360	Stage9A	tabular_result_or_audit	supplement_or_limit	NA	local_git_worktree	results_final/stage_9A_training_outlier_flags.tsv	2462	e03044df211944db76c07493d4dfaa9764e37218bafd1d812f071517327fffa0	e0f18f35aae957cf1b837ac4bc709a2a8d07cdc0	FROZEN_NO_SILENT_OVERWRITE	Inclusion freezes provenance; it does not by itself authorize a manuscript claim.
freeze_manifest	manuscript_freeze/RESULTS_FREEZE_MANIFEST.tsv	25a0bdbdfbf8b6f93d9b2c7d748f724ebd9c62780a8a74bc822a94d85a55fde6	F0361	Stage9A	tabular_result_or_audit	supplement_or_limit	NA	local_git_worktree	results_final/stage_9A_training_sample_qc_metrics.tsv	64750	c75c803398e819cf3cfe83252142bf28820ee05634202f3788842b6f5ec22160	e0f18f35aae957cf1b837ac4bc709a2a8d07cdc0	FROZEN_NO_SILENT_OVERWRITE	Inclusion freezes provenance; it does not by itself authorize a manuscript claim.
freeze_manifest	manuscript_freeze/RESULTS_FREEZE_MANIFEST.tsv	25a0bdbdfbf8b6f93d9b2c7d748f724ebd9c62780a8a74bc822a94d85a55fde6	F0362	Stage9B	source_data	supplement_or_limit	NA	local_git_worktree	results_final/stage_9B_calibration_plot_source_data.tsv	775	6642f52acae97ad4bf2da19063d4f36320fba79ab19c5cf83ac802aaef8cb29d	e0f18f35aae957cf1b837ac4bc709a2a8d07cdc0	FROZEN_NO_SILENT_OVERWRITE	Inclusion freezes provenance; it does not by itself authorize a manuscript claim.
freeze_manifest	manuscript_freeze/RESULTS_FREEZE_MANIFEST.tsv	25a0bdbdfbf8b6f93d9b2c7d748f724ebd9c62780a8a74bc822a94d85a55fde6	F0363	Stage9B	tabular_result_or_audit	supplement_or_limit	NA	local_git_worktree	results_final/stage_9B_fold_assignments.tsv	22124	1f8847a9a9003107055dd777da659fe1cd7c42f3e61cd7220335627e1d1a3a76	e0f18f35aae957cf1b837ac4bc709a2a8d07cdc0	FROZEN_NO_SILENT_OVERWRITE	Inclusion freezes provenance; it does not by itself authorize a manuscript claim.
freeze_manifest	manuscript_freeze/RESULTS_FREEZE_MANIFEST.tsv	25a0bdbdfbf8b6f93d9b2c7d748f724ebd9c62780a8a74bc822a94d85a55fde6	F0364	Stage9B	tabular_result_or_audit	supplement_or_limit	NA	local_git_worktree	results_final/stage_9B_independent_acceptance_checks.tsv	2107	9811d6c66da4f94214fb2cbdc019269d98af520d8aa4943cc2635d93163d9018	e0f18f35aae957cf1b837ac4bc709a2a8d07cdc0	FROZEN_NO_SILENT_OVERWRITE	Inclusion freezes provenance; it does not by itself authorize a manuscript claim.
freeze_manifest	manuscript_freeze/RESULTS_FREEZE_MANIFEST.tsv	25a0bdbdfbf8b6f93d9b2c7d748f724ebd9c62780a8a74bc822a94d85a55fde6	F0365	Stage9B	tabular_result_or_audit	supplement_or_limit	NA	local_git_worktree	results_final/stage_9B_locked_feature_manifest.tsv	42046	8b94e8ab5833c9ce972d721c36201c318c327d510f4f31cfc5b1110ba2f2fe01	e0f18f35aae957cf1b837ac4bc709a2a8d07cdc0	FROZEN_NO_SILENT_OVERWRITE	Inclusion freezes provenance; it does not by itself authorize a manuscript claim.
freeze_manifest	manuscript_freeze/RESULTS_FREEZE_MANIFEST.tsv	25a0bdbdfbf8b6f93d9b2c7d748f724ebd9c62780a8a74bc822a94d85a55fde6	F0366	Stage9B	tabular_result_or_audit	supplement_or_limit	NA	local_git_worktree	results_final/stage_9B_locked_model_coefficients.tsv	162493	05c07f097ac66a75a1fa98a8e6e59121c40235f37850784742e028437556cb40	e0f18f35aae957cf1b837ac4bc709a2a8d07cdc0	FROZEN_NO_SILENT_OVERWRITE	Inclusion freezes provenance; it does not by itself authorize a manuscript claim.
freeze_manifest	manuscript_freeze/RESULTS_FREEZE_MANIFEST.tsv	25a0bdbdfbf8b6f93d9b2c7d748f724ebd9c62780a8a74bc822a94d85a55fde6	F0367	Stage9B	report_or_provenance	supplement_or_limit	NA	local_git_worktree	results_final/stage_9B_locked_stool_model.sha256	173	9f76ef98a56e14b0d37ff363e76d62d089589c35abceeaacbbf65960c3786522	e0f18f35aae957cf1b837ac4bc709a2a8d07cdc0	FROZEN_NO_SILENT_OVERWRITE	Inclusion freezes provenance; it does not by itself authorize a manuscript claim.
freeze_manifest	manuscript_freeze/RESULTS_FREEZE_MANIFEST.tsv	25a0bdbdfbf8b6f93d9b2c7d748f724ebd9c62780a8a74bc822a94d85a55fde6	F0368	Stage9B	tabular_result_or_audit	supplement_or_limit	NA	local_git_worktree	results_final/stage_9B_metric_estimability_audit.tsv	1785	961db68c5853d604d6231893fa76b5caf8a2193c9a77b622dacf0f3b4324ee14	e0f18f35aae957cf1b837ac4bc709a2a8d07cdc0	FROZEN_NO_SILENT_OVERWRITE	Inclusion freezes provenance; it does not by itself authorize a manuscript claim.
freeze_manifest	manuscript_freeze/RESULTS_FREEZE_MANIFEST.tsv	25a0bdbdfbf8b6f93d9b2c7d748f724ebd9c62780a8a74bc822a94d85a55fde6	F0369	Stage9B	tabular_result_or_audit	supplement_or_limit	NA	local_git_worktree	results_final/stage_9B_model_lock_manifest.tsv	393	b082214dbb910890b227c50f9d287b2591e57a1b7caac16f7fb7b59abd553892	e0f18f35aae957cf1b837ac4bc709a2a8d07cdc0	FROZEN_NO_SILENT_OVERWRITE	Inclusion freezes provenance; it does not by itself authorize a manuscript claim.
freeze_manifest	manuscript_freeze/RESULTS_FREEZE_MANIFEST.tsv	25a0bdbdfbf8b6f93d9b2c7d748f724ebd9c62780a8a74bc822a94d85a55fde6	F0370	Stage9B	tabular_result_or_audit	supplement_or_limit	NA	local_git_worktree	results_final/stage_9B_model_lock_summary.tsv	396	db022b92535200be0247cf7e2712d6246ee082fe0793883f3fc24df0c26ef217	e0f18f35aae957cf1b837ac4bc709a2a8d07cdc0	FROZEN_NO_SILENT_OVERWRITE	Inclusion freezes provenance; it does not by itself authorize a manuscript claim.
freeze_manifest	manuscript_freeze/RESULTS_FREEZE_MANIFEST.tsv	25a0bdbdfbf8b6f93d9b2c7d748f724ebd9c62780a8a74bc822a94d85a55fde6	F0371	Stage9B	tabular_result_or_audit	supplement_or_limit	NA	local_git_worktree	results_final/stage_9B_nested_cv_performance.tsv	3741	b115524cb079e8865f02c3a85e5e14144dfa987b222735ace3ee22fa4e26469f	e0f18f35aae957cf1b837ac4bc709a2a8d07cdc0	FROZEN_NO_SILENT_OVERWRITE	Inclusion freezes provenance; it does not by itself authorize a manuscript claim.
freeze_manifest	manuscript_freeze/RESULTS_FREEZE_MANIFEST.tsv	25a0bdbdfbf8b6f93d9b2c7d748f724ebd9c62780a8a74bc822a94d85a55fde6	F0372	Stage9B	tabular_result_or_audit	supplement_or_limit	NA	local_git_worktree	results_final/stage_9B_nested_cv_predictions_training_only.tsv	70411	f7c987eb93d6b526be47ab0db6fae194b18acd2c4102f86d292ab34f29180428	e0f18f35aae957cf1b837ac4bc709a2a8d07cdc0	FROZEN_NO_SILENT_OVERWRITE	Inclusion freezes provenance; it does not by itself authorize a manuscript claim.
freeze_manifest	manuscript_freeze/RESULTS_FREEZE_MANIFEST.tsv	25a0bdbdfbf8b6f93d9b2c7d748f724ebd9c62780a8a74bc822a94d85a55fde6	F0373	Stage9B	tabular_result_or_audit	supplement_or_limit	NA	local_git_worktree	results_final/stage_9B_outer_fold_model_summary.tsv	1064	4428de9f7acbbbc2d27de02e713fac3e9b85a477af7c6c10274b5e1e02aa0ba0	e0f18f35aae957cf1b837ac4bc709a2a8d07cdc0	FROZEN_NO_SILENT_OVERWRITE	Inclusion freezes provenance; it does not by itself authorize a manuscript claim.
freeze_manifest	manuscript_freeze/RESULTS_FREEZE_MANIFEST.tsv	25a0bdbdfbf8b6f93d9b2c7d748f724ebd9c62780a8a74bc822a94d85a55fde6	F0374	Stage9B	environment	reproducibility	NA	local_git_worktree	results_final/stage_9B_software_versions.tsv	108	1867c2a1f7e4028bd7835985ff8b4edc05f326aac2f9ab39d065cfcc414d7e6d	e0f18f35aae957cf1b837ac4bc709a2a8d07cdc0	FROZEN_NO_SILENT_OVERWRITE	Inclusion freezes provenance; it does not by itself authorize a manuscript claim.
freeze_manifest	manuscript_freeze/RESULTS_FREEZE_MANIFEST.tsv	25a0bdbdfbf8b6f93d9b2c7d748f724ebd9c62780a8a74bc822a94d85a55fde6	F0375	Stage9B	tabular_result_or_audit	supplement_or_limit	NA	local_git_worktree	results_final/stage_9B_validation_checks.tsv	1866	fb95120ee18d2684b49f2f86225604aa14b177f8125611f4c83997250f485fc6	e0f18f35aae957cf1b837ac4bc709a2a8d07cdc0	FROZEN_NO_SILENT_OVERWRITE	Inclusion freezes provenance; it does not by itself authorize a manuscript claim.
freeze_manifest	manuscript_freeze/RESULTS_FREEZE_MANIFEST.tsv	25a0bdbdfbf8b6f93d9b2c7d748f724ebd9c62780a8a74bc822a94d85a55fde6	F0376	Stage9C	source_data	supplement_or_limit	NA	local_git_worktree	results_final/stage_9C_ROC_source_data.tsv	4563	1309e75dc81755e0783ff64053322c94c23506ca4dcdebbd560e038d862aaec9	e0f18f35aae957cf1b837ac4bc709a2a8d07cdc0	FROZEN_NO_SILENT_OVERWRITE	Inclusion freezes provenance; it does not by itself authorize a manuscript claim.
freeze_manifest	manuscript_freeze/RESULTS_FREEZE_MANIFEST.tsv	25a0bdbdfbf8b6f93d9b2c7d748f724ebd9c62780a8a74bc822a94d85a55fde6	F0377	Stage9C	report_or_provenance	supplement_or_limit	NA	local_git_worktree	results_final/stage_9C_analysis_outputs.md	844	e3304f8a3b2a64d87d8fe980407cd046656f8e104f8bd9815d6725cbc40256e2	e0f18f35aae957cf1b837ac4bc709a2a8d07cdc0	FROZEN_NO_SILENT_OVERWRITE	Inclusion freezes provenance; it does not by itself authorize a manuscript claim.
freeze_manifest	manuscript_freeze/RESULTS_FREEZE_MANIFEST.tsv	25a0bdbdfbf8b6f93d9b2c7d748f724ebd9c62780a8a74bc822a94d85a55fde6	F0378	Stage9C	source_data	supplement_or_limit	NA	local_git_worktree	results_final/stage_9C_calibration_source_data.tsv	902	72d28b3d8a58af3ef421efcd5d73d64f144dd97b0aa765ed82f3d071fccdf290	e0f18f35aae957cf1b837ac4bc709a2a8d07cdc0	FROZEN_NO_SILENT_OVERWRITE	Inclusion freezes provenance; it does not by itself authorize a manuscript claim.
freeze_manifest	manuscript_freeze/RESULTS_FREEZE_MANIFEST.tsv	25a0bdbdfbf8b6f93d9b2c7d748f724ebd9c62780a8a74bc822a94d85a55fde6	F0379	Stage9C	tabular_result_or_audit	supplement_or_limit	NA	local_git_worktree	results_final/stage_9C_clinical_baseline_comparison.tsv	355	ac2b0d075909d10482d4e88e3c6063f0786cf0c75f15a46411f5588be69c30b6	e0f18f35aae957cf1b837ac4bc709a2a8d07cdc0	FROZEN_NO_SILENT_OVERWRITE	Inclusion freezes provenance; it does not by itself authorize a manuscript claim.
freeze_manifest	manuscript_freeze/RESULTS_FREEZE_MANIFEST.tsv	25a0bdbdfbf8b6f93d9b2c7d748f724ebd9c62780a8a74bc822a94d85a55fde6	F0380	Stage9C	tabular_result_or_audit	supplement_or_limit	NA	local_git_worktree	results_final/stage_9C_fixed_specificity_results.tsv	727	34a7aa3b859c6434ada52a5b109f9c58cc31c1ac383e22cf25ecca00751dd997	e0f18f35aae957cf1b837ac4bc709a2a8d07cdc0	FROZEN_NO_SILENT_OVERWRITE	Inclusion freezes provenance; it does not by itself authorize a manuscript claim.
freeze_manifest	manuscript_freeze/RESULTS_FREEZE_MANIFEST.tsv	25a0bdbdfbf8b6f93d9b2c7d748f724ebd9c62780a8a74bc822a94d85a55fde6	F0381	Stage9C	tabular_result_or_audit	supplement_or_limit	NA	local_git_worktree	results_final/stage_9C_independent_acceptance_checks.tsv	1851	a7b20ac2352c417f65cbb17a14a49f204f877b75ef0bbbc06659686fc498924f	e0f18f35aae957cf1b837ac4bc709a2a8d07cdc0	FROZEN_NO_SILENT_OVERWRITE	Inclusion freezes provenance; it does not by itself authorize a manuscript claim.
freeze_manifest	manuscript_freeze/RESULTS_FREEZE_MANIFEST.tsv	25a0bdbdfbf8b6f93d9b2c7d748f724ebd9c62780a8a74bc822a94d85a55fde6	F0382	Stage9C	tabular_result_or_audit	supplement_or_limit	NA	local_git_worktree	results_final/stage_9C_independent_metric_recalculation.tsv	1256	b419f61c2089656e9c27fdd78e3fabfd7bb4abce4adead214f8e3414a0ace1cb	e0f18f35aae957cf1b837ac4bc709a2a8d07cdc0	FROZEN_NO_SILENT_OVERWRITE	Inclusion freezes provenance; it does not by itself authorize a manuscript claim.
freeze_manifest	manuscript_freeze/RESULTS_FREEZE_MANIFEST.tsv	25a0bdbdfbf8b6f93d9b2c7d748f724ebd9c62780a8a74bc822a94d85a55fde6	F0383	Stage9C	tabular_result_or_audit	supplement_or_limit	NA	local_git_worktree	results_final/stage_9C_provenance.tsv	371	0b63ab2bc0b23595624d833db35d6c4c5cee923b15755dea288041d069d3bbda	e0f18f35aae957cf1b837ac4bc709a2a8d07cdc0	FROZEN_NO_SILENT_OVERWRITE	Inclusion freezes provenance; it does not by itself authorize a manuscript claim.
freeze_manifest	manuscript_freeze/RESULTS_FREEZE_MANIFEST.tsv	25a0bdbdfbf8b6f93d9b2c7d748f724ebd9c62780a8a74bc822a94d85a55fde6	F0384	Stage9C	environment	reproducibility	NA	local_git_worktree	results_final/stage_9C_software_versions.tsv	128	fb7faf3159f650926587201e9b14a3a19c279ff8e7ccabfac80cfd5eff6cda86	e0f18f35aae957cf1b837ac4bc709a2a8d07cdc0	FROZEN_NO_SILENT_OVERWRITE	Inclusion freezes provenance; it does not by itself authorize a manuscript claim.
freeze_manifest	manuscript_freeze/RESULTS_FREEZE_MANIFEST.tsv	25a0bdbdfbf8b6f93d9b2c7d748f724ebd9c62780a8a74bc822a94d85a55fde6	F0385	Stage9C	source_data	supplement_or_limit	CLM21	local_git_worktree	results_final/stage_9C_stool_test_predictions_source_data.tsv	28941	2b1683ac58b85d166347f3f981c6873024e94739f99ce9b4b4d14e5dbc2d34ac	e0f18f35aae957cf1b837ac4bc709a2a8d07cdc0	FROZEN_NO_SILENT_OVERWRITE	Inclusion freezes provenance; it does not by itself authorize a manuscript claim.
freeze_manifest	manuscript_freeze/RESULTS_FREEZE_MANIFEST.tsv	25a0bdbdfbf8b6f93d9b2c7d748f724ebd9c62780a8a74bc822a94d85a55fde6	F0386	Stage9C	tabular_result_or_audit	supplement_or_limit	CLM07;CLM21	local_git_worktree	results_final/stage_9C_stool_test_results.tsv	4034	e2a36e264d5c6d77178f00d55c96e4c6a8f9af44a15dee60ed657bd5a8be4c24	e0f18f35aae957cf1b837ac4bc709a2a8d07cdc0	FROZEN_NO_SILENT_OVERWRITE	Inclusion freezes provenance; it does not by itself authorize a manuscript claim.
freeze_manifest	manuscript_freeze/RESULTS_FREEZE_MANIFEST.tsv	25a0bdbdfbf8b6f93d9b2c7d748f724ebd9c62780a8a74bc822a94d85a55fde6	F0387	Stage9C	tabular_result_or_audit	supplement_or_limit	NA	local_git_worktree	results_final/stage_9C_test_access_transition.tsv	2617	57d3990b27f0d3044c190e76d129f83608d51bedfed6aabcbe72f351eb4ed4dc	e0f18f35aae957cf1b837ac4bc709a2a8d07cdc0	FROZEN_NO_SILENT_OVERWRITE	Inclusion freezes provenance; it does not by itself authorize a manuscript claim.
freeze_manifest	manuscript_freeze/RESULTS_FREEZE_MANIFEST.tsv	25a0bdbdfbf8b6f93d9b2c7d748f724ebd9c62780a8a74bc822a94d85a55fde6	F0388	Stage9C	tabular_result_or_audit	supplement_or_limit	NA	local_git_worktree	results_final/stage_9C_test_feature_reconstruction_audit.tsv	23735	415cff8ca242c4a78e55cc6cd89026a7230af3e980e04dc1396912d19f89b4e7	e0f18f35aae957cf1b837ac4bc709a2a8d07cdc0	FROZEN_NO_SILENT_OVERWRITE	Inclusion freezes provenance; it does not by itself authorize a manuscript claim.
freeze_manifest	manuscript_freeze/RESULTS_FREEZE_MANIFEST.tsv	25a0bdbdfbf8b6f93d9b2c7d748f724ebd9c62780a8a74bc822a94d85a55fde6	F0389	Stage9C	tabular_result_or_audit	supplement_or_limit	NA	local_git_worktree	results_final/stage_9C_test_sample_qc_metrics.tsv	7166	0de83054a28b5ef821fb91a5013b7d365b8edb6a7cfa1c509472d5e9024e835b	e0f18f35aae957cf1b837ac4bc709a2a8d07cdc0	FROZEN_NO_SILENT_OVERWRITE	Inclusion freezes provenance; it does not by itself authorize a manuscript claim.
freeze_manifest	manuscript_freeze/RESULTS_FREEZE_MANIFEST.tsv	25a0bdbdfbf8b6f93d9b2c7d748f724ebd9c62780a8a74bc822a94d85a55fde6	F0390	Stage9C	tabular_result_or_audit	supplement_or_limit	NA	local_git_worktree	results_final/stage_9C_validation_checks.tsv	1824	5f220d4c14bfc4f1c0fd55e91c63040f751e37fce93de2fcd54917495c2781ee	e0f18f35aae957cf1b837ac4bc709a2a8d07cdc0	FROZEN_NO_SILENT_OVERWRITE	Inclusion freezes provenance; it does not by itself authorize a manuscript claim.
freeze_manifest	manuscript_freeze/RESULTS_FREEZE_MANIFEST.tsv	25a0bdbdfbf8b6f93d9b2c7d748f724ebd9c62780a8a74bc822a94d85a55fde6	F0391	Project	analysis_script	reproducibility	NA	local_git_worktree	scripts/.gitkeep	0	e3b0c44298fc1c149afbf4c8996fb92427ae41e4649b934ca495991b7852b855	e0f18f35aae957cf1b837ac4bc709a2a8d07cdc0	FROZEN_NO_SILENT_OVERWRITE	Inclusion freezes provenance; it does not by itself authorize a manuscript claim.
freeze_manifest	manuscript_freeze/RESULTS_FREEZE_MANIFEST.tsv	25a0bdbdfbf8b6f93d9b2c7d748f724ebd9c62780a8a74bc822a94d85a55fde6	F0392	Project	analysis_script	reproducibility	NA	local_git_worktree	scripts/04_download_public_data.sh	9866	c53ee7bc2466dff6cff083a0fba6885ab23931d3754e07c6eb8bb85ed1318fb7	e0f18f35aae957cf1b837ac4bc709a2a8d07cdc0	FROZEN_NO_SILENT_OVERWRITE	Inclusion freezes provenance; it does not by itself authorize a manuscript claim.
freeze_manifest	manuscript_freeze/RESULTS_FREEZE_MANIFEST.tsv	25a0bdbdfbf8b6f93d9b2c7d748f724ebd9c62780a8a74bc822a94d85a55fde6	F0393	Stage5A	analysis_script	reproducibility	NA	local_git_worktree	scripts/05A_qc_pilot.R	12127	c3e056a4ba9cf9b9f22eff09170658086ac4c4c70cd0592078275c8683e46803	e0f18f35aae957cf1b837ac4bc709a2a8d07cdc0	FROZEN_NO_SILENT_OVERWRITE	Inclusion freezes provenance; it does not by itself authorize a manuscript claim.
freeze_manifest	manuscript_freeze/RESULTS_FREEZE_MANIFEST.tsv	25a0bdbdfbf8b6f93d9b2c7d748f724ebd9c62780a8a74bc822a94d85a55fde6	F0394	Stage5B	analysis_script	reproducibility	NA	local_git_worktree	scripts/05B_audit_depth_risk.R	4520	cf0c244d35a38b8a4640646d4a7ee47a7f29092d06740c72d1a0753ce156c286	e0f18f35aae957cf1b837ac4bc709a2a8d07cdc0	FROZEN_NO_SILENT_OVERWRITE	Inclusion freezes provenance; it does not by itself authorize a manuscript claim.
freeze_manifest	manuscript_freeze/RESULTS_FREEZE_MANIFEST.tsv	25a0bdbdfbf8b6f93d9b2c7d748f724ebd9c62780a8a74bc822a94d85a55fde6	F0395	Stage5B	analysis_script	reproducibility	NA	local_git_worktree	scripts/05B_full_qc_integration.R	26450	179c1bc1b4bbdc51ab32e855745972b46ad3d318a6f8fdddf003089577493613	e0f18f35aae957cf1b837ac4bc709a2a8d07cdc0	FROZEN_NO_SILENT_OVERWRITE	Inclusion freezes provenance; it does not by itself authorize a manuscript claim.
freeze_manifest	manuscript_freeze/RESULTS_FREEZE_MANIFEST.tsv	25a0bdbdfbf8b6f93d9b2c7d748f724ebd9c62780a8a74bc822a94d85a55fde6	F0396	Stage5B	analysis_script	reproducibility	NA	local_git_worktree	scripts/05B_qc_threshold_preflight.R	3410	1c29924a760cf1bdb49ee8af52189ca31087588ee9e2da87f499a0dc3e54026c	e0f18f35aae957cf1b837ac4bc709a2a8d07cdc0	FROZEN_NO_SILENT_OVERWRITE	Inclusion freezes provenance; it does not by itself authorize a manuscript claim.
freeze_manifest	manuscript_freeze/RESULTS_FREEZE_MANIFEST.tsv	25a0bdbdfbf8b6f93d9b2c7d748f724ebd9c62780a8a74bc822a94d85a55fde6	F0397	Stage5B	analysis_script	reproducibility	NA	local_git_worktree	scripts/05B_resume_postprocess.R	12191	67a0b620c0274f5ec46831a9a1c6d538eb0a8e17b46a417a4cf9c238c1d3ef6a	e0f18f35aae957cf1b837ac4bc709a2a8d07cdc0	FROZEN_NO_SILENT_OVERWRITE	Inclusion freezes provenance; it does not by itself authorize a manuscript claim.
freeze_manifest	manuscript_freeze/RESULTS_FREEZE_MANIFEST.tsv	25a0bdbdfbf8b6f93d9b2c7d748f724ebd9c62780a8a74bc822a94d85a55fde6	F0398	Stage5B	analysis_script	reproducibility	NA	local_git_worktree	scripts/05B_run_revised.sh	691	39a53c58b7c0d5ca2f226c154741ef55771f33bad4123d42924203f03ddfb3b8	e0f18f35aae957cf1b837ac4bc709a2a8d07cdc0	FROZEN_NO_SILENT_OVERWRITE	Inclusion freezes provenance; it does not by itself authorize a manuscript claim.
freeze_manifest	manuscript_freeze/RESULTS_FREEZE_MANIFEST.tsv	25a0bdbdfbf8b6f93d9b2c7d748f724ebd9c62780a8a74bc822a94d85a55fde6	F0399	Stage5B	analysis_script	reproducibility	NA	local_git_worktree	scripts/05B_validate_outputs.R	6756	32887997e432f8a5ac52efcf57a669cc8623408bf648766ebbee46f4c9c99e14	e0f18f35aae957cf1b837ac4bc709a2a8d07cdc0	FROZEN_NO_SILENT_OVERWRITE	Inclusion freezes provenance; it does not by itself authorize a manuscript claim.
freeze_manifest	manuscript_freeze/RESULTS_FREEZE_MANIFEST.tsv	25a0bdbdfbf8b6f93d9b2c7d748f724ebd9c62780a8a74bc822a94d85a55fde6	F0400	Stage5C	analysis_script	reproducibility	NA	local_git_worktree	scripts/05C_apply_major_epithelial_discovery.R	16783	b75f158cfe5b925389f7a1832ca98c044b60abadd38ada6a628be19ee3c6e497	e0f18f35aae957cf1b837ac4bc709a2a8d07cdc0	FROZEN_NO_SILENT_OVERWRITE	Inclusion freezes provenance; it does not by itself authorize a manuscript claim.
freeze_manifest	manuscript_freeze/RESULTS_FREEZE_MANIFEST.tsv	25a0bdbdfbf8b6f93d9b2c7d748f724ebd9c62780a8a74bc822a94d85a55fde6	F0401	Stage5C	analysis_script	reproducibility	NA	local_git_worktree	scripts/05C_audit_epithelial_integration.R	6951	13e0063e35a85dc45be728d3960ebc944707f0b7f6f5200e23a7d28fd3dd2d5b	e0f18f35aae957cf1b837ac4bc709a2a8d07cdc0	FROZEN_NO_SILENT_OVERWRITE	Inclusion freezes provenance; it does not by itself authorize a manuscript claim.
freeze_manifest	manuscript_freeze/RESULTS_FREEZE_MANIFEST.tsv	25a0bdbdfbf8b6f93d9b2c7d748f724ebd9c62780a8a74bc822a94d85a55fde6	F0402	Stage5C	analysis_script	reproducibility	NA	local_git_worktree	scripts/05C_blind_ambiguous_marker_audit.R	2577	dfea5120da116975a3a9b5596eb88c05413975bd177b51248dd19247f04f857c	e0f18f35aae957cf1b837ac4bc709a2a8d07cdc0	FROZEN_NO_SILENT_OVERWRITE	Inclusion freezes provenance; it does not by itself authorize a manuscript claim.
freeze_manifest	manuscript_freeze/RESULTS_FREEZE_MANIFEST.tsv	25a0bdbdfbf8b6f93d9b2c7d748f724ebd9c62780a8a74bc822a94d85a55fde6	F0403	Stage5C	analysis_script	reproducibility	NA	local_git_worktree	scripts/05C_descriptive_audit.R	6241	269d1625e8f9875627bc64b56baa8c69c6339429d3d1d9775698f2f145f1ce48	e0f18f35aae957cf1b837ac4bc709a2a8d07cdc0	FROZEN_NO_SILENT_OVERWRITE	Inclusion freezes provenance; it does not by itself authorize a manuscript claim.
freeze_manifest	manuscript_freeze/RESULTS_FREEZE_MANIFEST.tsv	25a0bdbdfbf8b6f93d9b2c7d748f724ebd9c62780a8a74bc822a94d85a55fde6	F0404	Stage5C	analysis_script	reproducibility	NA	local_git_worktree	scripts/05C_finalize_annotations.R	12396	b0cc19e9cfc0aa4cba0963a088a4b456fe374b27a21824df04ec18b5505a0a79	e0f18f35aae957cf1b837ac4bc709a2a8d07cdc0	FROZEN_NO_SILENT_OVERWRITE	Inclusion freezes provenance; it does not by itself authorize a manuscript claim.
freeze_manifest	manuscript_freeze/RESULTS_FREEZE_MANIFEST.tsv	25a0bdbdfbf8b6f93d9b2c7d748f724ebd9c62780a8a74bc822a94d85a55fde6	F0405	Stage5C	analysis_script	reproducibility	NA	local_git_worktree	scripts/05C_inspect_copykat_install.R	2103	0ef126e558116dcb791f875c21cd41dbcc1922b82e7198d22d37c4641c1401ad	e0f18f35aae957cf1b837ac4bc709a2a8d07cdc0	FROZEN_NO_SILENT_OVERWRITE	Inclusion freezes provenance; it does not by itself authorize a manuscript claim.
freeze_manifest	manuscript_freeze/RESULTS_FREEZE_MANIFEST.tsv	25a0bdbdfbf8b6f93d9b2c7d748f724ebd9c62780a8a74bc822a94d85a55fde6	F0406	Stage5C	analysis_script	reproducibility	NA	local_git_worktree	scripts/05C_install_copykat.R	4629	b6d1688f5e989b96f08d540adbeff815b9d69abe64bcde91bec2e5bdf43772c7	e0f18f35aae957cf1b837ac4bc709a2a8d07cdc0	FROZEN_NO_SILENT_OVERWRITE	Inclusion freezes provenance; it does not by itself authorize a manuscript claim.
freeze_manifest	manuscript_freeze/RESULTS_FREEZE_MANIFEST.tsv	25a0bdbdfbf8b6f93d9b2c7d748f724ebd9c62780a8a74bc822a94d85a55fde6	F0407	Stage5C	analysis_script	reproducibility	NA	local_git_worktree	scripts/05C_major_annotation_discovery.R	12395	2bceaedf13cbff8a8020698b18263c7c91b34a2185bceb2824cb97d58722c237	e0f18f35aae957cf1b837ac4bc709a2a8d07cdc0	FROZEN_NO_SILENT_OVERWRITE	Inclusion freezes provenance; it does not by itself authorize a manuscript claim.
freeze_manifest	manuscript_freeze/RESULTS_FREEZE_MANIFEST.tsv	25a0bdbdfbf8b6f93d9b2c7d748f724ebd9c62780a8a74bc822a94d85a55fde6	F0408	Stage5C	analysis_script	reproducibility	NA	local_git_worktree	scripts/05C_prepare_copykat_inputs.R	9487	aa62f8d83c6ff76911d36457ff23b086ccb56674f3866881b5aeadbfa73fa461	e0f18f35aae957cf1b837ac4bc709a2a8d07cdc0	FROZEN_NO_SILENT_OVERWRITE	Inclusion freezes provenance; it does not by itself authorize a manuscript claim.
freeze_manifest	manuscript_freeze/RESULTS_FREEZE_MANIFEST.tsv	25a0bdbdfbf8b6f93d9b2c7d748f724ebd9c62780a8a74bc822a94d85a55fde6	F0409	Stage5C	analysis_script	reproducibility	NA	local_git_worktree	scripts/05C_regenerate_copykat_barplot.R	1828	bbf4037c5b8f192eadd7e0d581c2e78fe89ebe4666ed00477a22df40fcb4dfa5	e0f18f35aae957cf1b837ac4bc709a2a8d07cdc0	FROZEN_NO_SILENT_OVERWRITE	Inclusion freezes provenance; it does not by itself authorize a manuscript claim.
freeze_manifest	manuscript_freeze/RESULTS_FREEZE_MANIFEST.tsv	25a0bdbdfbf8b6f93d9b2c7d748f724ebd9c62780a8a74bc822a94d85a55fde6	F0410	Stage5C	analysis_script	reproducibility	NA	local_git_worktree	scripts/05C_remote_preflight.sh	759	e091edb8851fc09cf40df7a196b215f5365d666a005a04759b97ed74f3d94f15	e0f18f35aae957cf1b837ac4bc709a2a8d07cdc0	FROZEN_NO_SILENT_OVERWRITE	Inclusion freezes provenance; it does not by itself authorize a manuscript claim.
freeze_manifest	manuscript_freeze/RESULTS_FREEZE_MANIFEST.tsv	25a0bdbdfbf8b6f93d9b2c7d748f724ebd9c62780a8a74bc822a94d85a55fde6	F0411	Stage5C	analysis_script	reproducibility	NA	local_git_worktree	scripts/05C_run_copykat_all.sh	2484	1c67860ad783775a65853079f0d0d3e831b7a38c4bb9cf094b41211154f5d9af	e0f18f35aae957cf1b837ac4bc709a2a8d07cdc0	FROZEN_NO_SILENT_OVERWRITE	Inclusion freezes provenance; it does not by itself authorize a manuscript claim.
freeze_manifest	manuscript_freeze/RESULTS_FREEZE_MANIFEST.tsv	25a0bdbdfbf8b6f93d9b2c7d748f724ebd9c62780a8a74bc822a94d85a55fde6	F0412	Stage5C	analysis_script	reproducibility	NA	local_git_worktree	scripts/05C_run_copykat_prepare.sh	472	c7ca181a76e47a816648d67fd53f0f6d260e6052d9fdc29b55127b9e6eff3783	e0f18f35aae957cf1b837ac4bc709a2a8d07cdc0	FROZEN_NO_SILENT_OVERWRITE	Inclusion freezes provenance; it does not by itself authorize a manuscript claim.
freeze_manifest	manuscript_freeze/RESULTS_FREEZE_MANIFEST.tsv	25a0bdbdfbf8b6f93d9b2c7d748f724ebd9c62780a8a74bc822a94d85a55fde6	F0413	Stage5C	analysis_script	reproducibility	NA	local_git_worktree	scripts/05C_run_copykat_sample.R	6278	ee1859515e872d114c97b674f5f21705fb3728858e9adf940b0c2af4657b36e8	e0f18f35aae957cf1b837ac4bc709a2a8d07cdc0	FROZEN_NO_SILENT_OVERWRITE	Inclusion freezes provenance; it does not by itself authorize a manuscript claim.
freeze_manifest	manuscript_freeze/RESULTS_FREEZE_MANIFEST.tsv	25a0bdbdfbf8b6f93d9b2c7d748f724ebd9c62780a8a74bc822a94d85a55fde6	F0414	Stage5C	analysis_script	reproducibility	NA	local_git_worktree	scripts/05C_run_copykat_summary.sh	462	597c42a1074ec5fa3746cbc150650002f4bc1beffb050b35870156b0a9e97440	e0f18f35aae957cf1b837ac4bc709a2a8d07cdc0	FROZEN_NO_SILENT_OVERWRITE	Inclusion freezes provenance; it does not by itself authorize a manuscript claim.
freeze_manifest	manuscript_freeze/RESULTS_FREEZE_MANIFEST.tsv	25a0bdbdfbf8b6f93d9b2c7d748f724ebd9c62780a8a74bc822a94d85a55fde6	F0415	Stage5C	analysis_script	reproducibility	NA	local_git_worktree	scripts/05C_run_epithelial_discovery.sh	757	6ac8523042a2115e7bafc44b6e284e039285781642c2b4d3ec0ef1e6fbe96152	e0f18f35aae957cf1b837ac4bc709a2a8d07cdc0	FROZEN_NO_SILENT_OVERWRITE	Inclusion freezes provenance; it does not by itself authorize a manuscript claim.
freeze_manifest	manuscript_freeze/RESULTS_FREEZE_MANIFEST.tsv	25a0bdbdfbf8b6f93d9b2c7d748f724ebd9c62780a8a74bc822a94d85a55fde6	F0416	Stage5C	analysis_script	reproducibility	NA	local_git_worktree	scripts/05C_run_finalize_annotations.sh	671	4030431132d474613cd2ea6a4eaa8bcc9e2d5111eb48d83594f599d742c0ac9c	e0f18f35aae957cf1b837ac4bc709a2a8d07cdc0	FROZEN_NO_SILENT_OVERWRITE	Inclusion freezes provenance; it does not by itself authorize a manuscript claim.
freeze_manifest	manuscript_freeze/RESULTS_FREEZE_MANIFEST.tsv	25a0bdbdfbf8b6f93d9b2c7d748f724ebd9c62780a8a74bc822a94d85a55fde6	F0417	Stage5C	analysis_script	reproducibility	NA	local_git_worktree	scripts/05C_run_major.sh	753	01bc42672ee54e8c596df67defd834951a4b50c0af20943c345ca1275ed23209	e0f18f35aae957cf1b837ac4bc709a2a8d07cdc0	FROZEN_NO_SILENT_OVERWRITE	Inclusion freezes provenance; it does not by itself authorize a manuscript claim.
freeze_manifest	manuscript_freeze/RESULTS_FREEZE_MANIFEST.tsv	25a0bdbdfbf8b6f93d9b2c7d748f724ebd9c62780a8a74bc822a94d85a55fde6	F0418	Stage5C	analysis_script	reproducibility	NA	local_git_worktree	scripts/05C_run_validation.sh	472	399a03f097ab321a7f8fdf4b710a1427ff6bd62d32f785fcbb1e23daaf737f24	e0f18f35aae957cf1b837ac4bc709a2a8d07cdc0	FROZEN_NO_SILENT_OVERWRITE	Inclusion freezes provenance; it does not by itself authorize a manuscript claim.
freeze_manifest	manuscript_freeze/RESULTS_FREEZE_MANIFEST.tsv	25a0bdbdfbf8b6f93d9b2c7d748f724ebd9c62780a8a74bc822a94d85a55fde6	F0419	Stage5C	analysis_script	reproducibility	NA	local_git_worktree	scripts/05C_runtime_preflight.R	2978	b1207a92d729c1be1d7b9bec04c05cb254938dae6ab226c4ef1bc8a6a7f3114f	e0f18f35aae957cf1b837ac4bc709a2a8d07cdc0	FROZEN_NO_SILENT_OVERWRITE	Inclusion freezes provenance; it does not by itself authorize a manuscript claim.
freeze_manifest	manuscript_freeze/RESULTS_FREEZE_MANIFEST.tsv	25a0bdbdfbf8b6f93d9b2c7d748f724ebd9c62780a8a74bc822a94d85a55fde6	F0420	Stage5C	analysis_script	reproducibility	NA	local_git_worktree	scripts/05C_summarize_copykat.R	15242	8974b94f92ab72c59dd33cdcb2dc263b8cac905b30c4a9c6f4741e6339b1d8f2	e0f18f35aae957cf1b837ac4bc709a2a8d07cdc0	FROZEN_NO_SILENT_OVERWRITE	Inclusion freezes provenance; it does not by itself authorize a manuscript claim.
freeze_manifest	manuscript_freeze/RESULTS_FREEZE_MANIFEST.tsv	25a0bdbdfbf8b6f93d9b2c7d748f724ebd9c62780a8a74bc822a94d85a55fde6	F0421	Stage5C	analysis_script	reproducibility	NA	local_git_worktree	scripts/05C_validate_outputs.R	9929	058ff56a93034373dd2cf2d00068ce9fd4c396842b08cedac61685612193fa0d	e0f18f35aae957cf1b837ac4bc709a2a8d07cdc0	FROZEN_NO_SILENT_OVERWRITE	Inclusion freezes provenance; it does not by itself authorize a manuscript claim.
freeze_manifest	manuscript_freeze/RESULTS_FREEZE_MANIFEST.tsv	25a0bdbdfbf8b6f93d9b2c7d748f724ebd9c62780a8a74bc822a94d85a55fde6	F0422	Stage6A	analysis_script	reproducibility	NA	local_git_worktree	scripts/06A_amendment_exploratory.R	33818	3b77a40415e8bbfee7f3c00c1bfef87f81330337bb5c2e8c6ee3795541cab7e5	e0f18f35aae957cf1b837ac4bc709a2a8d07cdc0	FROZEN_NO_SILENT_OVERWRITE	Inclusion freezes provenance; it does not by itself authorize a manuscript claim.
freeze_manifest	manuscript_freeze/RESULTS_FREEZE_MANIFEST.tsv	25a0bdbdfbf8b6f93d9b2c7d748f724ebd9c62780a8a74bc822a94d85a55fde6	F0423	Stage6A	analysis_script	reproducibility	NA	local_git_worktree	scripts/06A_amendment_smoke_test.R	3588	00ea1ce9ac58dc7f9404f1ae90caeb7f16a5d714ad8ac3bc8edb05f395127604	e0f18f35aae957cf1b837ac4bc709a2a8d07cdc0	FROZEN_NO_SILENT_OVERWRITE	Inclusion freezes provenance; it does not by itself authorize a manuscript claim.
freeze_manifest	manuscript_freeze/RESULTS_FREEZE_MANIFEST.tsv	25a0bdbdfbf8b6f93d9b2c7d748f724ebd9c62780a8a74bc822a94d85a55fde6	F0424	Stage6A	analysis_script	reproducibility	NA	local_git_worktree	scripts/06A_independent_audit.R	6907	8cfed7522d6c42dccdfafd44446b71c2b8bc30cc2fbb65b45d27dd1fc01d7f0f	e0f18f35aae957cf1b837ac4bc709a2a8d07cdc0	FROZEN_NO_SILENT_OVERWRITE	Inclusion freezes provenance; it does not by itself authorize a manuscript claim.
freeze_manifest	manuscript_freeze/RESULTS_FREEZE_MANIFEST.tsv	25a0bdbdfbf8b6f93d9b2c7d748f724ebd9c62780a8a74bc822a94d85a55fde6	F0425	Stage6A	analysis_script	reproducibility	NA	local_git_worktree	scripts/06A_preflight.R	2859	cf842c60317c9c3930f799ea122bfc824dcccb778d2bbb50ffe268cd30eecce4	e0f18f35aae957cf1b837ac4bc709a2a8d07cdc0	FROZEN_NO_SILENT_OVERWRITE	Inclusion freezes provenance; it does not by itself authorize a manuscript claim.
freeze_manifest	manuscript_freeze/RESULTS_FREEZE_MANIFEST.tsv	25a0bdbdfbf8b6f93d9b2c7d748f724ebd9c62780a8a74bc822a94d85a55fde6	F0426	Stage6A	analysis_script	reproducibility	NA	local_git_worktree	scripts/06A_pseudobulk_discovery.R	33746	41ec38f320b63da7765dd63962a8b6912e400566dcdf5110c62d27204480f9c1	e0f18f35aae957cf1b837ac4bc709a2a8d07cdc0	FROZEN_NO_SILENT_OVERWRITE	Inclusion freezes provenance; it does not by itself authorize a manuscript claim.
freeze_manifest	manuscript_freeze/RESULTS_FREEZE_MANIFEST.tsv	25a0bdbdfbf8b6f93d9b2c7d748f724ebd9c62780a8a74bc822a94d85a55fde6	F0427	Stage6A	analysis_script	reproducibility	NA	local_git_worktree	scripts/06A_run_amendment_server.sh	2576	40c1c20a9151c30c11fe6358ce27eb01afccdf6b22117856a0abff0862b96705	e0f18f35aae957cf1b837ac4bc709a2a8d07cdc0	FROZEN_NO_SILENT_OVERWRITE	Inclusion freezes provenance; it does not by itself authorize a manuscript claim.
freeze_manifest	manuscript_freeze/RESULTS_FREEZE_MANIFEST.tsv	25a0bdbdfbf8b6f93d9b2c7d748f724ebd9c62780a8a74bc822a94d85a55fde6	F0428	Stage6A	analysis_script	reproducibility	NA	local_git_worktree	scripts/06A_run_server.sh	2180	8c2efb2c155ee99785a056d33bbf24ab5839d91564b747531ca086aedeb23f98	e0f18f35aae957cf1b837ac4bc709a2a8d07cdc0	FROZEN_NO_SILENT_OVERWRITE	Inclusion freezes provenance; it does not by itself authorize a manuscript claim.
freeze_manifest	manuscript_freeze/RESULTS_FREEZE_MANIFEST.tsv	25a0bdbdfbf8b6f93d9b2c7d748f724ebd9c62780a8a74bc822a94d85a55fde6	F0429	Stage6A	analysis_script	reproducibility	NA	local_git_worktree	scripts/06A_smoke_test.R	3108	9ed826374d63d74bbd774d9ead075e7880c9d31a55da1a8fc4d38299ae81f833	e0f18f35aae957cf1b837ac4bc709a2a8d07cdc0	FROZEN_NO_SILENT_OVERWRITE	Inclusion freezes provenance; it does not by itself authorize a manuscript claim.
freeze_manifest	manuscript_freeze/RESULTS_FREEZE_MANIFEST.tsv	25a0bdbdfbf8b6f93d9b2c7d748f724ebd9c62780a8a74bc822a94d85a55fde6	F0430	Stage6A	analysis_script	reproducibility	NA	local_git_worktree	scripts/06A_syntax_check.R	569	2ead8ecb29e9199437c8e7a6e6e4e760b2527a4b52f793622739e3e99a70e1e8	e0f18f35aae957cf1b837ac4bc709a2a8d07cdc0	FROZEN_NO_SILENT_OVERWRITE	Inclusion freezes provenance; it does not by itself authorize a manuscript claim.
freeze_manifest	manuscript_freeze/RESULTS_FREEZE_MANIFEST.tsv	25a0bdbdfbf8b6f93d9b2c7d748f724ebd9c62780a8a74bc822a94d85a55fde6	F0431	Stage6A	analysis_script	reproducibility	NA	local_git_worktree	scripts/06A_validate_amendment.R	6593	506c3dfc495b68fbaa8b41e9a29788e56cdc27bcc7ef39aeea2cb39f58407506	e0f18f35aae957cf1b837ac4bc709a2a8d07cdc0	FROZEN_NO_SILENT_OVERWRITE	Inclusion freezes provenance; it does not by itself authorize a manuscript claim.
freeze_manifest	manuscript_freeze/RESULTS_FREEZE_MANIFEST.tsv	25a0bdbdfbf8b6f93d9b2c7d748f724ebd9c62780a8a74bc822a94d85a55fde6	F0432	Stage6A	analysis_script	reproducibility	NA	local_git_worktree	scripts/06A_validate_outputs.R	6288	7c5dbd058a12acd967e28106ac80ba9f9f9a72a0722c09abba7b4067e374448d	e0f18f35aae957cf1b837ac4bc709a2a8d07cdc0	FROZEN_NO_SILENT_OVERWRITE	Inclusion freezes provenance; it does not by itself authorize a manuscript claim.
freeze_manifest	manuscript_freeze/RESULTS_FREEZE_MANIFEST.tsv	25a0bdbdfbf8b6f93d9b2c7d748f724ebd9c62780a8a74bc822a94d85a55fde6	F0433	Stage6B	analysis_script	reproducibility	NA	local_git_worktree	scripts/06B_acceptance_qc.R	7543	9d5b3fc55d0b11ec6794284f9ea1b7d068585d0ea2d5c5cccae4d9091b0a43d6	e0f18f35aae957cf1b837ac4bc709a2a8d07cdc0	FROZEN_NO_SILENT_OVERWRITE	Inclusion freezes provenance; it does not by itself authorize a manuscript claim.
freeze_manifest	manuscript_freeze/RESULTS_FREEZE_MANIFEST.tsv	25a0bdbdfbf8b6f93d9b2c7d748f724ebd9c62780a8a74bc822a94d85a55fde6	F0434	Stage6B	analysis_script	reproducibility	NA	local_git_worktree	scripts/06B_finalize_report.R	8379	b1fd3803ed9dc14631934b1fa7cb1baf989b8acf8620e9ec45734b79745a3807	e0f18f35aae957cf1b837ac4bc709a2a8d07cdc0	FROZEN_NO_SILENT_OVERWRITE	Inclusion freezes provenance; it does not by itself authorize a manuscript claim.
freeze_manifest	manuscript_freeze/RESULTS_FREEZE_MANIFEST.tsv	25a0bdbdfbf8b6f93d9b2c7d748f724ebd9c62780a8a74bc822a94d85a55fde6	F0435	Stage6B	analysis_script	reproducibility	NA	local_git_worktree	scripts/06B_install_dependencies.R	7037	9ed3853844d9e74d59b51b830e322e7bbaaed2f736eb583cbe374d17751a5e52	e0f18f35aae957cf1b837ac4bc709a2a8d07cdc0	FROZEN_NO_SILENT_OVERWRITE	Inclusion freezes provenance; it does not by itself authorize a manuscript claim.
freeze_manifest	manuscript_freeze/RESULTS_FREEZE_MANIFEST.tsv	25a0bdbdfbf8b6f93d9b2c7d748f724ebd9c62780a8a74bc822a94d85a55fde6	F0436	Stage6B	analysis_script	reproducibility	NA	local_git_worktree	scripts/06B_liana_donor_communication.R	21196	53e55dabad32efa267c7acc7f8e5835aca85f8fc0adb3c193ff651c8936b49f8	e0f18f35aae957cf1b837ac4bc709a2a8d07cdc0	FROZEN_NO_SILENT_OVERWRITE	Inclusion freezes provenance; it does not by itself authorize a manuscript claim.
freeze_manifest	manuscript_freeze/RESULTS_FREEZE_MANIFEST.tsv	25a0bdbdfbf8b6f93d9b2c7d748f724ebd9c62780a8a74bc822a94d85a55fde6	F0437	Stage6B	analysis_script	reproducibility	NA	local_git_worktree	scripts/06B_preflight.R	6418	cc4959b4fce52f1a84d0208deff6de6107369347aed6d564041446c6f1fec25f	e0f18f35aae957cf1b837ac4bc709a2a8d07cdc0	FROZEN_NO_SILENT_OVERWRITE	Inclusion freezes provenance; it does not by itself authorize a manuscript claim.
freeze_manifest	manuscript_freeze/RESULTS_FREEZE_MANIFEST.tsv	25a0bdbdfbf8b6f93d9b2c7d748f724ebd9c62780a8a74bc822a94d85a55fde6	F0438	Stage6B	analysis_script	reproducibility	NA	local_git_worktree	scripts/06B_qc_fix_communication.sh	2292	4ea17d0261df976041f1c3de0d43a99e2f60f052f3cf5637b89d76aad6b12644	e0f18f35aae957cf1b837ac4bc709a2a8d07cdc0	FROZEN_NO_SILENT_OVERWRITE	Inclusion freezes provenance; it does not by itself authorize a manuscript claim.
freeze_manifest	manuscript_freeze/RESULTS_FREEZE_MANIFEST.tsv	25a0bdbdfbf8b6f93d9b2c7d748f724ebd9c62780a8a74bc822a94d85a55fde6	F0439	Stage6B	analysis_script	reproducibility	NA	local_git_worktree	scripts/06B_real_data_pilot.R	5402	c76b66b1940cea621361aea0f9d1babd98438939d87c8b7d3e1c2b9184cda5f1	e0f18f35aae957cf1b837ac4bc709a2a8d07cdc0	FROZEN_NO_SILENT_OVERWRITE	Inclusion freezes provenance; it does not by itself authorize a manuscript claim.
freeze_manifest	manuscript_freeze/RESULTS_FREEZE_MANIFEST.tsv	25a0bdbdfbf8b6f93d9b2c7d748f724ebd9c62780a8a74bc822a94d85a55fde6	F0440	Stage6B	analysis_script	reproducibility	NA	local_git_worktree	scripts/06B_regulator_pathway.R	18006	7e9e42669bdf2a0a28a69f0d61636ab8d1cf188869434653d6c567e240a6c672	e0f18f35aae957cf1b837ac4bc709a2a8d07cdc0	FROZEN_NO_SILENT_OVERWRITE	Inclusion freezes provenance; it does not by itself authorize a manuscript claim.
freeze_manifest	manuscript_freeze/RESULTS_FREEZE_MANIFEST.tsv	25a0bdbdfbf8b6f93d9b2c7d748f724ebd9c62780a8a74bc822a94d85a55fde6	F0441	Stage6B	analysis_script	reproducibility	NA	local_git_worktree	scripts/06B_run_server.sh	3260	f31eccaa12834974c535bc3a46aa4ee6fbf504203473308fa2f299f1f321c909	e0f18f35aae957cf1b837ac4bc709a2a8d07cdc0	FROZEN_NO_SILENT_OVERWRITE	Inclusion freezes provenance; it does not by itself authorize a manuscript claim.
freeze_manifest	manuscript_freeze/RESULTS_FREEZE_MANIFEST.tsv	25a0bdbdfbf8b6f93d9b2c7d748f724ebd9c62780a8a74bc822a94d85a55fde6	F0442	Stage6B	analysis_script	reproducibility	NA	local_git_worktree	scripts/06B_smoke_test.R	3000	6ee8d6ff4cba374340bef2f2c75b7c877ca93c41bd092dddfa69a3ee20252685	e0f18f35aae957cf1b837ac4bc709a2a8d07cdc0	FROZEN_NO_SILENT_OVERWRITE	Inclusion freezes provenance; it does not by itself authorize a manuscript claim.
freeze_manifest	manuscript_freeze/RESULTS_FREEZE_MANIFEST.tsv	25a0bdbdfbf8b6f93d9b2c7d748f724ebd9c62780a8a74bc822a94d85a55fde6	F0443	Stage6B	analysis_script	reproducibility	NA	local_git_worktree	scripts/06B_syntax_check.R	605	9d865c39a46827457b4bdf9f5d6aafb919e1b6bcad81ba4e661ead59e1b0fa62	e0f18f35aae957cf1b837ac4bc709a2a8d07cdc0	FROZEN_NO_SILENT_OVERWRITE	Inclusion freezes provenance; it does not by itself authorize a manuscript claim.
freeze_manifest	manuscript_freeze/RESULTS_FREEZE_MANIFEST.tsv	25a0bdbdfbf8b6f93d9b2c7d748f724ebd9c62780a8a74bc822a94d85a55fde6	F0444	Stage6B	analysis_script	reproducibility	NA	local_git_worktree	scripts/06B_trajectory_tradeSeq.R	21236	d23c3ab8d3003ee388102c345a1e2d84e12bec3019c0a835fee45e167ab36d92	e0f18f35aae957cf1b837ac4bc709a2a8d07cdc0	FROZEN_NO_SILENT_OVERWRITE	Inclusion freezes provenance; it does not by itself authorize a manuscript claim.
freeze_manifest	manuscript_freeze/RESULTS_FREEZE_MANIFEST.tsv	25a0bdbdfbf8b6f93d9b2c7d748f724ebd9c62780a8a74bc822a94d85a55fde6	F0445	Stage6B	analysis_script	reproducibility	NA	local_git_worktree	scripts/06B_update_result_registry.R	3385	f25b8fda0e7969027254a764cc8ac5bb96a9cae352a09dbe5e682c57a03c2934	e0f18f35aae957cf1b837ac4bc709a2a8d07cdc0	FROZEN_NO_SILENT_OVERWRITE	Inclusion freezes provenance; it does not by itself authorize a manuscript claim.
freeze_manifest	manuscript_freeze/RESULTS_FREEZE_MANIFEST.tsv	25a0bdbdfbf8b6f93d9b2c7d748f724ebd9c62780a8a74bc822a94d85a55fde6	F0446	Stage6B	analysis_script	reproducibility	NA	local_git_worktree	scripts/06B_validate_outputs.R	12000	914fd1d7321d592d7069f6915ab8f1d72fb9fa182623d6088894f1dc9af10dfe	e0f18f35aae957cf1b837ac4bc709a2a8d07cdc0	FROZEN_NO_SILENT_OVERWRITE	Inclusion freezes provenance; it does not by itself authorize a manuscript claim.
freeze_manifest	manuscript_freeze/RESULTS_FREEZE_MANIFEST.tsv	25a0bdbdfbf8b6f93d9b2c7d748f724ebd9c62780a8a74bc822a94d85a55fde6	F0447	Stage7	analysis_script	reproducibility	NA	local_git_worktree	scripts/07_acceptance_qc.R	11056	48e5adbc0380a099b4b2767f2ff46f6bc04f92fd853a4e01e3069167040c7fd4	e0f18f35aae957cf1b837ac4bc709a2a8d07cdc0	FROZEN_NO_SILENT_OVERWRITE	Inclusion freezes provenance; it does not by itself authorize a manuscript claim.
freeze_manifest	manuscript_freeze/RESULTS_FREEZE_MANIFEST.tsv	25a0bdbdfbf8b6f93d9b2c7d748f724ebd9c62780a8a74bc822a94d85a55fde6	F0448	Stage7	analysis_script	reproducibility	NA	local_git_worktree	scripts/07_finalize_report.R	9050	6db065f1f72d9edf835049a9e89a766783f6bb3c3c0e588b707b1655be871dc7	e0f18f35aae957cf1b837ac4bc709a2a8d07cdc0	FROZEN_NO_SILENT_OVERWRITE	Inclusion freezes provenance; it does not by itself authorize a manuscript claim.
freeze_manifest	manuscript_freeze/RESULTS_FREEZE_MANIFEST.tsv	25a0bdbdfbf8b6f93d9b2c7d748f724ebd9c62780a8a74bc822a94d85a55fde6	F0449	Stage7	analysis_script	reproducibility	NA	local_git_worktree	scripts/07_helpers.R	13401	20134707a85a2b4780d58d497cf2a277ce5d8b346b0946eed92a6adada76249f	e0f18f35aae957cf1b837ac4bc709a2a8d07cdc0	FROZEN_NO_SILENT_OVERWRITE	Inclusion freezes provenance; it does not by itself authorize a manuscript claim.
freeze_manifest	manuscript_freeze/RESULTS_FREEZE_MANIFEST.tsv	25a0bdbdfbf8b6f93d9b2c7d748f724ebd9c62780a8a74bc822a94d85a55fde6	F0450	Stage7	analysis_script	reproducibility	NA	local_git_worktree	scripts/07_install_dependencies.R	1689	fbf4629c5ee82885ec2afe9667faee3e50b514917c6c1fe9acdfc67d2c98b9a0	e0f18f35aae957cf1b837ac4bc709a2a8d07cdc0	FROZEN_NO_SILENT_OVERWRITE	Inclusion freezes provenance; it does not by itself authorize a manuscript claim.
freeze_manifest	manuscript_freeze/RESULTS_FREEZE_MANIFEST.tsv	25a0bdbdfbf8b6f93d9b2c7d748f724ebd9c62780a8a74bc822a94d85a55fde6	F0451	Stage7	analysis_script	reproducibility	NA	local_git_worktree	scripts/07_model_preflight.R	5544	44bacd326df6c5e89296d9d7d7af78b44ac80751ee8bc89c7dbeea2b69d88ef1	e0f18f35aae957cf1b837ac4bc709a2a8d07cdc0	FROZEN_NO_SILENT_OVERWRITE	Inclusion freezes provenance; it does not by itself authorize a manuscript claim.
freeze_manifest	manuscript_freeze/RESULTS_FREEZE_MANIFEST.tsv	25a0bdbdfbf8b6f93d9b2c7d748f724ebd9c62780a8a74bc822a94d85a55fde6	F0452	Stage7	analysis_script	reproducibility	NA	local_git_worktree	scripts/07_preflight.R	3405	e37c38e8e9967783d820aad66039fc538b23fad8477727c16567d13345032164	e0f18f35aae957cf1b837ac4bc709a2a8d07cdc0	FROZEN_NO_SILENT_OVERWRITE	Inclusion freezes provenance; it does not by itself authorize a manuscript claim.
freeze_manifest	manuscript_freeze/RESULTS_FREEZE_MANIFEST.tsv	25a0bdbdfbf8b6f93d9b2c7d748f724ebd9c62780a8a74bc822a94d85a55fde6	F0453	Stage7	analysis_script	reproducibility	NA	local_git_worktree	scripts/07_prepare_GSE132465.R	9359	f0af014a0990fc4285bf391b053470281701ab8d08be3309c54c065d6e15d924	e0f18f35aae957cf1b837ac4bc709a2a8d07cdc0	FROZEN_NO_SILENT_OVERWRITE	Inclusion freezes provenance; it does not by itself authorize a manuscript claim.
freeze_manifest	manuscript_freeze/RESULTS_FREEZE_MANIFEST.tsv	25a0bdbdfbf8b6f93d9b2c7d748f724ebd9c62780a8a74bc822a94d85a55fde6	F0454	Stage7	analysis_script	reproducibility	NA	local_git_worktree	scripts/07_prepare_GSE161277.R	13139	987374642c2b59c09de5a93c7b60065dc5bdbf6dfb6dfb29d63bde7da6d8bfb1	e0f18f35aae957cf1b837ac4bc709a2a8d07cdc0	FROZEN_NO_SILENT_OVERWRITE	Inclusion freezes provenance; it does not by itself authorize a manuscript claim.
freeze_manifest	manuscript_freeze/RESULTS_FREEZE_MANIFEST.tsv	25a0bdbdfbf8b6f93d9b2c7d748f724ebd9c62780a8a74bc822a94d85a55fde6	F0455	Stage7	analysis_script	reproducibility	NA	local_git_worktree	scripts/07_real_data_pilot.R	3185	d400d4559fe8547deea2347f2680dce10e416479e04acba05976c331abb2b295	e0f18f35aae957cf1b837ac4bc709a2a8d07cdc0	FROZEN_NO_SILENT_OVERWRITE	Inclusion freezes provenance; it does not by itself authorize a manuscript claim.
freeze_manifest	manuscript_freeze/RESULTS_FREEZE_MANIFEST.tsv	25a0bdbdfbf8b6f93d9b2c7d748f724ebd9c62780a8a74bc822a94d85a55fde6	F0456	Stage7	analysis_script	reproducibility	NA	local_git_worktree	scripts/07_resume_GSE161277_figures.R	2400	bee9b32792b3c183ca865caa94d3ede0f6d62ba905ae4897f5b33f4ae2c75de2	e0f18f35aae957cf1b837ac4bc709a2a8d07cdc0	FROZEN_NO_SILENT_OVERWRITE	Inclusion freezes provenance; it does not by itself authorize a manuscript claim.
freeze_manifest	manuscript_freeze/RESULTS_FREEZE_MANIFEST.tsv	25a0bdbdfbf8b6f93d9b2c7d748f724ebd9c62780a8a74bc822a94d85a55fde6	F0457	Stage7	analysis_script	reproducibility	NA	local_git_worktree	scripts/07_resume_models_server.sh	3565	516adf682d1136106fcacc6130e52e804faa21b1d0b71c5683a0df8fab0dbc39	e0f18f35aae957cf1b837ac4bc709a2a8d07cdc0	FROZEN_NO_SILENT_OVERWRITE	Inclusion freezes provenance; it does not by itself authorize a manuscript claim.
freeze_manifest	manuscript_freeze/RESULTS_FREEZE_MANIFEST.tsv	25a0bdbdfbf8b6f93d9b2c7d748f724ebd9c62780a8a74bc822a94d85a55fde6	F0458	Stage7	analysis_script	reproducibility	NA	local_git_worktree	scripts/07_resume_server.sh	3582	1380c45bb20fc7f19945119569c11d4fe2af67c1da3ad7ee4f65a9f61a554427	e0f18f35aae957cf1b837ac4bc709a2a8d07cdc0	FROZEN_NO_SILENT_OVERWRITE	Inclusion freezes provenance; it does not by itself authorize a manuscript claim.
freeze_manifest	manuscript_freeze/RESULTS_FREEZE_MANIFEST.tsv	25a0bdbdfbf8b6f93d9b2c7d748f724ebd9c62780a8a74bc822a94d85a55fde6	F0459	Stage7	analysis_script	reproducibility	NA	local_git_worktree	scripts/07_run_replication_models.R	11885	64d8bf013f27337a3f7cdedb8832d8b6ec78e5995e4eae74591abf7c54719738	e0f18f35aae957cf1b837ac4bc709a2a8d07cdc0	FROZEN_NO_SILENT_OVERWRITE	Inclusion freezes provenance; it does not by itself authorize a manuscript claim.
freeze_manifest	manuscript_freeze/RESULTS_FREEZE_MANIFEST.tsv	25a0bdbdfbf8b6f93d9b2c7d748f724ebd9c62780a8a74bc822a94d85a55fde6	F0460	Stage7	analysis_script	reproducibility	NA	local_git_worktree	scripts/07_run_server.sh	3631	49de030e97db160735271cb9e4e9de9764c0de226838cec79cff063426fa8e58	e0f18f35aae957cf1b837ac4bc709a2a8d07cdc0	FROZEN_NO_SILENT_OVERWRITE	Inclusion freezes provenance; it does not by itself authorize a manuscript claim.
freeze_manifest	manuscript_freeze/RESULTS_FREEZE_MANIFEST.tsv	25a0bdbdfbf8b6f93d9b2c7d748f724ebd9c62780a8a74bc822a94d85a55fde6	F0461	Stage7	analysis_script	reproducibility	NA	local_git_worktree	scripts/07_smoke_test.R	2805	660a4c245d022ea0e13667acd8c2eac1201c2e7f499f541d5557eb56456d5590	e0f18f35aae957cf1b837ac4bc709a2a8d07cdc0	FROZEN_NO_SILENT_OVERWRITE	Inclusion freezes provenance; it does not by itself authorize a manuscript claim.
freeze_manifest	manuscript_freeze/RESULTS_FREEZE_MANIFEST.tsv	25a0bdbdfbf8b6f93d9b2c7d748f724ebd9c62780a8a74bc822a94d85a55fde6	F0462	Stage7	analysis_script	reproducibility	NA	local_git_worktree	scripts/07_syntax_check.R	683	58f8ad325ec0c9450505d571ee23bdcd881352c9fa47e8c27b2b9b71ebd98197	e0f18f35aae957cf1b837ac4bc709a2a8d07cdc0	FROZEN_NO_SILENT_OVERWRITE	Inclusion freezes provenance; it does not by itself authorize a manuscript claim.
freeze_manifest	manuscript_freeze/RESULTS_FREEZE_MANIFEST.tsv	25a0bdbdfbf8b6f93d9b2c7d748f724ebd9c62780a8a74bc822a94d85a55fde6	F0463	Stage7	analysis_script	reproducibility	NA	local_git_worktree	scripts/07_update_result_registry.R	8066	6714f52fe7acae08f6bb3166d75144a0322d9c77edb511febda1139d6a7c919b	e0f18f35aae957cf1b837ac4bc709a2a8d07cdc0	FROZEN_NO_SILENT_OVERWRITE	Inclusion freezes provenance; it does not by itself authorize a manuscript claim.
freeze_manifest	manuscript_freeze/RESULTS_FREEZE_MANIFEST.tsv	25a0bdbdfbf8b6f93d9b2c7d748f724ebd9c62780a8a74bc822a94d85a55fde6	F0464	Stage7	analysis_script	reproducibility	NA	local_git_worktree	scripts/07_validate_outputs.R	6828	9e655dd3d0cb4d82f6ba5e7db40016a30d522703319864101257f5ada3823277	e0f18f35aae957cf1b837ac4bc709a2a8d07cdc0	FROZEN_NO_SILENT_OVERWRITE	Inclusion freezes provenance; it does not by itself authorize a manuscript claim.
freeze_manifest	manuscript_freeze/RESULTS_FREEZE_MANIFEST.tsv	25a0bdbdfbf8b6f93d9b2c7d748f724ebd9c62780a8a74bc822a94d85a55fde6	F0465	Stage8A	analysis_script	reproducibility	NA	local_git_worktree	scripts/08A_GSE100179_preprocess.R	311	5ee5c5cf1ed1ca19a0b84021ddd65af2cabf8d897e54ec551a9edc9731c53b0c	e0f18f35aae957cf1b837ac4bc709a2a8d07cdc0	FROZEN_NO_SILENT_OVERWRITE	Inclusion freezes provenance; it does not by itself authorize a manuscript claim.
freeze_manifest	manuscript_freeze/RESULTS_FREEZE_MANIFEST.tsv	25a0bdbdfbf8b6f93d9b2c7d748f724ebd9c62780a8a74bc822a94d85a55fde6	F0466	Stage8A	analysis_script	reproducibility	NA	local_git_worktree	scripts/08A_GSE41657_preprocess.R	309	8b2d074f8d35cbf9b4017452dfa4e6a7b96ba50d1d953ea4e33e1e778910cf52	e0f18f35aae957cf1b837ac4bc709a2a8d07cdc0	FROZEN_NO_SILENT_OVERWRITE	Inclusion freezes provenance; it does not by itself authorize a manuscript claim.
freeze_manifest	manuscript_freeze/RESULTS_FREEZE_MANIFEST.tsv	25a0bdbdfbf8b6f93d9b2c7d748f724ebd9c62780a8a74bc822a94d85a55fde6	F0467	Stage8A	analysis_script	reproducibility	NA	local_git_worktree	scripts/08A_GSE8671_preprocess.R	307	3c72a0af9fb2b076245639983a2574de488d87b623ab22893d4e8d2e5d9142a6	e0f18f35aae957cf1b837ac4bc709a2a8d07cdc0	FROZEN_NO_SILENT_OVERWRITE	Inclusion freezes provenance; it does not by itself authorize a manuscript claim.
freeze_manifest	manuscript_freeze/RESULTS_FREEZE_MANIFEST.tsv	25a0bdbdfbf8b6f93d9b2c7d748f724ebd9c62780a8a74bc822a94d85a55fde6	F0468	Stage8A	analysis_script	reproducibility	NA	local_git_worktree	scripts/08A_finalize_acceptance.sh	1232	bcf5981304039d7b039b995423c5da8ec07f9759b1455f16f3e0198609d86e8c	e0f18f35aae957cf1b837ac4bc709a2a8d07cdc0	FROZEN_NO_SILENT_OVERWRITE	Inclusion freezes provenance; it does not by itself authorize a manuscript claim.
freeze_manifest	manuscript_freeze/RESULTS_FREEZE_MANIFEST.tsv	25a0bdbdfbf8b6f93d9b2c7d748f724ebd9c62780a8a74bc822a94d85a55fde6	F0469	Stage8A	analysis_script	reproducibility	NA	local_git_worktree	scripts/08A_finalize_report.R	3702	aa3d06e8852a652067172aeed30db20f49f87ec0298d82a6c9533b4078457959	e0f18f35aae957cf1b837ac4bc709a2a8d07cdc0	FROZEN_NO_SILENT_OVERWRITE	Inclusion freezes provenance; it does not by itself authorize a manuscript claim.
freeze_manifest	manuscript_freeze/RESULTS_FREEZE_MANIFEST.tsv	25a0bdbdfbf8b6f93d9b2c7d748f724ebd9c62780a8a74bc822a94d85a55fde6	F0470	Stage8A	analysis_script	reproducibility	NA	local_git_worktree	scripts/08A_helpers.R	17110	b8c9a7a3f88d28b0e7f2112d925b0628cf6117a939631508798ecd3153d7f1bb	e0f18f35aae957cf1b837ac4bc709a2a8d07cdc0	FROZEN_NO_SILENT_OVERWRITE	Inclusion freezes provenance; it does not by itself authorize a manuscript claim.
freeze_manifest	manuscript_freeze/RESULTS_FREEZE_MANIFEST.tsv	25a0bdbdfbf8b6f93d9b2c7d748f724ebd9c62780a8a74bc822a94d85a55fde6	F0471	Stage8A	analysis_script	reproducibility	NA	local_git_worktree	scripts/08A_install_preprocessCore_single_thread.R	924	6fe07807fdd92e12e718b51fc352599fcaecbc9da3911381fe58e6955e6b5048	e0f18f35aae957cf1b837ac4bc709a2a8d07cdc0	FROZEN_NO_SILENT_OVERWRITE	Inclusion freezes provenance; it does not by itself authorize a manuscript claim.
freeze_manifest	manuscript_freeze/RESULTS_FREEZE_MANIFEST.tsv	25a0bdbdfbf8b6f93d9b2c7d748f724ebd9c62780a8a74bc822a94d85a55fde6	F0472	Stage8A	analysis_script	reproducibility	NA	local_git_worktree	scripts/08A_rebuild_mapping_audits.R	1322	1942e1166bcae4487ea8ba4b9ddb195987844712ed8761c0e9420b85a0b6e0e1	e0f18f35aae957cf1b837ac4bc709a2a8d07cdc0	FROZEN_NO_SILENT_OVERWRITE	Inclusion freezes provenance; it does not by itself authorize a manuscript claim.
freeze_manifest	manuscript_freeze/RESULTS_FREEZE_MANIFEST.tsv	25a0bdbdfbf8b6f93d9b2c7d748f724ebd9c62780a8a74bc822a94d85a55fde6	F0473	Stage8A	analysis_script	reproducibility	NA	local_git_worktree	scripts/08A_remote_launcher.sh	157	aa4582f5b6bef1e594c65a207186e975b724f0ed1561c45b8e2a763ea331cb3a	e0f18f35aae957cf1b837ac4bc709a2a8d07cdc0	FROZEN_NO_SILENT_OVERWRITE	Inclusion freezes provenance; it does not by itself authorize a manuscript claim.
freeze_manifest	manuscript_freeze/RESULTS_FREEZE_MANIFEST.tsv	25a0bdbdfbf8b6f93d9b2c7d748f724ebd9c62780a8a74bc822a94d85a55fde6	F0474	Stage8A	analysis_script	reproducibility	NA	local_git_worktree	scripts/08A_resume_GSE8671.sh	2785	5e3269920be9056c136d8e06d71b28708983bc8284bddb253d784a119800b80d	e0f18f35aae957cf1b837ac4bc709a2a8d07cdc0	FROZEN_NO_SILENT_OVERWRITE	Inclusion freezes provenance; it does not by itself authorize a manuscript claim.
freeze_manifest	manuscript_freeze/RESULTS_FREEZE_MANIFEST.tsv	25a0bdbdfbf8b6f93d9b2c7d748f724ebd9c62780a8a74bc822a94d85a55fde6	F0475	Stage8A	analysis_script	reproducibility	NA	local_git_worktree	scripts/08A_resume_GSE8671_raw_RMA.sh	2400	a928c3b27b977af620d1e42b5c3ada4483ff7a39b3184a7555820596c0cf7256	e0f18f35aae957cf1b837ac4bc709a2a8d07cdc0	FROZEN_NO_SILENT_OVERWRITE	Inclusion freezes provenance; it does not by itself authorize a manuscript claim.
freeze_manifest	manuscript_freeze/RESULTS_FREEZE_MANIFEST.tsv	25a0bdbdfbf8b6f93d9b2c7d748f724ebd9c62780a8a74bc822a94d85a55fde6	F0476	Stage8A	analysis_script	reproducibility	NA	local_git_worktree	scripts/08A_resume_launcher.sh	161	ad7c0b86578d9f95b8a50c459c446864b1c21aa06c23b743fdd31965eb185fa2	e0f18f35aae957cf1b837ac4bc709a2a8d07cdc0	FROZEN_NO_SILENT_OVERWRITE	Inclusion freezes provenance; it does not by itself authorize a manuscript claim.
freeze_manifest	manuscript_freeze/RESULTS_FREEZE_MANIFEST.tsv	25a0bdbdfbf8b6f93d9b2c7d748f724ebd9c62780a8a74bc822a94d85a55fde6	F0477	Stage8A	analysis_script	reproducibility	NA	local_git_worktree	scripts/08A_run_server.sh	2780	23a410c764df004cc392f9bcaf06cf0bbdcdb4e3aebac3a7fcb7824bd3602808	e0f18f35aae957cf1b837ac4bc709a2a8d07cdc0	FROZEN_NO_SILENT_OVERWRITE	Inclusion freezes provenance; it does not by itself authorize a manuscript claim.
freeze_manifest	manuscript_freeze/RESULTS_FREEZE_MANIFEST.tsv	25a0bdbdfbf8b6f93d9b2c7d748f724ebd9c62780a8a74bc822a94d85a55fde6	F0478	Stage8A	analysis_script	reproducibility	NA	local_git_worktree	scripts/08A_validate_outputs.R	7167	9dcb521eddf11e5544c070f8925b12c014eee70cc106e86d609092d1578348d1	e0f18f35aae957cf1b837ac4bc709a2a8d07cdc0	FROZEN_NO_SILENT_OVERWRITE	Inclusion freezes provenance; it does not by itself authorize a manuscript claim.
freeze_manifest	manuscript_freeze/RESULTS_FREEZE_MANIFEST.tsv	25a0bdbdfbf8b6f93d9b2c7d748f724ebd9c62780a8a74bc822a94d85a55fde6	F0479	Stage8B	analysis_script	reproducibility	NA	local_git_worktree	scripts/08B_build_GSE8671_pairing.py	3306	57c22dfbcc114deb4062b993225c08316820bfec1a2d3ea24b84f2db9c58072a	e0f18f35aae957cf1b837ac4bc709a2a8d07cdc0	FROZEN_NO_SILENT_OVERWRITE	Inclusion freezes provenance; it does not by itself authorize a manuscript claim.
freeze_manifest	manuscript_freeze/RESULTS_FREEZE_MANIFEST.tsv	25a0bdbdfbf8b6f93d9b2c7d748f724ebd9c62780a8a74bc822a94d85a55fde6	F0480	Stage8B	analysis_script	reproducibility	NA	local_git_worktree	scripts/08B_bulk_cohorts.R	7828	edbe7ffa2fe393885f601c7fc4bd4b942ce36b90eaac192e557bed464ef980fe	e0f18f35aae957cf1b837ac4bc709a2a8d07cdc0	FROZEN_NO_SILENT_OVERWRITE	Inclusion freezes provenance; it does not by itself authorize a manuscript claim.
freeze_manifest	manuscript_freeze/RESULTS_FREEZE_MANIFEST.tsv	25a0bdbdfbf8b6f93d9b2c7d748f724ebd9c62780a8a74bc822a94d85a55fde6	F0481	Stage8B	analysis_script	reproducibility	NA	local_git_worktree	scripts/08B_correct_GSE8671_manifest.py	2240	f6483b8d910a0322e4ff3aa3360fdd7ac19dbccbfeac6404bed7d6e6c680359f	e0f18f35aae957cf1b837ac4bc709a2a8d07cdc0	FROZEN_NO_SILENT_OVERWRITE	Inclusion freezes provenance; it does not by itself authorize a manuscript claim.
freeze_manifest	manuscript_freeze/RESULTS_FREEZE_MANIFEST.tsv	25a0bdbdfbf8b6f93d9b2c7d748f724ebd9c62780a8a74bc822a94d85a55fde6	F0482	Stage8B	analysis_script	reproducibility	NA	local_git_worktree	scripts/08B_helpers.R	7407	91451f9d9c5a598bc093d5d5759f76518e2d2cfb76ae0db1bf965e14ec2375f2	e0f18f35aae957cf1b837ac4bc709a2a8d07cdc0	FROZEN_NO_SILENT_OVERWRITE	Inclusion freezes provenance; it does not by itself authorize a manuscript claim.
freeze_manifest	manuscript_freeze/RESULTS_FREEZE_MANIFEST.tsv	25a0bdbdfbf8b6f93d9b2c7d748f724ebd9c62780a8a74bc822a94d85a55fde6	F0483	Stage8B	analysis_script	reproducibility	NA	local_git_worktree	scripts/08B_independent_acceptance.R	9894	c7db44616a7d357ac846e49aebcda03821e4ce13c60b7064b47bcc82fb85be35	e0f18f35aae957cf1b837ac4bc709a2a8d07cdc0	FROZEN_NO_SILENT_OVERWRITE	Inclusion freezes provenance; it does not by itself authorize a manuscript claim.
freeze_manifest	manuscript_freeze/RESULTS_FREEZE_MANIFEST.tsv	25a0bdbdfbf8b6f93d9b2c7d748f724ebd9c62780a8a74bc822a94d85a55fde6	F0484	Stage8B	analysis_script	reproducibility	NA	local_git_worktree	scripts/08B_launch_server.sh	811	d4b7366672d54493550f51bc90540947e7a785ffe41bd73208f5f219ec2f2536	e0f18f35aae957cf1b837ac4bc709a2a8d07cdc0	FROZEN_NO_SILENT_OVERWRITE	Inclusion freezes provenance; it does not by itself authorize a manuscript claim.
freeze_manifest	manuscript_freeze/RESULTS_FREEZE_MANIFEST.tsv	25a0bdbdfbf8b6f93d9b2c7d748f724ebd9c62780a8a74bc822a94d85a55fde6	F0485	Stage8B	analysis_script	reproducibility	NA	local_git_worktree	scripts/08B_meta_gate_report.R	10845	60a1761adb526af9b2deb1e5663832b7b11aa7cfe6b5067094c579f025bdac48	e0f18f35aae957cf1b837ac4bc709a2a8d07cdc0	FROZEN_NO_SILENT_OVERWRITE	Inclusion freezes provenance; it does not by itself authorize a manuscript claim.
freeze_manifest	manuscript_freeze/RESULTS_FREEZE_MANIFEST.tsv	25a0bdbdfbf8b6f93d9b2c7d748f724ebd9c62780a8a74bc822a94d85a55fde6	F0486	Stage8B	analysis_script	reproducibility	NA	local_git_worktree	scripts/08B_preflight.R	1887	8842222ccd8ba50bf994a29bc94ced8d4b9200e98568de2a6dee0a1b1835e4f2	e0f18f35aae957cf1b837ac4bc709a2a8d07cdc0	FROZEN_NO_SILENT_OVERWRITE	Inclusion freezes provenance; it does not by itself authorize a manuscript claim.
freeze_manifest	manuscript_freeze/RESULTS_FREEZE_MANIFEST.tsv	25a0bdbdfbf8b6f93d9b2c7d748f724ebd9c62780a8a74bc822a94d85a55fde6	F0487	Stage8B	analysis_script	reproducibility	NA	local_git_worktree	scripts/08B_prepare_gdc_metadata.py	4295	76813d76c7bec758b2ab2395fe6c4c06ec292c4855818e4909bf698b95f3d08b	e0f18f35aae957cf1b837ac4bc709a2a8d07cdc0	FROZEN_NO_SILENT_OVERWRITE	Inclusion freezes provenance; it does not by itself authorize a manuscript claim.
freeze_manifest	manuscript_freeze/RESULTS_FREEZE_MANIFEST.tsv	25a0bdbdfbf8b6f93d9b2c7d748f724ebd9c62780a8a74bc822a94d85a55fde6	F0488	Stage8B	analysis_script	reproducibility	NA	local_git_worktree	scripts/08B_resume_pairing_correction.sh	1752	cc1fdf52a84be2f1ace966eafa742bec8d3cee2edf2dd3d48128df16db3bc31f	e0f18f35aae957cf1b837ac4bc709a2a8d07cdc0	FROZEN_NO_SILENT_OVERWRITE	Inclusion freezes provenance; it does not by itself authorize a manuscript claim.
freeze_manifest	manuscript_freeze/RESULTS_FREEZE_MANIFEST.tsv	25a0bdbdfbf8b6f93d9b2c7d748f724ebd9c62780a8a74bc822a94d85a55fde6	F0489	Stage8B	analysis_script	reproducibility	NA	local_git_worktree	scripts/08B_run_server.sh	1337	ad8d615d845e1494c0d77b2ab6a0c378ec2ef4ea6b185a80f2c64c1aed5810f6	e0f18f35aae957cf1b837ac4bc709a2a8d07cdc0	FROZEN_NO_SILENT_OVERWRITE	Inclusion freezes provenance; it does not by itself authorize a manuscript claim.
freeze_manifest	manuscript_freeze/RESULTS_FREEZE_MANIFEST.tsv	25a0bdbdfbf8b6f93d9b2c7d748f724ebd9c62780a8a74bc822a94d85a55fde6	F0490	Stage8B	analysis_script	reproducibility	NA	local_git_worktree	scripts/08B_tcga_auxiliary.R	10263	5144c662d8e5cdf1daa3158c1a70ce34de9a3a4997fbea32bfa7d43a9ae57681	e0f18f35aae957cf1b837ac4bc709a2a8d07cdc0	FROZEN_NO_SILENT_OVERWRITE	Inclusion freezes provenance; it does not by itself authorize a manuscript claim.
freeze_manifest	manuscript_freeze/RESULTS_FREEZE_MANIFEST.tsv	25a0bdbdfbf8b6f93d9b2c7d748f724ebd9c62780a8a74bc822a94d85a55fde6	F0491	Stage8B	analysis_script	reproducibility	NA	local_git_worktree	scripts/08B_update_result_registry.R	3675	dbfadc356244d0d58c62e7c2d6b98d96426c8976fbb7b18f695dfc27dd4e8682	e0f18f35aae957cf1b837ac4bc709a2a8d07cdc0	FROZEN_NO_SILENT_OVERWRITE	Inclusion freezes provenance; it does not by itself authorize a manuscript claim.
freeze_manifest	manuscript_freeze/RESULTS_FREEZE_MANIFEST.tsv	25a0bdbdfbf8b6f93d9b2c7d748f724ebd9c62780a8a74bc822a94d85a55fde6	F0492	Stage8B	analysis_script	reproducibility	NA	local_git_worktree	scripts/08B_validate_outputs.R	5261	ded54229313802a9a2557e901b2b37369a54dce24c971ba4bb276d29099aa7f7	e0f18f35aae957cf1b837ac4bc709a2a8d07cdc0	FROZEN_NO_SILENT_OVERWRITE	Inclusion freezes provenance; it does not by itself authorize a manuscript claim.
freeze_manifest	manuscript_freeze/RESULTS_FREEZE_MANIFEST.tsv	25a0bdbdfbf8b6f93d9b2c7d748f724ebd9c62780a8a74bc822a94d85a55fde6	F0493	Stage9A	analysis_script	reproducibility	NA	local_git_worktree	scripts/09A_finalize_report.R	5253	83242674244f182a19ce38f99aff556dad4f3d64179d8e8fee2af86f42fcd3b8	e0f18f35aae957cf1b837ac4bc709a2a8d07cdc0	FROZEN_NO_SILENT_OVERWRITE	Inclusion freezes provenance; it does not by itself authorize a manuscript claim.
freeze_manifest	manuscript_freeze/RESULTS_FREEZE_MANIFEST.tsv	25a0bdbdfbf8b6f93d9b2c7d748f724ebd9c62780a8a74bc822a94d85a55fde6	F0494	Stage9A	analysis_script	reproducibility	NA	local_git_worktree	scripts/09A_independent_acceptance.R	10856	9527f417ba63de22fa33bc8c270bb07df1169edb0b435e68f8eea9931e2eac3a	e0f18f35aae957cf1b837ac4bc709a2a8d07cdc0	FROZEN_NO_SILENT_OVERWRITE	Inclusion freezes provenance; it does not by itself authorize a manuscript claim.
freeze_manifest	manuscript_freeze/RESULTS_FREEZE_MANIFEST.tsv	25a0bdbdfbf8b6f93d9b2c7d748f724ebd9c62780a8a74bc822a94d85a55fde6	F0495	Stage9A	analysis_script	reproducibility	NA	local_git_worktree	scripts/09A_install_r_packages.sh	2700	643ec0df9851cac8ba7352fdb7a236981ffbd3329c336f4af07f4f92c6cb1934	e0f18f35aae957cf1b837ac4bc709a2a8d07cdc0	FROZEN_NO_SILENT_OVERWRITE	Inclusion freezes provenance; it does not by itself authorize a manuscript claim.
freeze_manifest	manuscript_freeze/RESULTS_FREEZE_MANIFEST.tsv	25a0bdbdfbf8b6f93d9b2c7d748f724ebd9c62780a8a74bc822a94d85a55fde6	F0496	Stage9A	analysis_script	reproducibility	NA	local_git_worktree	scripts/09A_launch_server.sh	421	840ff5a61f94c5f275c3a0b16c9b0eb5f292dde159bcfa5fe4950e8b3c57812f	e0f18f35aae957cf1b837ac4bc709a2a8d07cdc0	FROZEN_NO_SILENT_OVERWRITE	Inclusion freezes provenance; it does not by itself authorize a manuscript claim.
freeze_manifest	manuscript_freeze/RESULTS_FREEZE_MANIFEST.tsv	25a0bdbdfbf8b6f93d9b2c7d748f724ebd9c62780a8a74bc822a94d85a55fde6	F0497	Stage9A	analysis_script	reproducibility	NA	local_git_worktree	scripts/09A_prepare_split_audit.py	8353	d2bef594de6693b178c57f5f464926922f8ea0c267e115489ad646701456f039	e0f18f35aae957cf1b837ac4bc709a2a8d07cdc0	FROZEN_NO_SILENT_OVERWRITE	Inclusion freezes provenance; it does not by itself authorize a manuscript claim.
freeze_manifest	manuscript_freeze/RESULTS_FREEZE_MANIFEST.tsv	25a0bdbdfbf8b6f93d9b2c7d748f724ebd9c62780a8a74bc822a94d85a55fde6	F0498	Stage9A	analysis_script	reproducibility	NA	local_git_worktree	scripts/09A_resume_after_thread_fix.sh	3315	fe20ee94cb0d242e34d6c26507b84964e382c02fd7e21a582b056fdbf6efc09a	e0f18f35aae957cf1b837ac4bc709a2a8d07cdc0	FROZEN_NO_SILENT_OVERWRITE	Inclusion freezes provenance; it does not by itself authorize a manuscript claim.
freeze_manifest	manuscript_freeze/RESULTS_FREEZE_MANIFEST.tsv	25a0bdbdfbf8b6f93d9b2c7d748f724ebd9c62780a8a74bc822a94d85a55fde6	F0499	Stage9A	analysis_script	reproducibility	NA	local_git_worktree	scripts/09A_run_server.sh	4697	3992dc6b6a90ba0302fa0cad6401ca10471d8dacedaf1296452523cd206e7aff	e0f18f35aae957cf1b837ac4bc709a2a8d07cdc0	FROZEN_NO_SILENT_OVERWRITE	Inclusion freezes provenance; it does not by itself authorize a manuscript claim.
freeze_manifest	manuscript_freeze/RESULTS_FREEZE_MANIFEST.tsv	25a0bdbdfbf8b6f93d9b2c7d748f724ebd9c62780a8a74bc822a94d85a55fde6	F0500	Stage9A	analysis_script	reproducibility	NA	local_git_worktree	scripts/09A_stool_feasibility.R	13177	f7ad2e7f7750fc127180ef83d048c5c5cde3427895ff156f980ae22381aa3129	e0f18f35aae957cf1b837ac4bc709a2a8d07cdc0	FROZEN_NO_SILENT_OVERWRITE	Inclusion freezes provenance; it does not by itself authorize a manuscript claim.
freeze_manifest	manuscript_freeze/RESULTS_FREEZE_MANIFEST.tsv	25a0bdbdfbf8b6f93d9b2c7d748f724ebd9c62780a8a74bc822a94d85a55fde6	F0501	Stage9B	analysis_script	reproducibility	NA	local_git_worktree	scripts/09B_finalize_report.R	7708	cccb1215182be34dc75e9c4cf182dd6835c837795b8715e88fcfec362a05d3c1	e0f18f35aae957cf1b837ac4bc709a2a8d07cdc0	FROZEN_NO_SILENT_OVERWRITE	Inclusion freezes provenance; it does not by itself authorize a manuscript claim.
freeze_manifest	manuscript_freeze/RESULTS_FREEZE_MANIFEST.tsv	25a0bdbdfbf8b6f93d9b2c7d748f724ebd9c62780a8a74bc822a94d85a55fde6	F0502	Stage9B	analysis_script	reproducibility	NA	local_git_worktree	scripts/09B_independent_acceptance.R	9138	1a0bdfc6033c1712f422eadf3978bfe5f466cbd78096157f58c77cf3c084b5a9	e0f18f35aae957cf1b837ac4bc709a2a8d07cdc0	FROZEN_NO_SILENT_OVERWRITE	Inclusion freezes provenance; it does not by itself authorize a manuscript claim.
freeze_manifest	manuscript_freeze/RESULTS_FREEZE_MANIFEST.tsv	25a0bdbdfbf8b6f93d9b2c7d748f724ebd9c62780a8a74bc822a94d85a55fde6	F0503	Stage9B	analysis_script	reproducibility	NA	local_git_worktree	scripts/09B_launch_server.sh	558	46fc5974f74ce21538da9240bfe4cd782656e06610edc811c4a7c8c622f8355c	e0f18f35aae957cf1b837ac4bc709a2a8d07cdc0	FROZEN_NO_SILENT_OVERWRITE	Inclusion freezes provenance; it does not by itself authorize a manuscript claim.
freeze_manifest	manuscript_freeze/RESULTS_FREEZE_MANIFEST.tsv	25a0bdbdfbf8b6f93d9b2c7d748f724ebd9c62780a8a74bc822a94d85a55fde6	F0504	Stage9B	analysis_script	reproducibility	NA	local_git_worktree	scripts/09B_resume_validation_report.sh	2667	28364dcce3ad34c77e15cf0c00a6dbc2b8ce572deaa3c0b12603109484d83e2a	e0f18f35aae957cf1b837ac4bc709a2a8d07cdc0	FROZEN_NO_SILENT_OVERWRITE	Inclusion freezes provenance; it does not by itself authorize a manuscript claim.
freeze_manifest	manuscript_freeze/RESULTS_FREEZE_MANIFEST.tsv	25a0bdbdfbf8b6f93d9b2c7d748f724ebd9c62780a8a74bc822a94d85a55fde6	F0505	Stage9B	analysis_script	reproducibility	NA	local_git_worktree	scripts/09B_run_server.sh	4179	ed57a796fb9776760d0fa80cadd6bb292a5d965534933388866b88d831a410a0	e0f18f35aae957cf1b837ac4bc709a2a8d07cdc0	FROZEN_NO_SILENT_OVERWRITE	Inclusion freezes provenance; it does not by itself authorize a manuscript claim.
freeze_manifest	manuscript_freeze/RESULTS_FREEZE_MANIFEST.tsv	25a0bdbdfbf8b6f93d9b2c7d748f724ebd9c62780a8a74bc822a94d85a55fde6	F0506	Stage9B	analysis_script	reproducibility	NA	local_git_worktree	scripts/09B_train_lock_model.R	24376	61642475b5942ddd48205623b39904f4f91ac76cae8ed26d478d33e70e48383b	e0f18f35aae957cf1b837ac4bc709a2a8d07cdc0	FROZEN_NO_SILENT_OVERWRITE	Inclusion freezes provenance; it does not by itself authorize a manuscript claim.
freeze_manifest	manuscript_freeze/RESULTS_FREEZE_MANIFEST.tsv	25a0bdbdfbf8b6f93d9b2c7d748f724ebd9c62780a8a74bc822a94d85a55fde6	F0507	Stage9B	analysis_script	reproducibility	NA	local_git_worktree	scripts/09B_validate_locked_model.R	10681	b5171d678455c923b2209a5baf3310903b151620ee1ac69e45b8be330675a888	e0f18f35aae957cf1b837ac4bc709a2a8d07cdc0	FROZEN_NO_SILENT_OVERWRITE	Inclusion freezes provenance; it does not by itself authorize a manuscript claim.
freeze_manifest	manuscript_freeze/RESULTS_FREEZE_MANIFEST.tsv	25a0bdbdfbf8b6f93d9b2c7d748f724ebd9c62780a8a74bc822a94d85a55fde6	F0508	Stage9C	analysis_script	reproducibility	NA	local_git_worktree	scripts/09C_finalize_report.R	8030	6a81e70dca669c09e3130ede46d334bae08e9dc15af168d22677732cd90d1da1	e0f18f35aae957cf1b837ac4bc709a2a8d07cdc0	FROZEN_NO_SILENT_OVERWRITE	Inclusion freezes provenance; it does not by itself authorize a manuscript claim.
freeze_manifest	manuscript_freeze/RESULTS_FREEZE_MANIFEST.tsv	25a0bdbdfbf8b6f93d9b2c7d748f724ebd9c62780a8a74bc822a94d85a55fde6	F0509	Stage9C	analysis_script	reproducibility	NA	local_git_worktree	scripts/09C_independent_acceptance.R	11156	8b6477444bb0d89ce2370e7d10a0eed183263d6cb6038a05489d68e5f1d86f88	e0f18f35aae957cf1b837ac4bc709a2a8d07cdc0	FROZEN_NO_SILENT_OVERWRITE	Inclusion freezes provenance; it does not by itself authorize a manuscript claim.
freeze_manifest	manuscript_freeze/RESULTS_FREEZE_MANIFEST.tsv	25a0bdbdfbf8b6f93d9b2c7d748f724ebd9c62780a8a74bc822a94d85a55fde6	F0510	Stage9C	analysis_script	reproducibility	NA	local_git_worktree	scripts/09C_launch_server.sh	670	7adcd6e760cd51d63bfa46675f08f595934271dcec218c491b10251afdf19070	e0f18f35aae957cf1b837ac4bc709a2a8d07cdc0	FROZEN_NO_SILENT_OVERWRITE	Inclusion freezes provenance; it does not by itself authorize a manuscript claim.
freeze_manifest	manuscript_freeze/RESULTS_FREEZE_MANIFEST.tsv	25a0bdbdfbf8b6f93d9b2c7d748f724ebd9c62780a8a74bc822a94d85a55fde6	F0511	Stage9C	analysis_script	reproducibility	NA	local_git_worktree	scripts/09C_render_figures.R	3649	7cfc491ebab78ec6f293aaf312cd6c6a826296645f48164319e1aa335d4afd8a	e0f18f35aae957cf1b837ac4bc709a2a8d07cdc0	FROZEN_NO_SILENT_OVERWRITE	Inclusion freezes provenance; it does not by itself authorize a manuscript claim.
freeze_manifest	manuscript_freeze/RESULTS_FREEZE_MANIFEST.tsv	25a0bdbdfbf8b6f93d9b2c7d748f724ebd9c62780a8a74bc822a94d85a55fde6	F0512	Stage9C	analysis_script	reproducibility	NA	local_git_worktree	scripts/09C_run_server.sh	5706	022f6fa69dce6f840803f462b15d7f0fe120cdbb3bde6e747dd4ed5a0e011231	e0f18f35aae957cf1b837ac4bc709a2a8d07cdc0	FROZEN_NO_SILENT_OVERWRITE	Inclusion freezes provenance; it does not by itself authorize a manuscript claim.
freeze_manifest	manuscript_freeze/RESULTS_FREEZE_MANIFEST.tsv	25a0bdbdfbf8b6f93d9b2c7d748f724ebd9c62780a8a74bc822a94d85a55fde6	F0513	Stage9C	analysis_script	reproducibility	NA	local_git_worktree	scripts/09C_test_once.R	23860	829af30608425343d4cd69e4b09a64ff680f01325fb1d7a6f822d5265681f206	e0f18f35aae957cf1b837ac4bc709a2a8d07cdc0	FROZEN_NO_SILENT_OVERWRITE	Inclusion freezes provenance; it does not by itself authorize a manuscript claim.
freeze_manifest	manuscript_freeze/RESULTS_FREEZE_MANIFEST.tsv	25a0bdbdfbf8b6f93d9b2c7d748f724ebd9c62780a8a74bc822a94d85a55fde6	F0514	Stage9C	analysis_script	reproducibility	NA	local_git_worktree	scripts/09C_validate_outputs.R	12986	4b49d0c8c2df398303f0fec5aeec70dc3d254154498ce3f2b5c9d894a6cd3117	e0f18f35aae957cf1b837ac4bc709a2a8d07cdc0	FROZEN_NO_SILENT_OVERWRITE	Inclusion freezes provenance; it does not by itself authorize a manuscript claim.
freeze_manifest	manuscript_freeze/RESULTS_FREEZE_MANIFEST.tsv	25a0bdbdfbf8b6f93d9b2c7d748f724ebd9c62780a8a74bc822a94d85a55fde6	F0515	Project	analysis_script	reproducibility	NA	local_git_worktree	scripts/10B_spatial_data_audit_download.sh	32222	2fb65645324dc5e8118cf4030b82f0df501edf18cb202867201fdd7c68710e62	e0f18f35aae957cf1b837ac4bc709a2a8d07cdc0	FROZEN_NO_SILENT_OVERWRITE	Inclusion freezes provenance; it does not by itself authorize a manuscript claim.
freeze_manifest	manuscript_freeze/RESULTS_FREEZE_MANIFEST.tsv	25a0bdbdfbf8b6f93d9b2c7d748f724ebd9c62780a8a74bc822a94d85a55fde6	F0516	Stage10C2	analysis_script	reproducibility	NA	local_git_worktree	scripts/10C2_SC_B_audit_counts.py	8474	ab7c4b9567bf83b4dc24edc3310f872b02716447ec21ac951d9eb17ebde4a9af	e0f18f35aae957cf1b837ac4bc709a2a8d07cdc0	FROZEN_NO_SILENT_OVERWRITE	Inclusion freezes provenance; it does not by itself authorize a manuscript claim.
freeze_manifest	manuscript_freeze/RESULTS_FREEZE_MANIFEST.tsv	25a0bdbdfbf8b6f93d9b2c7d748f724ebd9c62780a8a74bc822a94d85a55fde6	F0517	Stage10C2	analysis_script	reproducibility	NA	local_git_worktree	scripts/10C2_SC_B_finalize_audit.py	25331	ea406dbf78cf24adb2b2c9463aa77318dbecc3c3749a3ef8c2c7b777cae39a7e	e0f18f35aae957cf1b837ac4bc709a2a8d07cdc0	FROZEN_NO_SILENT_OVERWRITE	Inclusion freezes provenance; it does not by itself authorize a manuscript claim.
freeze_manifest	manuscript_freeze/RESULTS_FREEZE_MANIFEST.tsv	25a0bdbdfbf8b6f93d9b2c7d748f724ebd9c62780a8a74bc822a94d85a55fde6	F0518	Stage10C2	analysis_script	reproducibility	NA	local_git_worktree	scripts/10C2_SP_audit_ensembl_csv.py	3326	7768c7be9cf1b1cb1b2f149f1b774cf56683505e21ad07615af7d1ce629ea148	e0f18f35aae957cf1b837ac4bc709a2a8d07cdc0	FROZEN_NO_SILENT_OVERWRITE	Inclusion freezes provenance; it does not by itself authorize a manuscript claim.
freeze_manifest	manuscript_freeze/RESULTS_FREEZE_MANIFEST.tsv	25a0bdbdfbf8b6f93d9b2c7d748f724ebd9c62780a8a74bc822a94d85a55fde6	F0519	Stage10C2	analysis_script	reproducibility	NA	local_git_worktree	scripts/10C2_SP_audit_tenx_mtx.py	4455	223de7f554263a00debff7b1bc4bc51760ed6d779d596d18b0fa75a94086423a	e0f18f35aae957cf1b837ac4bc709a2a8d07cdc0	FROZEN_NO_SILENT_OVERWRITE	Inclusion freezes provenance; it does not by itself authorize a manuscript claim.
freeze_manifest	manuscript_freeze/RESULTS_FREEZE_MANIFEST.tsv	25a0bdbdfbf8b6f93d9b2c7d748f724ebd9c62780a8a74bc822a94d85a55fde6	F0520	Stage10C2	analysis_script	reproducibility	NA	local_git_worktree	scripts/10C2_SP_feature_audit.R	3142	b79d3dc705db500cdcbfa536db345a357a612d105d4cb63436b86129c3f1ade3	e0f18f35aae957cf1b837ac4bc709a2a8d07cdc0	FROZEN_NO_SILENT_OVERWRITE	Inclusion freezes provenance; it does not by itself authorize a manuscript claim.
freeze_manifest	manuscript_freeze/RESULTS_FREEZE_MANIFEST.tsv	25a0bdbdfbf8b6f93d9b2c7d748f724ebd9c62780a8a74bc822a94d85a55fde6	F0521	Stage10C2	analysis_script	reproducibility	NA	local_git_worktree	scripts/10C2_SP_finalize_gate.py	38232	c37a637f6f219e61090b3a19cdde65b8247a716aab6abe1d6fd5c91fe7a66cac	e0f18f35aae957cf1b837ac4bc709a2a8d07cdc0	FROZEN_NO_SILENT_OVERWRITE	Inclusion freezes provenance; it does not by itself authorize a manuscript claim.
freeze_manifest	manuscript_freeze/RESULTS_FREEZE_MANIFEST.tsv	25a0bdbdfbf8b6f93d9b2c7d748f724ebd9c62780a8a74bc822a94d85a55fde6	F0522	Stage10C2	analysis_script	reproducibility	NA	local_git_worktree	scripts/10C2_SP_validate_outputs.py	7947	dcec70ecd6a67771598d8cebf701921a69fc0a4acb2a4c1347fcc61e1dac3be6	e0f18f35aae957cf1b837ac4bc709a2a8d07cdc0	FROZEN_NO_SILENT_OVERWRITE	Inclusion freezes provenance; it does not by itself authorize a manuscript claim.
freeze_manifest	manuscript_freeze/RESULTS_FREEZE_MANIFEST.tsv	25a0bdbdfbf8b6f93d9b2c7d748f724ebd9c62780a8a74bc822a94d85a55fde6	F0523	Stage10C3	analysis_script	reproducibility	NA	local_git_worktree	scripts/10C3_finalize_outputs.R	9834	9777b15f6fdb87c4d313876841173e20836a978870de03b4ef93d90f26e020da	e0f18f35aae957cf1b837ac4bc709a2a8d07cdc0	FROZEN_NO_SILENT_OVERWRITE	Inclusion freezes provenance; it does not by itself authorize a manuscript claim.
freeze_manifest	manuscript_freeze/RESULTS_FREEZE_MANIFEST.tsv	25a0bdbdfbf8b6f93d9b2c7d748f724ebd9c62780a8a74bc822a94d85a55fde6	F0524	Stage10C3	analysis_script	reproducibility	NA	local_git_worktree	scripts/10C3_qc_annotation.R	15644	1eb67170ab88591639121f6d4eb5abc4e61bf42d7ae2eb2c0646e85033e76bcb	e0f18f35aae957cf1b837ac4bc709a2a8d07cdc0	FROZEN_NO_SILENT_OVERWRITE	Inclusion freezes provenance; it does not by itself authorize a manuscript claim.
freeze_manifest	manuscript_freeze/RESULTS_FREEZE_MANIFEST.tsv	25a0bdbdfbf8b6f93d9b2c7d748f724ebd9c62780a8a74bc822a94d85a55fde6	F0525	Stage10C3	analysis_script	reproducibility	NA	local_git_worktree	scripts/10C3_run.sh	1994	09fc555c8e7eb1499dff260f848f92e9500864959d0e84335a99ef3ef3951e9e	e0f18f35aae957cf1b837ac4bc709a2a8d07cdc0	FROZEN_NO_SILENT_OVERWRITE	Inclusion freezes provenance; it does not by itself authorize a manuscript claim.
freeze_manifest	manuscript_freeze/RESULTS_FREEZE_MANIFEST.tsv	25a0bdbdfbf8b6f93d9b2c7d748f724ebd9c62780a8a74bc822a94d85a55fde6	F0526	Stage10C3	analysis_script	reproducibility	NA	local_git_worktree	scripts/10C3_score_locked_m02.R	22455	6c84edfcf9e80ae1cea0b81d31e395012c2c194ba8bbb6b7875338162e84165e	e0f18f35aae957cf1b837ac4bc709a2a8d07cdc0	FROZEN_NO_SILENT_OVERWRITE	Inclusion freezes provenance; it does not by itself authorize a manuscript claim.
freeze_manifest	manuscript_freeze/RESULTS_FREEZE_MANIFEST.tsv	25a0bdbdfbf8b6f93d9b2c7d748f724ebd9c62780a8a74bc822a94d85a55fde6	F0527	Stage10C3	analysis_script	reproducibility	NA	local_git_worktree	scripts/10C3_validate_outputs.py	7207	7b25a90b70be56319c5c85723a3d7b1b26f7ab78f2a9b5d7e170ef148851b096	e0f18f35aae957cf1b837ac4bc709a2a8d07cdc0	FROZEN_NO_SILENT_OVERWRITE	Inclusion freezes provenance; it does not by itself authorize a manuscript claim.
freeze_manifest	manuscript_freeze/RESULTS_FREEZE_MANIFEST.tsv	25a0bdbdfbf8b6f93d9b2c7d748f724ebd9c62780a8a74bc822a94d85a55fde6	F0528	Stage10C	analysis_script	reproducibility	NA	local_git_worktree	scripts/10C_fap_confounding.R	36891	10afa1bd183b136366e8cc7e743396d4b160c706e3ebbd0328efe32f1a576b61	e0f18f35aae957cf1b837ac4bc709a2a8d07cdc0	FROZEN_NO_SILENT_OVERWRITE	Inclusion freezes provenance; it does not by itself authorize a manuscript claim.
freeze_manifest	manuscript_freeze/RESULTS_FREEZE_MANIFEST.tsv	25a0bdbdfbf8b6f93d9b2c7d748f724ebd9c62780a8a74bc822a94d85a55fde6	F0529	Stage10C	analysis_script	reproducibility	NA	local_git_worktree	scripts/10C_run_server.sh	4804	010e0ce346ef23b5b0ea0f309f023e6ceaf0288f6999c6b469c49662747b9e56	e0f18f35aae957cf1b837ac4bc709a2a8d07cdc0	FROZEN_NO_SILENT_OVERWRITE	Inclusion freezes provenance; it does not by itself authorize a manuscript claim.
freeze_manifest	manuscript_freeze/RESULTS_FREEZE_MANIFEST.tsv	25a0bdbdfbf8b6f93d9b2c7d748f724ebd9c62780a8a74bc822a94d85a55fde6	F0530	Stage10D	analysis_script	reproducibility	NA	local_git_worktree	scripts/10D_TECH_pseudospot_validation.R	38409	f3785bd47cbca9ce438a623ac650f4ddd978ca8caac4a288dd2bb09991b9084f	e0f18f35aae957cf1b837ac4bc709a2a8d07cdc0	FROZEN_NO_SILENT_OVERWRITE	Inclusion freezes provenance; it does not by itself authorize a manuscript claim.
freeze_manifest	manuscript_freeze/RESULTS_FREEZE_MANIFEST.tsv	25a0bdbdfbf8b6f93d9b2c7d748f724ebd9c62780a8a74bc822a94d85a55fde6	F0531	Stage10D	analysis_script	reproducibility	NA	local_git_worktree	scripts/10D_TECH_run_server.sh	3393	56789a96b06bf01e7085cd26441603bc3a50255f978a1e18eff3fcac03310561	e0f18f35aae957cf1b837ac4bc709a2a8d07cdc0	FROZEN_NO_SILENT_OVERWRITE	Inclusion freezes provenance; it does not by itself authorize a manuscript claim.
freeze_manifest	manuscript_freeze/RESULTS_FREEZE_MANIFEST.tsv	25a0bdbdfbf8b6f93d9b2c7d748f724ebd9c62780a8a74bc822a94d85a55fde6	F0532	Stage10D	analysis_script	reproducibility	NA	local_git_worktree	scripts/10D_TECH_validate_outputs.py	9870	80893528fcaae0fabfb3bae3a35a334931f1238b8afa29b342eda9df428e04f4	e0f18f35aae957cf1b837ac4bc709a2a8d07cdc0	FROZEN_NO_SILENT_OVERWRITE	Inclusion freezes provenance; it does not by itself authorize a manuscript claim.
freeze_manifest	manuscript_freeze/RESULTS_FREEZE_MANIFEST.tsv	25a0bdbdfbf8b6f93d9b2c7d748f724ebd9c62780a8a74bc822a94d85a55fde6	F0533	Stage10E	analysis_script	reproducibility	NA	local_git_worktree	scripts/10E_DESC_case4_descriptive.R	22325	52f6e47fecf5902fd3830e2a1a9df7083786496121101871fc04ea31fece7911	e0f18f35aae957cf1b837ac4bc709a2a8d07cdc0	FROZEN_NO_SILENT_OVERWRITE	Inclusion freezes provenance; it does not by itself authorize a manuscript claim.
freeze_manifest	manuscript_freeze/RESULTS_FREEZE_MANIFEST.tsv	25a0bdbdfbf8b6f93d9b2c7d748f724ebd9c62780a8a74bc822a94d85a55fde6	F0534	Stage10E	analysis_script	reproducibility	NA	local_git_worktree	scripts/10E_DESC_render_figures.R	2852	c27a4e066faf9428098b9e66a5ffaa14500b9b0ddf330733e1c0b93fc82a2b71	e0f18f35aae957cf1b837ac4bc709a2a8d07cdc0	FROZEN_NO_SILENT_OVERWRITE	Inclusion freezes provenance; it does not by itself authorize a manuscript claim.
freeze_manifest	manuscript_freeze/RESULTS_FREEZE_MANIFEST.tsv	25a0bdbdfbf8b6f93d9b2c7d748f724ebd9c62780a8a74bc822a94d85a55fde6	F0535	Stage10E	analysis_script	reproducibility	NA	local_git_worktree	scripts/10E_DESC_run_server.sh	1276	f153679d167f2f246c2c1378248468072969ede69296be38b08869b1031aac94	e0f18f35aae957cf1b837ac4bc709a2a8d07cdc0	FROZEN_NO_SILENT_OVERWRITE	Inclusion freezes provenance; it does not by itself authorize a manuscript claim.
freeze_manifest	manuscript_freeze/RESULTS_FREEZE_MANIFEST.tsv	25a0bdbdfbf8b6f93d9b2c7d748f724ebd9c62780a8a74bc822a94d85a55fde6	F0536	Stage10E	analysis_script	reproducibility	NA	local_git_worktree	scripts/10E_DESC_validate_outputs.py	5647	62f4b1d158855f5c05b880f03c39da40f4079e6edcdab506aceb5d33ca54b764	e0f18f35aae957cf1b837ac4bc709a2a8d07cdc0	FROZEN_NO_SILENT_OVERWRITE	Inclusion freezes provenance; it does not by itself authorize a manuscript claim.
freeze_manifest	manuscript_freeze/RESULTS_FREEZE_MANIFEST.tsv	25a0bdbdfbf8b6f93d9b2c7d748f724ebd9c62780a8a74bc822a94d85a55fde6	F0537	Stage10E	analysis_script	reproducibility	NA	local_git_worktree	scripts/10E_R_roi_registration.py	34830	1f501c7c8450239011127bed6af14818cdb75adbc0d0c91c7d648607b04438cc	e0f18f35aae957cf1b837ac4bc709a2a8d07cdc0	FROZEN_NO_SILENT_OVERWRITE	Inclusion freezes provenance; it does not by itself authorize a manuscript claim.
freeze_manifest	manuscript_freeze/RESULTS_FREEZE_MANIFEST.tsv	25a0bdbdfbf8b6f93d9b2c7d748f724ebd9c62780a8a74bc822a94d85a55fde6	F0538	Stage10E	analysis_script	reproducibility	NA	local_git_worktree	scripts/10E_R_run_server.sh	1220	248441327d8f9d2cf3ebb2423446ecfbe09945372b11499806f6e9b930e49ae0	e0f18f35aae957cf1b837ac4bc709a2a8d07cdc0	FROZEN_NO_SILENT_OVERWRITE	Inclusion freezes provenance; it does not by itself authorize a manuscript claim.
freeze_manifest	manuscript_freeze/RESULTS_FREEZE_MANIFEST.tsv	25a0bdbdfbf8b6f93d9b2c7d748f724ebd9c62780a8a74bc822a94d85a55fde6	F0539	Stage10E	analysis_script	reproducibility	NA	local_git_worktree	scripts/10E_R_validate_outputs.py	5436	e1ba752faa131361367debaea93dfc608d4cbffe7895976ebfd5bf5690940c2f	e0f18f35aae957cf1b837ac4bc709a2a8d07cdc0	FROZEN_NO_SILENT_OVERWRITE	Inclusion freezes provenance; it does not by itself authorize a manuscript claim.
freeze_manifest	manuscript_freeze/RESULTS_FREEZE_MANIFEST.tsv	25a0bdbdfbf8b6f93d9b2c7d748f724ebd9c62780a8a74bc822a94d85a55fde6	F0540	Stage10E	analysis_script	reproducibility	NA	local_git_worktree	scripts/10E_run_server.sh	3512	f42674a1e5b1e480aba8ca949521ef078d6e523c756abf0ab169587786018239	e0f18f35aae957cf1b837ac4bc709a2a8d07cdc0	FROZEN_NO_SILENT_OVERWRITE	Inclusion freezes provenance; it does not by itself authorize a manuscript claim.
freeze_manifest	manuscript_freeze/RESULTS_FREEZE_MANIFEST.tsv	25a0bdbdfbf8b6f93d9b2c7d748f724ebd9c62780a8a74bc822a94d85a55fde6	F0541	Stage10E	analysis_script	reproducibility	NA	local_git_worktree	scripts/10E_spatial_blind_qc.R	25604	3c177bf562522d6f1b683ce8da802841146b3e71d429b154319199bd49a74ed9	e0f18f35aae957cf1b837ac4bc709a2a8d07cdc0	FROZEN_NO_SILENT_OVERWRITE	Inclusion freezes provenance; it does not by itself authorize a manuscript claim.
freeze_manifest	manuscript_freeze/RESULTS_FREEZE_MANIFEST.tsv	25a0bdbdfbf8b6f93d9b2c7d748f724ebd9c62780a8a74bc822a94d85a55fde6	F0542	Stage10E	analysis_script	reproducibility	NA	local_git_worktree	scripts/10E_validate_outputs.py	3903	f383ed0d901238cdd72b53806e358aebf3c66c8953a873ef5b76db029c698988	e0f18f35aae957cf1b837ac4bc709a2a8d07cdc0	FROZEN_NO_SILENT_OVERWRITE	Inclusion freezes provenance; it does not by itself authorize a manuscript claim.
freeze_manifest	manuscript_freeze/RESULTS_FREEZE_MANIFEST.tsv	25a0bdbdfbf8b6f93d9b2c7d748f724ebd9c62780a8a74bc822a94d85a55fde6	F0543	Stage10I	analysis_script	reproducibility	NA	local_git_worktree	scripts/10I_red_team_recompute.R	15451	1f31edba1726aa58e6c674a33dc70a8fb3fc6dcdb94227553b20afa60a89c64c	e0f18f35aae957cf1b837ac4bc709a2a8d07cdc0	FROZEN_NO_SILENT_OVERWRITE	Inclusion freezes provenance; it does not by itself authorize a manuscript claim.
freeze_manifest	manuscript_freeze/RESULTS_FREEZE_MANIFEST.tsv	25a0bdbdfbf8b6f93d9b2c7d748f724ebd9c62780a8a74bc822a94d85a55fde6	F0544	Project	analysis_script	reproducibility	NA	local_analysis_output_untracked_by_design	scripts/11A_build_freeze_manifest.py	10861	b858c3e8770eaf0e9d1e431f0df811ec086ec49860c33b153b504238231c3573	e0f18f35aae957cf1b837ac4bc709a2a8d07cdc0	FROZEN_NO_SILENT_OVERWRITE	Inclusion freezes provenance; it does not by itself authorize a manuscript claim.
freeze_manifest	manuscript_freeze/RESULTS_FREEZE_MANIFEST.tsv	25a0bdbdfbf8b6f93d9b2c7d748f724ebd9c62780a8a74bc822a94d85a55fde6	F0545	Stage8B	analysis_script	reproducibility	NA	local_analysis_output_untracked_by_design	scripts/__pycache__/08B_prepare_gdc_metadata.cpython-311.pyc	7804	ea8623e170a210af31137dd049b12d0555984b91268e8be52be28d8350fc944e	e0f18f35aae957cf1b837ac4bc709a2a8d07cdc0	FROZEN_NO_SILENT_OVERWRITE	Inclusion freezes provenance; it does not by itself authorize a manuscript claim.
freeze_manifest	manuscript_freeze/RESULTS_FREEZE_MANIFEST.tsv	25a0bdbdfbf8b6f93d9b2c7d748f724ebd9c62780a8a74bc822a94d85a55fde6	F0546	Stage9A	analysis_script	reproducibility	NA	local_analysis_output_untracked_by_design	scripts/__pycache__/09A_prepare_split_audit.cpython-311.pyc	14497	05501e0287e0586b4d4deebe661daeb85cd292fdc9eaceb78e21c545ee0c1be5	e0f18f35aae957cf1b837ac4bc709a2a8d07cdc0	FROZEN_NO_SILENT_OVERWRITE	Inclusion freezes provenance; it does not by itself authorize a manuscript claim.
freeze_manifest	manuscript_freeze/RESULTS_FREEZE_MANIFEST.tsv	25a0bdbdfbf8b6f93d9b2c7d748f724ebd9c62780a8a74bc822a94d85a55fde6	F0547	Stage10C2	analysis_script	reproducibility	NA	local_analysis_output_untracked_by_design	scripts/__pycache__/10C2_SC_B_audit_counts.cpython-312.pyc	12552	0268ab34578ceb0bb43dc1d360c0aa743f01b3a1a5948429f0a0413ba79e98fc	e0f18f35aae957cf1b837ac4bc709a2a8d07cdc0	FROZEN_NO_SILENT_OVERWRITE	Inclusion freezes provenance; it does not by itself authorize a manuscript claim.
freeze_manifest	manuscript_freeze/RESULTS_FREEZE_MANIFEST.tsv	25a0bdbdfbf8b6f93d9b2c7d748f724ebd9c62780a8a74bc822a94d85a55fde6	F0548	Stage10C2	analysis_script	reproducibility	NA	local_analysis_output_untracked_by_design	scripts/__pycache__/10C2_SC_B_finalize_audit.cpython-312.pyc	28328	e5f9526dc59493b00ee22bbd144d534c060de26488c2ee67f98df8cfdc7b7df1	e0f18f35aae957cf1b837ac4bc709a2a8d07cdc0	FROZEN_NO_SILENT_OVERWRITE	Inclusion freezes provenance; it does not by itself authorize a manuscript claim.
freeze_manifest	manuscript_freeze/RESULTS_FREEZE_MANIFEST.tsv	25a0bdbdfbf8b6f93d9b2c7d748f724ebd9c62780a8a74bc822a94d85a55fde6	F0549	Stage10C3	analysis_script	reproducibility	NA	local_analysis_output_untracked_by_design	scripts/__pycache__/10C3_validate_outputs.cpython-311.pyc	17273	25ae36750e5cb7a817d8b8e92a9781352fa0928520dfa7dc4674c3ea28fcee57	e0f18f35aae957cf1b837ac4bc709a2a8d07cdc0	FROZEN_NO_SILENT_OVERWRITE	Inclusion freezes provenance; it does not by itself authorize a manuscript claim.
freeze_manifest	manuscript_freeze/RESULTS_FREEZE_MANIFEST.tsv	25a0bdbdfbf8b6f93d9b2c7d748f724ebd9c62780a8a74bc822a94d85a55fde6	F0550	Stage10D	analysis_script	reproducibility	NA	local_analysis_output_untracked_by_design	scripts/__pycache__/10D_TECH_validate_outputs.cpython-311.pyc	20477	405a1908ac6554a45acca591f76f8e45cbf55f02413d36e8c7f5c336cf5f11d7	e0f18f35aae957cf1b837ac4bc709a2a8d07cdc0	FROZEN_NO_SILENT_OVERWRITE	Inclusion freezes provenance; it does not by itself authorize a manuscript claim.
freeze_manifest	manuscript_freeze/RESULTS_FREEZE_MANIFEST.tsv	25a0bdbdfbf8b6f93d9b2c7d748f724ebd9c62780a8a74bc822a94d85a55fde6	F0551	Stage10E	analysis_script	reproducibility	NA	local_analysis_output_untracked_by_design	scripts/__pycache__/10E_DESC_validate_outputs.cpython-311.pyc	11987	1b57c76e61db692293a21c7b79a0ff6cc647499c963c4a2cd281ebbe3cd9be9d	e0f18f35aae957cf1b837ac4bc709a2a8d07cdc0	FROZEN_NO_SILENT_OVERWRITE	Inclusion freezes provenance; it does not by itself authorize a manuscript claim.
freeze_manifest	manuscript_freeze/RESULTS_FREEZE_MANIFEST.tsv	25a0bdbdfbf8b6f93d9b2c7d748f724ebd9c62780a8a74bc822a94d85a55fde6	F0552	Stage10E	analysis_script	reproducibility	NA	local_analysis_output_untracked_by_design	scripts/__pycache__/10E_R_roi_registration.cpython-311.pyc	62258	e09cafd3876b7900ad61e4e32d7d3e9f859239578030f445c3db3c5880c8b996	e0f18f35aae957cf1b837ac4bc709a2a8d07cdc0	FROZEN_NO_SILENT_OVERWRITE	Inclusion freezes provenance; it does not by itself authorize a manuscript claim.
freeze_manifest	manuscript_freeze/RESULTS_FREEZE_MANIFEST.tsv	25a0bdbdfbf8b6f93d9b2c7d748f724ebd9c62780a8a74bc822a94d85a55fde6	F0553	Stage10E	analysis_script	reproducibility	NA	local_analysis_output_untracked_by_design	scripts/__pycache__/10E_R_validate_outputs.cpython-311.pyc	10761	4cbeb6952bb36b5c48f1e7aa3f474539f471bc7d9d93f9c53278e77b1575af32	e0f18f35aae957cf1b837ac4bc709a2a8d07cdc0	FROZEN_NO_SILENT_OVERWRITE	Inclusion freezes provenance; it does not by itself authorize a manuscript claim.
freeze_manifest	manuscript_freeze/RESULTS_FREEZE_MANIFEST.tsv	25a0bdbdfbf8b6f93d9b2c7d748f724ebd9c62780a8a74bc822a94d85a55fde6	F0554	Stage4A	analysis_script	reproducibility	NA	local_git_worktree	scripts/build_stage4a_manifest.mjs	18369	eaf45b43b6c25de7afe23716d2e510d554d496b673863e061eb9faccfc43b531	e0f18f35aae957cf1b837ac4bc709a2a8d07cdc0	FROZEN_NO_SILENT_OVERWRITE	Inclusion freezes provenance; it does not by itself authorize a manuscript claim.
freeze_manifest	manuscript_freeze/RESULTS_FREEZE_MANIFEST.tsv	25a0bdbdfbf8b6f93d9b2c7d748f724ebd9c62780a8a74bc822a94d85a55fde6	F0555	Stage4B	analysis_script	reproducibility	NA	local_git_worktree	scripts/build_stage4b_download_plan.mjs	5496	cc1f0b2351da7efa7aadaeec6f4551d01f70ef52ae7e30aca6762e25e8dd39ad	e0f18f35aae957cf1b837ac4bc709a2a8d07cdc0	FROZEN_NO_SILENT_OVERWRITE	Inclusion freezes provenance; it does not by itself authorize a manuscript claim.
freeze_manifest	manuscript_freeze/RESULTS_FREEZE_MANIFEST.tsv	25a0bdbdfbf8b6f93d9b2c7d748f724ebd9c62780a8a74bc822a94d85a55fde6	F0556	Project	analysis_script	reproducibility	NA	local_git_worktree	scripts/collect_geo_sample_metadata.mjs	3760	7b55f2868cc7fed0490997eacdaec81fb7c8fa5397a0488d21996df42e59793f	e0f18f35aae957cf1b837ac4bc709a2a8d07cdc0	FROZEN_NO_SILENT_OVERWRITE	Inclusion freezes provenance; it does not by itself authorize a manuscript claim.
freeze_manifest	manuscript_freeze/RESULTS_FREEZE_MANIFEST.tsv	25a0bdbdfbf8b6f93d9b2c7d748f724ebd9c62780a8a74bc822a94d85a55fde6	F0557	Project	analysis_script	reproducibility	NA	local_git_worktree	scripts/extract_gse201348_supplement.mjs	1189	f07a5dc0164143370c46cab3fe87f5b719adcd02e25a3af3c95a8199be6d001e	e0f18f35aae957cf1b837ac4bc709a2a8d07cdc0	FROZEN_NO_SILENT_OVERWRITE	Inclusion freezes provenance; it does not by itself authorize a manuscript claim.
freeze_manifest	manuscript_freeze/RESULTS_FREEZE_MANIFEST.tsv	25a0bdbdfbf8b6f93d9b2c7d748f724ebd9c62780a8a74bc822a94d85a55fde6	F0558	Stage4B	analysis_script	reproducibility	NA	local_git_worktree	scripts/pause_stage4b_after_p2.sh	1105	2099abaea5967a57f5fb6091446d6d40292673c13068e52bc8f21c6ca0bdf897	e0f18f35aae957cf1b837ac4bc709a2a8d07cdc0	FROZEN_NO_SILENT_OVERWRITE	Inclusion freezes provenance; it does not by itself authorize a manuscript claim.
freeze_manifest	manuscript_freeze/RESULTS_FREEZE_MANIFEST.tsv	25a0bdbdfbf8b6f93d9b2c7d748f724ebd9c62780a8a74bc822a94d85a55fde6	F0559	Stage4A	analysis_script	reproducibility	NA	local_git_worktree	scripts/validate_stage4a_metadata.mjs	5989	f59686133af63565a6fbd7f6c40cbad0c3800c05c1ca127f0d6209882f56170e	e0f18f35aae957cf1b837ac4bc709a2a8d07cdc0	FROZEN_NO_SILENT_OVERWRITE	Inclusion freezes provenance; it does not by itself authorize a manuscript claim.
freeze_manifest	manuscript_freeze/RESULTS_FREEZE_MANIFEST.tsv	25a0bdbdfbf8b6f93d9b2c7d748f724ebd9c62780a8a74bc822a94d85a55fde6	F0560	Stage6A	numeric_result	main	CLM03;CLM14	remote_server_read_only_reference	${CRC_PROJECT_ROOT}/results/06A_pseudobulk/pseudobulk_results.tsv	36314540	d217f8a76153ca2829a74c47f45fe97414c6e81e1189b4ba535f8effb81b7696	e0f18f35aae957cf1b837ac4bc709a2a8d07cdc0	FROZEN_HASH_VERIFIED_2026-08-01	Full donor-level pseudobulk result; large server-only table
freeze_manifest	manuscript_freeze/RESULTS_FREEZE_MANIFEST.tsv	25a0bdbdfbf8b6f93d9b2c7d748f724ebd9c62780a8a74bc822a94d85a55fde6	F0561	Stage6A	environment	reproducibility	CLM03;CLM14	remote_server_read_only_reference	${CRC_PROJECT_ROOT}/results/06A_pseudobulk/software_versions.tsv	119	c849575d85f6f317d3b5d3306d8675249ac9aa52f0daff655e75ebd6bdb1d2ed	e0f18f35aae957cf1b837ac4bc709a2a8d07cdc0	FROZEN_HASH_VERIFIED_2026-08-01	Executed Stage 6A software versions
freeze_manifest	manuscript_freeze/RESULTS_FREEZE_MANIFEST.tsv	25a0bdbdfbf8b6f93d9b2c7d748f724ebd9c62780a8a74bc822a94d85a55fde6	F0562	Stage10C	source_data	main	CLM04;CLM16	remote_server_read_only_reference	${CRC_PROJECT_ROOT}/results/10C_fap_confounding/20260731_110021/GSE201348_module_donor_effects.tsv	5473	914c154b608814c8a2fe2530a3d4db83597f5dda9cfe8214cccbb7d12c7243a1	e0f18f35aae957cf1b837ac4bc709a2a8d07cdc0	FROZEN_HASH_VERIFIED_2026-08-01	Four-donor paired values for Figure 3
freeze_manifest	manuscript_freeze/RESULTS_FREEZE_MANIFEST.tsv	25a0bdbdfbf8b6f93d9b2c7d748f724ebd9c62780a8a74bc822a94d85a55fde6	F0563	Stage10C	numeric_result	main	CLM04;CLM16	remote_server_read_only_reference	${CRC_PROJECT_ROOT}/results/10C_fap_confounding/20260731_110021/stage10C_locked_module_results.tsv	13195	3d18119a4c82d397b12dbc7d7a4390e118ef9bba01289e2436a4233955da95f8	e0f18f35aae957cf1b837ac4bc709a2a8d07cdc0	FROZEN_HASH_VERIFIED_2026-08-01	Locked module effects, confidence intervals, P values and FDR
freeze_manifest	manuscript_freeze/RESULTS_FREEZE_MANIFEST.tsv	25a0bdbdfbf8b6f93d9b2c7d748f724ebd9c62780a8a74bc822a94d85a55fde6	F0564	Stage10C	environment	reproducibility	CLM04;CLM16	remote_server_read_only_reference	${CRC_PROJECT_ROOT}/results/10C_fap_confounding/20260731_110021/stage10C_sessionInfo.txt	3623	c480844ac5e6ccc45d5e322c442771fa0657f6885105b0af0fc58d273407c3ea	e0f18f35aae957cf1b837ac4bc709a2a8d07cdc0	FROZEN_HASH_VERIFIED_2026-08-01	Executed Stage 10C R session
freeze_manifest	manuscript_freeze/RESULTS_FREEZE_MANIFEST.tsv	25a0bdbdfbf8b6f93d9b2c7d748f724ebd9c62780a8a74bc822a94d85a55fde6	F0565	Stage10C	environment	reproducibility	CLM04;CLM16	remote_server_read_only_reference	${CRC_PROJECT_ROOT}/results/10C_fap_confounding/20260731_110021/stage10C_software_versions.tsv	197	0641b25a6f20f0ec7988f33ed8657327c6c1175fbaff54052b56492a71617b73	e0f18f35aae957cf1b837ac4bc709a2a8d07cdc0	FROZEN_HASH_VERIFIED_2026-08-01	Executed Stage 10C software versions
