section	source_file	source_sha256	module_id	gene_count	genes	pearson	spearman	standardized_rmse	ci_low	ci_high	p_value	fdr	n_reference_donors	n_simulation_replicates	inference_unit	interval_method	scenario_id	qc_mode	annotation_source	compartment	min_cells	scenario_role	score_method	score_role	P1_effect	P5_effect	k_positive	n_pairs	descriptive_mean_effect	status	reason	patient_id	patient_n	sensitivity	role	Normal_score	Adenoma_score	Adenoma_minus_Normal	direction	direction_vs_primary	mapped_genes	aggregation	note	confidence_interval
null_modules	results/stage10d_tech/STAGE10D_TECH_NULL_MODULE_RESULTS.tsv	776c43d27d133f5dfdbda19e2c071a2a95942d9a403a3e87ae0a43ef3f995826	NULL_MATCHED_M30_0001	30	AFTPH;AKR1A1;ALKBH5;BICDL2;CAB39;CHD7;DCAF11;DDX39A;DOCK8;DUS1L;EPS8L2;GALNT7;GOLGB1;HCLS1;LDLRAD4;MALSU1;MAP2K3;MSH3;NUDT16L1;PARP14;PCGF5;PPP1R18;PTPN7;RNF145;SEPT1;SETD2;STRBP;TBC1D10C;TRAF4;USP3	0.00263613663359468	0.0238095238095238	1.0087984016789	NA	NA	NA	NA	4	72	simulation_replicate	empirical null draw; no per-module interval	NA	NA	NA	NA	NA	NA	NA	NA	NA	NA	NA	NA	NA	NA	NA	NA	NA	NA	NA	NA	NA	NA	NA	NA	NA	NA	NA	NA
null_modules	results/stage10d_tech/STAGE10D_TECH_NULL_MODULE_RESULTS.tsv	776c43d27d133f5dfdbda19e2c071a2a95942d9a403a3e87ae0a43ef3f995826	NULL_MATCHED_M30_0002	30	AFTPH;ANKRD44;ATF7IP;CAB39;CASP7;CCDC88B;DCAF11;DENND2D;DUS1L;FAM207A;GNPAT;GRK6;IFT172;KCNN4;LDLRAD4;ME2;NEDD9;NPM3;PFDN2;PNKP;PPM1G;PTPN7;SEPT1;STX4;TBC1D10C;TCEA3;TMC6;USP3;WIPF1;YDJC	-0.0603566376567486	-0.0238095238095238	1.03699481274111	NA	NA	NA	NA	4	72	simulation_replicate	empirical null draw; no per-module interval	NA	NA	NA	NA	NA	NA	NA	NA	NA	NA	NA	NA	NA	NA	NA	NA	NA	NA	NA	NA	NA	NA	NA	NA	NA	NA	NA	NA
null_modules	results/stage10d_tech/STAGE10D_TECH_NULL_MODULE_RESULTS.tsv	776c43d27d133f5dfdbda19e2c071a2a95942d9a403a3e87ae0a43ef3f995826	NULL_MATCHED_M30_0003	30	ARHGAP45;ASF1A;ATF7IP;DENND2D;DUS1L;ENOPH1;GRSF1;HCLS1;HNRNPL;LDLRAD4;LPP;MAP2K3;MLLT6;NGLY1;PNKP;POLE3;PSMB8-AS1;PTPN4;RTCA;SEPT1;SMCO4;STRBP;TBC1D10C;TM9SF2;TSN;UBE2L6;UBN1;USP3;YDJC;ZNF131	-0.016604099329398	-0.0714285714285714	1.02732089105779	NA	NA	NA	NA	4	72	simulation_replicate	empirical null draw; no per-module interval	NA	NA	NA	NA	NA	NA	NA	NA	NA	NA	NA	NA	NA	NA	NA	NA	NA	NA	NA	NA	NA	NA	NA	NA	NA	NA	NA	NA
null_modules	results/stage10d_tech/STAGE10D_TECH_NULL_MODULE_RESULTS.tsv	776c43d27d133f5dfdbda19e2c071a2a95942d9a403a3e87ae0a43ef3f995826	NULL_MATCHED_M30_0004	30	ASF1A;BICDL2;CAB39;EPS8L2;GALM;GALNT3;GRK6;GTF2E2;HNRNPL;IFT172;LDLRAD4;MAP2K3;MAP7;ME2;MRPS36;MSH3;PDXK;PIP4K2A;PLAC8;PLS1;PSMB8-AS1;SEPT1;SETD2;SLMAP;STRBP;TMEM33;TRAF3IP3;TST;UBE2L6;ZNF131	0.125640162562515	0.107142857142857	0.963714403814059	NA	NA	NA	NA	4	72	simulation_replicate	empirical null draw; no per-module interval	NA	NA	NA	NA	NA	NA	NA	NA	NA	NA	NA	NA	NA	NA	NA	NA	NA	NA	NA	NA	NA	NA	NA	NA	NA	NA	NA	NA
null_modules	results/stage10d_tech/STAGE10D_TECH_NULL_MODULE_RESULTS.tsv	776c43d27d133f5dfdbda19e2c071a2a95942d9a403a3e87ae0a43ef3f995826	NULL_MATCHED_M30_0005	30	AFTPH;ANXA3;C1orf56;CAB39;CHD7;DDR1;DOCK8;FAM207A;IMMT;LDLRAD4;MAP2K1;MLLT6;PATJ;PCBD1;PCGF5;PDZD8;PIP4K2A;PTPN4;RPP25L;RTCA;SEPT1;SETD2;SLC22A18;SLMAP;SPEN;STRAP;SYTL2;TMC6;TRAF3IP3;TRAF4	0.0370132225817565	0.0238095238095238	1.01122299130812	NA	NA	NA	NA	4	72	simulation_replicate	empirical null draw; no per-module interval	NA	NA	NA	NA	NA	NA	NA	NA	NA	NA	NA	NA	NA	NA	NA	NA	NA	NA	NA	NA	NA	NA	NA	NA	NA	NA	NA	NA
null_modules	results/stage10d_tech/STAGE10D_TECH_NULL_MODULE_RESULTS.tsv	776c43d27d133f5dfdbda19e2c071a2a95942d9a403a3e87ae0a43ef3f995826	NULL_MATCHED_M30_0006	30	AK3;COA3;DENND2D;DUS1L;EPB41;EPS8L2;FAM207A;GORASP2;GRK6;IFT172;KCNN4;LYN;MAP7;MUC3A;NCF1;NGLY1;NUDT16L1;PPP1R18;PXMP2;SPEN;SPINT1-AS1;SUPT5H;SYTL2;TMC6;TMEM63A;TRIP12;USP3;VSIG2;WIPF1;YDJC	-0.0519375453196463	0.0119047619047619	1.006244724684	NA	NA	NA	NA	4	72	simulation_replicate	empirical null draw; no per-module interval	NA	NA	NA	NA	NA	NA	NA	NA	NA	NA	NA	NA	NA	NA	NA	NA	NA	NA	NA	NA	NA	NA	NA	NA	NA	NA	NA	NA
null_modules	results/stage10d_tech/STAGE10D_TECH_NULL_MODULE_RESULTS.tsv	776c43d27d133f5dfdbda19e2c071a2a95942d9a403a3e87ae0a43ef3f995826	NULL_MATCHED_M30_0007	30	ALKBH5;ARHGAP45;ATF7IP;CHD7;COX19;CYHR1;DDR1;EPB41;GALM;GALNT3;GALNT7;GNPAT;LSM12;MAP7;MLLT6;NGLY1;PCGF5;PDZK1IP1;PIP4K2A;PLS1;PNKP;PSMB8-AS1;RTN3;SDF4;SETD2;SRPK2;SYTL2;TRAF3IP3;TRIP12;WIPF1	-0.0161766387873372	0	1.0331913745759	NA	NA	NA	NA	4	72	simulation_replicate	empirical null draw; no per-module interval	NA	NA	NA	NA	NA	NA	NA	NA	NA	NA	NA	NA	NA	NA	NA	NA	NA	NA	NA	NA	NA	NA	NA	NA	NA	NA	NA	NA
null_modules	results/stage10d_tech/STAGE10D_TECH_NULL_MODULE_RESULTS.tsv	776c43d27d133f5dfdbda19e2c071a2a95942d9a403a3e87ae0a43ef3f995826	NULL_MATCHED_M30_0008	30	ANKRD44;BLCAP;CCNC;CHD7;COA3;COX19;CYHR1;DENND2D;DIAPH1;DOCK8;EPS8L2;HNRNPL;KCNN4;ME2;MSH3;NUDT16L1;PCGF5;PIP4K2A;PNKP;PON2;PPP1R18;PSMB8-AS1;PTPN7;RBM26;SEPT1;SIRT7;SPINT1-AS1;SUMO3;TMC6;UBN1	-0.0587129078518723	-0.0238095238095238	1.02468888996424	NA	NA	NA	NA	4	72	simulation_replicate	empirical null draw; no per-module interval	NA	NA	NA	NA	NA	NA	NA	NA	NA	NA	NA	NA	NA	NA	NA	NA	NA	NA	NA	NA	NA	NA	NA	NA	NA	NA	NA	NA
null_modules	results/stage10d_tech/STAGE10D_TECH_NULL_MODULE_RESULTS.tsv	776c43d27d133f5dfdbda19e2c071a2a95942d9a403a3e87ae0a43ef3f995826	NULL_MATCHED_M30_0009	30	ANKRD10;ANKRD44;ARHGAP18;ASF1A;BCL11A;CAB39;CYHR1;GALM;GALNT3;IFT172;LYN;MAP3K2;MDH1;ME2;MLLT6;MRPS26;NGLY1;NUDT16L1;PLS1;PNKP;PTPN4;RPP25L;SF3B1;SPEN;STRBP;SUPT5H;SYTL2;TBC1D10C;TRIP12;WIPF1	0.0914472267453404	0.0476190476190476	1.00273126758297	NA	NA	NA	NA	4	72	simulation_replicate	empirical null draw; no per-module interval	NA	NA	NA	NA	NA	NA	NA	NA	NA	NA	NA	NA	NA	NA	NA	NA	NA	NA	NA	NA	NA	NA	NA	NA	NA	NA	NA	NA
null_modules	results/stage10d_tech/STAGE10D_TECH_NULL_MODULE_RESULTS.tsv	776c43d27d133f5dfdbda19e2c071a2a95942d9a403a3e87ae0a43ef3f995826	NULL_MATCHED_M30_0010	30	AFTPH;ARHGAP45;CASP7;CHD7;COX19;CTBP2;DDR1;DENND2D;DPP7;ENOPH1;EPS8L2;GNPAT;GRK6;HCLS1;KCNN4;LYN;MAP2K1;MSH3;NCF1;PLS1;POLR2C;PPP1R18;PPP2R1A;PTPN4;RPP25L;SEPT6;SPEN;SRPRB;TRAF4;ZNF131	-0.055536963996707	-0.0476190476190476	1.02969202240968	NA	NA	NA	NA	4	72	simulation_replicate	empirical null draw; no per-module interval	NA	NA	NA	NA	NA	NA	NA	NA	NA	NA	NA	NA	NA	NA	NA	NA	NA	NA	NA	NA	NA	NA	NA	NA	NA	NA	NA	NA
null_modules	results/stage10d_tech/STAGE10D_TECH_NULL_MODULE_RESULTS.tsv	776c43d27d133f5dfdbda19e2c071a2a95942d9a403a3e87ae0a43ef3f995826	NULL_MATCHED_M30_0011	30	AFF4;ASF1A;ATF7IP;CCDC88B;CSK;DENND2D;DHPS;EPB41;FAM207A;GALNT3;GRK6;HCLS1;HSPA9;IKZF1;ISOC2;KMT5B;LDLRAD4;ME2;MSH3;NGLY1;PARP14;PLS1;PPP1R18;PSMB8-AS1;PTPN4;PTPN7;PTS;SPINT1-AS1;TNFSF10;TRAF4	0.0559762720566148	0.0595238095238095	1.01089540403078	NA	NA	NA	NA	4	72	simulation_replicate	empirical null draw; no per-module interval	NA	NA	NA	NA	NA	NA	NA	NA	NA	NA	NA	NA	NA	NA	NA	NA	NA	NA	NA	NA	NA	NA	NA	NA	NA	NA	NA	NA
null_modules	results/stage10d_tech/STAGE10D_TECH_NULL_MODULE_RESULTS.tsv	776c43d27d133f5dfdbda19e2c071a2a95942d9a403a3e87ae0a43ef3f995826	NULL_MATCHED_M30_0012	30	ARHGAP45;BRI3BP;CCDC88B;CCSER2;COX19;DENND2D;EPS8L2;FAM207A;GALNT7;GNPAT;GRK6;IKZF1;LYN;MAP2K1;MSH3;NDUFAF3;NDUFV1;NGLY1;NUDT16L1;PNKP;PPID;RTCA;SPINT1-AS1;STRBP;SYTL2;TST;USP3;VSIG2;YDJC;ZNF131	-0.010569759957499	-0.0357142857142857	1.03677295307708	NA	NA	NA	NA	4	72	simulation_replicate	empirical null draw; no per-module interval	NA	NA	NA	NA	NA	NA	NA	NA	NA	NA	NA	NA	NA	NA	NA	NA	NA	NA	NA	NA	NA	NA	NA	NA	NA	NA	NA	NA
null_modules	results/stage10d_tech/STAGE10D_TECH_NULL_MODULE_RESULTS.tsv	776c43d27d133f5dfdbda19e2c071a2a95942d9a403a3e87ae0a43ef3f995826	NULL_MATCHED_M30_0013	30	AFTPH;BICDL2;CHD7;COPS4;COX19;DCAF11;DOCK8;ENOPH1;EPB41;GMFG;HCLS1;HNRNPL;IFT20;KMT5B;LDLRAD4;LSM12;MAP2K1;ME2;MRPS36;MSH3;NCF1;NUDT16L1;PCGF5;PLS1;PPP1R18;RASSF7;RTCA;TMC6;TNRC6B;ZNF131	0.0855490961543126	0.0952380952380953	0.986421056301085	NA	NA	NA	NA	4	72	simulation_replicate	empirical null draw; no per-module interval	NA	NA	NA	NA	NA	NA	NA	NA	NA	NA	NA	NA	NA	NA	NA	NA	NA	NA	NA	NA	NA	NA	NA	NA	NA	NA	NA	NA
null_modules	results/stage10d_tech/STAGE10D_TECH_NULL_MODULE_RESULTS.tsv	776c43d27d133f5dfdbda19e2c071a2a95942d9a403a3e87ae0a43ef3f995826	NULL_MATCHED_M30_0014	30	AAK1;ANKRD44;BCL11A;CSK;CTBP2;DCAF11;DOCK8;ENOPH1;GALNT7;GTF2E2;HCLS1;KCNN4;LONP2;LYN;LYPLA2;MAP2K1;NORAD;PPID;RBM4;RPP25L;RTN3;SIRT7;SLMAP;STARD3NL;STRBP;SYTL2;TRIP12;UBN1;USP3;WIPF1	-0.0473332478696497	0.0238095238095238	1.00619235015039	NA	NA	NA	NA	4	72	simulation_replicate	empirical null draw; no per-module interval	NA	NA	NA	NA	NA	NA	NA	NA	NA	NA	NA	NA	NA	NA	NA	NA	NA	NA	NA	NA	NA	NA	NA	NA	NA	NA	NA	NA
null_modules	results/stage10d_tech/STAGE10D_TECH_NULL_MODULE_RESULTS.tsv	776c43d27d133f5dfdbda19e2c071a2a95942d9a403a3e87ae0a43ef3f995826	NULL_MATCHED_M30_0015	30	ARHGAP45;CHD7;COX17;COX19;DCAF11;EPB41;FAM207A;GALNT7;GNPAT;HCLS1;KMT5B;LPP;LYN;MALSU1;MAP2K1;MLLT6;NGLY1;NPEPPS;PCGF5;PTPN7;RPP25L;RTCA;SLC38A1;SPEN;STARD3NL;SUPT5H;SYTL2;TRIP12;UBN1;UBQLN1	-0.0677995646041771	-0.0476190476190476	1.01494818484336	NA	NA	NA	NA	4	72	simulation_replicate	empirical null draw; no per-module interval	NA	NA	NA	NA	NA	NA	NA	NA	NA	NA	NA	NA	NA	NA	NA	NA	NA	NA	NA	NA	NA	NA	NA	NA	NA	NA	NA	NA
null_modules	results/stage10d_tech/STAGE10D_TECH_NULL_MODULE_RESULTS.tsv	776c43d27d133f5dfdbda19e2c071a2a95942d9a403a3e87ae0a43ef3f995826	NULL_MATCHED_M30_0016	30	ANKRD44;ARHGAP45;CAB39;CCT7;CHD7;DDR1;DPY30;ENOPH1;GRK6;MAP2K3;MSH3;MUC3A;NOP58;PARL;PIP4K2A;PNKP;PPID;PSMB8-AS1;PTPN7;RPP25L;SETD2;SMCO4;SPEN;STRBP;SYTL2;TMC6;USP3;WIPF1;YDJC;ZMYND8	-0.0223873475591643	-0.0238095238095238	1.05105306679673	NA	NA	NA	NA	4	72	simulation_replicate	empirical null draw; no per-module interval	NA	NA	NA	NA	NA	NA	NA	NA	NA	NA	NA	NA	NA	NA	NA	NA	NA	NA	NA	NA	NA	NA	NA	NA	NA	NA	NA	NA
null_modules	results/stage10d_tech/STAGE10D_TECH_NULL_MODULE_RESULTS.tsv	776c43d27d133f5dfdbda19e2c071a2a95942d9a403a3e87ae0a43ef3f995826	NULL_MATCHED_M30_0017	30	AFTPH;ANXA3;CARHSP1;CCDC88B;CHD7;DDB1;DENND2D;DOCK8;EBP;ENOPH1;EXOSC8;FAM207A;GALM;GALNT7;GTF2E2;HCLS1;IKZF1;KCNN4;LDLRAD4;MAP2K1;NGLY1;NPM3;PCGF5;SEPT1;SLMAP;STRBP;SYTL2;TRAF3IP3;YDJC;ZNF131	-0.0216702929666312	-0.0238095238095238	1.02562733073931	NA	NA	NA	NA	4	72	simulation_replicate	empirical null draw; no per-module interval	NA	NA	NA	NA	NA	NA	NA	NA	NA	NA	NA	NA	NA	NA	NA	NA	NA	NA	NA	NA	NA	NA	NA	NA	NA	NA	NA	NA
null_modules	results/stage10d_tech/STAGE10D_TECH_NULL_MODULE_RESULTS.tsv	776c43d27d133f5dfdbda19e2c071a2a95942d9a403a3e87ae0a43ef3f995826	NULL_MATCHED_M30_0018	30	AFTPH;ASF1A;ATF7IP;BICDL2;CAB39;CLIP1;DDR1;DOCK8;EPS8L2;GORASP2;HCLS1;KCNN4;LDLRAD4;LYN;MAP2K3;MSH3;NGLY1;NUDT16L1;PON2;PPP1R18;PPP2R1A;PTPN4;RASSF7;STARD3NL;STRAP;SUPT5H;TBC1D10C;UBN1;WIPF1;YDJC	-0.0519129196283036	0.0476190476190476	1.00394794434659	NA	NA	NA	NA	4	72	simulation_replicate	empirical null draw; no per-module interval	NA	NA	NA	NA	NA	NA	NA	NA	NA	NA	NA	NA	NA	NA	NA	NA	NA	NA	NA	NA	NA	NA	NA	NA	NA	NA	NA	NA
null_modules	results/stage10d_tech/STAGE10D_TECH_NULL_MODULE_RESULTS.tsv	776c43d27d133f5dfdbda19e2c071a2a95942d9a403a3e87ae0a43ef3f995826	NULL_MATCHED_M30_0019	30	CCT7;CSK;DCAF11;DENND2D;DHPS;DOCK8;DUS1L;EPB41;GALNT7;GAS6;GTF2E2;LDLRAD4;MAP2K3;MSH3;NCF1;NUDT16L1;PCGF5;PIP4K2A;PLPP2;PPID;PPP1R18;SAFB2;SETD2;SYTL2;TMC6;TRIP12;UBN1;WIPF1;YIPF2;ZNF131	0.115778234212091	0.0952380952380953	1.00274112882002	NA	NA	NA	NA	4	72	simulation_replicate	empirical null draw; no per-module interval	NA	NA	NA	NA	NA	NA	NA	NA	NA	NA	NA	NA	NA	NA	NA	NA	NA	NA	NA	NA	NA	NA	NA	NA	NA	NA	NA	NA
null_modules	results/stage10d_tech/STAGE10D_TECH_NULL_MODULE_RESULTS.tsv	776c43d27d133f5dfdbda19e2c071a2a95942d9a403a3e87ae0a43ef3f995826	NULL_MATCHED_M30_0020	30	BCAP29;BLVRB;C6orf62;CCDC88B;DCAF11;DDR1;ENOPH1;EPS8L2;FAM207A;GALM;HNRNPL;KCNN4;LYN;LYPLA2;MAP2K1;ME2;MRPS36;MSH3;NGLY1;PAFAH1B2;PIP4K2A;PNKP;PPID;PSMB8-AS1;RPP25L;SETD2;SIL1;SIRT7;TBC1D10C;TRAF3IP3	-0.0516987381857148	-0.0238095238095238	1.00935123230467	NA	NA	NA	NA	4	72	simulation_replicate	empirical null draw; no per-module interval	NA	NA	NA	NA	NA	NA	NA	NA	NA	NA	NA	NA	NA	NA	NA	NA	NA	NA	NA	NA	NA	NA	NA	NA	NA	NA	NA	NA
null_modules	results/stage10d_tech/STAGE10D_TECH_NULL_MODULE_RESULTS.tsv	776c43d27d133f5dfdbda19e2c071a2a95942d9a403a3e87ae0a43ef3f995826	NULL_MATCHED_M30_0021	30	AHCY;ANKRD44;ARHGAP45;COX17;COX19;CYHR1;DCAF11;DOCK8;DUS1L;EPS8L2;FAM200B;GNPAT;GTF2E2;MSH3;NGLY1;NRDC;PATJ;PCGF5;PIP4K2A;PPP1R18;PTPN4;PTPN7;RPA2;SETD2;SPINT1-AS1;SUPT5H;TRAF3IP3;TRIP12;UBALD2;VCP	-0.0533627687984613	0	1.02481191791216	NA	NA	NA	NA	4	72	simulation_replicate	empirical null draw; no per-module interval	NA	NA	NA	NA	NA	NA	NA	NA	NA	NA	NA	NA	NA	NA	NA	NA	NA	NA	NA	NA	NA	NA	NA	NA	NA	NA	NA	NA
null_modules	results/stage10d_tech/STAGE10D_TECH_NULL_MODULE_RESULTS.tsv	776c43d27d133f5dfdbda19e2c071a2a95942d9a403a3e87ae0a43ef3f995826	NULL_MATCHED_M30_0022	30	ACADS;ARHGAP45;CHD7;COX19;ENOPH1;EPB41;GALNT7;GSPT1;HCLS1;HNRNPL;KCNN4;MAP2K1;MLLT6;MRPL48;MUC3A;NUDT16L1;PATJ;PCGF5;PLS1;POLR2K;PON2;SAFB2;SEPT1;SIRT7;SPEN;TMC6;TRAF3IP3;TRAF4;UBN1;ZNF131	-0.0366617888333821	-0.0119047619047619	1.01285003928371	NA	NA	NA	NA	4	72	simulation_replicate	empirical null draw; no per-module interval	NA	NA	NA	NA	NA	NA	NA	NA	NA	NA	NA	NA	NA	NA	NA	NA	NA	NA	NA	NA	NA	NA	NA	NA	NA	NA	NA	NA
null_modules	results/stage10d_tech/STAGE10D_TECH_NULL_MODULE_RESULTS.tsv	776c43d27d133f5dfdbda19e2c071a2a95942d9a403a3e87ae0a43ef3f995826	NULL_MATCHED_M30_0023	30	ANKRD49;COX19;DCAF11;DENND2D;DOCK8;DUS1L;EIF4A3;ENOPH1;EPB41;EPS8L2;GALNT7;GRK6;HCLS1;HNRNPL;IKZF1;LDLRAD4;LYPLA2;MAP7;MUC12;MUM1;NUDT16L1;PPID;PPP1R18;SRPRB;SYTL2;TRAF3IP3;TSTA3;USP3;ZG16B;ZNF131	0.0262925195435875	0.0476190476190476	1.02476041704847	NA	NA	NA	NA	4	72	simulation_replicate	empirical null draw; no per-module interval	NA	NA	NA	NA	NA	NA	NA	NA	NA	NA	NA	NA	NA	NA	NA	NA	NA	NA	NA	NA	NA	NA	NA	NA	NA	NA	NA	NA
null_modules	results/stage10d_tech/STAGE10D_TECH_NULL_MODULE_RESULTS.tsv	776c43d27d133f5dfdbda19e2c071a2a95942d9a403a3e87ae0a43ef3f995826	NULL_MATCHED_M30_0024	30	ARHGAP45;CLDND1;DCAF11;DIAPH1;EWSR1;EXOSC1;HCLS1;HNRNPL;IAH1;MAP2K1;MAP2K3;ME2;MRPL52;MUC3A;NUDT16L1;PLS1;PPP1R18;PSMB8-AS1;PTPN4;SPINT1-AS1;STRBP;TBC1D10C;TMC6;TRAF4;TRIP12;TST;UBN1;USP47;WIPF1;YDJC	-0.0554815431127268	-0.0476190476190476	1.0229313296495	NA	NA	NA	NA	4	72	simulation_replicate	empirical null draw; no per-module interval	NA	NA	NA	NA	NA	NA	NA	NA	NA	NA	NA	NA	NA	NA	NA	NA	NA	NA	NA	NA	NA	NA	NA	NA	NA	NA	NA	NA
null_modules	results/stage10d_tech/STAGE10D_TECH_NULL_MODULE_RESULTS.tsv	776c43d27d133f5dfdbda19e2c071a2a95942d9a403a3e87ae0a43ef3f995826	NULL_MATCHED_M30_0025	30	AFTPH;ANKRD49;ATF7IP;BICDL2;CCDC88B;DCAF11;DENND2D;DOCK8;FAM207A;GALNT7;HEBP2;IFT172;IKZF1;LSM12;LSM8;LYPLA2;ME2;MYH14;NCF1;PIP4K2A;PSMB8-AS1;SEPT1;SETD2;STARD3NL;SUPT5H;TNFAIP8;TSN;UFD1;USP3;YDJC	-0.0145513161613262	0	1.00165867683643	NA	NA	NA	NA	4	72	simulation_replicate	empirical null draw; no per-module interval	NA	NA	NA	NA	NA	NA	NA	NA	NA	NA	NA	NA	NA	NA	NA	NA	NA	NA	NA	NA	NA	NA	NA	NA	NA	NA	NA	NA
null_modules	results/stage10d_tech/STAGE10D_TECH_NULL_MODULE_RESULTS.tsv	776c43d27d133f5dfdbda19e2c071a2a95942d9a403a3e87ae0a43ef3f995826	NULL_MATCHED_M30_0026	30	ARHGAP45;ATF7IP;BIN1;CHD7;COX19;CYHR1;DOCK8;EXOSC1;GRK6;HCLS1;KMT5B;LDLRAD4;MSH3;MUC12;NGLY1;NUDT5;PATJ;PIP4K2A;PKP2;PTPN4;PTPN7;PTS;SLMAP;TBC1D10C;TRAF3IP3;TRAF4;UBN1;UNC50;USP3;WIPF1	-0.0225126754841474	-0.0238095238095238	1.01381736131948	NA	NA	NA	NA	4	72	simulation_replicate	empirical null draw; no per-module interval	NA	NA	NA	NA	NA	NA	NA	NA	NA	NA	NA	NA	NA	NA	NA	NA	NA	NA	NA	NA	NA	NA	NA	NA	NA	NA	NA	NA
null_modules	results/stage10d_tech/STAGE10D_TECH_NULL_MODULE_RESULTS.tsv	776c43d27d133f5dfdbda19e2c071a2a95942d9a403a3e87ae0a43ef3f995826	NULL_MATCHED_M30_0027	30	AGPAT2;ARHGAP18;ARHGAP45;ATF7IP;CAB39;CHD7;COX19;CYHR1;GNPAT;HCLS1;IKZF1;IMPA2;KCNN4;LYN;MAP2K1;MAP7;ME2;NDUFAF3;NSFL1C;PNKP;PTPN7;RTCA;SEPT1;STARD3NL;STRAP;STRBP;TBC1D10C;TRAF4;USP3;WIPF1	0.0103210244819313	0	1.0192179655598	NA	NA	NA	NA	4	72	simulation_replicate	empirical null draw; no per-module interval	NA	NA	NA	NA	NA	NA	NA	NA	NA	NA	NA	NA	NA	NA	NA	NA	NA	NA	NA	NA	NA	NA	NA	NA	NA	NA	NA	NA
null_modules	results/stage10d_tech/STAGE10D_TECH_NULL_MODULE_RESULTS.tsv	776c43d27d133f5dfdbda19e2c071a2a95942d9a403a3e87ae0a43ef3f995826	NULL_MATCHED_M30_0028	30	ANKRD44;CAB39;CENPV;COX19;CYHR1;DDR1;DUS1L;EPB41;EPS8L2;FBXW5;GALM;GALNT3;GALNT7;GLO1;GNPAT;LDLRAD4;LONP2;LSM8;LYN;LYPLA2;MRPL48;PNKP;PPP1R18;PTPN7;SETD2;SIRT7;STARD3NL;SUPT5H;TMC6;WIPF1	-0.0724691768487875	-0.0476190476190476	1.00041818023123	NA	NA	NA	NA	4	72	simulation_replicate	empirical null draw; no per-module interval	NA	NA	NA	NA	NA	NA	NA	NA	NA	NA	NA	NA	NA	NA	NA	NA	NA	NA	NA	NA	NA	NA	NA	NA	NA	NA	NA	NA
null_modules	results/stage10d_tech/STAGE10D_TECH_NULL_MODULE_RESULTS.tsv	776c43d27d133f5dfdbda19e2c071a2a95942d9a403a3e87ae0a43ef3f995826	NULL_MATCHED_M30_0029	30	ANKRD49;ARHGAP45;ASF1A;CAB39;CHD7;COPA;CSK;EPB41;EPS8L2;GALNT7;GRPEL1;IFT20;ILF2;KMT5B;LDLRAD4;MAP2K1;MAP2K3;MLLT6;MRPS23;MUC3A;NCF1;PPID;PPP1R18;SPEN;STARD3NL;STRBP;TMC6;VKORC1;WIPF1;ZNF131	-0.0189104682044356	-0.0357142857142857	0.976588062655478	NA	NA	NA	NA	4	72	simulation_replicate	empirical null draw; no per-module interval	NA	NA	NA	NA	NA	NA	NA	NA	NA	NA	NA	NA	NA	NA	NA	NA	NA	NA	NA	NA	NA	NA	NA	NA	NA	NA	NA	NA
null_modules	results/stage10d_tech/STAGE10D_TECH_NULL_MODULE_RESULTS.tsv	776c43d27d133f5dfdbda19e2c071a2a95942d9a403a3e87ae0a43ef3f995826	NULL_MATCHED_M30_0030	30	AFTPH;ASF1A;ATF7IP;BICDL2;CBWD5;CCDC88B;CEBPZOS;COX19;EPB41;EPS8L2;FAM207A;GALNT3;KMT5B;MAN1A2;MAP2K1;MAP2K3;MAP7;MYADM;NGLY1;NORAD;PLS1;PPP1R18;SLC39A4;STARD3NL;SUPT5H;UBN1;USP3;YDJC;ZFAND2B;ZNF131	-0.0988727371179292	-0.0357142857142857	1.03702309944335	NA	NA	NA	NA	4	72	simulation_replicate	empirical null draw; no per-module interval	NA	NA	NA	NA	NA	NA	NA	NA	NA	NA	NA	NA	NA	NA	NA	NA	NA	NA	NA	NA	NA	NA	NA	NA	NA	NA	NA	NA
null_modules	results/stage10d_tech/STAGE10D_TECH_NULL_MODULE_RESULTS.tsv	776c43d27d133f5dfdbda19e2c071a2a95942d9a403a3e87ae0a43ef3f995826	NULL_MATCHED_M30_0031	30	ARHGAP45;CCDC88B;DDR1;DOCK8;DUS1L;EIF3J;EPS8L2;FAM200B;FAM207A;GALM;GALNT3;GALNT7;GRK6;GTF2E2;IAH1;IKZF1;MAP2K1;MLLT6;MSH3;MUC3A;MYH14;PLS1;PSMB8-AS1;SAFB2;SETD2;SIRT7;STARD3NL;TM9SF2;TMC6;UBN1	-0.135009196741624	-0.178571428571429	1.06043186277898	NA	NA	NA	NA	4	72	simulation_replicate	empirical null draw; no per-module interval	NA	NA	NA	NA	NA	NA	NA	NA	NA	NA	NA	NA	NA	NA	NA	NA	NA	NA	NA	NA	NA	NA	NA	NA	NA	NA	NA	NA
null_modules	results/stage10d_tech/STAGE10D_TECH_NULL_MODULE_RESULTS.tsv	776c43d27d133f5dfdbda19e2c071a2a95942d9a403a3e87ae0a43ef3f995826	NULL_MATCHED_M30_0032	30	AAK1;ABHD11;ASF1A;ATF7IP;CCDC88B;CERS6;COX19;CTDNEP1;DUS1L;ENOPH1;EPB41;GALM;GALNT7;HCLS1;IFT172;KMT5B;LYPLA2;MAP2K3;MUC3A;NCF1;NUDT16L1;PIP4K2A;PLS1;PNKD;SLMAP;SPEN;SPTBN1;STARD3NL;YDJC;ZNF131	-0.0719659543887715	0	1.01489842206003	NA	NA	NA	NA	4	72	simulation_replicate	empirical null draw; no per-module interval	NA	NA	NA	NA	NA	NA	NA	NA	NA	NA	NA	NA	NA	NA	NA	NA	NA	NA	NA	NA	NA	NA	NA	NA	NA	NA	NA	NA
null_modules	results/stage10d_tech/STAGE10D_TECH_NULL_MODULE_RESULTS.tsv	776c43d27d133f5dfdbda19e2c071a2a95942d9a403a3e87ae0a43ef3f995826	NULL_MATCHED_M30_0033	30	ANKRD44;ARHGAP45;BICDL2;DOCK8;EPB41;EXOSC1;GALNT3;GAS6;GNPAT;GRK6;IFT172;KCNN4;KMT5B;MAP2K3;ME2;MLLT6;PIP4K2A;PNKP;PTS;RPP25L;RTCA;SLMAP;STARD3NL;STX4;TBC1D10C;TMEM106C;TOB1;USP3;WIPF1;YIPF2	0.01393774001236	0	0.997755058011716	NA	NA	NA	NA	4	72	simulation_replicate	empirical null draw; no per-module interval	NA	NA	NA	NA	NA	NA	NA	NA	NA	NA	NA	NA	NA	NA	NA	NA	NA	NA	NA	NA	NA	NA	NA	NA	NA	NA	NA	NA
null_modules	results/stage10d_tech/STAGE10D_TECH_NULL_MODULE_RESULTS.tsv	776c43d27d133f5dfdbda19e2c071a2a95942d9a403a3e87ae0a43ef3f995826	NULL_MATCHED_M30_0034	30	AK3;ASF1A;BICDL2;CAB39;CCDC88B;CEBPZOS;COA3;COX19;DDR1;DUS1L;ENOPH1;FAM207A;GALM;GALNT7;HCLS1;IFT172;MLLT6;MUM1;NGLY1;PIP4K2A;PLS1;PTPN6;PTPN7;SEC31A;SETD2;SLMAP;SPINT1-AS1;TMC6;USP3;WIPF1	-0.0733411001960453	-0.0714285714285714	1.05895940800746	NA	NA	NA	NA	4	72	simulation_replicate	empirical null draw; no per-module interval	NA	NA	NA	NA	NA	NA	NA	NA	NA	NA	NA	NA	NA	NA	NA	NA	NA	NA	NA	NA	NA	NA	NA	NA	NA	NA	NA	NA
null_modules	results/stage10d_tech/STAGE10D_TECH_NULL_MODULE_RESULTS.tsv	776c43d27d133f5dfdbda19e2c071a2a95942d9a403a3e87ae0a43ef3f995826	NULL_MATCHED_M30_0035	30	AAK1;AFTPH;ARPP19;ASF1A;C1orf131;CSK;DCAF11;DDR1;DUS1L;ENOPH1;EZR;GTF2E2;HCLS1;KCNN4;MAL2;ME2;MUC3A;NUDT16L1;PHLDA2;PNKP;PPP1R18;PTPN4;RTCA;SEPT1;SETD2;SIRT7;SPEN;TRAF4;WIPF1;ZNF131	-0.0400433443622393	-0.0476190476190476	1.00541170277768	NA	NA	NA	NA	4	72	simulation_replicate	empirical null draw; no per-module interval	NA	NA	NA	NA	NA	NA	NA	NA	NA	NA	NA	NA	NA	NA	NA	NA	NA	NA	NA	NA	NA	NA	NA	NA	NA	NA	NA	NA
null_modules	results/stage10d_tech/STAGE10D_TECH_NULL_MODULE_RESULTS.tsv	776c43d27d133f5dfdbda19e2c071a2a95942d9a403a3e87ae0a43ef3f995826	NULL_MATCHED_M30_0036	30	AFTPH;ANKRD44;C6orf62;CEP57;DCTN6;DDR1;DOCK8;DUS1L;ENOPH1;EPB41;ERP44;GALNT7;GRK6;GTF2E2;HSPA9;MAP2K1;MAP7;ME2;NCF1;NGLY1;PATJ;PCGF5;PLS1;PPID;PTPN7;SPEN;SYTL2;TRAF4;USP3;WASL	-0.0635873884906031	-0.0595238095238095	1.02156297389702	NA	NA	NA	NA	4	72	simulation_replicate	empirical null draw; no per-module interval	NA	NA	NA	NA	NA	NA	NA	NA	NA	NA	NA	NA	NA	NA	NA	NA	NA	NA	NA	NA	NA	NA	NA	NA	NA	NA	NA	NA
null_modules	results/stage10d_tech/STAGE10D_TECH_NULL_MODULE_RESULTS.tsv	776c43d27d133f5dfdbda19e2c071a2a95942d9a403a3e87ae0a43ef3f995826	NULL_MATCHED_M30_0037	30	AFTPH;ANKRD44;ANKRD49;ARHGAP45;ATF7IP;CSK;CXXC5;DDR1;DOCK8;DUS1L;ENOPH1;EPS8L2;FAM120A;GNPAT;HMG20B;INTS6;KMT5B;LYN;MAP2K3;PCGF5;PNKP;PSMB8-AS1;RBM26;RTCA;SPEN;STARD3NL;TBC1D10C;TRAF3IP3;UFM1;ZNF131	0.00662588927666398	-0.0357142857142857	0.978219398193661	NA	NA	NA	NA	4	72	simulation_replicate	empirical null draw; no per-module interval	NA	NA	NA	NA	NA	NA	NA	NA	NA	NA	NA	NA	NA	NA	NA	NA	NA	NA	NA	NA	NA	NA	NA	NA	NA	NA	NA	NA
null_modules	results/stage10d_tech/STAGE10D_TECH_NULL_MODULE_RESULTS.tsv	776c43d27d133f5dfdbda19e2c071a2a95942d9a403a3e87ae0a43ef3f995826	NULL_MATCHED_M30_0038	30	ANKRD44;CASP7;CCDC88B;CCND1;CHD7;COX19;DDR1;ENOPH1;EPB41;GRK6;IFT172;LDLRAD4;MLLT6;MUM1;NCF1;NDUFAF2;NGLY1;NPM3;PGLS;PNKP;PPP1R18;PSMB8-AS1;PTPN4;PTPN7;SEPT1;SLMAP;SPEN;TSN;UBN1;ZNF131	-0.054861355441541	-0.0714285714285714	1.02765684052389	NA	NA	NA	NA	4	72	simulation_replicate	empirical null draw; no per-module interval	NA	NA	NA	NA	NA	NA	NA	NA	NA	NA	NA	NA	NA	NA	NA	NA	NA	NA	NA	NA	NA	NA	NA	NA	NA	NA	NA	NA
null_modules	results/stage10d_tech/STAGE10D_TECH_NULL_MODULE_RESULTS.tsv	776c43d27d133f5dfdbda19e2c071a2a95942d9a403a3e87ae0a43ef3f995826	NULL_MATCHED_M30_0039	30	ANKRD44;CHD7;DCAF11;DDR1;EPB41;GALM;GALNT3;GTF2E2;HCLS1;HNRNPL;IKZF1;MAP2K3;MLLT6;PATJ;PGLS;PPP1R16A;PSMB8-AS1;PTPN7;RUVBL2;SETD2;SIRT7;SPEN;STARD3NL;STRBP;TECR;TSG101;TUSC2;UBN1;USP3;YDJC	-0.0383687931738036	-0.0595238095238095	1.03342933986575	NA	NA	NA	NA	4	72	simulation_replicate	empirical null draw; no per-module interval	NA	NA	NA	NA	NA	NA	NA	NA	NA	NA	NA	NA	NA	NA	NA	NA	NA	NA	NA	NA	NA	NA	NA	NA	NA	NA	NA	NA
null_modules	results/stage10d_tech/STAGE10D_TECH_NULL_MODULE_RESULTS.tsv	776c43d27d133f5dfdbda19e2c071a2a95942d9a403a3e87ae0a43ef3f995826	NULL_MATCHED_M30_0040	30	ANKRD49;CASP7;COPS4;CYHR1;DCAF11;DUS1L;ERP44;FKBP3;FTX;GALNT3;GALNT7;HCLS1;KCNN4;LYN;ME2;MSH3;NPEPPS;PLS1;PRPF38A;PTPN4;RTCA;SPINT1-AS1;STARD3NL;STRBP;SUPT5H;SYTL2;TRAF4;USP22;USP3;WIPF1	0.0320606506775401	0.0595238095238095	0.984019579934172	NA	NA	NA	NA	4	72	simulation_replicate	empirical null draw; no per-module interval	NA	NA	NA	NA	NA	NA	NA	NA	NA	NA	NA	NA	NA	NA	NA	NA	NA	NA	NA	NA	NA	NA	NA	NA	NA	NA	NA	NA
null_modules	results/stage10d_tech/STAGE10D_TECH_NULL_MODULE_RESULTS.tsv	776c43d27d133f5dfdbda19e2c071a2a95942d9a403a3e87ae0a43ef3f995826	NULL_MATCHED_M30_0041	30	ANKRD44;ARPP19;COX19;CSK;DCAF11;DOCK8;ENOPH1;FAM207A;FDPS;GALNT7;GGH;GTF2E2;HM13;IFT172;IKZF1;LYN;LYPLA2;MAP2K1;MAP7;MSH3;NGLY1;PPID;PRR15L;SPEN;SPINT1-AS1;TBC1D10C;TMC6;TRAF4;UBN1;XIAP	-0.0264633966137302	-0.0119047619047619	0.99743724655687	NA	NA	NA	NA	4	72	simulation_replicate	empirical null draw; no per-module interval	NA	NA	NA	NA	NA	NA	NA	NA	NA	NA	NA	NA	NA	NA	NA	NA	NA	NA	NA	NA	NA	NA	NA	NA	NA	NA	NA	NA
null_modules	results/stage10d_tech/STAGE10D_TECH_NULL_MODULE_RESULTS.tsv	776c43d27d133f5dfdbda19e2c071a2a95942d9a403a3e87ae0a43ef3f995826	NULL_MATCHED_M30_0042	30	ANKRD44;CHD7;COX19;CUEDC2;DPP7;EPB41;GSKIP;GTF2E2;GTPBP4;HNRNPL;KMT5B;LYN;MAP2K3;MSH3;PCGF5;PIP4K2A;POLR2K;PPID;PTPN7;RAC2;RPP25L;RTCA;SEPT1;SETD2;SPINT1-AS1;STARD3NL;SYTL2;TMC6;TRIP12;YDJC	0.0176864669514317	0	1.01204814680297	NA	NA	NA	NA	4	72	simulation_replicate	empirical null draw; no per-module interval	NA	NA	NA	NA	NA	NA	NA	NA	NA	NA	NA	NA	NA	NA	NA	NA	NA	NA	NA	NA	NA	NA	NA	NA	NA	NA	NA	NA
null_modules	results/stage10d_tech/STAGE10D_TECH_NULL_MODULE_RESULTS.tsv	776c43d27d133f5dfdbda19e2c071a2a95942d9a403a3e87ae0a43ef3f995826	NULL_MATCHED_M30_0043	30	AFTPH;ANKRD49;AUP1;CCDC88B;CETN2;CHD7;DCAF11;DOCK8;DUS1L;FAM207A;GALNT7;GRK6;HCLS1;IKZF1;LDLRAD4;LYN;MAP2K1;ME2;MLLT6;PDCD4;PNKP;PPID;PTPN4;SMAGP;SUPT5H;SYNRG;TUSC2;UBN1;UBQLN1;ZNF131	-0.00933962839063225	-0.0119047619047619	1.0214432220223	NA	NA	NA	NA	4	72	simulation_replicate	empirical null draw; no per-module interval	NA	NA	NA	NA	NA	NA	NA	NA	NA	NA	NA	NA	NA	NA	NA	NA	NA	NA	NA	NA	NA	NA	NA	NA	NA	NA	NA	NA
null_modules	results/stage10d_tech/STAGE10D_TECH_NULL_MODULE_RESULTS.tsv	776c43d27d133f5dfdbda19e2c071a2a95942d9a403a3e87ae0a43ef3f995826	NULL_MATCHED_M30_0044	30	ABHD17A;ATF7IP;CASP7;CCDC88B;CLNS1A;CYHR1;DDR1;ENOPH1;GALM;GALNT3;IFT172;LYN;MAP2K3;ME2;MSH3;NCF1;NHLRC3;NOSIP;NUDT16L1;PIP4K2A;PNKP;PPP2R1A;RPP25L;SEPT1;SIRT7;SPINT1-AS1;TRAF3IP3;UBN1;USP22;USP47	-0.00287959925261851	0.0238095238095238	1.0132507762858	NA	NA	NA	NA	4	72	simulation_replicate	empirical null draw; no per-module interval	NA	NA	NA	NA	NA	NA	NA	NA	NA	NA	NA	NA	NA	NA	NA	NA	NA	NA	NA	NA	NA	NA	NA	NA	NA	NA	NA	NA
null_modules	results/stage10d_tech/STAGE10D_TECH_NULL_MODULE_RESULTS.tsv	776c43d27d133f5dfdbda19e2c071a2a95942d9a403a3e87ae0a43ef3f995826	NULL_MATCHED_M30_0045	30	AFTPH;ARHGAP45;BICDL2;CAB39;CETN2;COX19;DDR1;ENOPH1;FAM96A;GALM;GTF2E2;IFT172;KMT5B;LYN;LYPLA2;ME2;NGLY1;PLS1;PPID;PPP2R1A;PSMB8-AS1;PTPN4;PTPN7;STARD3NL;STRBP;SYTL2;TWF1;USP22;WIPF1;XRCC5	-0.102290613215863	-0.0714285714285714	1.05866222218132	NA	NA	NA	NA	4	72	simulation_replicate	empirical null draw; no per-module interval	NA	NA	NA	NA	NA	NA	NA	NA	NA	NA	NA	NA	NA	NA	NA	NA	NA	NA	NA	NA	NA	NA	NA	NA	NA	NA	NA	NA
null_modules	results/stage10d_tech/STAGE10D_TECH_NULL_MODULE_RESULTS.tsv	776c43d27d133f5dfdbda19e2c071a2a95942d9a403a3e87ae0a43ef3f995826	NULL_MATCHED_M30_0046	30	ACSL3;AFTPH;ARHGAP45;BICDL2;CASP7;CCDC88B;COMT;DENR;HNRNPL;IKZF1;KMT5B;LDLRAD4;MAP7;MSH3;NGLY1;PCGF5;PIP4K2A;PLS1;PTPN4;SEPT1;SLMAP;STARD3NL;TRAF3IP3;TRIP12;TRPM4;VCP;WIPF1;XIAP;YDJC;ZFAND2B	0.0255022521346485	0.0714285714285714	1.03539680457348	NA	NA	NA	NA	4	72	simulation_replicate	empirical null draw; no per-module interval	NA	NA	NA	NA	NA	NA	NA	NA	NA	NA	NA	NA	NA	NA	NA	NA	NA	NA	NA	NA	NA	NA	NA	NA	NA	NA	NA	NA
null_modules	results/stage10d_tech/STAGE10D_TECH_NULL_MODULE_RESULTS.tsv	776c43d27d133f5dfdbda19e2c071a2a95942d9a403a3e87ae0a43ef3f995826	NULL_MATCHED_M30_0047	30	AFTPH;ANKRD44;ASF1A;ATF7IP;BICDL2;CAB39;CDK13;CHD7;CYHR1;DOCK8;ENOPH1;EPB41;GTPBP4;HSF1;IFT172;KCNN4;MAP2K3;MUC12;MUC3A;NCF1;PATJ;PPID;PPP1R18;SPINT1-AS1;SUPT5H;TBC1D10C;TRAF3IP3;TSG101;TSTA3;UBN1	-0.0387954504945491	0.0238095238095238	0.987616610701529	NA	NA	NA	NA	4	72	simulation_replicate	empirical null draw; no per-module interval	NA	NA	NA	NA	NA	NA	NA	NA	NA	NA	NA	NA	NA	NA	NA	NA	NA	NA	NA	NA	NA	NA	NA	NA	NA	NA	NA	NA
null_modules	results/stage10d_tech/STAGE10D_TECH_NULL_MODULE_RESULTS.tsv	776c43d27d133f5dfdbda19e2c071a2a95942d9a403a3e87ae0a43ef3f995826	NULL_MATCHED_M30_0048	30	ANKRD49;ASF1A;BICDL2;CASP7;DOCK8;DUS1L;EPB41;EPS8L2;EXOSC1;FAM207A;GALNT3;IFT172;IKZF1;IMPA2;ITFG1;LYN;MAP2K3;MSH3;NR4A2;NUBP2;PHLDA2;PTPN7;SETD2;SIRT7;SPINT1-AS1;STRBP;SUPT5H;SYTL2;TBC1D10C;ZC3H15	-0.0727159826195791	0.0714285714285714	0.987054301633715	NA	NA	NA	NA	4	72	simulation_replicate	empirical null draw; no per-module interval	NA	NA	NA	NA	NA	NA	NA	NA	NA	NA	NA	NA	NA	NA	NA	NA	NA	NA	NA	NA	NA	NA	NA	NA	NA	NA	NA	NA
null_modules	results/stage10d_tech/STAGE10D_TECH_NULL_MODULE_RESULTS.tsv	776c43d27d133f5dfdbda19e2c071a2a95942d9a403a3e87ae0a43ef3f995826	NULL_MATCHED_M30_0049	30	AFTPH;ASF1A;ATF7IP;BIN1;C5orf24;CASP7;CSK;CTDNEP1;CYHR1;DCAF11;DDR1;DENND2D;GNPAT;IKZF1;LDLRAD4;MRPS11;MSH3;MUC3A;NCF1;NUDT16L1;POLR2K;PRMT2;RTCA;SETD2;SIRT7;SLMAP;SUPT5H;TMC6;UBN1;USP3	0.0190623588016308	0.0119047619047619	1.03132183356835	NA	NA	NA	NA	4	72	simulation_replicate	empirical null draw; no per-module interval	NA	NA	NA	NA	NA	NA	NA	NA	NA	NA	NA	NA	NA	NA	NA	NA	NA	NA	NA	NA	NA	NA	NA	NA	NA	NA	NA	NA
null_modules	results/stage10d_tech/STAGE10D_TECH_NULL_MODULE_RESULTS.tsv	776c43d27d133f5dfdbda19e2c071a2a95942d9a403a3e87ae0a43ef3f995826	NULL_MATCHED_M30_0050	30	ANKRD44;ARHGAP45;ASF1A;ATF7IP;CAB39;CCDC88B;CLNS1A;CUEDC2;DCAF11;DNAJC21;EPS8L2;GALM;HLA-DQB1;ISOC2;ME2;MUC3A;NCF1;NUDT16L1;PATJ;PCGF5;PIP4K2A;PTPN4;RPP25L;RTCA;SETD2;TBC1D10C;TRAF3IP3;TRAF4;USP22;USP3	0.0335311283314717	0.0476190476190476	0.982837482454777	NA	NA	NA	NA	4	72	simulation_replicate	empirical null draw; no per-module interval	NA	NA	NA	NA	NA	NA	NA	NA	NA	NA	NA	NA	NA	NA	NA	NA	NA	NA	NA	NA	NA	NA	NA	NA	NA	NA	NA	NA
null_modules	results/stage10d_tech/STAGE10D_TECH_NULL_MODULE_RESULTS.tsv	776c43d27d133f5dfdbda19e2c071a2a95942d9a403a3e87ae0a43ef3f995826	NULL_MATCHED_M30_0051	30	ANKRD44;BICDL2;BRI3BP;CCDC88B;CSK;CYHR1;DCTN6;DOCK8;EPB41;FAM207A;GTF2E2;HCLS1;IFI27L2;LYN;MAP2K1;NCF1;NGLY1;NPEPPS;PATJ;PPP1R18;PTPN7;RPA2;SETD2;SIRT7;SLC39A4;SPTBN1;SUPT5H;USP3;WIPF1;ZNF131	-0.147260991295602	-0.0833333333333333	1.02544313494767	NA	NA	NA	NA	4	72	simulation_replicate	empirical null draw; no per-module interval	NA	NA	NA	NA	NA	NA	NA	NA	NA	NA	NA	NA	NA	NA	NA	NA	NA	NA	NA	NA	NA	NA	NA	NA	NA	NA	NA	NA
null_modules	results/stage10d_tech/STAGE10D_TECH_NULL_MODULE_RESULTS.tsv	776c43d27d133f5dfdbda19e2c071a2a95942d9a403a3e87ae0a43ef3f995826	NULL_MATCHED_M30_0052	30	AK3;ANKRD44;ARL2BP;ATF7IP;BICDL2;CCDC88B;CD2;CSK;CYHR1;DCAF11;EPB41;EPS8L2;EXOSC1;FAM207A;GRK6;HCLS1;LYPLA2;MAP2K3;ME2;MUC3A;NGLY1;PARP14;PIP4K2A;PRPF38A;PTPN7;RTCA;SF3B1;SLC38A1;STRBP;TMC6	-0.0302939427094266	0.0119047619047619	1.012679712276	NA	NA	NA	NA	4	72	simulation_replicate	empirical null draw; no per-module interval	NA	NA	NA	NA	NA	NA	NA	NA	NA	NA	NA	NA	NA	NA	NA	NA	NA	NA	NA	NA	NA	NA	NA	NA	NA	NA	NA	NA
null_modules	results/stage10d_tech/STAGE10D_TECH_NULL_MODULE_RESULTS.tsv	776c43d27d133f5dfdbda19e2c071a2a95942d9a403a3e87ae0a43ef3f995826	NULL_MATCHED_M30_0053	30	ADSS;AFTPH;CAB39;CASP7;CYHR1;DDR1;DOCK8;DUS1L;GALM;GALNT3;GALNT7;GNPAT;GRSF1;INTS6;MAP2K3;MSH3;NCF1;PATJ;PCGF5;RTCA;SEPT1;SF3B2;STRBP;SYTL2;TBC1D10C;TRAF3IP3;UFM1;USP48;WIPF1;YDJC	-0.0303241916055	0.0238095238095238	1.00603967499934	NA	NA	NA	NA	4	72	simulation_replicate	empirical null draw; no per-module interval	NA	NA	NA	NA	NA	NA	NA	NA	NA	NA	NA	NA	NA	NA	NA	NA	NA	NA	NA	NA	NA	NA	NA	NA	NA	NA	NA	NA
null_modules	results/stage10d_tech/STAGE10D_TECH_NULL_MODULE_RESULTS.tsv	776c43d27d133f5dfdbda19e2c071a2a95942d9a403a3e87ae0a43ef3f995826	NULL_MATCHED_M30_0054	30	ACADS;ARHGAP45;ATF7IP;CCND1;CHD7;COX19;CSK;DIAPH1;DUS1L;EIF4E2;ENOPH1;GALM;GRK6;HNRNPL;LYN;ME2;MLLT6;MUM1;PATJ;PNKP;PTPN7;RPP25L;SEPT1;SETD2;SLMAP;STARD3NL;TRAF3IP3;ZC3H15;ZMYND8;ZNF131	-0.0688846326791418	-0.0476190476190476	1.03453371347581	NA	NA	NA	NA	4	72	simulation_replicate	empirical null draw; no per-module interval	NA	NA	NA	NA	NA	NA	NA	NA	NA	NA	NA	NA	NA	NA	NA	NA	NA	NA	NA	NA	NA	NA	NA	NA	NA	NA	NA	NA
null_modules	results/stage10d_tech/STAGE10D_TECH_NULL_MODULE_RESULTS.tsv	776c43d27d133f5dfdbda19e2c071a2a95942d9a403a3e87ae0a43ef3f995826	NULL_MATCHED_M30_0055	30	BICDL2;CAB39;CCDC88B;CHD7;COX19;DCAF11;DDR1;DENND2D;DIAPH1;DOCK8;EXOSC1;EXOSC8;FBP1;GALM;GMDS;GNPAT;IFT172;ISG20;LDLRAD4;LYPLA2;MAP2K3;PATJ;PCSK7;PTPN4;SPEN;SPINT1-AS1;SPOP;STRBP;SUPT5H;TBC1D10C	-0.0135465311033593	-0.0119047619047619	1.00876409399187	NA	NA	NA	NA	4	72	simulation_replicate	empirical null draw; no per-module interval	NA	NA	NA	NA	NA	NA	NA	NA	NA	NA	NA	NA	NA	NA	NA	NA	NA	NA	NA	NA	NA	NA	NA	NA	NA	NA	NA	NA
null_modules	results/stage10d_tech/STAGE10D_TECH_NULL_MODULE_RESULTS.tsv	776c43d27d133f5dfdbda19e2c071a2a95942d9a403a3e87ae0a43ef3f995826	NULL_MATCHED_M30_0056	30	AFTPH;ANKRD49;DPP7;DUS1L;EXOSC4;KMT5B;LSP1;MAP2K1;MLLT6;NGLY1;PATJ;PCGF5;PPID;PTPN4;RAB5A;RAC2;RPP25L;SEPT1;SIRT7;SLC22A18;SLMAP;SPEN;STARD3NL;SYTL2;TBC1D10C;TRAF3IP3;TRAF4;TRIM38;USP3;YDJC	-0.0580474827811047	-0.0238095238095238	1.05127327923937	NA	NA	NA	NA	4	72	simulation_replicate	empirical null draw; no per-module interval	NA	NA	NA	NA	NA	NA	NA	NA	NA	NA	NA	NA	NA	NA	NA	NA	NA	NA	NA	NA	NA	NA	NA	NA	NA	NA	NA	NA
null_modules	results/stage10d_tech/STAGE10D_TECH_NULL_MODULE_RESULTS.tsv	776c43d27d133f5dfdbda19e2c071a2a95942d9a403a3e87ae0a43ef3f995826	NULL_MATCHED_M30_0057	30	ANKRD49;ARPC4;ASF1A;CAB39;CASP7;CETN2;CHD7;CSK;CYHR1;DOCK8;EBPL;ENOPH1;GNPAT;GTF2E2;HCLS1;KCNN4;LYN;LYPLA2;MAP2K1;MAP7;ME2;NUDT16L1;PLS1;PTPN4;SDC4;SMAGP;TRAF3IP3;VPS13C;WIPF1;ZNF131	0.0202985668966071	-0.0595238095238095	1.01097682447853	NA	NA	NA	NA	4	72	simulation_replicate	empirical null draw; no per-module interval	NA	NA	NA	NA	NA	NA	NA	NA	NA	NA	NA	NA	NA	NA	NA	NA	NA	NA	NA	NA	NA	NA	NA	NA	NA	NA	NA	NA
null_modules	results/stage10d_tech/STAGE10D_TECH_NULL_MODULE_RESULTS.tsv	776c43d27d133f5dfdbda19e2c071a2a95942d9a403a3e87ae0a43ef3f995826	NULL_MATCHED_M30_0058	30	ADSS;ANKRD44;ASF1A;ATF7IP;BICDL2;CCDC88B;CLDND1;DDR1;EPB41;FAM207A;GRK6;HNRNPL;LYPLA2;MAP2K1;MAP2K3;ME2;MZT1;PCGF5;PSMC3;PTPN7;RPP25L;SEPT1;SIRT7;SLC44A4;SUPT5H;SYTL2;TBC1D10C;TOR1AIP2;TRIP12;UFM1	0.0620973066552787	-0.0119047619047619	1.03330259421977	NA	NA	NA	NA	4	72	simulation_replicate	empirical null draw; no per-module interval	NA	NA	NA	NA	NA	NA	NA	NA	NA	NA	NA	NA	NA	NA	NA	NA	NA	NA	NA	NA	NA	NA	NA	NA	NA	NA	NA	NA
null_modules	results/stage10d_tech/STAGE10D_TECH_NULL_MODULE_RESULTS.tsv	776c43d27d133f5dfdbda19e2c071a2a95942d9a403a3e87ae0a43ef3f995826	NULL_MATCHED_M30_0059	30	AKR1A1;ASF1A;CSK;DDR1;GALNT3;GRK6;GTF2E2;HCLS1;HNRNPL;IFT172;LCK;LYPLA2;MLLT6;MSH3;MUC3A;NCF1;NR4A2;PATJ;PLS1;PNKP;PTPN7;RBPJ;SPEN;TBC1D10C;TRIP12;TUSC2;TWF1;USP3;WIPF1;ZNF131	0.0151636751628287	0.0119047619047619	1.00758528369715	NA	NA	NA	NA	4	72	simulation_replicate	empirical null draw; no per-module interval	NA	NA	NA	NA	NA	NA	NA	NA	NA	NA	NA	NA	NA	NA	NA	NA	NA	NA	NA	NA	NA	NA	NA	NA	NA	NA	NA	NA
null_modules	results/stage10d_tech/STAGE10D_TECH_NULL_MODULE_RESULTS.tsv	776c43d27d133f5dfdbda19e2c071a2a95942d9a403a3e87ae0a43ef3f995826	NULL_MATCHED_M30_0060	30	AFTPH;ANKRD44;ATF7IP;BST2;CCDC88B;CXXC5;CYHR1;DDR1;DENND2D;FAM200B;GLO1;IFT172;IST1;MAP2K1;MAP7;ME2;MLLT6;MUC3A;NCF1;NGLY1;NUDT16L1;PATJ;PCGF5;PKP2;PLS1;PNKP;SUPT5H;SYTL2;TBC1D10C;ZNF131	0.00787503527740587	0.0119047619047619	1.02022528449375	NA	NA	NA	NA	4	72	simulation_replicate	empirical null draw; no per-module interval	NA	NA	NA	NA	NA	NA	NA	NA	NA	NA	NA	NA	NA	NA	NA	NA	NA	NA	NA	NA	NA	NA	NA	NA	NA	NA	NA	NA
null_modules	results/stage10d_tech/STAGE10D_TECH_NULL_MODULE_RESULTS.tsv	776c43d27d133f5dfdbda19e2c071a2a95942d9a403a3e87ae0a43ef3f995826	NULL_MATCHED_M30_0061	30	ARHGAP45;BICDL2;DCAF11;EEF1E1;ENOPH1;EXOSC1;HSPA9;KCNN4;LDLRAD4;LYN;MAP2K1;MAP2K3;MAP7;MSH3;NCF1;NOSIP;RPP25L;RTCA;SETD2;SIRT7;SLMAP;SMC1A;SPINT1-AS1;STARD3NL;SUPT5H;SYTL2;TBC1D10C;TNFSF10;UBQLN1;WIPF1	-0.035937555143506	-0.0595238095238095	1.0048508306472	NA	NA	NA	NA	4	72	simulation_replicate	empirical null draw; no per-module interval	NA	NA	NA	NA	NA	NA	NA	NA	NA	NA	NA	NA	NA	NA	NA	NA	NA	NA	NA	NA	NA	NA	NA	NA	NA	NA	NA	NA
null_modules	results/stage10d_tech/STAGE10D_TECH_NULL_MODULE_RESULTS.tsv	776c43d27d133f5dfdbda19e2c071a2a95942d9a403a3e87ae0a43ef3f995826	NULL_MATCHED_M30_0062	30	ANKRD10;CAB39;COX19;CYHR1;DCAF11;DDR1;DENND2D;EPB41;EPS8L2;FAM207A;GNPAT;HCLS1;IVNS1ABP;KMT5B;MAP2K1;MAP2K3;MLLT6;PGLS;PPP1R18;RPP25L;SETD2;SORL1;SPEN;STRBP;TBC1D10C;TCEA3;TNFAIP8;UBN1;YY1;ZNF131	-0.0160737128528067	-0.0714285714285714	1.04088256369183	NA	NA	NA	NA	4	72	simulation_replicate	empirical null draw; no per-module interval	NA	NA	NA	NA	NA	NA	NA	NA	NA	NA	NA	NA	NA	NA	NA	NA	NA	NA	NA	NA	NA	NA	NA	NA	NA	NA	NA	NA
null_modules	results/stage10d_tech/STAGE10D_TECH_NULL_MODULE_RESULTS.tsv	776c43d27d133f5dfdbda19e2c071a2a95942d9a403a3e87ae0a43ef3f995826	NULL_MATCHED_M30_0063	30	AFTPH;ARHGAP45;CCDC88B;CD3D;DCAF11;ENOPH1;GALM;IFT172;IKZF1;IMMT;KCNN4;LYN;MSH3;NDUFA10;PDXK;PLS1;PPID;PTPN4;RPA2;RPP25L;SEC22B;SEPT1;SEPT6;SETD2;SPINT1-AS1;STARD3NL;STRBP;SUPT5H;YDJC;ZNF131	-0.0128686175945569	-0.0476190476190476	1.00571815532368	NA	NA	NA	NA	4	72	simulation_replicate	empirical null draw; no per-module interval	NA	NA	NA	NA	NA	NA	NA	NA	NA	NA	NA	NA	NA	NA	NA	NA	NA	NA	NA	NA	NA	NA	NA	NA	NA	NA	NA	NA
null_modules	results/stage10d_tech/STAGE10D_TECH_NULL_MODULE_RESULTS.tsv	776c43d27d133f5dfdbda19e2c071a2a95942d9a403a3e87ae0a43ef3f995826	NULL_MATCHED_M30_0064	30	ATF7IP;CAB39;CHD7;CNN3;DCAF11;DOCK8;EPB41;EPS8L2;FAM200B;GNPAT;GRK6;HCLS1;KCNN4;KMT5B;LYPLA2;MAP1LC3B;MAP2K1;MLLT6;MSH3;PCGF5;PIP4K2A;PNKP;SEPT6;SIRT7;SLC38A1;SUPT5H;TBC1D10C;TSN;UBN1;YDJC	-0.0569210002225985	-0.0238095238095238	0.992313180890642	NA	NA	NA	NA	4	72	simulation_replicate	empirical null draw; no per-module interval	NA	NA	NA	NA	NA	NA	NA	NA	NA	NA	NA	NA	NA	NA	NA	NA	NA	NA	NA	NA	NA	NA	NA	NA	NA	NA	NA	NA
null_modules	results/stage10d_tech/STAGE10D_TECH_NULL_MODULE_RESULTS.tsv	776c43d27d133f5dfdbda19e2c071a2a95942d9a403a3e87ae0a43ef3f995826	NULL_MATCHED_M30_0065	30	BLVRB;CHD7;COX19;CSK;DCAF11;DDR1;DUS1L;EPS8L2;GRK6;HSF1;LDLRAD4;MAP2K1;MAP3K2;MAP7;MLLT6;MRPS11;NCF1;PTPN7;SF3B1;SLMAP;SMAGP;STRBP;SYTL2;TMC6;TRIP12;TSN;UBN1;USP3;WIPF1;YDJC	-0.0290125194211096	0	1.03625944380669	NA	NA	NA	NA	4	72	simulation_replicate	empirical null draw; no per-module interval	NA	NA	NA	NA	NA	NA	NA	NA	NA	NA	NA	NA	NA	NA	NA	NA	NA	NA	NA	NA	NA	NA	NA	NA	NA	NA	NA	NA
null_modules	results/stage10d_tech/STAGE10D_TECH_NULL_MODULE_RESULTS.tsv	776c43d27d133f5dfdbda19e2c071a2a95942d9a403a3e87ae0a43ef3f995826	NULL_MATCHED_M30_0066	30	ANKRD49;ATF7IP;CASP7;COX19;DUS1L;FAM207A;GALNT7;HNRNPL;IFT172;KRTCAP3;LDLRAD4;MAP2K3;MAP7;ME2;PATJ;PGLS;PNKP;RBM26;RPP25L;SETD2;SPEN;STRBP;SUPT5H;SYTL2;TRAF4;UBN1;UNC50;USH1C;XRCC5;ZNF131	0.00411243441001261	-0.0357142857142857	1.0195189994654	NA	NA	NA	NA	4	72	simulation_replicate	empirical null draw; no per-module interval	NA	NA	NA	NA	NA	NA	NA	NA	NA	NA	NA	NA	NA	NA	NA	NA	NA	NA	NA	NA	NA	NA	NA	NA	NA	NA	NA	NA
null_modules	results/stage10d_tech/STAGE10D_TECH_NULL_MODULE_RESULTS.tsv	776c43d27d133f5dfdbda19e2c071a2a95942d9a403a3e87ae0a43ef3f995826	NULL_MATCHED_M30_0067	30	ATF7IP;BRI3BP;CCDC88B;CDK13;CSNK1D;DDR1;ENOPH1;EPS8L2;GALM;GALNT7;GNPAT;IAH1;KMT5B;LYN;MAP2K1;ME2;MLLT6;PATJ;PLS1;PNKD;PPP1R18;PTPN7;RPP25L;SPINT1-AS1;SUCLG1;TBC1D10C;TRAF3IP3;TRAF4;WIPF1;ZNF131	0.0110976028704224	0	0.992311683182813	NA	NA	NA	NA	4	72	simulation_replicate	empirical null draw; no per-module interval	NA	NA	NA	NA	NA	NA	NA	NA	NA	NA	NA	NA	NA	NA	NA	NA	NA	NA	NA	NA	NA	NA	NA	NA	NA	NA	NA	NA
null_modules	results/stage10d_tech/STAGE10D_TECH_NULL_MODULE_RESULTS.tsv	776c43d27d133f5dfdbda19e2c071a2a95942d9a403a3e87ae0a43ef3f995826	NULL_MATCHED_M30_0068	30	AAK1;ANKRD44;BICDL2;CAB39;CCDC88B;CCT4;CMBL;COX19;CTDSP1;CYHR1;DOCK8;DUS1L;GALM;GALNT3;GALNT7;HNRNPL;MAP7;ME2;MLLT6;PCGF5;PPP1R11;PTPN7;SEPT1;SETD2;SIRT7;SPINT1-AS1;STARD3NL;SYTL2;TNFAIP8;TNRC6B	-0.0721970063735296	-0.107142857142857	1.06051888656868	NA	NA	NA	NA	4	72	simulation_replicate	empirical null draw; no per-module interval	NA	NA	NA	NA	NA	NA	NA	NA	NA	NA	NA	NA	NA	NA	NA	NA	NA	NA	NA	NA	NA	NA	NA	NA	NA	NA	NA	NA
null_modules	results/stage10d_tech/STAGE10D_TECH_NULL_MODULE_RESULTS.tsv	776c43d27d133f5dfdbda19e2c071a2a95942d9a403a3e87ae0a43ef3f995826	NULL_MATCHED_M30_0069	30	ANKRD49;ATF7IP;C1orf56;CDK6;COX19;CYHR1;DENND2D;EBP;EIF3J;FAM207A;GTF2E2;HNRNPL;LYN;LYPLA2;MAP7;MSH3;NCF1;PLS1;POP5;PPID;PTPN4;SLC44A4;SLMAP;SPEN;SPINT1-AS1;STRBP;SYTL2;WIPF1;YDJC;ZNF33A	0.030739871080104	0.0595238095238095	1.0248483966309	NA	NA	NA	NA	4	72	simulation_replicate	empirical null draw; no per-module interval	NA	NA	NA	NA	NA	NA	NA	NA	NA	NA	NA	NA	NA	NA	NA	NA	NA	NA	NA	NA	NA	NA	NA	NA	NA	NA	NA	NA
null_modules	results/stage10d_tech/STAGE10D_TECH_NULL_MODULE_RESULTS.tsv	776c43d27d133f5dfdbda19e2c071a2a95942d9a403a3e87ae0a43ef3f995826	NULL_MATCHED_M30_0070	30	ARHGAP45;ARPP19;ASF1A;CCDC88B;COX17;COX19;DDR1;EPB41;EPS8L2;EWSR1;FAM207A;GRK6;GTF2E2;HCLS1;IFNAR1;IFT172;LINC01871;LYPLA2;MSH3;PCGF5;PTPN4;PTPN7;RPP25L;SPEN;SUPT5H;SYTL2;SZRD1;TOB1;TRIP12;ZNF131	-0.0172667628272108	-0.0238095238095238	1.02494927391214	NA	NA	NA	NA	4	72	simulation_replicate	empirical null draw; no per-module interval	NA	NA	NA	NA	NA	NA	NA	NA	NA	NA	NA	NA	NA	NA	NA	NA	NA	NA	NA	NA	NA	NA	NA	NA	NA	NA	NA	NA
null_modules	results/stage10d_tech/STAGE10D_TECH_NULL_MODULE_RESULTS.tsv	776c43d27d133f5dfdbda19e2c071a2a95942d9a403a3e87ae0a43ef3f995826	NULL_MATCHED_M30_0071	30	ANKRD44;ASF1A;ATF7IP;BICDL2;CAB39;COX19;CYHR1;DENND2D;DUS1L;GALM;GNPAT;HCLS1;HNRNPL;LDLRAD4;LPP;LYPLA2;MSH3;PATJ;PNKP;RAC2;RPP25L;RTCA;SAFB2;SF3B2;SLMAP;SRPK2;TBC1D10C;TRAF4;TRIP12;UBE2H	0.0280715945276538	0.0476190476190476	0.990498617599871	NA	NA	NA	NA	4	72	simulation_replicate	empirical null draw; no per-module interval	NA	NA	NA	NA	NA	NA	NA	NA	NA	NA	NA	NA	NA	NA	NA	NA	NA	NA	NA	NA	NA	NA	NA	NA	NA	NA	NA	NA
null_modules	results/stage10d_tech/STAGE10D_TECH_NULL_MODULE_RESULTS.tsv	776c43d27d133f5dfdbda19e2c071a2a95942d9a403a3e87ae0a43ef3f995826	NULL_MATCHED_M30_0072	30	ANKRD49;BICDL2;CAB39;CASP7;CHD7;DCAF11;DPP7;ENOPH1;GMFG;HSPA9;IFT172;LYN;ME2;MRPL48;MUC3A;NGLY1;NUDT16L1;PCGF5;PIP4K2A;PNKP;PPP1R18;PTPN7;STRBP;SYTL2;TMC6;TRIP12;TST;UBAC2;UBN1;YDJC	0.0310131258490396	0.0119047619047619	1.02145452992622	NA	NA	NA	NA	4	72	simulation_replicate	empirical null draw; no per-module interval	NA	NA	NA	NA	NA	NA	NA	NA	NA	NA	NA	NA	NA	NA	NA	NA	NA	NA	NA	NA	NA	NA	NA	NA	NA	NA	NA	NA
null_modules	results/stage10d_tech/STAGE10D_TECH_NULL_MODULE_RESULTS.tsv	776c43d27d133f5dfdbda19e2c071a2a95942d9a403a3e87ae0a43ef3f995826	NULL_MATCHED_M30_0073	30	ASF1A;CHD7;CSK;DOCK8;DUS1L;EPB41;EPS8L2;FAM207A;FAM3C;GALM;GMDS;GTF2E2;HCLS1;HNRNPL;KCNN4;LYPLA2;MARK3;MRPL48;MUC3A;NCF1;NR4A2;NUDT16L1;PPP1R16A;PTPN7;SETD2;SLMAP;SUPT5H;WIPF1;YDJC;ZNF131	-0.032541954702745	0.0238095238095238	0.997078519829156	NA	NA	NA	NA	4	72	simulation_replicate	empirical null draw; no per-module interval	NA	NA	NA	NA	NA	NA	NA	NA	NA	NA	NA	NA	NA	NA	NA	NA	NA	NA	NA	NA	NA	NA	NA	NA	NA	NA	NA	NA
null_modules	results/stage10d_tech/STAGE10D_TECH_NULL_MODULE_RESULTS.tsv	776c43d27d133f5dfdbda19e2c071a2a95942d9a403a3e87ae0a43ef3f995826	NULL_MATCHED_M30_0074	30	ANKRD44;BLVRB;COA3;CSNK1D;DDR1;FAM207A;GALNT3;GALNT7;GTF2E2;LDLRAD4;LYPLA2;MAP2K3;MAP7;ME2;NSFL1C;NUDT16L1;PDZK1IP1;PIP4K2A;PLS1;PPID;PPP1R18;PTPN7;SDC4;SLMAP;SYTL2;TBC1D10C;TMC6;TRAF3IP3;WIPF1;ZNF131	0.0732069422130057	0.0238095238095238	1.00597478471723	NA	NA	NA	NA	4	72	simulation_replicate	empirical null draw; no per-module interval	NA	NA	NA	NA	NA	NA	NA	NA	NA	NA	NA	NA	NA	NA	NA	NA	NA	NA	NA	NA	NA	NA	NA	NA	NA	NA	NA	NA
null_modules	results/stage10d_tech/STAGE10D_TECH_NULL_MODULE_RESULTS.tsv	776c43d27d133f5dfdbda19e2c071a2a95942d9a403a3e87ae0a43ef3f995826	NULL_MATCHED_M30_0075	30	CAB39;CCDC88B;DDX3X;ENOPH1;GALNT3;GALNT7;GNPAT;HNRNPL;ICAM3;IFI27L2;KMT5B;MAP2K1;MAP7;MLLT6;MSH3;PAFAH1B2;PIP4K2A;PNKP;POLR2C;PPID;PTPN4;RPP25L;SLMAP;SPINT1-AS1;STRBP;SYTL2;TCEA3;UBN1;ZNF131;ZNF33A	0.0448764912690978	0.0357142857142857	0.977179751397473	NA	NA	NA	NA	4	72	simulation_replicate	empirical null draw; no per-module interval	NA	NA	NA	NA	NA	NA	NA	NA	NA	NA	NA	NA	NA	NA	NA	NA	NA	NA	NA	NA	NA	NA	NA	NA	NA	NA	NA	NA
null_modules	results/stage10d_tech/STAGE10D_TECH_NULL_MODULE_RESULTS.tsv	776c43d27d133f5dfdbda19e2c071a2a95942d9a403a3e87ae0a43ef3f995826	NULL_MATCHED_M30_0076	30	ADSS;ASF1A;CYHR1;DDR1;DUS1L;EPB41;EVI2B;FAM207A;GALM;GNPAT;KCNN4;LYN;MAP7;MUC3A;NGLY1;PCGF5;PNKP;PPID;PPP1R18;PRMT2;PTPN4;RBPJ;SEPT1;SIRT7;SPEN;SRPRB;STARD3NL;STRBP;SUCLG2;WIPF1	0.00133254692716975	-0.0357142857142857	1.00693743558794	NA	NA	NA	NA	4	72	simulation_replicate	empirical null draw; no per-module interval	NA	NA	NA	NA	NA	NA	NA	NA	NA	NA	NA	NA	NA	NA	NA	NA	NA	NA	NA	NA	NA	NA	NA	NA	NA	NA	NA	NA
null_modules	results/stage10d_tech/STAGE10D_TECH_NULL_MODULE_RESULTS.tsv	776c43d27d133f5dfdbda19e2c071a2a95942d9a403a3e87ae0a43ef3f995826	NULL_MATCHED_M30_0077	30	ANKRD44;CD2;CHD7;EPB41;EPS8L2;GALNT3;GALNT7;GNPAT;GRK6;HNRNPL;IST1;KCNN4;LPP;LYN;MAP2K1;ME2;MFF;MRPL48;PIP4K2A;PPP1R18;RTCA;SEPT1;SF3B2;SPEN;SUPT5H;TBC1D10C;TRAF3IP3;TRIP12;USP3;YDJC	0.0602669820344918	0.0357142857142857	0.993729095435553	NA	NA	NA	NA	4	72	simulation_replicate	empirical null draw; no per-module interval	NA	NA	NA	NA	NA	NA	NA	NA	NA	NA	NA	NA	NA	NA	NA	NA	NA	NA	NA	NA	NA	NA	NA	NA	NA	NA	NA	NA
null_modules	results/stage10d_tech/STAGE10D_TECH_NULL_MODULE_RESULTS.tsv	776c43d27d133f5dfdbda19e2c071a2a95942d9a403a3e87ae0a43ef3f995826	NULL_MATCHED_M30_0078	30	ACADS;AK3;ANKRD44;ANKRD49;ASF1A;CCDC88B;CUEDC2;DDR1;DUS1L;ENOPH1;EXOSC1;FAM207A;GALNT7;KCNN4;LDLRAD4;LYN;MAP2K1;MAP7;MLLT6;NCF1;PCGF5;POLR2H;PTPN7;SF3B1;SPEN;TBC1D10C;TMC6;TRIP12;USP3;VPS26A	0.0245648957425049	0.0238095238095238	1.01692258390697	NA	NA	NA	NA	4	72	simulation_replicate	empirical null draw; no per-module interval	NA	NA	NA	NA	NA	NA	NA	NA	NA	NA	NA	NA	NA	NA	NA	NA	NA	NA	NA	NA	NA	NA	NA	NA	NA	NA	NA	NA
null_modules	results/stage10d_tech/STAGE10D_TECH_NULL_MODULE_RESULTS.tsv	776c43d27d133f5dfdbda19e2c071a2a95942d9a403a3e87ae0a43ef3f995826	NULL_MATCHED_M30_0079	30	AFTPH;ATF7IP;BICDL2;CASP7;CERS6;CHD7;CLSTN1;COX19;DUS1L;FAM207A;GNPAT;IFT172;LDLRAD4;LRPAP1;MLLT6;MUC3A;NCF1;NGLY1;PCGF5;PLS1;PNKP;PPP1R18;PRPF40A;PTPN7;RARS;RNF145;SPEN;SPINT1-AS1;TRAF3IP3;YDJC	-0.0484450365018768	-0.0714285714285714	1.01791924755477	NA	NA	NA	NA	4	72	simulation_replicate	empirical null draw; no per-module interval	NA	NA	NA	NA	NA	NA	NA	NA	NA	NA	NA	NA	NA	NA	NA	NA	NA	NA	NA	NA	NA	NA	NA	NA	NA	NA	NA	NA
null_modules	results/stage10d_tech/STAGE10D_TECH_NULL_MODULE_RESULTS.tsv	776c43d27d133f5dfdbda19e2c071a2a95942d9a403a3e87ae0a43ef3f995826	NULL_MATCHED_M30_0080	30	ATF7IP;C5orf24;CCDC88B;CHD7;CYHR1;DCAF11;EPS8L2;FAM207A;FBXW5;HCLS1;HNRNPL;LSM10;ME2;MSH3;MUC3A;NCF1;NGLY1;PATJ;PGLS;PSMB8-AS1;SEPT1;SPEN;STARD3NL;STRBP;SUPT5H;TMC6;TRIP12;UBN1;YIPF2;ZC3H15	-0.0162970324951592	-0.0595238095238095	0.994595251595789	NA	NA	NA	NA	4	72	simulation_replicate	empirical null draw; no per-module interval	NA	NA	NA	NA	NA	NA	NA	NA	NA	NA	NA	NA	NA	NA	NA	NA	NA	NA	NA	NA	NA	NA	NA	NA	NA	NA	NA	NA
null_modules	results/stage10d_tech/STAGE10D_TECH_NULL_MODULE_RESULTS.tsv	776c43d27d133f5dfdbda19e2c071a2a95942d9a403a3e87ae0a43ef3f995826	NULL_MATCHED_M30_0081	30	AHCY;BICDL2;CAB39;CARHSP1;CASP7;CHD7;CYHR1;DCAF11;ENOPH1;EPB41;GALM;GALNT7;GNPAT;GRK6;GTF2E2;HCLS1;HLA-DQB1;IFT172;KMT5B;ME2;MUC3A;NHLRC3;PNKP;PSMB8-AS1;PTPN7;SLC25A36;STARD3NL;STRBP;SUPT5H;VGLL4	0.0566806144532049	0.0476190476190476	1.0036329206803	NA	NA	NA	NA	4	72	simulation_replicate	empirical null draw; no per-module interval	NA	NA	NA	NA	NA	NA	NA	NA	NA	NA	NA	NA	NA	NA	NA	NA	NA	NA	NA	NA	NA	NA	NA	NA	NA	NA	NA	NA
null_modules	results/stage10d_tech/STAGE10D_TECH_NULL_MODULE_RESULTS.tsv	776c43d27d133f5dfdbda19e2c071a2a95942d9a403a3e87ae0a43ef3f995826	NULL_MATCHED_M30_0082	30	ARHGAP45;ASF1A;ATF7IP;CAB39;CCDC88B;CYHR1;DPP7;EPS8L2;GORASP2;HNRNPL;IKZF1;KCNN4;LCK;LYN;MUC3A;NCF1;NEDD9;NUDT16L1;PATJ;PCGF5;PLS1;POLR2K;PTPN4;SEPT1;SIRT7;SPEN;SPTAN1;TMC6;TRAF3IP3;ZNF131	-0.00101579124204041	0.0119047619047619	1.0100534183582	NA	NA	NA	NA	4	72	simulation_replicate	empirical null draw; no per-module interval	NA	NA	NA	NA	NA	NA	NA	NA	NA	NA	NA	NA	NA	NA	NA	NA	NA	NA	NA	NA	NA	NA	NA	NA	NA	NA	NA	NA
null_modules	results/stage10d_tech/STAGE10D_TECH_NULL_MODULE_RESULTS.tsv	776c43d27d133f5dfdbda19e2c071a2a95942d9a403a3e87ae0a43ef3f995826	NULL_MATCHED_M30_0083	30	ANKRD44;ARHGAP45;BICDL2;CAB39;CASP7;CHD7;DCAF11;DENND2D;EMG1;GALM;GGH;HCLS1;HNRNPL;LYN;MAP7;MUC3A;PNKP;PPP1R18;PSMB8-AS1;PTPN4;RPP25L;SETD2;STARD3NL;SUMO3;SYTL2;TNFSF10;TST;UBN1;UBQLN1;YDJC	0.0326743065447254	0.0119047619047619	1.00797056819674	NA	NA	NA	NA	4	72	simulation_replicate	empirical null draw; no per-module interval	NA	NA	NA	NA	NA	NA	NA	NA	NA	NA	NA	NA	NA	NA	NA	NA	NA	NA	NA	NA	NA	NA	NA	NA	NA	NA	NA	NA
null_modules	results/stage10d_tech/STAGE10D_TECH_NULL_MODULE_RESULTS.tsv	776c43d27d133f5dfdbda19e2c071a2a95942d9a403a3e87ae0a43ef3f995826	NULL_MATCHED_M30_0084	30	ATF7IP;CHD7;COX19;DDR1;DOCK8;GALM;GNPTAB;HNRNPL;LDLRAD4;LYPLA2;MAP2K1;MAP2K3;MLLT6;NCF1;NGLY1;PCSK7;PIP4K2A;PLS1;PPP1R18;PRR15L;PSMB9;PTPN7;RPP25L;SIRT7;SLMAP;SPEN;STARD3NL;TBC1D10C;TPRKB;ZMYND8	-0.00916752455644847	-0.0714285714285714	1.03495972613916	NA	NA	NA	NA	4	72	simulation_replicate	empirical null draw; no per-module interval	NA	NA	NA	NA	NA	NA	NA	NA	NA	NA	NA	NA	NA	NA	NA	NA	NA	NA	NA	NA	NA	NA	NA	NA	NA	NA	NA	NA
null_modules	results/stage10d_tech/STAGE10D_TECH_NULL_MODULE_RESULTS.tsv	776c43d27d133f5dfdbda19e2c071a2a95942d9a403a3e87ae0a43ef3f995826	NULL_MATCHED_M30_0085	30	ANKRD44;ARHGAP45;ASS1;BLCAP;CAB39;DDR1;DUS1L;FAM207A;FKBP3;GNPAT;HNRNPL;IFT172;IVNS1ABP;LDLRAD4;LYN;MSH3;PIP4K2A;PSMB8-AS1;PTPN7;RPP25L;SEPT1;SIRT7;SPEN;STARD3NL;TMC6;UBN1;VPS13C;WIPF1;YDJC;ZC3H15	-0.114668236010944	-0.142857142857143	1.04859367588985	NA	NA	NA	NA	4	72	simulation_replicate	empirical null draw; no per-module interval	NA	NA	NA	NA	NA	NA	NA	NA	NA	NA	NA	NA	NA	NA	NA	NA	NA	NA	NA	NA	NA	NA	NA	NA	NA	NA	NA	NA
null_modules	results/stage10d_tech/STAGE10D_TECH_NULL_MODULE_RESULTS.tsv	776c43d27d133f5dfdbda19e2c071a2a95942d9a403a3e87ae0a43ef3f995826	NULL_MATCHED_M30_0086	30	ARHGAP45;ATP6V1E1;CASP7;CCDC88B;CD7;CLIP1;DDR1;DENND2D;DOCK8;EPB41;EPS8L2;GNPAT;GRK6;GRPEL1;IFNAR1;IKZF1;LDLRAD4;LYN;MAP2K1;MUC3A;NCF1;PLS1;PPP1R18;SEPT1;SIRT7;SPEN;STARD3NL;STRBP;SUCLG2;UBN1	-0.0895920871978855	-0.119047619047619	1.02396288254441	NA	NA	NA	NA	4	72	simulation_replicate	empirical null draw; no per-module interval	NA	NA	NA	NA	NA	NA	NA	NA	NA	NA	NA	NA	NA	NA	NA	NA	NA	NA	NA	NA	NA	NA	NA	NA	NA	NA	NA	NA
null_modules	results/stage10d_tech/STAGE10D_TECH_NULL_MODULE_RESULTS.tsv	776c43d27d133f5dfdbda19e2c071a2a95942d9a403a3e87ae0a43ef3f995826	NULL_MATCHED_M30_0087	30	AFTPH;ASF1A;CCDC88B;CHMP3;CMBL;CSK;DCAF11;DDR1;ENOPH1;ESRRA;FAM200B;GNPAT;GTF2E2;HCLS1;LDLRAD4;LSM12;LYN;MSH3;NCF1;NGLY1;PLS1;PPP1R18;PSMC5;PTPN4;SEPT1;TMC6;TRAF4;TRIP12;USP3;ZNF131	0.0980772012390286	0.0238095238095238	1.00465292213579	NA	NA	NA	NA	4	72	simulation_replicate	empirical null draw; no per-module interval	NA	NA	NA	NA	NA	NA	NA	NA	NA	NA	NA	NA	NA	NA	NA	NA	NA	NA	NA	NA	NA	NA	NA	NA	NA	NA	NA	NA
null_modules	results/stage10d_tech/STAGE10D_TECH_NULL_MODULE_RESULTS.tsv	776c43d27d133f5dfdbda19e2c071a2a95942d9a403a3e87ae0a43ef3f995826	NULL_MATCHED_M30_0088	30	ANKRD44;ANKRD49;BICDL2;CCDC88B;CD2;CHD7;DDR1;DOCK8;EPB41;GGH;GRK6;GTF2E2;HCLS1;KMT5B;LYPLA2;MAP7;PATJ;PIP4K2A;PLS1;PPID;PPM1G;RTN3;SIRT7;SLC39A7;SPINT1-AS1;STARD3NL;TMC6;TOP2B;WIPF1;ZNF131	-0.0231003651454442	-0.0119047619047619	1.00209417250662	NA	NA	NA	NA	4	72	simulation_replicate	empirical null draw; no per-module interval	NA	NA	NA	NA	NA	NA	NA	NA	NA	NA	NA	NA	NA	NA	NA	NA	NA	NA	NA	NA	NA	NA	NA	NA	NA	NA	NA	NA
null_modules	results/stage10d_tech/STAGE10D_TECH_NULL_MODULE_RESULTS.tsv	776c43d27d133f5dfdbda19e2c071a2a95942d9a403a3e87ae0a43ef3f995826	NULL_MATCHED_M30_0089	30	ABHD17A;AFTPH;ARHGAP45;BICDL2;CASP7;DOCK8;EPB41;EXOSC1;FAM96A;FBP1;GALNT7;HCLS1;IFT172;IKZF1;MAP2K3;MSH3;NCF1;NGLY1;NRDC;PCGF5;PLS1;PPP1R18;PTPN4;PTPN7;RTN3;SLMAP;TRIP12;USP3;YY1;ZNF148	-0.0466287990352256	0	1.00791064782665	NA	NA	NA	NA	4	72	simulation_replicate	empirical null draw; no per-module interval	NA	NA	NA	NA	NA	NA	NA	NA	NA	NA	NA	NA	NA	NA	NA	NA	NA	NA	NA	NA	NA	NA	NA	NA	NA	NA	NA	NA
null_modules	results/stage10d_tech/STAGE10D_TECH_NULL_MODULE_RESULTS.tsv	776c43d27d133f5dfdbda19e2c071a2a95942d9a403a3e87ae0a43ef3f995826	NULL_MATCHED_M30_0090	30	AFTPH;ARHGAP18;BICDL2;CAB39;CD2;COA3;COX19;DCTN6;DDR1;DOCK8;DUS1L;ENOPH1;EPB41;EXOSC1;GALM;KCNN4;LSR;NCF1;NUDT16L1;PCGF5;PPP1R18;PSMB8-AS1;SLMAP;STARD3NL;STRBP;SYTL2;TDP2;TRAF3IP3;TRAF4;TRIP12	0.00722715538242887	0	1.02203065056171	NA	NA	NA	NA	4	72	simulation_replicate	empirical null draw; no per-module interval	NA	NA	NA	NA	NA	NA	NA	NA	NA	NA	NA	NA	NA	NA	NA	NA	NA	NA	NA	NA	NA	NA	NA	NA	NA	NA	NA	NA
null_modules	results/stage10d_tech/STAGE10D_TECH_NULL_MODULE_RESULTS.tsv	776c43d27d133f5dfdbda19e2c071a2a95942d9a403a3e87ae0a43ef3f995826	NULL_MATCHED_M30_0091	30	ANKRD44;ASF1A;BICDL2;CAB39;CASP7;DCAF11;DENND2D;ENOPH1;EPS8L2;KMT5B;MAP2K1;MAP2K3;MAP7;ME2;MSH3;NHLRC3;PATJ;PPP1R18;RPP25L;SDC1;SF3B2;SLMAP;SPOP;SUMO3;SUPT5H;SYTL2;TRAF3IP3;TRIM2;YDJC;ZNF131	0.105385833528539	0.0476190476190476	0.9678457137429	NA	NA	NA	NA	4	72	simulation_replicate	empirical null draw; no per-module interval	NA	NA	NA	NA	NA	NA	NA	NA	NA	NA	NA	NA	NA	NA	NA	NA	NA	NA	NA	NA	NA	NA	NA	NA	NA	NA	NA	NA
null_modules	results/stage10d_tech/STAGE10D_TECH_NULL_MODULE_RESULTS.tsv	776c43d27d133f5dfdbda19e2c071a2a95942d9a403a3e87ae0a43ef3f995826	NULL_MATCHED_M30_0092	30	AFTPH;ARHGAP45;ASF1A;BICDL2;CAB39;CCDC88B;DUS1L;ERP44;GALM;GALNT3;HCLS1;HNRNPL;IFNAR1;IMPA2;MAP2K1;MAP2K3;MLLT6;MUC3A;PCGF5;PGLS;PNKP;PPID;PPP1R18;SEPT1;SETD2;SIRT7;SPEN;TSG101;TSN;UBN1	-0.0590306239534873	-0.0833333333333333	1.01940279258367	NA	NA	NA	NA	4	72	simulation_replicate	empirical null draw; no per-module interval	NA	NA	NA	NA	NA	NA	NA	NA	NA	NA	NA	NA	NA	NA	NA	NA	NA	NA	NA	NA	NA	NA	NA	NA	NA	NA	NA	NA
null_modules	results/stage10d_tech/STAGE10D_TECH_NULL_MODULE_RESULTS.tsv	776c43d27d133f5dfdbda19e2c071a2a95942d9a403a3e87ae0a43ef3f995826	NULL_MATCHED_M30_0093	30	ANKRD44;ANKRD49;ARHGAP45;CASP7;CHD7;CYHR1;DDR1;ENOPH1;EPB41;GRK6;GTPBP4;ICAM3;LSM8;LYN;LYPLA2;MAP2K1;MBD4;MSH3;MUC3A;PPID;RAB5C;RTCA;SETD2;SIRT7;SPEN;SYTL2;TRAF3IP3;UBN1;VSIG2;WIPF1	0.0028233366442722	0	1.02406802502703	NA	NA	NA	NA	4	72	simulation_replicate	empirical null draw; no per-module interval	NA	NA	NA	NA	NA	NA	NA	NA	NA	NA	NA	NA	NA	NA	NA	NA	NA	NA	NA	NA	NA	NA	NA	NA	NA	NA	NA	NA
null_modules	results/stage10d_tech/STAGE10D_TECH_NULL_MODULE_RESULTS.tsv	776c43d27d133f5dfdbda19e2c071a2a95942d9a403a3e87ae0a43ef3f995826	NULL_MATCHED_M30_0094	30	AAK1;CASP7;CCDC88B;CSK;DDR1;DOCK8;GALM;GALNT3;GNPAT;GTF2E2;HCLS1;LDLRAD4;LYPLA2;MAP7;ME2;NGLY1;NSD1;PCGF5;PGLS;PLS1;PPP1R18;PTPN7;RAC2;SETD2;STARD3NL;STRBP;SYTL2;TBC1D10C;TMEM167A;TRPM4	-0.0619465185410635	-0.0476190476190476	1.01903685280181	NA	NA	NA	NA	4	72	simulation_replicate	empirical null draw; no per-module interval	NA	NA	NA	NA	NA	NA	NA	NA	NA	NA	NA	NA	NA	NA	NA	NA	NA	NA	NA	NA	NA	NA	NA	NA	NA	NA	NA	NA
null_modules	results/stage10d_tech/STAGE10D_TECH_NULL_MODULE_RESULTS.tsv	776c43d27d133f5dfdbda19e2c071a2a95942d9a403a3e87ae0a43ef3f995826	NULL_MATCHED_M30_0095	30	ABI1;ANKRD49;BICDL2;C6orf62;CAB39;CHD7;CHMP3;DCAF11;DUS1L;ENOPH1;GALNT7;IFT172;LSR;LYN;MAP7;MLLT6;NCF1;NGLY1;PCGF5;PIP4K2A;PSMB8-AS1;PTPN7;RPP25L;SIRT7;STARD3NL;STRBP;USP48;VPS13C;ZNF131;ZNF33A	-0.00498084471689283	0	1.0177028272925	NA	NA	NA	NA	4	72	simulation_replicate	empirical null draw; no per-module interval	NA	NA	NA	NA	NA	NA	NA	NA	NA	NA	NA	NA	NA	NA	NA	NA	NA	NA	NA	NA	NA	NA	NA	NA	NA	NA	NA	NA
null_modules	results/stage10d_tech/STAGE10D_TECH_NULL_MODULE_RESULTS.tsv	776c43d27d133f5dfdbda19e2c071a2a95942d9a403a3e87ae0a43ef3f995826	NULL_MATCHED_M30_0096	30	ACADS;AFTPH;ANKRD49;ASF1A;BICDL2;CMBL;DENND2D;ENOPH1;EZR;FAM120A;FAM207A;GALNT7;GNPAT;GRK6;LDLRAD4;LSM10;MAP7;ME2;MLLT6;MUC3A;PCGF5;PPP1R18;PTPN7;SEC22B;SLMAP;STRBP;TBC1D10C;TMC6;TRAF4;TRIP12	0.0620994418898776	0.0595238095238095	1.02631430569826	NA	NA	NA	NA	4	72	simulation_replicate	empirical null draw; no per-module interval	NA	NA	NA	NA	NA	NA	NA	NA	NA	NA	NA	NA	NA	NA	NA	NA	NA	NA	NA	NA	NA	NA	NA	NA	NA	NA	NA	NA
null_modules	results/stage10d_tech/STAGE10D_TECH_NULL_MODULE_RESULTS.tsv	776c43d27d133f5dfdbda19e2c071a2a95942d9a403a3e87ae0a43ef3f995826	NULL_MATCHED_M30_0097	30	AFTPH;CYHR1;DCAF11;DDR1;ENOPH1;EPS8L2;GRK6;GTF2E2;HCLS1;HNRNPL;IMMT;LDLRAD4;LYN;MAP2K1;MAP2K2;MAP2K3;MTIF3;NGLY1;PCGF5;PNKP;PRR15L;RPP25L;RTCA;SBNO1;SF3B2;SIRT7;SUPT5H;SYTL2;TBC1D10C;TRAF4	0.0130549678493944	0.0119047619047619	0.995578895779	NA	NA	NA	NA	4	72	simulation_replicate	empirical null draw; no per-module interval	NA	NA	NA	NA	NA	NA	NA	NA	NA	NA	NA	NA	NA	NA	NA	NA	NA	NA	NA	NA	NA	NA	NA	NA	NA	NA	NA	NA
null_modules	results/stage10d_tech/STAGE10D_TECH_NULL_MODULE_RESULTS.tsv	776c43d27d133f5dfdbda19e2c071a2a95942d9a403a3e87ae0a43ef3f995826	NULL_MATCHED_M30_0098	30	ANKRD44;ANKRD49;ARHGAP45;ATF7IP;BICDL2;BOLA3;CHD7;COMT;CYHR1;DCAF11;GALM;IMPA2;KMT5B;MAP7;MRPS23;MSH3;MUC3A;PATJ;PCGF5;PTPN4;PTPN7;RPP25L;RTN3;STARD3NL;SUPT5H;TMC6;TRAF3IP3;TRAF4;UBN1;WBP11	0.0600064817615579	0.0238095238095238	0.976634297976995	NA	NA	NA	NA	4	72	simulation_replicate	empirical null draw; no per-module interval	NA	NA	NA	NA	NA	NA	NA	NA	NA	NA	NA	NA	NA	NA	NA	NA	NA	NA	NA	NA	NA	NA	NA	NA	NA	NA	NA	NA
null_modules	results/stage10d_tech/STAGE10D_TECH_NULL_MODULE_RESULTS.tsv	776c43d27d133f5dfdbda19e2c071a2a95942d9a403a3e87ae0a43ef3f995826	NULL_MATCHED_M30_0099	30	ANKRD49;ARHGAP45;ASF1A;ATF7IP;BICDL2;CASP7;CSK;CYHR1;DENND2D;FERMT1;GALNT7;HCLS1;HNRNPA1P48;HNRNPL;IFT172;KCNN4;MAP7;MDH1;PPID;PSMB8-AS1;RPP25L;SPINT1-AS1;SRPRB;STARD3NL;TBC1D10C;TCEAL9;TRAF4;UBN1;WIPI2;ZNF131	0.0725616961398093	0.0595238095238095	0.993768926308029	NA	NA	NA	NA	4	72	simulation_replicate	empirical null draw; no per-module interval	NA	NA	NA	NA	NA	NA	NA	NA	NA	NA	NA	NA	NA	NA	NA	NA	NA	NA	NA	NA	NA	NA	NA	NA	NA	NA	NA	NA
null_modules	results/stage10d_tech/STAGE10D_TECH_NULL_MODULE_RESULTS.tsv	776c43d27d133f5dfdbda19e2c071a2a95942d9a403a3e87ae0a43ef3f995826	NULL_MATCHED_M30_0100	30	ANKRD49;ASF1A;BICDL2;BLVRB;CAB39;COX19;CYHR1;DCAF11;DHPS;EPB41;GALM;GYPC;HCLS1;KCNN4;KMT5B;LYN;MAP2K1;MUC3A;NGLY1;NUDT16L1;PDZD8;PIP4K2A;PTPN4;RTCA;SUMO3;SUPT5H;TBC1D10C;TRAF3IP3;VPS13C;WIPF1	0.0794211261973124	0.0714285714285714	0.984379576065377	NA	NA	NA	NA	4	72	simulation_replicate	empirical null draw; no per-module interval	NA	NA	NA	NA	NA	NA	NA	NA	NA	NA	NA	NA	NA	NA	NA	NA	NA	NA	NA	NA	NA	NA	NA	NA	NA	NA	NA	NA
null_modules	results/stage10d_tech/STAGE10D_TECH_NULL_MODULE_RESULTS.tsv	776c43d27d133f5dfdbda19e2c071a2a95942d9a403a3e87ae0a43ef3f995826	NULL_MATCHED_M30_0101	30	BCAP29;BICDL2;CAB39;CHD7;COX19;CSK;DCAF11;EPB41;GALM;GALNT7;GYPC;HCLS1;KMT5B;LDLRAD4;LIPH;MAP2K1;MSH3;NCF1;NDUFA10;PTPN7;SPEN;STARD3NL;TBC1D10C;TMC6;UBE2B;UBN1;UBXN6;USP3;YIPF2;ZNF131	-0.0534242423704598	-0.0238095238095238	1.00041598236362	NA	NA	NA	NA	4	72	simulation_replicate	empirical null draw; no per-module interval	NA	NA	NA	NA	NA	NA	NA	NA	NA	NA	NA	NA	NA	NA	NA	NA	NA	NA	NA	NA	NA	NA	NA	NA	NA	NA	NA	NA
null_modules	results/stage10d_tech/STAGE10D_TECH_NULL_MODULE_RESULTS.tsv	776c43d27d133f5dfdbda19e2c071a2a95942d9a403a3e87ae0a43ef3f995826	NULL_MATCHED_M30_0102	30	ABHD11;ARHGAP18;BICDL2;BLVRB;CAB39;CERS6;COX19;CSK;DCAF11;DDR1;FAM207A;GNPAT;GRK6;HNRNPL;IFT172;KCNN4;LYN;MAP3K2;MSH3;PATJ;PLS1;PNKP;PPID;PSMB8-AS1;RPP25L;TMC6;TMEM167A;WBP11;WIPF1;YDJC	-0.0302191151861021	-0.0238095238095238	1.00241074194702	NA	NA	NA	NA	4	72	simulation_replicate	empirical null draw; no per-module interval	NA	NA	NA	NA	NA	NA	NA	NA	NA	NA	NA	NA	NA	NA	NA	NA	NA	NA	NA	NA	NA	NA	NA	NA	NA	NA	NA	NA
null_modules	results/stage10d_tech/STAGE10D_TECH_NULL_MODULE_RESULTS.tsv	776c43d27d133f5dfdbda19e2c071a2a95942d9a403a3e87ae0a43ef3f995826	NULL_MATCHED_M30_0103	30	AFTPH;ASF1A;BLVRB;CSK;DDX39A;DUS1L;EPB41;FAM207A;FBXW5;GALM;GALNT7;GNPAT;GRK6;GTF2E2;HCLS1;KCNN4;KMT5B;LYPLA2;MAP2K3;MAP7;MUC3A;PPP1R18;PSMB8-AS1;PTPN7;RBM26;SLMAP;TRAF4;UBE2B;UBN1;USH1C	-0.0280097306396929	-0.0476190476190476	1.02009024050946	NA	NA	NA	NA	4	72	simulation_replicate	empirical null draw; no per-module interval	NA	NA	NA	NA	NA	NA	NA	NA	NA	NA	NA	NA	NA	NA	NA	NA	NA	NA	NA	NA	NA	NA	NA	NA	NA	NA	NA	NA
null_modules	results/stage10d_tech/STAGE10D_TECH_NULL_MODULE_RESULTS.tsv	776c43d27d133f5dfdbda19e2c071a2a95942d9a403a3e87ae0a43ef3f995826	NULL_MATCHED_M30_0104	30	ACADS;DENND2D;DOCK8;DUS1L;EPB41;EPS8L2;FAM107B;FAM207A;GLO1;GNPAT;GRK6;IKZF1;KMT5B;LIPH;MAP2K1;MAP2K3;MAP7;MSH3;NSD1;PATJ;PCGF5;PDXK;PNKP;RBM4;RTCA;SEPT1;SPINT1-AS1;SYTL2;TRAF4;ZBTB20	0.00724303475391781	-0.0238095238095238	1.02025427277439	NA	NA	NA	NA	4	72	simulation_replicate	empirical null draw; no per-module interval	NA	NA	NA	NA	NA	NA	NA	NA	NA	NA	NA	NA	NA	NA	NA	NA	NA	NA	NA	NA	NA	NA	NA	NA	NA	NA	NA	NA
null_modules	results/stage10d_tech/STAGE10D_TECH_NULL_MODULE_RESULTS.tsv	776c43d27d133f5dfdbda19e2c071a2a95942d9a403a3e87ae0a43ef3f995826	NULL_MATCHED_M30_0105	30	AHCY;ANKRD44;BICDL2;CASP7;DDR1;DGUOK;DUS1L;FAM207A;GALM;GNPAT;GOPC;GRK6;LDLRAD4;LYN;LYPLA2;MUC3A;NUDT16L1;PCGF5;PDCD4;PPP1R18;PSMB8-AS1;PTPN4;PTPN7;RBM26;SDC1;SLMAP;STARD3NL;SUPT5H;USP3;YDJC	0.0507231975479657	0.0833333333333333	0.977771352478607	NA	NA	NA	NA	4	72	simulation_replicate	empirical null draw; no per-module interval	NA	NA	NA	NA	NA	NA	NA	NA	NA	NA	NA	NA	NA	NA	NA	NA	NA	NA	NA	NA	NA	NA	NA	NA	NA	NA	NA	NA
null_modules	results/stage10d_tech/STAGE10D_TECH_NULL_MODULE_RESULTS.tsv	776c43d27d133f5dfdbda19e2c071a2a95942d9a403a3e87ae0a43ef3f995826	NULL_MATCHED_M30_0106	30	AFTPH;AMN;ANKRD49;ATF7IP;BICDL2;CAB39;CACYBP;CYHR1;EPS8L2;GALNT3;GTF2E2;IAH1;IFNAR1;IFT172;LYN;LYPLA2;MAP2K3;MSH3;MUC3A;NCF1;PLS1;PTPN7;RPP25L;RTCA;SEC22B;SUPT5H;TBC1D10C;TNFSF10;YDJC;ZNF131	0.0098352194149276	-0.0238095238095238	1.02718320318061	NA	NA	NA	NA	4	72	simulation_replicate	empirical null draw; no per-module interval	NA	NA	NA	NA	NA	NA	NA	NA	NA	NA	NA	NA	NA	NA	NA	NA	NA	NA	NA	NA	NA	NA	NA	NA	NA	NA	NA	NA
null_modules	results/stage10d_tech/STAGE10D_TECH_NULL_MODULE_RESULTS.tsv	776c43d27d133f5dfdbda19e2c071a2a95942d9a403a3e87ae0a43ef3f995826	NULL_MATCHED_M30_0107	30	ANKRD44;ANKRD49;ASF1A;CHD7;COX19;CSK;EPB41;EPS8L2;EXOSC1;GALM;GLO1;GMFG;HEBP2;LINC01871;MAP2K1;MAP2K3;MAP7;MRPL28;NGLY1;NUDT16L1;PNKP;PPID;PSMB8-AS1;PTPN4;RTCA;SETD2;SLC39A7;SYTL2;WIPF1;ZNF131	-0.00178731619520589	0.0238095238095238	0.997619790304638	NA	NA	NA	NA	4	72	simulation_replicate	empirical null draw; no per-module interval	NA	NA	NA	NA	NA	NA	NA	NA	NA	NA	NA	NA	NA	NA	NA	NA	NA	NA	NA	NA	NA	NA	NA	NA	NA	NA	NA	NA
null_modules	results/stage10d_tech/STAGE10D_TECH_NULL_MODULE_RESULTS.tsv	776c43d27d133f5dfdbda19e2c071a2a95942d9a403a3e87ae0a43ef3f995826	NULL_MATCHED_M30_0108	30	ANKRD44;ARHGAP45;ATP6AP2;CCDC88B;DUS1L;FAM207A;GIPC1;GTF2E2;LYN;MAP2K1;MAP7;MRPS23;MUC3A;MZT1;NDUFA10;NUBP2;PAFAH1B2;PATJ;PCGF5;PIP4K2A;PNKP;PTPN4;PTPN7;RPP25L;SLMAP;SUPT5H;TBC1D10C;TRAF4;YDJC;ZNF131	0.0353913822691993	0.0476190476190476	0.987329936952976	NA	NA	NA	NA	4	72	simulation_replicate	empirical null draw; no per-module interval	NA	NA	NA	NA	NA	NA	NA	NA	NA	NA	NA	NA	NA	NA	NA	NA	NA	NA	NA	NA	NA	NA	NA	NA	NA	NA	NA	NA
null_modules	results/stage10d_tech/STAGE10D_TECH_NULL_MODULE_RESULTS.tsv	776c43d27d133f5dfdbda19e2c071a2a95942d9a403a3e87ae0a43ef3f995826	NULL_MATCHED_M30_0109	30	ABHD11;AFTPH;AIP;ATF7IP;BICDL2;CAB39;CASP7;CCNC;DUS1L;GALNT7;GTF2E2;HCLS1;IKZF1;KMT5B;LYN;LYPLA2;MAP2K1;MAP7;MLLT6;MYADM;NGLY1;PCGF5;PNKP;PPP4C;PTPN4;SETD2;SIRT7;SORL1;STRBP;TMC6	-0.0774897657278332	-0.0238095238095238	1.01480669873406	NA	NA	NA	NA	4	72	simulation_replicate	empirical null draw; no per-module interval	NA	NA	NA	NA	NA	NA	NA	NA	NA	NA	NA	NA	NA	NA	NA	NA	NA	NA	NA	NA	NA	NA	NA	NA	NA	NA	NA	NA
null_modules	results/stage10d_tech/STAGE10D_TECH_NULL_MODULE_RESULTS.tsv	776c43d27d133f5dfdbda19e2c071a2a95942d9a403a3e87ae0a43ef3f995826	NULL_MATCHED_M30_0110	30	ATF7IP;CENPV;COX17;CRBN;DUS1L;EPS8L2;GALM;GALNT3;GNPAT;HNRNPL;IKZF1;LDLRAD4;LPP;LYN;MAP2K1;MAP2K3;ME2;MLLT6;MSH3;MUC3A;NUDT16L1;RIF1;RPP25L;RTCA;SEPT1;SETD2;SLC22A18;STRBP;TRIP12;TSG101	0.0230454563133482	0.0476190476190476	0.974306569918015	NA	NA	NA	NA	4	72	simulation_replicate	empirical null draw; no per-module interval	NA	NA	NA	NA	NA	NA	NA	NA	NA	NA	NA	NA	NA	NA	NA	NA	NA	NA	NA	NA	NA	NA	NA	NA	NA	NA	NA	NA
null_modules	results/stage10d_tech/STAGE10D_TECH_NULL_MODULE_RESULTS.tsv	776c43d27d133f5dfdbda19e2c071a2a95942d9a403a3e87ae0a43ef3f995826	NULL_MATCHED_M30_0111	30	AFTPH;ANKRD44;ASF1A;CCNC;CHD7;CTDSP1;CYHR1;DCAF11;DENND2D;GNPAT;GRK6;GTF2E2;HCLS1;IFT172;IVNS1ABP;LDLRAD4;MLLT6;MSH3;MYADM;OLA1;PNKP;PRPF40A;PTPN4;SPEN;SPINT1-AS1;TBC1D10C;TRIP12;USP3;YDJC;ZNF131	0.109096766540786	0.0833333333333333	0.97537022546133	NA	NA	NA	NA	4	72	simulation_replicate	empirical null draw; no per-module interval	NA	NA	NA	NA	NA	NA	NA	NA	NA	NA	NA	NA	NA	NA	NA	NA	NA	NA	NA	NA	NA	NA	NA	NA	NA	NA	NA	NA
null_modules	results/stage10d_tech/STAGE10D_TECH_NULL_MODULE_RESULTS.tsv	776c43d27d133f5dfdbda19e2c071a2a95942d9a403a3e87ae0a43ef3f995826	NULL_MATCHED_M30_0112	30	ANKRD49;ARHGAP18;ASF1A;ATF7IP;CCDC88B;COPS4;COX19;DENND2D;DUS1L;IFT172;IFT20;MAP2K3;MAP7;MRPL21;MSH3;MUC3A;PAICS;PATJ;PCGF5;PLS1;PPP1R18;PSMB8-AS1;PSMC3;PTPN4;PTPRC;RBM4;SIRT7;SPINT1-AS1;TBC1D10C;TMC6	-0.093341985250075	-0.0714285714285714	1.03698664259332	NA	NA	NA	NA	4	72	simulation_replicate	empirical null draw; no per-module interval	NA	NA	NA	NA	NA	NA	NA	NA	NA	NA	NA	NA	NA	NA	NA	NA	NA	NA	NA	NA	NA	NA	NA	NA	NA	NA	NA	NA
null_modules	results/stage10d_tech/STAGE10D_TECH_NULL_MODULE_RESULTS.tsv	776c43d27d133f5dfdbda19e2c071a2a95942d9a403a3e87ae0a43ef3f995826	NULL_MATCHED_M30_0113	30	AFTPH;AIP;CAB39;CASP7;CD3G;CHD7;COX19;CXXC5;DCAF11;ENOPH1;GALNT7;GNPAT;GRK6;GTF2E2;HNRNPL;ITFG1;KCNN4;LDLRAD4;LYN;MAP7;MUC3A;PATJ;PLS1;PTPN4;RPP25L;SPINT1-AS1;STRBP;SUMO3;TRIP12;ZBTB20	0.0506086634332207	0.0476190476190476	1.01809250563964	NA	NA	NA	NA	4	72	simulation_replicate	empirical null draw; no per-module interval	NA	NA	NA	NA	NA	NA	NA	NA	NA	NA	NA	NA	NA	NA	NA	NA	NA	NA	NA	NA	NA	NA	NA	NA	NA	NA	NA	NA
null_modules	results/stage10d_tech/STAGE10D_TECH_NULL_MODULE_RESULTS.tsv	776c43d27d133f5dfdbda19e2c071a2a95942d9a403a3e87ae0a43ef3f995826	NULL_MATCHED_M30_0114	30	ALDH9A1;ASF1A;BICDL2;BOLA3;CAB39;CCDC88B;CD7;DCAF11;DENND2D;ENOPH1;GALNT7;GTF2E2;HNRNPA1P48;HNRNPL;MAP2K1;MAP2K3;MAP7;NGLY1;NUDT16L1;PCGF5;PIP4K2A;PNKP;PTPN7;RPP25L;SETD2;STARD3NL;STRAP;SUPT5H;TOR1AIP2;YDJC	-0.00411168931420317	-0.0238095238095238	0.970787295209933	NA	NA	NA	NA	4	72	simulation_replicate	empirical null draw; no per-module interval	NA	NA	NA	NA	NA	NA	NA	NA	NA	NA	NA	NA	NA	NA	NA	NA	NA	NA	NA	NA	NA	NA	NA	NA	NA	NA	NA	NA
null_modules	results/stage10d_tech/STAGE10D_TECH_NULL_MODULE_RESULTS.tsv	776c43d27d133f5dfdbda19e2c071a2a95942d9a403a3e87ae0a43ef3f995826	NULL_MATCHED_M30_0115	30	AFTPH;CAB39;CHD7;CSK;CYHR1;DNAJC4;GNPAT;HCLS1;IFI27L2;KCNN4;KMT5B;LYPLA2;MAP2K2;MLLT6;PIP4K2A;PLS1;PNKP;PPP4R3B;PTPN4;PTPN7;RPP25L;SLMAP;SPINT1-AS1;STRBP;SUPT5H;TMC6;TRPM4;YDJC;ZBTB20;ZNF131	-0.00298559827634307	0.0238095238095238	1.01710741495674	NA	NA	NA	NA	4	72	simulation_replicate	empirical null draw; no per-module interval	NA	NA	NA	NA	NA	NA	NA	NA	NA	NA	NA	NA	NA	NA	NA	NA	NA	NA	NA	NA	NA	NA	NA	NA	NA	NA	NA	NA
null_modules	results/stage10d_tech/STAGE10D_TECH_NULL_MODULE_RESULTS.tsv	776c43d27d133f5dfdbda19e2c071a2a95942d9a403a3e87ae0a43ef3f995826	NULL_MATCHED_M30_0116	30	ANKRD44;ASF1A;CAB39;DDR1;DENND2D;DOCK8;FAM207A;GALNT3;IKZF1;LYN;LYPLA2;MAP2K3;MAP7;MRPL21;NGLY1;NUDT16L1;PCGF5;PPP1R18;PTPN4;RAB5C;RASSF7;RPP25L;RSU1;RTN3;SLC39A7;SPEN;SPINT1-AS1;SUPT5H;TRAF3IP3;YDJC	-0.0223989554164842	-0.0119047619047619	1.00549330849071	NA	NA	NA	NA	4	72	simulation_replicate	empirical null draw; no per-module interval	NA	NA	NA	NA	NA	NA	NA	NA	NA	NA	NA	NA	NA	NA	NA	NA	NA	NA	NA	NA	NA	NA	NA	NA	NA	NA	NA	NA
null_modules	results/stage10d_tech/STAGE10D_TECH_NULL_MODULE_RESULTS.tsv	776c43d27d133f5dfdbda19e2c071a2a95942d9a403a3e87ae0a43ef3f995826	NULL_MATCHED_M30_0117	30	ASF1A;CLNS1A;DENND2D;ENOPH1;GALM;GNPAT;GTF2E2;IFT172;KMT5B;MAP7;ME2;MSH3;NCF1;NGLY1;NSD1;OTULINL;PCGF5;PTS;RPP25L;RTCA;SEPT1;SETD2;SPEN;STRBP;TBC1D10C;TMC6;TRAF3IP3;TRBC2;UBN1;ZC3H15	-0.0194018846458272	0	0.994021080345341	NA	NA	NA	NA	4	72	simulation_replicate	empirical null draw; no per-module interval	NA	NA	NA	NA	NA	NA	NA	NA	NA	NA	NA	NA	NA	NA	NA	NA	NA	NA	NA	NA	NA	NA	NA	NA	NA	NA	NA	NA
null_modules	results/stage10d_tech/STAGE10D_TECH_NULL_MODULE_RESULTS.tsv	776c43d27d133f5dfdbda19e2c071a2a95942d9a403a3e87ae0a43ef3f995826	NULL_MATCHED_M30_0118	30	ANKRD49;ARHGAP45;ATF7IP;CAB39;CACYBP;CHMP3;COX19;CUEDC2;DCAF11;DENND2D;DOCK8;DUS1L;ENOPH1;EXOSC1;GGH;GNPAT;GTPBP4;HCLS1;HNRNPL;KMT5B;LUC7L2;NUDT16L1;PATJ;PNKP;PPP1R18;PSMB8-AS1;SPEN;STRBP;SUPT5H;TRAF3IP3	-0.0141345851399885	-0.0357142857142857	0.996513993423534	NA	NA	NA	NA	4	72	simulation_replicate	empirical null draw; no per-module interval	NA	NA	NA	NA	NA	NA	NA	NA	NA	NA	NA	NA	NA	NA	NA	NA	NA	NA	NA	NA	NA	NA	NA	NA	NA	NA	NA	NA
null_modules	results/stage10d_tech/STAGE10D_TECH_NULL_MODULE_RESULTS.tsv	776c43d27d133f5dfdbda19e2c071a2a95942d9a403a3e87ae0a43ef3f995826	NULL_MATCHED_M30_0119	30	ASF1A;ATF7IP;CARHSP1;CCDC88B;CSNK1D;DDR1;ENOPH1;FAM207A;GALM;GORASP2;GTF2E2;IFT172;IKZF1;MAP2K3;MLLT6;NUDT14;PATJ;PCGF5;PPID;PPP4C;RTCA;SEC31A;SEPT1;SIRT7;SPEN;STRBP;TBC1D10C;TRAF3IP3;TRIP12;USP3	-0.0868319216115501	-0.0595238095238095	1.01971603947565	NA	NA	NA	NA	4	72	simulation_replicate	empirical null draw; no per-module interval	NA	NA	NA	NA	NA	NA	NA	NA	NA	NA	NA	NA	NA	NA	NA	NA	NA	NA	NA	NA	NA	NA	NA	NA	NA	NA	NA	NA
null_modules	results/stage10d_tech/STAGE10D_TECH_NULL_MODULE_RESULTS.tsv	776c43d27d133f5dfdbda19e2c071a2a95942d9a403a3e87ae0a43ef3f995826	NULL_MATCHED_M30_0120	30	CASP7;CHD7;COX19;DCAF11;DOCK8;FAM207A;GALNT7;GNPAT;GTF2E2;HNRNPH3;KCNN4;KMT5B;LYPLA2;MAP2K1;MSH3;MUC3A;NUDT16L1;PAICS;PIP4K2A;PLAC8;RBM26;RTCA;SEC31A;SETD2;SIRT7;STARD3NL;STRBP;TRAF4;UBE2L6;YDJC	-0.103850117609939	-0.0952380952380953	1.01861298883007	NA	NA	NA	NA	4	72	simulation_replicate	empirical null draw; no per-module interval	NA	NA	NA	NA	NA	NA	NA	NA	NA	NA	NA	NA	NA	NA	NA	NA	NA	NA	NA	NA	NA	NA	NA	NA	NA	NA	NA	NA
null_modules	results/stage10d_tech/STAGE10D_TECH_NULL_MODULE_RESULTS.tsv	776c43d27d133f5dfdbda19e2c071a2a95942d9a403a3e87ae0a43ef3f995826	NULL_MATCHED_M30_0121	30	AGR3;ARHGAP45;BRI3BP;CCDC88B;CHD7;DENND2D;DOCK8;ENOPH1;EPS8L2;EXOSC1;FAM207A;GSKIP;HCLS1;IKZF1;MAP2K3;ME2;MSH3;MUC3A;PNKP;PPP1R18;PTPN7;RPP25L;SYTL2;TFDP1;TM9SF2;TRAF3IP3;UBN1;USP3;VSIG2;YDJC	-0.0274552429298958	-0.0476190476190476	1.04659553512337	NA	NA	NA	NA	4	72	simulation_replicate	empirical null draw; no per-module interval	NA	NA	NA	NA	NA	NA	NA	NA	NA	NA	NA	NA	NA	NA	NA	NA	NA	NA	NA	NA	NA	NA	NA	NA	NA	NA	NA	NA
null_modules	results/stage10d_tech/STAGE10D_TECH_NULL_MODULE_RESULTS.tsv	776c43d27d133f5dfdbda19e2c071a2a95942d9a403a3e87ae0a43ef3f995826	NULL_MATCHED_M30_0122	30	ACADS;ANKRD49;ARHGAP18;CASP7;CLNS1A;DDR1;DOCK8;DUS1L;EPS8L2;GALM;GALNT3;GALNT7;GTF2E2;ISG20;MAP2K3;MSH3;NCF1;NSFL1C;NUDT16L1;PATJ;PCGF5;PPCS;PPID;RTCA;SPINT1-AS1;STRBP;TRAF4;UBN1;USP3;ZNF131	-0.0302526488072007	0.0238095238095238	1.00506229050728	NA	NA	NA	NA	4	72	simulation_replicate	empirical null draw; no per-module interval	NA	NA	NA	NA	NA	NA	NA	NA	NA	NA	NA	NA	NA	NA	NA	NA	NA	NA	NA	NA	NA	NA	NA	NA	NA	NA	NA	NA
null_modules	results/stage10d_tech/STAGE10D_TECH_NULL_MODULE_RESULTS.tsv	776c43d27d133f5dfdbda19e2c071a2a95942d9a403a3e87ae0a43ef3f995826	NULL_MATCHED_M30_0123	30	ABI1;AK3;ATF7IP;BICDL2;CAB39;CASP7;CBWD5;CCDC88B;CLNS1A;COX19;DDR1;DUS1L;GALNT7;IKZF1;KCNN4;KMT5B;LDLRAD4;LSM12;LYN;MAP2K1;MAP7;NUDT16L1;PDXK;PTPN7;SLMAP;STRBP;TRAF3IP3;UBN1;WIPF1;YDJC	-0.0377977449187652	0.0119047619047619	1.01618788791695	NA	NA	NA	NA	4	72	simulation_replicate	empirical null draw; no per-module interval	NA	NA	NA	NA	NA	NA	NA	NA	NA	NA	NA	NA	NA	NA	NA	NA	NA	NA	NA	NA	NA	NA	NA	NA	NA	NA	NA	NA
null_modules	results/stage10d_tech/STAGE10D_TECH_NULL_MODULE_RESULTS.tsv	776c43d27d133f5dfdbda19e2c071a2a95942d9a403a3e87ae0a43ef3f995826	NULL_MATCHED_M30_0124	30	ANKRD49;APOPT1;BICDL2;CASP7;CHD7;CSK;DENND2D;DUS1L;IFT172;IFT20;KMT5B;KRTCAP3;LYPLA2;MAP2K3;ME2;MUC3A;NUDT16L1;PIP4K2A;PPCS;SIRT7;SLMAP;STRBP;SZRD1;TBC1D10C;TCEAL9;TRAF3IP3;USP22;USP3;WIPF1;YDJC	0.0534897521689547	0.0595238095238095	0.993336705344255	NA	NA	NA	NA	4	72	simulation_replicate	empirical null draw; no per-module interval	NA	NA	NA	NA	NA	NA	NA	NA	NA	NA	NA	NA	NA	NA	NA	NA	NA	NA	NA	NA	NA	NA	NA	NA	NA	NA	NA	NA
null_modules	results/stage10d_tech/STAGE10D_TECH_NULL_MODULE_RESULTS.tsv	776c43d27d133f5dfdbda19e2c071a2a95942d9a403a3e87ae0a43ef3f995826	NULL_MATCHED_M30_0125	30	ANKRD49;ARHGAP18;ARHGAP45;FAM207A;GALM;GALNT7;IFT172;KCNN4;MAP2K3;MAP7;MUC3A;NGLY1;PATJ;PCGF5;PDXK;PHLDA2;PLS1;PNKP;POP5;PPP1R18;RPP25L;STARD3NL;STRBP;SUPT5H;TNRC6B;USP3;VGLL4;WIPF1;YDJC;ZNF131	0.10229410119483	0.0952380952380953	1.03303906405711	NA	NA	NA	NA	4	72	simulation_replicate	empirical null draw; no per-module interval	NA	NA	NA	NA	NA	NA	NA	NA	NA	NA	NA	NA	NA	NA	NA	NA	NA	NA	NA	NA	NA	NA	NA	NA	NA	NA	NA	NA
null_modules	results/stage10d_tech/STAGE10D_TECH_NULL_MODULE_RESULTS.tsv	776c43d27d133f5dfdbda19e2c071a2a95942d9a403a3e87ae0a43ef3f995826	NULL_MATCHED_M30_0126	30	ASF1A;ATP6V1E1;BICDL2;DENND2D;DOCK8;DUS1L;EPB41;FAM207A;HNRNPL;IST1;LDLRAD4;LYN;MAP2K1;MAP7;ME2;MLLT6;NTMT1;PHB2;PLAC8;PLS1;PPP1R18;PSMB8-AS1;PTPN7;SETD2;SMC1A;SUPT5H;TRIP12;UBN1;ZNF131;ZNF33A	-0.0565572317362216	-0.0595238095238095	1.02402219050259	NA	NA	NA	NA	4	72	simulation_replicate	empirical null draw; no per-module interval	NA	NA	NA	NA	NA	NA	NA	NA	NA	NA	NA	NA	NA	NA	NA	NA	NA	NA	NA	NA	NA	NA	NA	NA	NA	NA	NA	NA
null_modules	results/stage10d_tech/STAGE10D_TECH_NULL_MODULE_RESULTS.tsv	776c43d27d133f5dfdbda19e2c071a2a95942d9a403a3e87ae0a43ef3f995826	NULL_MATCHED_M30_0127	30	AAK1;ALDH9A1;ARHGAP45;CAB39;CCT4;DENND2D;FTX;GALNT3;GNPAT;HCLS1;IFT172;KMT5B;LDLRAD4;MAP2K1;NDUFA10;PLS1;PNKP;PPID;PPP1R18;PTPN4;RTCA;SDC4;SPINT1-AS1;STARD3NL;SUPT5H;TRAF4;TRIP12;UBN1;USP3;WIPF1	-0.0642340764850615	-0.0476190476190476	1.00569399834616	NA	NA	NA	NA	4	72	simulation_replicate	empirical null draw; no per-module interval	NA	NA	NA	NA	NA	NA	NA	NA	NA	NA	NA	NA	NA	NA	NA	NA	NA	NA	NA	NA	NA	NA	NA	NA	NA	NA	NA	NA
null_modules	results/stage10d_tech/STAGE10D_TECH_NULL_MODULE_RESULTS.tsv	776c43d27d133f5dfdbda19e2c071a2a95942d9a403a3e87ae0a43ef3f995826	NULL_MATCHED_M30_0128	30	ARHGAP45;ASF1A;CAB39;COX19;DDR1;DENND2D;DENR;EXOSC1;FAM3C;GALM;GNPAT;IFT172;IPO7;KMT5B;LIPH;ME2;NCF1;PCGF5;PLS1;PSMC3;PTPN4;PTPN7;SPINT1-AS1;STARD3NL;STRBP;TRIP12;TUSC2;UBE2H;UBN1;YDJC	-0.127083666547844	-0.119047619047619	1.03586254889738	NA	NA	NA	NA	4	72	simulation_replicate	empirical null draw; no per-module interval	NA	NA	NA	NA	NA	NA	NA	NA	NA	NA	NA	NA	NA	NA	NA	NA	NA	NA	NA	NA	NA	NA	NA	NA	NA	NA	NA	NA
null_modules	results/stage10d_tech/STAGE10D_TECH_NULL_MODULE_RESULTS.tsv	776c43d27d133f5dfdbda19e2c071a2a95942d9a403a3e87ae0a43ef3f995826	NULL_MATCHED_M30_0129	30	AFTPH;ARHGAP45;ARL2BP;C6orf62;CAB39;CCDC88B;CSK;DCAF11;EPB41;EPS8L2;FAM107B;GALM;GALNT7;GRK6;GTF2E2;KCNN4;LYN;LYPLA2;PATJ;PNKP;PPID;PPP1R18;PTPN6;PTPN7;PTPRC;RTN3;SEPT1;UBN1;WIPF1;ZNF131	-0.0234777868075583	0.0238095238095238	1.00363821163174	NA	NA	NA	NA	4	72	simulation_replicate	empirical null draw; no per-module interval	NA	NA	NA	NA	NA	NA	NA	NA	NA	NA	NA	NA	NA	NA	NA	NA	NA	NA	NA	NA	NA	NA	NA	NA	NA	NA	NA	NA
null_modules	results/stage10d_tech/STAGE10D_TECH_NULL_MODULE_RESULTS.tsv	776c43d27d133f5dfdbda19e2c071a2a95942d9a403a3e87ae0a43ef3f995826	NULL_MATCHED_M30_0130	30	ANKRD49;CASP7;CCDC88B;CHD7;CYHR1;DCAF11;DENND2D;DUS1L;ENOPH1;FBP1;GALNT3;HM13;LSM10;MAP2K3;MAP7;MRPL52;MUC3A;NGLY1;PIP4K2A;PNKP;PPP1R18;PSMB8-AS1;SEPT1;SETD2;SLC38A1;SNRPN;SPEN;USP3;ZNF131;ZNF33A	0.00606904639411378	-0.0119047619047619	1.00482682124233	NA	NA	NA	NA	4	72	simulation_replicate	empirical null draw; no per-module interval	NA	NA	NA	NA	NA	NA	NA	NA	NA	NA	NA	NA	NA	NA	NA	NA	NA	NA	NA	NA	NA	NA	NA	NA	NA	NA	NA	NA
null_modules	results/stage10d_tech/STAGE10D_TECH_NULL_MODULE_RESULTS.tsv	776c43d27d133f5dfdbda19e2c071a2a95942d9a403a3e87ae0a43ef3f995826	NULL_MATCHED_M30_0131	30	ANKRD10;ANKRD49;ATIC;BICDL2;COX19;CSK;CYHR1;DENND2D;EPS8L2;FAM207A;GALM;GALNT7;GRK6;HNRNPL;IVNS1ABP;LSP1;LYPLA2;ME2;MSH3;MUC3A;NGLY1;PPP1R18;SEPT1;SLC38A1;STARD3NL;TM9SF2;TMPRSS2;UBN1;WIPF1;ZNF131	0.0688871212390723	0.0595238095238095	1.00403130647542	NA	NA	NA	NA	4	72	simulation_replicate	empirical null draw; no per-module interval	NA	NA	NA	NA	NA	NA	NA	NA	NA	NA	NA	NA	NA	NA	NA	NA	NA	NA	NA	NA	NA	NA	NA	NA	NA	NA	NA	NA
null_modules	results/stage10d_tech/STAGE10D_TECH_NULL_MODULE_RESULTS.tsv	776c43d27d133f5dfdbda19e2c071a2a95942d9a403a3e87ae0a43ef3f995826	NULL_MATCHED_M30_0132	30	AKAP1;ANKRD44;BICDL2;CSK;DENND2D;GALM;GALNT3;GMFG;GTF2E2;ICAM3;IFT172;LYPLA2;MAP2K3;MAP7;MDH1;MSH3;MUM1;NGLY1;PATJ;PIP4K2A;PNKP;PPID;PSMB8-AS1;PSMC3;SETD2;SLMAP;TRAF4;TRIP12;USP3;YDJC	0.0150162206864878	0.0238095238095238	1.00752345540109	NA	NA	NA	NA	4	72	simulation_replicate	empirical null draw; no per-module interval	NA	NA	NA	NA	NA	NA	NA	NA	NA	NA	NA	NA	NA	NA	NA	NA	NA	NA	NA	NA	NA	NA	NA	NA	NA	NA	NA	NA
null_modules	results/stage10d_tech/STAGE10D_TECH_NULL_MODULE_RESULTS.tsv	776c43d27d133f5dfdbda19e2c071a2a95942d9a403a3e87ae0a43ef3f995826	NULL_MATCHED_M30_0133	30	ARHGAP45;ASF1A;BICDL2;CCND1;CHD7;COX17;EPB41;EXOSC8;GRK6;HCLS1;IFT172;ITFG1;KMT5B;LDLRAD4;MLLT6;PATJ;PCGF5;PIP4K2A;PLS1;PPID;PRR15L;PSMB8-AS1;SETD2;SLC44A4;SPINT1-AS1;STARD3NL;TBC1D10C;TMC6;USP3;ZFAND2B	0.0944635740269034	0.107142857142857	0.988280115436096	NA	NA	NA	NA	4	72	simulation_replicate	empirical null draw; no per-module interval	NA	NA	NA	NA	NA	NA	NA	NA	NA	NA	NA	NA	NA	NA	NA	NA	NA	NA	NA	NA	NA	NA	NA	NA	NA	NA	NA	NA
null_modules	results/stage10d_tech/STAGE10D_TECH_NULL_MODULE_RESULTS.tsv	776c43d27d133f5dfdbda19e2c071a2a95942d9a403a3e87ae0a43ef3f995826	NULL_MATCHED_M30_0134	30	AKAP1;ATF7IP;BST2;CYHR1;DNAJC21;DUS1L;FAM207A;GALM;HCLS1;HNRNPL;KCNN4;KMT5B;LIPH;MAP2K1;PCGF5;PNKP;POLR2H;PSMB8-AS1;PTPN7;RBBP7;SEPT1;STARD3NL;STRBP;SYTL2;TRAF3IP3;TRAF4;TRIP12;UBN1;WIPF1;XIAP	0.0712518268965851	0.0952380952380953	0.99020733884065	NA	NA	NA	NA	4	72	simulation_replicate	empirical null draw; no per-module interval	NA	NA	NA	NA	NA	NA	NA	NA	NA	NA	NA	NA	NA	NA	NA	NA	NA	NA	NA	NA	NA	NA	NA	NA	NA	NA	NA	NA
null_modules	results/stage10d_tech/STAGE10D_TECH_NULL_MODULE_RESULTS.tsv	776c43d27d133f5dfdbda19e2c071a2a95942d9a403a3e87ae0a43ef3f995826	NULL_MATCHED_M30_0135	30	AFTPH;AKAP1;ANXA3;CHD7;CYHR1;DENND2D;DUS1L;ENOPH1;GALM;GALNT3;GRK6;GTF2E2;HNRNPL;IPO7;IST1;KCNN4;KMT5B;MAP2K3;NCF1;NGLY1;PCGF5;PPID;PSMB9;PTPN4;PTPN7;SLMAP;STRBP;SUPT5H;TBC1D10C;VCP	-0.051998458940054	-0.0952380952380953	1.00915171658882	NA	NA	NA	NA	4	72	simulation_replicate	empirical null draw; no per-module interval	NA	NA	NA	NA	NA	NA	NA	NA	NA	NA	NA	NA	NA	NA	NA	NA	NA	NA	NA	NA	NA	NA	NA	NA	NA	NA	NA	NA
null_modules	results/stage10d_tech/STAGE10D_TECH_NULL_MODULE_RESULTS.tsv	776c43d27d133f5dfdbda19e2c071a2a95942d9a403a3e87ae0a43ef3f995826	NULL_MATCHED_M30_0136	30	AFTPH;ASF1A;BICDL2;CYHR1;DUS1L;ENOPH1;FAM207A;GALM;GALNT7;GNPTAB;KCNN4;LYN;LYPLA2;ME2;MRPS26;MSH3;PATJ;PIP4K2A;PPID;PSMB8-AS1;RAB5A;SF3B2;SLMAP;SPINT1-AS1;SYTL2;TRAF3IP3;USP3;WIPF1;YY1;ZCCHC10	0.102948168829916	0.0476190476190476	0.978419512911855	NA	NA	NA	NA	4	72	simulation_replicate	empirical null draw; no per-module interval	NA	NA	NA	NA	NA	NA	NA	NA	NA	NA	NA	NA	NA	NA	NA	NA	NA	NA	NA	NA	NA	NA	NA	NA	NA	NA	NA	NA
null_modules	results/stage10d_tech/STAGE10D_TECH_NULL_MODULE_RESULTS.tsv	776c43d27d133f5dfdbda19e2c071a2a95942d9a403a3e87ae0a43ef3f995826	NULL_MATCHED_M30_0137	30	AFTPH;ANKRD44;ANKRD49;ATF7IP;CLNS1A;CTDNEP1;CYHR1;DDR1;ENOPH1;EPB41;EXOSC4;FAM207A;IFT172;LYN;LYPLA2;MAP2K3;MLLT6;MUC3A;NFAT5;NUDT16L1;PCGF5;PPIE;PSMB8-AS1;RTCA;SYTL2;TBC1D10C;TPRKB;TRAF3IP3;TSTA3;USP3	-0.0331867927942506	-0.0119047619047619	1.01911582673763	NA	NA	NA	NA	4	72	simulation_replicate	empirical null draw; no per-module interval	NA	NA	NA	NA	NA	NA	NA	NA	NA	NA	NA	NA	NA	NA	NA	NA	NA	NA	NA	NA	NA	NA	NA	NA	NA	NA	NA	NA
null_modules	results/stage10d_tech/STAGE10D_TECH_NULL_MODULE_RESULTS.tsv	776c43d27d133f5dfdbda19e2c071a2a95942d9a403a3e87ae0a43ef3f995826	NULL_MATCHED_M30_0138	30	ANKRD44;ANKRD49;ASF1A;ATF7IP;CCDC88B;CHMP3;EXOSC1;GALM;GRK6;MLLT6;NDUFAF3;NGLY1;PATJ;PCGF5;PDZD8;PPID;PPP1R18;PTPN4;PTPN7;RPIA;SETD2;SLMAP;SPINT1-AS1;SPTAN1;STARD3NL;STRBP;SYTL2;TIMMDC1;UBN1;WIPF1	0.0351694006420399	0.0238095238095238	0.996316599518656	NA	NA	NA	NA	4	72	simulation_replicate	empirical null draw; no per-module interval	NA	NA	NA	NA	NA	NA	NA	NA	NA	NA	NA	NA	NA	NA	NA	NA	NA	NA	NA	NA	NA	NA	NA	NA	NA	NA	NA	NA
null_modules	results/stage10d_tech/STAGE10D_TECH_NULL_MODULE_RESULTS.tsv	776c43d27d133f5dfdbda19e2c071a2a95942d9a403a3e87ae0a43ef3f995826	NULL_MATCHED_M30_0139	30	AAK1;ATF7IP;BICDL2;BLVRB;CASP7;CHD7;DCAF11;DDR1;EPB41;EZR;FBXW5;GALNT3;IKZF1;IST1;LYPLA2;MAP2K3;MAP7;NCF1;PLS1;PTPN4;RNPEPL1;RTCA;SLMAP;SPINT1-AS1;STARD3NL;SYTL2;TMC6;TRIP12;UBN1;YDJC	0.100074503372458	0.0476190476190476	1.0040830452576	NA	NA	NA	NA	4	72	simulation_replicate	empirical null draw; no per-module interval	NA	NA	NA	NA	NA	NA	NA	NA	NA	NA	NA	NA	NA	NA	NA	NA	NA	NA	NA	NA	NA	NA	NA	NA	NA	NA	NA	NA
null_modules	results/stage10d_tech/STAGE10D_TECH_NULL_MODULE_RESULTS.tsv	776c43d27d133f5dfdbda19e2c071a2a95942d9a403a3e87ae0a43ef3f995826	NULL_MATCHED_M30_0140	30	ARHGAP45;ASF1A;CCDC88B;COX19;CYHR1;DCAF11;DUS1L;FBXW5;GALNT3;HCLS1;IFT172;KMT5B;LONP2;LYPLA2;NUDT16L1;PATJ;PHB2;PIP4K2A;PLS1;PSMB8-AS1;PTPN7;SLC25A36;STRBP;SUPT5H;TCEAL9;TRAF3IP3;TRIP12;TWF1;WIPF1;ZNF131	0.0404563158408831	0.119047619047619	1.01601921730648	NA	NA	NA	NA	4	72	simulation_replicate	empirical null draw; no per-module interval	NA	NA	NA	NA	NA	NA	NA	NA	NA	NA	NA	NA	NA	NA	NA	NA	NA	NA	NA	NA	NA	NA	NA	NA	NA	NA	NA	NA
null_modules	results/stage10d_tech/STAGE10D_TECH_NULL_MODULE_RESULTS.tsv	776c43d27d133f5dfdbda19e2c071a2a95942d9a403a3e87ae0a43ef3f995826	NULL_MATCHED_M30_0141	30	AFTPH;AKAP1;ANKRD49;ASF1A;CCDC88B;COX19;ENOPH1;GNPAT;KCNN4;LYPLA2;MSH3;NCF1;NUCB2;NUDT16L1;PLS1;POLR2C;PPID;PPP1R18;PSMB8-AS1;SEPT1;SLMAP;SPTBN1;STARD3NL;STRBP;SUPT5H;TRAF4;USP3;VGLL4;VSIG2;YDJC	-0.10550950637257	-0.0595238095238095	1.02677644493961	NA	NA	NA	NA	4	72	simulation_replicate	empirical null draw; no per-module interval	NA	NA	NA	NA	NA	NA	NA	NA	NA	NA	NA	NA	NA	NA	NA	NA	NA	NA	NA	NA	NA	NA	NA	NA	NA	NA	NA	NA
null_modules	results/stage10d_tech/STAGE10D_TECH_NULL_MODULE_RESULTS.tsv	776c43d27d133f5dfdbda19e2c071a2a95942d9a403a3e87ae0a43ef3f995826	NULL_MATCHED_M30_0142	30	CAB39;CACYBP;FBP1;GRK6;GSPT1;GTF2E2;IPO7;KCNN4;KMT5B;LYN;LYPLA2;MAP2K1;MLLT6;MRPS26;MUC3A;PARP14;PATJ;PCGF5;PPID;PPP2R2A;RTCA;SEPT1;SIRT7;SUPT5H;TBC1D10C;TMC6;UBN1;WIPF1;YDJC;ZNF131	-0.075072218831643	-0.0476190476190476	1.02025900691308	NA	NA	NA	NA	4	72	simulation_replicate	empirical null draw; no per-module interval	NA	NA	NA	NA	NA	NA	NA	NA	NA	NA	NA	NA	NA	NA	NA	NA	NA	NA	NA	NA	NA	NA	NA	NA	NA	NA	NA	NA
null_modules	results/stage10d_tech/STAGE10D_TECH_NULL_MODULE_RESULTS.tsv	776c43d27d133f5dfdbda19e2c071a2a95942d9a403a3e87ae0a43ef3f995826	NULL_MATCHED_M30_0143	30	AKAP1;ANKRD44;ARHGAP45;ATF7IP;CHD7;COA3;DCAF11;DDR1;DOCK8;GNPAT;HCLS1;IFT172;IKZF1;KCNN4;KXD1;LYPLA2;MAL2;ME2;MLLT6;MRPL28;PIP4K2A;PSMB8-AS1;RTN3;SEPT1;SETD2;STARD3NL;SUPT5H;TBC1D10C;USP3;WIPF1	-0.0371891080260128	-0.0119047619047619	1.00739152978692	NA	NA	NA	NA	4	72	simulation_replicate	empirical null draw; no per-module interval	NA	NA	NA	NA	NA	NA	NA	NA	NA	NA	NA	NA	NA	NA	NA	NA	NA	NA	NA	NA	NA	NA	NA	NA	NA	NA	NA	NA
null_modules	results/stage10d_tech/STAGE10D_TECH_NULL_MODULE_RESULTS.tsv	776c43d27d133f5dfdbda19e2c071a2a95942d9a403a3e87ae0a43ef3f995826	NULL_MATCHED_M30_0144	30	ANKRD44;ASF1A;CD48;CYHR1;DOCK8;DUS1L;ENOPH1;EPB41;FAM207A;GALM;GALNT7;GOLGB1;GTF2E2;HNRNPL;IKZF1;KMT5B;LDLRAD4;LYPLA2;MSH3;PARL;PATJ;PPP1R18;PPP2R1A;SPEN;STARD3NL;SUPT5H;SYTL2;TBC1D10C;UCHL3;UNC50	0.067372349981347	0.0238095238095238	0.998010801508592	NA	NA	NA	NA	4	72	simulation_replicate	empirical null draw; no per-module interval	NA	NA	NA	NA	NA	NA	NA	NA	NA	NA	NA	NA	NA	NA	NA	NA	NA	NA	NA	NA	NA	NA	NA	NA	NA	NA	NA	NA
null_modules	results/stage10d_tech/STAGE10D_TECH_NULL_MODULE_RESULTS.tsv	776c43d27d133f5dfdbda19e2c071a2a95942d9a403a3e87ae0a43ef3f995826	NULL_MATCHED_M30_0145	30	AAK1;AFTPH;ARHGAP45;ASF1A;ATF7IP;BRI3BP;CAB39;CHCHD1;CHD7;DNAJC4;EPB41;FAM207A;GALM;GRK6;LSR;LYPLA2;MAP2K1;MAP7;MDH1;ME2;MLLT6;PATJ;PSMB8-AS1;PTPN4;SIRT7;SPINT1-AS1;STRBP;TRIP12;UBN1;ZNF131	0.0351138759376804	0.0833333333333333	1.01536112058262	NA	NA	NA	NA	4	72	simulation_replicate	empirical null draw; no per-module interval	NA	NA	NA	NA	NA	NA	NA	NA	NA	NA	NA	NA	NA	NA	NA	NA	NA	NA	NA	NA	NA	NA	NA	NA	NA	NA	NA	NA
null_modules	results/stage10d_tech/STAGE10D_TECH_NULL_MODULE_RESULTS.tsv	776c43d27d133f5dfdbda19e2c071a2a95942d9a403a3e87ae0a43ef3f995826	NULL_MATCHED_M30_0146	30	ARHGAP45;ATF7IP;ATP6AP2;CAB39;CASP7;CCDC88B;CHD7;CSK;DOCK8;FKBP4;GNPTAB;GORASP2;LYPLA2;MAP7;ME2;MSH3;NCF1;PATJ;PCGF5;PDZD8;PIP4K2A;PPID;RBM4;RPP25L;RTCA;RTN3;SETD2;TBC1D10C;WIPF1;YDJC	0.0000537085098724048	-0.0357142857142857	0.996563376766674	NA	NA	NA	NA	4	72	simulation_replicate	empirical null draw; no per-module interval	NA	NA	NA	NA	NA	NA	NA	NA	NA	NA	NA	NA	NA	NA	NA	NA	NA	NA	NA	NA	NA	NA	NA	NA	NA	NA	NA	NA
null_modules	results/stage10d_tech/STAGE10D_TECH_NULL_MODULE_RESULTS.tsv	776c43d27d133f5dfdbda19e2c071a2a95942d9a403a3e87ae0a43ef3f995826	NULL_MATCHED_M30_0147	30	AFTPH;ANKRD49;ASF1A;BLVRB;CAB39;CCDC88B;COX19;CSK;CSNK1D;CYHR1;DCAF11;EPS8L2;FKBP3;GALM;GGH;GRK6;GRPEL1;HCLS1;IFT172;LDLRAD4;MAP2K1;PLS1;RBM26;SEPT1;SPINT1-AS1;STARD3NL;SUPT5H;TBC1D10C;TRIP12;ZNF131	-0.0546124967587999	0.0119047619047619	1.02548399542539	NA	NA	NA	NA	4	72	simulation_replicate	empirical null draw; no per-module interval	NA	NA	NA	NA	NA	NA	NA	NA	NA	NA	NA	NA	NA	NA	NA	NA	NA	NA	NA	NA	NA	NA	NA	NA	NA	NA	NA	NA
null_modules	results/stage10d_tech/STAGE10D_TECH_NULL_MODULE_RESULTS.tsv	776c43d27d133f5dfdbda19e2c071a2a95942d9a403a3e87ae0a43ef3f995826	NULL_MATCHED_M30_0148	30	ANKRD10;APOPT1;CASP7;CCND1;DOCK8;DUS1L;EPB41;EPS8L2;FAM207A;GALM;GNPAT;IKZF1;MAP2K1;MLLT6;NDUFAF2;NPM3;PLS1;PSMB8-AS1;PTPN4;RBPJ;RTCA;SIRT7;SPEN;STRBP;SYTL2;TMC6;TRAF3IP3;TRIP12;YDJC;ZNF131	0.0328967209536524	0	1.00093440779586	NA	NA	NA	NA	4	72	simulation_replicate	empirical null draw; no per-module interval	NA	NA	NA	NA	NA	NA	NA	NA	NA	NA	NA	NA	NA	NA	NA	NA	NA	NA	NA	NA	NA	NA	NA	NA	NA	NA	NA	NA
null_modules	results/stage10d_tech/STAGE10D_TECH_NULL_MODULE_RESULTS.tsv	776c43d27d133f5dfdbda19e2c071a2a95942d9a403a3e87ae0a43ef3f995826	NULL_MATCHED_M30_0149	30	ANKRD44;CCDC88B;CSK;DCAF11;DDR1;DENND2D;DOCK8;EPS8L2;FKBP3;GALNT7;IKZF1;LDLRAD4;LYN;MAP2K1;ME2;MRPL21;NCF1;NGLY1;NUDT16L1;PARL;PIP4K2A;PNKP;PRPF38A;PTPN7;SLMAP;SPEN;STARD3NL;TMEM63A;UFM1;ZNF131	-0.0204960515067629	-0.0595238095238095	1.01402461372946	NA	NA	NA	NA	4	72	simulation_replicate	empirical null draw; no per-module interval	NA	NA	NA	NA	NA	NA	NA	NA	NA	NA	NA	NA	NA	NA	NA	NA	NA	NA	NA	NA	NA	NA	NA	NA	NA	NA	NA	NA
null_modules	results/stage10d_tech/STAGE10D_TECH_NULL_MODULE_RESULTS.tsv	776c43d27d133f5dfdbda19e2c071a2a95942d9a403a3e87ae0a43ef3f995826	NULL_MATCHED_M30_0150	30	ARHGAP45;ASF1A;ATF7IP;C12orf10;CASP7;CD7;CHD7;COX19;CYHR1;DNAJC2;DOCK8;DUS1L;ENOPH1;EPB41;GALNT7;HNRNPH3;HNRNPL;IKZF1;KCNN4;KMT5B;ME2;MSH3;OLA1;PATJ;PIP4K2A;PNKP;SLMAP;SPINT1-AS1;TMC6;YIPF2	0.0573408759256114	-0.0119047619047619	0.989416132556962	NA	NA	NA	NA	4	72	simulation_replicate	empirical null draw; no per-module interval	NA	NA	NA	NA	NA	NA	NA	NA	NA	NA	NA	NA	NA	NA	NA	NA	NA	NA	NA	NA	NA	NA	NA	NA	NA	NA	NA	NA
null_modules	results/stage10d_tech/STAGE10D_TECH_NULL_MODULE_RESULTS.tsv	776c43d27d133f5dfdbda19e2c071a2a95942d9a403a3e87ae0a43ef3f995826	NULL_MATCHED_M30_0151	30	AFTPH;ANKRD44;ARHGAP45;ASF1A;COX19;CSK;DCAF11;DDR1;DUS1L;GALM;GRK6;IFT172;LYN;LYPLA2;MAP7;NCF1;NUDT16L1;NUDT5;PARL;PPID;PTPN4;RBPJ;RTCA;SETD2;SLC39A7;STARD3NL;STRBP;TRAF3IP3;USP48;ZBTB20	0.0241617883731894	0.0119047619047619	0.997773672902372	NA	NA	NA	NA	4	72	simulation_replicate	empirical null draw; no per-module interval	NA	NA	NA	NA	NA	NA	NA	NA	NA	NA	NA	NA	NA	NA	NA	NA	NA	NA	NA	NA	NA	NA	NA	NA	NA	NA	NA	NA
null_modules	results/stage10d_tech/STAGE10D_TECH_NULL_MODULE_RESULTS.tsv	776c43d27d133f5dfdbda19e2c071a2a95942d9a403a3e87ae0a43ef3f995826	NULL_MATCHED_M30_0152	30	ABHD11;ARHGAP45;BLVRB;CSK;CYHR1;DCAF11;EPB41;FAM207A;GALNT3;GNPAT;GRK6;GTPBP4;IKZF1;MAP2K1;ME2;MGAT4B;MUC3A;NCF1;PIP4K2A;PLS1;POLE3;RPP25L;SEPT1;SPINT1-AS1;STARD3NL;SUCLG1;SUPT5H;TMC6;TSN;YDJC	-0.0563015961968992	-0.0119047619047619	1.02598838479568	NA	NA	NA	NA	4	72	simulation_replicate	empirical null draw; no per-module interval	NA	NA	NA	NA	NA	NA	NA	NA	NA	NA	NA	NA	NA	NA	NA	NA	NA	NA	NA	NA	NA	NA	NA	NA	NA	NA	NA	NA
null_modules	results/stage10d_tech/STAGE10D_TECH_NULL_MODULE_RESULTS.tsv	776c43d27d133f5dfdbda19e2c071a2a95942d9a403a3e87ae0a43ef3f995826	NULL_MATCHED_M30_0153	30	ATF7IP;BICDL2;CHD7;DCAF11;GALNT3;GRK6;HSPA9;IFNAR1;IKZF1;KMT5B;LYN;MAP7;MLLT6;MUC12;NGLY1;NPM3;PIP4K2A;PNKP;PPP1R18;RTCA;SIRT7;SPEN;STARD3NL;STRBP;TMC6;TOB1;TRIM38;USP3;YDJC;ZNF131	0.0357451629879851	-0.0238095238095238	0.97466064725509	NA	NA	NA	NA	4	72	simulation_replicate	empirical null draw; no per-module interval	NA	NA	NA	NA	NA	NA	NA	NA	NA	NA	NA	NA	NA	NA	NA	NA	NA	NA	NA	NA	NA	NA	NA	NA	NA	NA	NA	NA
null_modules	results/stage10d_tech/STAGE10D_TECH_NULL_MODULE_RESULTS.tsv	776c43d27d133f5dfdbda19e2c071a2a95942d9a403a3e87ae0a43ef3f995826	NULL_MATCHED_M30_0154	30	AFTPH;ARPP19;CASP7;CCDC88B;COX19;DCAF11;DDR1;DENND2D;DOCK8;DUS1L;FYB1;GRK6;HNRNPL;IFI27L2;IFT172;KCNN4;MUC3A;PCGF5;PPID;PTPN4;PTPN7;RBPJ;RTCA;SIRT7;SPEN;SPINT1-AS1;TRAF3IP3;UBN1;UNC50;VSIG2	-0.0276213560357551	-0.0476190476190476	0.995853661386043	NA	NA	NA	NA	4	72	simulation_replicate	empirical null draw; no per-module interval	NA	NA	NA	NA	NA	NA	NA	NA	NA	NA	NA	NA	NA	NA	NA	NA	NA	NA	NA	NA	NA	NA	NA	NA	NA	NA	NA	NA
null_modules	results/stage10d_tech/STAGE10D_TECH_NULL_MODULE_RESULTS.tsv	776c43d27d133f5dfdbda19e2c071a2a95942d9a403a3e87ae0a43ef3f995826	NULL_MATCHED_M30_0155	30	AFTPH;ANKRD49;CD7;COX19;DDR1;DENND2D;ENOPH1;FAM207A;GALNT3;IFT172;KCNN4;LDLRAD4;MUC3A;NAPRT;NDUFV1;NUDT16L1;PATJ;PCGF5;PLS1;PPP1R18;SIL1;SLMAP;SPINT1-AS1;STARD3NL;TBC1D10C;TRAF4;TSPAN15;UBN1;ZFAND2B;ZMYND8	0.126190793954808	0.0952380952380953	0.986902808345907	NA	NA	NA	NA	4	72	simulation_replicate	empirical null draw; no per-module interval	NA	NA	NA	NA	NA	NA	NA	NA	NA	NA	NA	NA	NA	NA	NA	NA	NA	NA	NA	NA	NA	NA	NA	NA	NA	NA	NA	NA
null_modules	results/stage10d_tech/STAGE10D_TECH_NULL_MODULE_RESULTS.tsv	776c43d27d133f5dfdbda19e2c071a2a95942d9a403a3e87ae0a43ef3f995826	NULL_MATCHED_M30_0156	30	ATF7IP;BICDL2;CCDC88B;CNN3;CXXC5;DCAF11;ENOPH1;EPB41;FAM207A;GNPAT;GTPBP4;HNRNPL;IFT172;MAP2K3;ME2;MSH3;NCF1;NGLY1;NPEPPS;PDCD4;PNKP;POLR2C;RPP25L;SPINT1-AS1;STRBP;SUPT5H;TMC6;TRIP12;WIPF1;ZNF131	-0.109530242930727	-0.119047619047619	1.01649737096576	NA	NA	NA	NA	4	72	simulation_replicate	empirical null draw; no per-module interval	NA	NA	NA	NA	NA	NA	NA	NA	NA	NA	NA	NA	NA	NA	NA	NA	NA	NA	NA	NA	NA	NA	NA	NA	NA	NA	NA	NA
null_modules	results/stage10d_tech/STAGE10D_TECH_NULL_MODULE_RESULTS.tsv	776c43d27d133f5dfdbda19e2c071a2a95942d9a403a3e87ae0a43ef3f995826	NULL_MATCHED_M30_0157	30	ASF1A;ATF7IP;BICDL2;BRI3BP;CAB39;CEP57;COA3;COX19;DDIT4;DDR1;DENND2D;FAM207A;GALM;GGH;KCNN4;LYN;MAP2K1;MSH3;NUDT16L1;PIP4K2A;PNKP;PTPN4;RTCA;SEPT1;SPINT1-AS1;SPOP;STARD3NL;TMC6;TRAF3IP3;WIPF1	-0.0175103966608003	0.0357142857142857	1.01242745803513	NA	NA	NA	NA	4	72	simulation_replicate	empirical null draw; no per-module interval	NA	NA	NA	NA	NA	NA	NA	NA	NA	NA	NA	NA	NA	NA	NA	NA	NA	NA	NA	NA	NA	NA	NA	NA	NA	NA	NA	NA
null_modules	results/stage10d_tech/STAGE10D_TECH_NULL_MODULE_RESULTS.tsv	776c43d27d133f5dfdbda19e2c071a2a95942d9a403a3e87ae0a43ef3f995826	NULL_MATCHED_M30_0158	30	ARHGAP45;BICDL2;BLVRB;CCDC88B;COX19;CSK;DCAF11;DDR1;DENND2D;DOCK8;ENOPH1;EPS8L2;FAM107B;FAM207A;IKZF1;LYPLA2;MAP2K1;MLLT6;NSD1;PLS1;PPP1R18;PSMB8-AS1;PTPN4;RTCA;SPEN;SPTAN1;STRBP;TMC6;TNFSF10;USP48	-0.0963392837367516	-0.0714285714285714	1.0190644806783	NA	NA	NA	NA	4	72	simulation_replicate	empirical null draw; no per-module interval	NA	NA	NA	NA	NA	NA	NA	NA	NA	NA	NA	NA	NA	NA	NA	NA	NA	NA	NA	NA	NA	NA	NA	NA	NA	NA	NA	NA
null_modules	results/stage10d_tech/STAGE10D_TECH_NULL_MODULE_RESULTS.tsv	776c43d27d133f5dfdbda19e2c071a2a95942d9a403a3e87ae0a43ef3f995826	NULL_MATCHED_M30_0159	30	AFTPH;DDR1;DOCK8;EPB41;GALNT3;GRK6;GTF2E2;LYN;MAP2K1;MUC3A;MYH14;PCGF5;PLS1;POLR2C;PPID;PPP1R18;PSMB9;PTPN7;RSU1;SETD2;SPINT1-AS1;SPTAN1;STARD3NL;TBC1D10C;TMEM167A;TRAF3IP3;TRAF4;TRIP12;UBN1;YDJC	-0.0100990778074257	-0.0238095238095238	1.03053493660211	NA	NA	NA	NA	4	72	simulation_replicate	empirical null draw; no per-module interval	NA	NA	NA	NA	NA	NA	NA	NA	NA	NA	NA	NA	NA	NA	NA	NA	NA	NA	NA	NA	NA	NA	NA	NA	NA	NA	NA	NA
null_modules	results/stage10d_tech/STAGE10D_TECH_NULL_MODULE_RESULTS.tsv	776c43d27d133f5dfdbda19e2c071a2a95942d9a403a3e87ae0a43ef3f995826	NULL_MATCHED_M30_0160	30	AGR3;ARHGAP45;BCAP29;CCDC88B;CYTIP;DCAF11;DDR1;DUS1L;ENOPH1;FAM207A;FKBP3;GALM;GIPC1;KMT5B;LDLRAD4;LYPLA2;MAP7;MLLT6;MSH3;NGLY1;PPP1R18;PTPN7;RPIA;RPP25L;RTCA;SEPT1;SETD2;STARD3NL;TBC1D10C;TRAF4	-0.0373755225404032	0.0119047619047619	1.00826697862428	NA	NA	NA	NA	4	72	simulation_replicate	empirical null draw; no per-module interval	NA	NA	NA	NA	NA	NA	NA	NA	NA	NA	NA	NA	NA	NA	NA	NA	NA	NA	NA	NA	NA	NA	NA	NA	NA	NA	NA	NA
null_modules	results/stage10d_tech/STAGE10D_TECH_NULL_MODULE_RESULTS.tsv	776c43d27d133f5dfdbda19e2c071a2a95942d9a403a3e87ae0a43ef3f995826	NULL_MATCHED_M30_0161	30	AFTPH;BICDL2;CAB39;CCDC88B;DUS1L;ENOPH1;EPB41;FAM107B;FERMT1;GALM;GTF2E2;HNRNPL;IFT172;IMMT;KCNN4;LYN;MAP2K3;NGLY1;NUDT16L1;PIP4K2A;PLS1;PPP1R18;PSMB8-AS1;RTN3;SPEN;SPTBN1;SYTL2;TBC1D10C;TRAF4;ZG16B	0.0148536578338122	0.0238095238095238	1.00651668521655	NA	NA	NA	NA	4	72	simulation_replicate	empirical null draw; no per-module interval	NA	NA	NA	NA	NA	NA	NA	NA	NA	NA	NA	NA	NA	NA	NA	NA	NA	NA	NA	NA	NA	NA	NA	NA	NA	NA	NA	NA
null_modules	results/stage10d_tech/STAGE10D_TECH_NULL_MODULE_RESULTS.tsv	776c43d27d133f5dfdbda19e2c071a2a95942d9a403a3e87ae0a43ef3f995826	NULL_MATCHED_M30_0162	30	ANKRD44;ARHGAP45;ASF1A;CAB39;DCAF11;DDIT4;DENR;FAM207A;GALM;GALNT3;GNPAT;GRK6;HAGH;HNRNPL;IFT172;KMT5B;LYN;LYPLA2;MGAT4B;MSH3;NUDT16L1;SDF4;SEPT1;STARD3NL;STRBP;SUPT5H;TRAF3IP3;UBN1;XPO1;ZNF131	0.126142332050232	0.0476190476190476	0.978660118026015	NA	NA	NA	NA	4	72	simulation_replicate	empirical null draw; no per-module interval	NA	NA	NA	NA	NA	NA	NA	NA	NA	NA	NA	NA	NA	NA	NA	NA	NA	NA	NA	NA	NA	NA	NA	NA	NA	NA	NA	NA
null_modules	results/stage10d_tech/STAGE10D_TECH_NULL_MODULE_RESULTS.tsv	776c43d27d133f5dfdbda19e2c071a2a95942d9a403a3e87ae0a43ef3f995826	NULL_MATCHED_M30_0163	30	ACADS;ACSL3;AFTPH;ANKRD44;ARHGAP45;BICDL2;COX19;DUS1L;FAM3C;GALNT3;GNPAT;GRK6;GTF2E2;IFT172;MAP7;MDH1;MSH3;PATJ;PLS1;PNKP;PPID;PTPN7;RTCA;SAFB2;SEPT1;SETD2;SLC39A4;SLMAP;TRAF3IP3;USP3	-0.0688810031744075	-0.0476190476190476	1.01167837695327	NA	NA	NA	NA	4	72	simulation_replicate	empirical null draw; no per-module interval	NA	NA	NA	NA	NA	NA	NA	NA	NA	NA	NA	NA	NA	NA	NA	NA	NA	NA	NA	NA	NA	NA	NA	NA	NA	NA	NA	NA
null_modules	results/stage10d_tech/STAGE10D_TECH_NULL_MODULE_RESULTS.tsv	776c43d27d133f5dfdbda19e2c071a2a95942d9a403a3e87ae0a43ef3f995826	NULL_MATCHED_M30_0164	30	ASS1;ATF7IP;BICDL2;CAB39;CLSTN1;DCAF11;DDR1;DENND2D;DOCK8;EPB41;FAM200B;GNPAT;GRK6;HAGH;KCNN4;LYN;NCF1;NUDT16L1;PATJ;PLAC8;PTPN4;RPP25L;RTCA;SETD2;SLMAP;STARD3NL;SUMO3;SUPT5H;TRAF3IP3;UBN1	0.0598187689383286	0.0833333333333333	1.00389041342675	NA	NA	NA	NA	4	72	simulation_replicate	empirical null draw; no per-module interval	NA	NA	NA	NA	NA	NA	NA	NA	NA	NA	NA	NA	NA	NA	NA	NA	NA	NA	NA	NA	NA	NA	NA	NA	NA	NA	NA	NA
null_modules	results/stage10d_tech/STAGE10D_TECH_NULL_MODULE_RESULTS.tsv	776c43d27d133f5dfdbda19e2c071a2a95942d9a403a3e87ae0a43ef3f995826	NULL_MATCHED_M30_0165	30	AGPAT2;BICDL2;C5orf24;CHD7;COX19;DDR1;EIF3J;EPB41;EXOSC1;GALNT7;GRK6;GTF2E2;KMT5B;MAP2K3;MLLT6;MUC3A;NKG7;NUDT16L1;PNKP;PPP1R18;PTPN4;PTPN7;SIRT7;SPINT1-AS1;SRPRB;TRAF3IP3;UBN1;WIPF1;YIPF2;ZNF131	0.0139217589154749	-0.0714285714285714	1.02956312410124	NA	NA	NA	NA	4	72	simulation_replicate	empirical null draw; no per-module interval	NA	NA	NA	NA	NA	NA	NA	NA	NA	NA	NA	NA	NA	NA	NA	NA	NA	NA	NA	NA	NA	NA	NA	NA	NA	NA	NA	NA
null_modules	results/stage10d_tech/STAGE10D_TECH_NULL_MODULE_RESULTS.tsv	776c43d27d133f5dfdbda19e2c071a2a95942d9a403a3e87ae0a43ef3f995826	NULL_MATCHED_M30_0166	30	ANKRD49;CASP7;CD3G;CYHR1;DCAF11;DHPS;FAM207A;GALNT3;GALNT7;IAH1;IFT172;LDLRAD4;LYN;MLLT6;NRDC;NUDT16L1;PNKP;PPID;PTPN4;PTPN7;RTCA;SETD2;STARD3NL;SYPL1;TBC1D10C;TRAF3IP3;TSTA3;UBN1;YDJC;ZNF131	0.104348649544707	0.0714285714285714	1.0190697537988	NA	NA	NA	NA	4	72	simulation_replicate	empirical null draw; no per-module interval	NA	NA	NA	NA	NA	NA	NA	NA	NA	NA	NA	NA	NA	NA	NA	NA	NA	NA	NA	NA	NA	NA	NA	NA	NA	NA	NA	NA
null_modules	results/stage10d_tech/STAGE10D_TECH_NULL_MODULE_RESULTS.tsv	776c43d27d133f5dfdbda19e2c071a2a95942d9a403a3e87ae0a43ef3f995826	NULL_MATCHED_M30_0167	30	AUP1;CASP7;CENPV;CHCHD1;CHD7;DOCK8;ENOPH1;EPB41;EPS8L2;FDPS;GALNT7;GTF2E2;HNRNPL;IMMT;KCNN4;LYPLA2;MAP2K1;MLLT6;MSH3;NCF1;NUDT16L1;PPP1R18;PTPN4;PTPN7;RPP25L;SEPT1;SPEN;SUPT5H;TMEM30A;USP3	-0.00855994076983216	-0.0119047619047619	1.0133895484639	NA	NA	NA	NA	4	72	simulation_replicate	empirical null draw; no per-module interval	NA	NA	NA	NA	NA	NA	NA	NA	NA	NA	NA	NA	NA	NA	NA	NA	NA	NA	NA	NA	NA	NA	NA	NA	NA	NA	NA	NA
null_modules	results/stage10d_tech/STAGE10D_TECH_NULL_MODULE_RESULTS.tsv	776c43d27d133f5dfdbda19e2c071a2a95942d9a403a3e87ae0a43ef3f995826	NULL_MATCHED_M30_0168	30	ANKRD44;ARHGAP45;ATF7IP;BICDL2;CASP7;CSK;DDX39A;FAM207A;FKBP3;GALNT3;GNPAT;GRK6;HNRNPL;IKZF1;ILF2;LDLRAD4;MAP2K3;MSH3;MUC3A;PCGF5;PSMB8-AS1;RPP25L;SETD2;SIRT7;SLMAP;TOB1;TOP2B;USH1C;YDJC;ZNF131	0.0352843263889351	0.0119047619047619	1.00254241855465	NA	NA	NA	NA	4	72	simulation_replicate	empirical null draw; no per-module interval	NA	NA	NA	NA	NA	NA	NA	NA	NA	NA	NA	NA	NA	NA	NA	NA	NA	NA	NA	NA	NA	NA	NA	NA	NA	NA	NA	NA
null_modules	results/stage10d_tech/STAGE10D_TECH_NULL_MODULE_RESULTS.tsv	776c43d27d133f5dfdbda19e2c071a2a95942d9a403a3e87ae0a43ef3f995826	NULL_MATCHED_M30_0169	30	ASF1A;CASP7;CCDC88B;CHD7;CYHR1;DCAF11;DNAJC2;EPB41;EPS8L2;GMDS;GNPAT;HNRNPL;IFT172;IKZF1;KCNN4;KMT5B;LYPLA2;PNKP;PPIL4;PPP1R18;RTCA;SEPT1;SETD2;SPTAN1;STARD3NL;STRBP;SUPT5H;TBC1D10C;UFM1;USP47	0.0121138405007036	0	0.986961905361652	NA	NA	NA	NA	4	72	simulation_replicate	empirical null draw; no per-module interval	NA	NA	NA	NA	NA	NA	NA	NA	NA	NA	NA	NA	NA	NA	NA	NA	NA	NA	NA	NA	NA	NA	NA	NA	NA	NA	NA	NA
null_modules	results/stage10d_tech/STAGE10D_TECH_NULL_MODULE_RESULTS.tsv	776c43d27d133f5dfdbda19e2c071a2a95942d9a403a3e87ae0a43ef3f995826	NULL_MATCHED_M30_0170	30	AFTPH;ATF7IP;BICDL2;CHD7;CSK;GALM;GALNT3;GNPAT;GRK6;IFNAR1;KMT5B;LYN;MAP7;MLLT6;PAICS;PATJ;PLS1;PPP1R18;PRMT2;PSMC3;PTPN7;RARS;SLMAP;SPEN;STARD3NL;STRBP;TMC6;VCP;WIPF1;YDJC	-0.00385554709721848	0.0119047619047619	1.00882174702046	NA	NA	NA	NA	4	72	simulation_replicate	empirical null draw; no per-module interval	NA	NA	NA	NA	NA	NA	NA	NA	NA	NA	NA	NA	NA	NA	NA	NA	NA	NA	NA	NA	NA	NA	NA	NA	NA	NA	NA	NA
null_modules	results/stage10d_tech/STAGE10D_TECH_NULL_MODULE_RESULTS.tsv	776c43d27d133f5dfdbda19e2c071a2a95942d9a403a3e87ae0a43ef3f995826	NULL_MATCHED_M30_0171	30	AFTPH;ARHGAP45;CAB39;CASP7;CD7;COX19;DDX39A;DOCK8;FAM207A;GALNT3;GRK6;IKZF1;LCK;LDLRAD4;LSR;LYN;MAP7;MRPS23;MSH3;MUC3A;NGLY1;PLS1;PSMB8-AS1;PTPN7;RNF145;SLMAP;SPINT1-AS1;STRBP;SUPT5H;TMC6	-0.0313598986523453	-0.0357142857142857	0.999934293737233	NA	NA	NA	NA	4	72	simulation_replicate	empirical null draw; no per-module interval	NA	NA	NA	NA	NA	NA	NA	NA	NA	NA	NA	NA	NA	NA	NA	NA	NA	NA	NA	NA	NA	NA	NA	NA	NA	NA	NA	NA
null_modules	results/stage10d_tech/STAGE10D_TECH_NULL_MODULE_RESULTS.tsv	776c43d27d133f5dfdbda19e2c071a2a95942d9a403a3e87ae0a43ef3f995826	NULL_MATCHED_M30_0172	30	ABCC3;ANKRD49;ATF7IP;CAB39;CCDC88B;DCAF11;DDR1;DENND2D;DENR;EPS8L2;GALNT3;IFT172;KMT5B;LYPLA2;MAP2K1;MAP7;ME2;MUC3A;NCF1;NUDT16L1;PPID;PPP1R11;PPP2R1A;PSMB8-AS1;SEPT1;STARD3NL;TCEAL9;TRIP12;UNC50;WIPF1	-0.0445497183555895	-0.0238095238095238	1.01421664154499	NA	NA	NA	NA	4	72	simulation_replicate	empirical null draw; no per-module interval	NA	NA	NA	NA	NA	NA	NA	NA	NA	NA	NA	NA	NA	NA	NA	NA	NA	NA	NA	NA	NA	NA	NA	NA	NA	NA	NA	NA
null_modules	results/stage10d_tech/STAGE10D_TECH_NULL_MODULE_RESULTS.tsv	776c43d27d133f5dfdbda19e2c071a2a95942d9a403a3e87ae0a43ef3f995826	NULL_MATCHED_M30_0173	30	ACSL3;AFTPH;ANKRD49;ASF1A;ATP6AP2;CASP7;COX19;CYHR1;DCAF11;DDR1;DENND2D;IKZF1;LDLRAD4;LIPH;LUC7L2;MLLT6;NGLY1;NUCB2;NUDT16L1;PLS1;PPID;PTPN4;RASSF7;RNF145;SPEN;SPINT1-AS1;SUPT5H;TBC1D10C;USP3;ZNF131	0.034783247256522	0.0119047619047619	0.993837498962606	NA	NA	NA	NA	4	72	simulation_replicate	empirical null draw; no per-module interval	NA	NA	NA	NA	NA	NA	NA	NA	NA	NA	NA	NA	NA	NA	NA	NA	NA	NA	NA	NA	NA	NA	NA	NA	NA	NA	NA	NA
null_modules	results/stage10d_tech/STAGE10D_TECH_NULL_MODULE_RESULTS.tsv	776c43d27d133f5dfdbda19e2c071a2a95942d9a403a3e87ae0a43ef3f995826	NULL_MATCHED_M30_0174	30	BICDL2;CAB39;CASP7;COX19;CYHR1;DUS1L;EPB41;ERP44;EXOSC1;FYB1;GALM;GALNT3;GNPAT;HCLS1;IKZF1;LDLRAD4;LYPLA2;MAP7;PLS1;POLR2K;RTCA;SIRT7;SPEN;SPINT1-AS1;SPTAN1;SUPT5H;TBC1D10C;TRIM38;ZMYND8;ZNF131	-0.043179569554985	-0.0238095238095238	1.00201257888977	NA	NA	NA	NA	4	72	simulation_replicate	empirical null draw; no per-module interval	NA	NA	NA	NA	NA	NA	NA	NA	NA	NA	NA	NA	NA	NA	NA	NA	NA	NA	NA	NA	NA	NA	NA	NA	NA	NA	NA	NA
null_modules	results/stage10d_tech/STAGE10D_TECH_NULL_MODULE_RESULTS.tsv	776c43d27d133f5dfdbda19e2c071a2a95942d9a403a3e87ae0a43ef3f995826	NULL_MATCHED_M30_0175	30	ARHGAP45;BICDL2;CAB39;DCAF11;DDR1;DOCK8;GALM;GRK6;HCLS1;HSPA9;IMMT;LDLRAD4;LYN;LYPLA2;MAP2K1;MAP2K3;MAP7;ME2;MYH14;NAPRT;PNKP;PPP1R18;PSMB8-AS1;PTPN4;PTPN7;SPEN;SPINT1-AS1;SUPT5H;TCEAL9;XPO1	0.0713448631720181	0.0952380952380953	0.968182182631126	NA	NA	NA	NA	4	72	simulation_replicate	empirical null draw; no per-module interval	NA	NA	NA	NA	NA	NA	NA	NA	NA	NA	NA	NA	NA	NA	NA	NA	NA	NA	NA	NA	NA	NA	NA	NA	NA	NA	NA	NA
null_modules	results/stage10d_tech/STAGE10D_TECH_NULL_MODULE_RESULTS.tsv	776c43d27d133f5dfdbda19e2c071a2a95942d9a403a3e87ae0a43ef3f995826	NULL_MATCHED_M30_0176	30	ALKBH5;ANKRD44;ANKRD49;BICDL2;CSK;CYHR1;EXOSC1;FAM207A;GALNT3;GTF2E2;HCLS1;IFI27L2;LYN;MFF;MLLT6;POLR2C;PPID;PTPN7;RBM26;RPP25L;RTCA;SEPT1;SLMAP;STARD3NL;STRBP;SYTL2;TMC6;TRAF4;USP3;YY1	0.0310245463845565	0.0119047619047619	1.02605844600825	NA	NA	NA	NA	4	72	simulation_replicate	empirical null draw; no per-module interval	NA	NA	NA	NA	NA	NA	NA	NA	NA	NA	NA	NA	NA	NA	NA	NA	NA	NA	NA	NA	NA	NA	NA	NA	NA	NA	NA	NA
null_modules	results/stage10d_tech/STAGE10D_TECH_NULL_MODULE_RESULTS.tsv	776c43d27d133f5dfdbda19e2c071a2a95942d9a403a3e87ae0a43ef3f995826	NULL_MATCHED_M30_0177	30	ACSL3;ARHGAP45;CAB39;CCDC88B;CD37;CHD7;COX19;DDR1;DUS1L;EMG1;EPS8L2;GALNT3;GNPAT;GRK6;HCLS1;IFI27L2;IFT172;IKZF1;KCNN4;KMT5B;MUC3A;NPM3;PSMB8-AS1;SEPT1;SETD2;SPEN;SYTL2;TMC6;YDJC;ZC3H15	-0.0377436017184845	-0.0357142857142857	1.03127154770204	NA	NA	NA	NA	4	72	simulation_replicate	empirical null draw; no per-module interval	NA	NA	NA	NA	NA	NA	NA	NA	NA	NA	NA	NA	NA	NA	NA	NA	NA	NA	NA	NA	NA	NA	NA	NA	NA	NA	NA	NA
null_modules	results/stage10d_tech/STAGE10D_TECH_NULL_MODULE_RESULTS.tsv	776c43d27d133f5dfdbda19e2c071a2a95942d9a403a3e87ae0a43ef3f995826	NULL_MATCHED_M30_0178	30	AFTPH;ANKRD49;ASF1A;BICDL2;CMBL;CYHR1;DOCK8;ENOPH1;EPB41;GNPAT;HNRNPL;ILF2;IMPA2;KMT5B;LYPLA2;MAP7;MSH3;MUC3A;NGLY1;PIP4K2A;PNKP;PSMB8-AS1;RAB5A;SYTL2;TBC1D10C;TMC6;TNFSF10;USP3;VGLL4;ZNF131	0.121749560595248	0.0952380952380953	1.00348773055405	NA	NA	NA	NA	4	72	simulation_replicate	empirical null draw; no per-module interval	NA	NA	NA	NA	NA	NA	NA	NA	NA	NA	NA	NA	NA	NA	NA	NA	NA	NA	NA	NA	NA	NA	NA	NA	NA	NA	NA	NA
null_modules	results/stage10d_tech/STAGE10D_TECH_NULL_MODULE_RESULTS.tsv	776c43d27d133f5dfdbda19e2c071a2a95942d9a403a3e87ae0a43ef3f995826	NULL_MATCHED_M30_0179	30	AFTPH;ANXA3;ARHGAP45;CAB39;CHD7;CLEC2D;COA3;COX19;CYHR1;DCAF11;DDR1;GTF2E2;HNRNPL;ILF2;INTS6;KMT5B;MUC3A;NCF1;NRDC;PLS1;PPP1R18;PTPN4;PTPN7;SETD2;SPINT1-AS1;STARD3NL;SUPT5H;USP3;WIPF1;ZNF131	-0.0758612352589883	-0.0952380952380953	1.03439991678491	NA	NA	NA	NA	4	72	simulation_replicate	empirical null draw; no per-module interval	NA	NA	NA	NA	NA	NA	NA	NA	NA	NA	NA	NA	NA	NA	NA	NA	NA	NA	NA	NA	NA	NA	NA	NA	NA	NA	NA	NA
null_modules	results/stage10d_tech/STAGE10D_TECH_NULL_MODULE_RESULTS.tsv	776c43d27d133f5dfdbda19e2c071a2a95942d9a403a3e87ae0a43ef3f995826	NULL_MATCHED_M30_0180	30	AFTPH;ANKRD49;COA3;COX19;CYHR1;DUS1L;EHF;EPB41;HCLS1;HNRNPL;IKZF1;KCNN4;KMT5B;MAP2K1;MAP2K3;MUC3A;NCF1;NGLY1;NHLRC3;PCGF5;PPCS;PPP2R2A;PTPN4;PTPN7;RBM4;SLMAP;STARD3NL;TRAF4;UBN1;UFD1	-0.114210928626815	-0.0714285714285714	1.05848787150577	NA	NA	NA	NA	4	72	simulation_replicate	empirical null draw; no per-module interval	NA	NA	NA	NA	NA	NA	NA	NA	NA	NA	NA	NA	NA	NA	NA	NA	NA	NA	NA	NA	NA	NA	NA	NA	NA	NA	NA	NA
null_modules	results/stage10d_tech/STAGE10D_TECH_NULL_MODULE_RESULTS.tsv	776c43d27d133f5dfdbda19e2c071a2a95942d9a403a3e87ae0a43ef3f995826	NULL_MATCHED_M30_0181	30	ARHGAP45;ASF1A;ATF7IP;C1orf56;CCND1;DENND2D;DOCK8;EPB41;EPS8L2;KCNN4;KMT5B;LSM8;LYN;LYPLA2;MAP2K3;MUC3A;NCF1;NGLY1;NUDT16L1;PPP1R18;PXMP2;RPP25L;SDC4;SETD2;STRBP;TBC1D10C;TMC6;TRAF4;UBN1;UFD1	0.0562188769404541	0.0476190476190476	1.01411966021533	NA	NA	NA	NA	4	72	simulation_replicate	empirical null draw; no per-module interval	NA	NA	NA	NA	NA	NA	NA	NA	NA	NA	NA	NA	NA	NA	NA	NA	NA	NA	NA	NA	NA	NA	NA	NA	NA	NA	NA	NA
null_modules	results/stage10d_tech/STAGE10D_TECH_NULL_MODULE_RESULTS.tsv	776c43d27d133f5dfdbda19e2c071a2a95942d9a403a3e87ae0a43ef3f995826	NULL_MATCHED_M30_0182	30	BICDL2;BIRC2;CBWD5;CHMP3;CYHR1;DDR1;DENND2D;FAM207A;GALNT7;GTF2E2;HNRNPL;IFT172;KCNN4;LYN;MAP2K3;ME2;OLA1;PLS1;PSMB8-AS1;RPIA;RTCA;SDF4;SEPT1;SIRT7;STRBP;SYTL2;TBC1D10C;TRAF3IP3;TRIP12;YDJC	-0.030469458215985	0.0119047619047619	1.02270537628175	NA	NA	NA	NA	4	72	simulation_replicate	empirical null draw; no per-module interval	NA	NA	NA	NA	NA	NA	NA	NA	NA	NA	NA	NA	NA	NA	NA	NA	NA	NA	NA	NA	NA	NA	NA	NA	NA	NA	NA	NA
null_modules	results/stage10d_tech/STAGE10D_TECH_NULL_MODULE_RESULTS.tsv	776c43d27d133f5dfdbda19e2c071a2a95942d9a403a3e87ae0a43ef3f995826	NULL_MATCHED_M30_0183	30	ASF1A;BIRC2;CAB39;CDV3;COX19;DENND2D;ENOPH1;GALNT7;GMFG;GRK6;GTF2E2;HNRNPL;KMT5B;MAP2K1;MLLT6;NCF1;NGLY1;OTULINL;PIP4K2A;PLS1;PNKP;RSU1;RTCA;STRBP;TMC6;TRAF3IP3;TRIP12;UBE2B;USP3;WIPF1	-0.0150629642733328	0.0714285714285714	1.00443351977512	NA	NA	NA	NA	4	72	simulation_replicate	empirical null draw; no per-module interval	NA	NA	NA	NA	NA	NA	NA	NA	NA	NA	NA	NA	NA	NA	NA	NA	NA	NA	NA	NA	NA	NA	NA	NA	NA	NA	NA	NA
null_modules	results/stage10d_tech/STAGE10D_TECH_NULL_MODULE_RESULTS.tsv	776c43d27d133f5dfdbda19e2c071a2a95942d9a403a3e87ae0a43ef3f995826	NULL_MATCHED_M30_0184	30	ABCC3;AFTPH;ANKRD49;ARHGAP45;CCDC88B;DUS1L;GRK6;GTF2E2;HCLS1;INTS6;LDLRAD4;LYN;LYPLA2;MAP2K2;MUM1;MYO10;NUDT16L1;PHB2;PIP4K2A;PNKP;PPID;PPP1R18;PSMC5;RTCA;SEPT1;SLMAP;SUPT5H;TRAF3IP3;UBN1;ZNF131	0.0113303699740164	0.0119047619047619	0.997581837402134	NA	NA	NA	NA	4	72	simulation_replicate	empirical null draw; no per-module interval	NA	NA	NA	NA	NA	NA	NA	NA	NA	NA	NA	NA	NA	NA	NA	NA	NA	NA	NA	NA	NA	NA	NA	NA	NA	NA	NA	NA
null_modules	results/stage10d_tech/STAGE10D_TECH_NULL_MODULE_RESULTS.tsv	776c43d27d133f5dfdbda19e2c071a2a95942d9a403a3e87ae0a43ef3f995826	NULL_MATCHED_M30_0185	30	ANKRD44;ANKRD49;BLVRB;COX19;DDR1;DOCK8;DUS1L;EPS8L2;GNPAT;GRK6;HNRNPA1P48;HNRNPL;IFNAR1;LYPLA2;MAP2K2;MAP7;NGLY1;NUDT16L1;PHLDA2;PPID;RTCA;SEPT1;SLMAP;STARD3NL;STRBP;TBC1D10C;TRAF3IP3;TRAF4;TUSC2;ZFAND2B	-0.0471423400063352	-0.0357142857142857	1.01645494494643	NA	NA	NA	NA	4	72	simulation_replicate	empirical null draw; no per-module interval	NA	NA	NA	NA	NA	NA	NA	NA	NA	NA	NA	NA	NA	NA	NA	NA	NA	NA	NA	NA	NA	NA	NA	NA	NA	NA	NA	NA
null_modules	results/stage10d_tech/STAGE10D_TECH_NULL_MODULE_RESULTS.tsv	776c43d27d133f5dfdbda19e2c071a2a95942d9a403a3e87ae0a43ef3f995826	NULL_MATCHED_M30_0186	30	ASF1A;BCL11A;BICDL2;C12orf10;COX19;CSK;DDR1;ENOPH1;HNRNPL;IFI27L2;IKZF1;LLPH;LYPLA2;MAP7;MSH3;PCGF5;PPID;PPP2R1A;PTPN7;RPP25L;RTCA;SLMAP;SYTL2;TBC1D10C;TMC6;TNFAIP8;TPRKB;TRAF4;TRIP12;WIPF1	0.013660789841196	0.0476190476190476	1.00531267712702	NA	NA	NA	NA	4	72	simulation_replicate	empirical null draw; no per-module interval	NA	NA	NA	NA	NA	NA	NA	NA	NA	NA	NA	NA	NA	NA	NA	NA	NA	NA	NA	NA	NA	NA	NA	NA	NA	NA	NA	NA
null_modules	results/stage10d_tech/STAGE10D_TECH_NULL_MODULE_RESULTS.tsv	776c43d27d133f5dfdbda19e2c071a2a95942d9a403a3e87ae0a43ef3f995826	NULL_MATCHED_M30_0187	30	ARL2BP;BCL11A;BIN1;CCDC88B;CHD7;DCAF11;DENND2D;ENOPH1;FAM207A;GALM;GMFG;GNPAT;IKZF1;KMT5B;LYN;MAP2K1;MAP7;MYO10;NUCB2;PATJ;PLS1;PTPN4;SEPT1;SETD2;SLMAP;SPINT1-AS1;STARD3NL;SUPT5H;USP3;ZMYND8	0.00831363218628725	0.0238095238095238	0.97620243095952	NA	NA	NA	NA	4	72	simulation_replicate	empirical null draw; no per-module interval	NA	NA	NA	NA	NA	NA	NA	NA	NA	NA	NA	NA	NA	NA	NA	NA	NA	NA	NA	NA	NA	NA	NA	NA	NA	NA	NA	NA
null_modules	results/stage10d_tech/STAGE10D_TECH_NULL_MODULE_RESULTS.tsv	776c43d27d133f5dfdbda19e2c071a2a95942d9a403a3e87ae0a43ef3f995826	NULL_MATCHED_M30_0188	30	AFTPH;ANKRD44;DOCK8;EIF4E2;ENOPH1;EPB41;GALM;GALNT3;GRK6;INTS6;LCK;MAP7;MARK3;ME2;MSH3;NUDT16L1;PCGF5;PSMB8-AS1;RBPJ;RTCA;SETD2;SF3B2;SIRT7;SLMAP;SPEN;SUPT5H;UBN1;USP3;WIPF1;ZNF131	-0.0684359571723618	-0.0952380952380953	0.980284358901751	NA	NA	NA	NA	4	72	simulation_replicate	empirical null draw; no per-module interval	NA	NA	NA	NA	NA	NA	NA	NA	NA	NA	NA	NA	NA	NA	NA	NA	NA	NA	NA	NA	NA	NA	NA	NA	NA	NA	NA	NA
null_modules	results/stage10d_tech/STAGE10D_TECH_NULL_MODULE_RESULTS.tsv	776c43d27d133f5dfdbda19e2c071a2a95942d9a403a3e87ae0a43ef3f995826	NULL_MATCHED_M30_0189	30	AHCY;ANKRD44;ANKRD49;ASF1A;BICDL2;CAB39;CHD7;CYHR1;DCAF11;DOCK8;GNPAT;GRK6;GSPT1;GTF2E2;KMT5B;LYN;MAP2K3;PNKP;PPIL4;RPP25L;SEPT1;SIRT7;SUPT5H;TRAF3IP3;TRAF4;UBN1;UBXN6;UNC50;XRCC5;YDJC	0.0744679952928538	0.107142857142857	0.979732452940393	NA	NA	NA	NA	4	72	simulation_replicate	empirical null draw; no per-module interval	NA	NA	NA	NA	NA	NA	NA	NA	NA	NA	NA	NA	NA	NA	NA	NA	NA	NA	NA	NA	NA	NA	NA	NA	NA	NA	NA	NA
null_modules	results/stage10d_tech/STAGE10D_TECH_NULL_MODULE_RESULTS.tsv	776c43d27d133f5dfdbda19e2c071a2a95942d9a403a3e87ae0a43ef3f995826	NULL_MATCHED_M30_0190	30	ASF1A;BICDL2;CASP7;CHD7;CSK;DENND2D;DUS1L;EPB41;FASTK;GALNT3;IFT172;IKZF1;LCK;MAP2K3;MUC3A;PGLS;PIP4K2A;PLS1;PNKP;PPID;PTPN4;RAB5C;SIRT7;SLC39A7;STARD3NL;STRBP;TMC6;USP3;VSIG2;YDJC	0.0186905748800157	-0.0119047619047619	1.00227481919856	NA	NA	NA	NA	4	72	simulation_replicate	empirical null draw; no per-module interval	NA	NA	NA	NA	NA	NA	NA	NA	NA	NA	NA	NA	NA	NA	NA	NA	NA	NA	NA	NA	NA	NA	NA	NA	NA	NA	NA	NA
null_modules	results/stage10d_tech/STAGE10D_TECH_NULL_MODULE_RESULTS.tsv	776c43d27d133f5dfdbda19e2c071a2a95942d9a403a3e87ae0a43ef3f995826	NULL_MATCHED_M30_0191	30	ARHGAP45;BICDL2;CTDSP1;DCAF11;DDR1;DDX3X;DOCK8;DUS1L;ENOPH1;EPB41;EPS8L2;FAM207A;GALM;GALNT7;GIPC1;GTF2E2;HM13;HNRNPL;IFT172;IVNS1ABP;MAP2K3;MBD4;PIP4K2A;PPP1R18;RPP25L;SEPT1;SETD2;SYTL2;WIPF1;ZNF131	0.0556753592009275	0.0238095238095238	1.00489398213601	NA	NA	NA	NA	4	72	simulation_replicate	empirical null draw; no per-module interval	NA	NA	NA	NA	NA	NA	NA	NA	NA	NA	NA	NA	NA	NA	NA	NA	NA	NA	NA	NA	NA	NA	NA	NA	NA	NA	NA	NA
null_modules	results/stage10d_tech/STAGE10D_TECH_NULL_MODULE_RESULTS.tsv	776c43d27d133f5dfdbda19e2c071a2a95942d9a403a3e87ae0a43ef3f995826	NULL_MATCHED_M30_0192	30	ANKRD49;ASF1A;AUP1;BICDL2;CASP7;CHD7;CLSTN1;COX19;DENND2D;EXOSC1;GALM;HDHD3;KCNN4;LRPAP1;LYPLA2;MAL2;NUDT16L1;PIP4K2A;PPID;RPP25L;SETD2;SIRT7;SPINT1-AS1;STARD3NL;STRBP;SUPT5H;SYTL2;TBC1D10C;TSN;WIPF1	0.0191264112248031	0.0357142857142857	1.01763511615217	NA	NA	NA	NA	4	72	simulation_replicate	empirical null draw; no per-module interval	NA	NA	NA	NA	NA	NA	NA	NA	NA	NA	NA	NA	NA	NA	NA	NA	NA	NA	NA	NA	NA	NA	NA	NA	NA	NA	NA	NA
null_modules	results/stage10d_tech/STAGE10D_TECH_NULL_MODULE_RESULTS.tsv	776c43d27d133f5dfdbda19e2c071a2a95942d9a403a3e87ae0a43ef3f995826	NULL_MATCHED_M30_0193	30	AFTPH;ARHGAP45;ASF1A;CAB39;CARHSP1;CASP7;CLSTN1;COX19;DCAF11;DOCK8;DUS1L;ENOPH1;EPS8L2;GALNT3;GIPC1;INTS6;LDLRAD4;PLS1;POP5;SEPT1;SIRT7;STARD3NL;SUPT5H;TBC1D10C;TMEM167A;TRAF4;UBN1;USP3;WIPF1;ZNF131	0.00307985254659667	0.0238095238095238	1.00250830370064	NA	NA	NA	NA	4	72	simulation_replicate	empirical null draw; no per-module interval	NA	NA	NA	NA	NA	NA	NA	NA	NA	NA	NA	NA	NA	NA	NA	NA	NA	NA	NA	NA	NA	NA	NA	NA	NA	NA	NA	NA
null_modules	results/stage10d_tech/STAGE10D_TECH_NULL_MODULE_RESULTS.tsv	776c43d27d133f5dfdbda19e2c071a2a95942d9a403a3e87ae0a43ef3f995826	NULL_MATCHED_M30_0194	30	AAK1;AFTPH;ASF1A;ATF7IP;CAB39;CASP7;CCDC88B;CHD7;DDX39A;DENND2D;DUS1L;EPB41;FAM207A;FDPS;GALNT3;GRK6;GRSF1;HNRNPL;IKZF1;KCNN4;MLLT6;OXR1;PATJ;PNKP;PTPN7;SEPT1;SLMAP;SUCLG2;TBC1D10C;UBN1	-0.064568932576529	-0.0952380952380953	1.01765512144319	NA	NA	NA	NA	4	72	simulation_replicate	empirical null draw; no per-module interval	NA	NA	NA	NA	NA	NA	NA	NA	NA	NA	NA	NA	NA	NA	NA	NA	NA	NA	NA	NA	NA	NA	NA	NA	NA	NA	NA	NA
null_modules	results/stage10d_tech/STAGE10D_TECH_NULL_MODULE_RESULTS.tsv	776c43d27d133f5dfdbda19e2c071a2a95942d9a403a3e87ae0a43ef3f995826	NULL_MATCHED_M30_0195	30	ANKRD49;ARHGAP45;ASF1A;BICDL2;CASP7;DDR1;GALNT7;GNPAT;HNRNPL;IMMT;KMT5B;LDLRAD4;MAP7;MLLT6;MRPL16;MUC3A;NGLY1;PCBD1;PCSK7;PIP4K2A;PLS1;PNKP;PPP1R16A;RPP25L;SETD2;SPINT1-AS1;STRBP;TMC6;VGLL4;YDJC	-0.0829437592999003	-0.0952380952380953	1.02468506086648	NA	NA	NA	NA	4	72	simulation_replicate	empirical null draw; no per-module interval	NA	NA	NA	NA	NA	NA	NA	NA	NA	NA	NA	NA	NA	NA	NA	NA	NA	NA	NA	NA	NA	NA	NA	NA	NA	NA	NA	NA
null_modules	results/stage10d_tech/STAGE10D_TECH_NULL_MODULE_RESULTS.tsv	776c43d27d133f5dfdbda19e2c071a2a95942d9a403a3e87ae0a43ef3f995826	NULL_MATCHED_M30_0196	30	AAK1;ANKRD49;ATF7IP;BICDL2;CASP7;CLIP1;CSK;DDR1;DUS1L;EPB41;FAM207A;GRK6;GTF2E2;HCLS1;IFT172;KCNN4;KMT5B;LYPLA2;MAP2K3;MRPS36;PIP4K2A;PLS1;PNKP;PPID;RNF145;SPEN;STRBP;TMC6;USP22;VCP	0.0533691540151459	0.0595238095238095	1.00341370070649	NA	NA	NA	NA	4	72	simulation_replicate	empirical null draw; no per-module interval	NA	NA	NA	NA	NA	NA	NA	NA	NA	NA	NA	NA	NA	NA	NA	NA	NA	NA	NA	NA	NA	NA	NA	NA	NA	NA	NA	NA
null_modules	results/stage10d_tech/STAGE10D_TECH_NULL_MODULE_RESULTS.tsv	776c43d27d133f5dfdbda19e2c071a2a95942d9a403a3e87ae0a43ef3f995826	NULL_MATCHED_M30_0197	30	ABHD11;BICDL2;CASP7;COX19;EXOSC1;GALM;GALNT3;GOLM1;HNRNPA1P48;IKZF1;KCNN4;KMT5B;LPP;LYPLA2;MAP2K1;MAP7;NCF1;PPP1R18;RTCA;SETD2;SLMAP;SMIM12;SPINT1-AS1;STARD3NL;STRBP;TRAF4;UBN1;WIPI2;ZNF131;ZNF148	-0.0204103031484713	-0.0119047619047619	1.03907472885988	NA	NA	NA	NA	4	72	simulation_replicate	empirical null draw; no per-module interval	NA	NA	NA	NA	NA	NA	NA	NA	NA	NA	NA	NA	NA	NA	NA	NA	NA	NA	NA	NA	NA	NA	NA	NA	NA	NA	NA	NA
null_modules	results/stage10d_tech/STAGE10D_TECH_NULL_MODULE_RESULTS.tsv	776c43d27d133f5dfdbda19e2c071a2a95942d9a403a3e87ae0a43ef3f995826	NULL_MATCHED_M30_0198	30	ANKRD44;ARHGAP45;BCAP29;CASP7;COX19;CSK;CTDNEP1;DDR1;DUS1L;GNPAT;HCLS1;HLA-DQB1;IKZF1;KCNN4;KMT5B;MAP2K1;MAP2K3;MSH3;NUDT16L1;PDCD4;PNKP;PPP1R18;PSMB8-AS1;SLC44A4;SLMAP;SYTL2;TBC1D10C;TRAF3IP3;UBALD2;ZNF131	-0.0323463902220675	-0.119047619047619	1.04233812694116	NA	NA	NA	NA	4	72	simulation_replicate	empirical null draw; no per-module interval	NA	NA	NA	NA	NA	NA	NA	NA	NA	NA	NA	NA	NA	NA	NA	NA	NA	NA	NA	NA	NA	NA	NA	NA	NA	NA	NA	NA
null_modules	results/stage10d_tech/STAGE10D_TECH_NULL_MODULE_RESULTS.tsv	776c43d27d133f5dfdbda19e2c071a2a95942d9a403a3e87ae0a43ef3f995826	NULL_MATCHED_M30_0199	30	ACADS;AFTPH;ATF7IP;CARHSP1;CYHR1;DDX39A;DUS1L;GALM;GNPAT;HIKESHI;IFT172;IKZF1;MAP2K3;MLLT6;NFAT5;NUCB2;NUDT16L1;PATJ;PLS1;PPID;PTPN7;RTCA;SETD2;SLMAP;SPINT1-AS1;STARD3NL;SYNRG;TMC6;TNFAIP8;ZNF131	-0.0841095557470048	0	0.999332076864885	NA	NA	NA	NA	4	72	simulation_replicate	empirical null draw; no per-module interval	NA	NA	NA	NA	NA	NA	NA	NA	NA	NA	NA	NA	NA	NA	NA	NA	NA	NA	NA	NA	NA	NA	NA	NA	NA	NA	NA	NA
null_modules	results/stage10d_tech/STAGE10D_TECH_NULL_MODULE_RESULTS.tsv	776c43d27d133f5dfdbda19e2c071a2a95942d9a403a3e87ae0a43ef3f995826	NULL_MATCHED_M30_0200	30	ANKRD44;APOPT1;CCND1;CHD7;COX19;CYHR1;DOCK8;FAM120A;GRK6;HNRNPL;IFT20;KCNN4;LYN;MAP7;MLLT6;MUC3A;NUDT16L1;PATJ;PIP4K2A;PLS1;PNKP;PPID;PTPN7;RPP25L;RTCA;SETD2;SLC39A4;SPEN;USP3;YIPF2	-0.00927824044046059	0.0357142857142857	0.995506308720403	NA	NA	NA	NA	4	72	simulation_replicate	empirical null draw; no per-module interval	NA	NA	NA	NA	NA	NA	NA	NA	NA	NA	NA	NA	NA	NA	NA	NA	NA	NA	NA	NA	NA	NA	NA	NA	NA	NA	NA	NA
null_modules	results/stage10d_tech/STAGE10D_TECH_NULL_MODULE_RESULTS.tsv	776c43d27d133f5dfdbda19e2c071a2a95942d9a403a3e87ae0a43ef3f995826	NULL_MATCHED_M30_0201	30	AFTPH;ASF1A;CAB39;CCDC88B;CSK;CYHR1;DCAF11;DDR1;EPB41;FAM207A;GALM;GALNT7;GNPTAB;GRK6;HCLS1;LRPAP1;MAP2K3;MSH3;MUC3A;NGLY1;PAFAH1B2;RPP25L;RTN3;SEPT1;SETD2;SPINT1-AS1;SUPT5H;TSG101;TST;USP3	-0.0127613475533966	-0.0595238095238095	0.996018309695546	NA	NA	NA	NA	4	72	simulation_replicate	empirical null draw; no per-module interval	NA	NA	NA	NA	NA	NA	NA	NA	NA	NA	NA	NA	NA	NA	NA	NA	NA	NA	NA	NA	NA	NA	NA	NA	NA	NA	NA	NA
null_modules	results/stage10d_tech/STAGE10D_TECH_NULL_MODULE_RESULTS.tsv	776c43d27d133f5dfdbda19e2c071a2a95942d9a403a3e87ae0a43ef3f995826	NULL_MATCHED_M30_0202	30	ABI1;ARHGAP45;ASF1A;ATF7IP;BICDL2;CAB39;CSK;CTBP2;DUS1L;FAM192A;GALNT7;GTF2E2;HCLS1;IFT172;LIPH;MAP7;MRPL52;MSH3;NRDC;NUDT16L1;PATJ;PTPN7;SIRT7;SLMAP;TMC6;TRAF4;TRIP12;USP3;VCP;ZNF131	-0.00953772668048891	0.0357142857142857	1.01230860316352	NA	NA	NA	NA	4	72	simulation_replicate	empirical null draw; no per-module interval	NA	NA	NA	NA	NA	NA	NA	NA	NA	NA	NA	NA	NA	NA	NA	NA	NA	NA	NA	NA	NA	NA	NA	NA	NA	NA	NA	NA
null_modules	results/stage10d_tech/STAGE10D_TECH_NULL_MODULE_RESULTS.tsv	776c43d27d133f5dfdbda19e2c071a2a95942d9a403a3e87ae0a43ef3f995826	NULL_MATCHED_M30_0203	30	AAK1;ANKRD44;ASF1A;CASP7;CCND1;CHD7;CYHR1;CYTIP;DDR1;DUS1L;GTF2E2;HEBP2;IFNAR1;IKZF1;LDLRAD4;LYN;MAP2K2;MAP7;ME2;MLLT6;MUC3A;PATJ;RTCA;SIRT7;STARD3NL;TBC1D10C;TMC6;TRAF3IP3;TRAF4;WIPF1	0.0491804662969261	0.0238095238095238	0.986724054347147	NA	NA	NA	NA	4	72	simulation_replicate	empirical null draw; no per-module interval	NA	NA	NA	NA	NA	NA	NA	NA	NA	NA	NA	NA	NA	NA	NA	NA	NA	NA	NA	NA	NA	NA	NA	NA	NA	NA	NA	NA
null_modules	results/stage10d_tech/STAGE10D_TECH_NULL_MODULE_RESULTS.tsv	776c43d27d133f5dfdbda19e2c071a2a95942d9a403a3e87ae0a43ef3f995826	NULL_MATCHED_M30_0204	30	AGPAT2;ANKRD49;ARHGAP18;CAB39;CENPV;CLPTM1L;COX19;CSK;DCAF11;DNAJC4;DUS1L;GTF2E2;KCNN4;LDLRAD4;MLLT6;MSH3;NORAD;NUDT16L1;PPID;PSMB8-AS1;RBPJ;SETD2;SPINT1-AS1;STARD3NL;TBC1D10C;TRIP12;UBN1;USP3;WIPF1;ZNF131	0.118830334410568	0.119047619047619	0.973697500787855	NA	NA	NA	NA	4	72	simulation_replicate	empirical null draw; no per-module interval	NA	NA	NA	NA	NA	NA	NA	NA	NA	NA	NA	NA	NA	NA	NA	NA	NA	NA	NA	NA	NA	NA	NA	NA	NA	NA	NA	NA
null_modules	results/stage10d_tech/STAGE10D_TECH_NULL_MODULE_RESULTS.tsv	776c43d27d133f5dfdbda19e2c071a2a95942d9a403a3e87ae0a43ef3f995826	NULL_MATCHED_M30_0205	30	AFTPH;ANKRD49;ASF1A;BICDL2;CHD7;COX19;DDR1;DOCK8;EIF4E2;GALM;IFT172;IKZF1;KCNN4;KMT5B;MAP7;ME2;NCF1;PNKP;PTPN7;RPP25L;SEC22B;SEPT1;SMCO4;TRAF3IP3;TRIP12;VCP;VPS13C;WIPF1;YDJC;ZC3H15	-0.0596910810612936	-0.0238095238095238	1.02980351480559	NA	NA	NA	NA	4	72	simulation_replicate	empirical null draw; no per-module interval	NA	NA	NA	NA	NA	NA	NA	NA	NA	NA	NA	NA	NA	NA	NA	NA	NA	NA	NA	NA	NA	NA	NA	NA	NA	NA	NA	NA
null_modules	results/stage10d_tech/STAGE10D_TECH_NULL_MODULE_RESULTS.tsv	776c43d27d133f5dfdbda19e2c071a2a95942d9a403a3e87ae0a43ef3f995826	NULL_MATCHED_M30_0206	30	ATF7IP;CYHR1;DCAF11;EIF1AY;ENOPH1;GALNT7;GNPAT;HCLS1;HSPA9;LDLRAD4;LSR;LYN;MAP2K1;MAP2K2;MLLT6;MUC3A;PNKP;PSMB8-AS1;PTS;RPP25L;SDC4;SEPT1;SIRT7;SZRD1;TBC1D10C;TRAF3IP3;TRIP12;UBN1;USP3;ZNF33A	-0.0180109987077973	-0.0119047619047619	1.00472334343733	NA	NA	NA	NA	4	72	simulation_replicate	empirical null draw; no per-module interval	NA	NA	NA	NA	NA	NA	NA	NA	NA	NA	NA	NA	NA	NA	NA	NA	NA	NA	NA	NA	NA	NA	NA	NA	NA	NA	NA	NA
null_modules	results/stage10d_tech/STAGE10D_TECH_NULL_MODULE_RESULTS.tsv	776c43d27d133f5dfdbda19e2c071a2a95942d9a403a3e87ae0a43ef3f995826	NULL_MATCHED_M30_0207	30	COMT;CSK;CYHR1;DCAF11;DOCK8;DUS1L;ENOPH1;GALM;GNPAT;HAGH;HCLS1;HNRNPL;LYN;MAP2K3;MSH3;NCF1;NDUFA10;PCGF5;PPP1R18;PTPN4;RBM26;RTCA;SEC31A;SIRT7;STARD3NL;TMC6;TMEM30A;TMPRSS2;TRAF3IP3;WIPF1	0.00774578467978593	0.0595238095238095	0.984413788552959	NA	NA	NA	NA	4	72	simulation_replicate	empirical null draw; no per-module interval	NA	NA	NA	NA	NA	NA	NA	NA	NA	NA	NA	NA	NA	NA	NA	NA	NA	NA	NA	NA	NA	NA	NA	NA	NA	NA	NA	NA
null_modules	results/stage10d_tech/STAGE10D_TECH_NULL_MODULE_RESULTS.tsv	776c43d27d133f5dfdbda19e2c071a2a95942d9a403a3e87ae0a43ef3f995826	NULL_MATCHED_M30_0208	30	ARHGAP45;ASF1A;CASP7;CERS6;CHD7;COX19;EPB41;ERP44;GALNT7;GNPAT;HCLS1;MAP2K1;MAP2K3;MSH3;NCF1;NDUFAF3;NSFL1C;NUDT16L1;PATJ;PLS1;PTPN7;RIF1;RTCA;SEPT1;SIRT7;SLC44A4;TMC6;TRIP12;WIPF1;YDJC	-0.0880774853966645	-0.0833333333333333	1.00823435455783	NA	NA	NA	NA	4	72	simulation_replicate	empirical null draw; no per-module interval	NA	NA	NA	NA	NA	NA	NA	NA	NA	NA	NA	NA	NA	NA	NA	NA	NA	NA	NA	NA	NA	NA	NA	NA	NA	NA	NA	NA
null_modules	results/stage10d_tech/STAGE10D_TECH_NULL_MODULE_RESULTS.tsv	776c43d27d133f5dfdbda19e2c071a2a95942d9a403a3e87ae0a43ef3f995826	NULL_MATCHED_M30_0209	30	ASF1A;BICDL2;BLVRB;CASP7;CCDC88B;DCAF11;ENOPH1;GALM;GALNT7;GNPAT;HCLS1;KCNN4;MAP2K1;ME2;MUC3A;PDZK1IP1;PPP1R18;PTPN4;SETD2;SPINT1-AS1;STARD3NL;SUCLG2;SUPT5H;TRAF3IP3;TRAF4;UBAC2;UNC50;VPS13C;WIPF1;ZNF131	-0.0363300967167657	0	1.01958290197818	NA	NA	NA	NA	4	72	simulation_replicate	empirical null draw; no per-module interval	NA	NA	NA	NA	NA	NA	NA	NA	NA	NA	NA	NA	NA	NA	NA	NA	NA	NA	NA	NA	NA	NA	NA	NA	NA	NA	NA	NA
null_modules	results/stage10d_tech/STAGE10D_TECH_NULL_MODULE_RESULTS.tsv	776c43d27d133f5dfdbda19e2c071a2a95942d9a403a3e87ae0a43ef3f995826	NULL_MATCHED_M30_0210	30	ANKRD44;ANKRD49;ARHGAP45;ASF1A;ATF7IP;C1orf56;CCDC88B;DENND2D;EPB41;EPS8L2;GALNT3;GRK6;KMT5B;LDLRAD4;MLLT6;NQO1;NUDT16L1;PCGF5;PNKP;PPID;PTPN7;RPP25L;SDC4;SEPT1;SIRT7;SPINT1-AS1;SPTAN1;SUPT5H;TNFSF10;WBP11	-0.0133731585438138	-0.0476190476190476	1.01607208888647	NA	NA	NA	NA	4	72	simulation_replicate	empirical null draw; no per-module interval	NA	NA	NA	NA	NA	NA	NA	NA	NA	NA	NA	NA	NA	NA	NA	NA	NA	NA	NA	NA	NA	NA	NA	NA	NA	NA	NA	NA
null_modules	results/stage10d_tech/STAGE10D_TECH_NULL_MODULE_RESULTS.tsv	776c43d27d133f5dfdbda19e2c071a2a95942d9a403a3e87ae0a43ef3f995826	NULL_MATCHED_M30_0211	30	CHD7;DOCK8;EIF4A3;ENOPH1;EPB41;EPS8L2;GALNT3;GAS6;GNPAT;GTF2E2;IST1;KCNN4;LDLRAD4;LINC01871;MAP2K1;MAP2K3;MYO10;PIP4K2A;PLS1;PPID;PSMB8-AS1;SETD2;SPINT1-AS1;SUPT5H;SYTL2;TNFSF10;TOP2B;TRAF3IP3;WIPF1;YDJC	-0.0220847802271755	-0.0476190476190476	1.03045905611915	NA	NA	NA	NA	4	72	simulation_replicate	empirical null draw; no per-module interval	NA	NA	NA	NA	NA	NA	NA	NA	NA	NA	NA	NA	NA	NA	NA	NA	NA	NA	NA	NA	NA	NA	NA	NA	NA	NA	NA	NA
null_modules	results/stage10d_tech/STAGE10D_TECH_NULL_MODULE_RESULTS.tsv	776c43d27d133f5dfdbda19e2c071a2a95942d9a403a3e87ae0a43ef3f995826	NULL_MATCHED_M30_0212	30	ANKRD10;ARPC4;ASF1A;ATF7IP;CAB39;CCDC88B;CHD7;COX19;CXXC5;CYHR1;DCAF11;DDR1;DUS1L;ENOPH1;EPB41;EPS8L2;EXOSC4;GALNT7;GRK6;LDLRAD4;MAP7;MLLT6;PARL;RBPJ;RTCA;SEPT1;SIRT7;SLMAP;SYTL2;TMC6	0.0133708371482505	0	0.991858980762857	NA	NA	NA	NA	4	72	simulation_replicate	empirical null draw; no per-module interval	NA	NA	NA	NA	NA	NA	NA	NA	NA	NA	NA	NA	NA	NA	NA	NA	NA	NA	NA	NA	NA	NA	NA	NA	NA	NA	NA	NA
null_modules	results/stage10d_tech/STAGE10D_TECH_NULL_MODULE_RESULTS.tsv	776c43d27d133f5dfdbda19e2c071a2a95942d9a403a3e87ae0a43ef3f995826	NULL_MATCHED_M30_0213	30	ANKRD44;ATF7IP;C5orf24;CHD7;CLNS1A;CYHR1;DENND2D;DIAPH1;ENOPH1;EPS8L2;FKBP3;GALNT3;GORASP2;KCNN4;MAP2K3;MUC3A;NUDT16L1;PCGF5;PNKP;PPID;PSMB8-AS1;PTPN4;RPP25L;SETD2;SIRT7;SPTAN1;TBC1D10C;TRAF4;UBQLN1;USP3	0.0121134755673476	-0.0357142857142857	1.05539493739581	NA	NA	NA	NA	4	72	simulation_replicate	empirical null draw; no per-module interval	NA	NA	NA	NA	NA	NA	NA	NA	NA	NA	NA	NA	NA	NA	NA	NA	NA	NA	NA	NA	NA	NA	NA	NA	NA	NA	NA	NA
null_modules	results/stage10d_tech/STAGE10D_TECH_NULL_MODULE_RESULTS.tsv	776c43d27d133f5dfdbda19e2c071a2a95942d9a403a3e87ae0a43ef3f995826	NULL_MATCHED_M30_0214	30	ANXA3;BICDL2;CHD7;CYHR1;DCAF11;DDX3X;DHPS;DUS1L;EPB41;GALM;GALNT3;GALNT7;IFT172;IKZF1;KMT5B;LDLRAD4;MRPS36;MSH3;MUC3A;PATJ;PIP4K2A;PPP1R11;PSMB8-AS1;STARD3NL;SUPT5H;TMC6;UBALD2;USP3;WIPF1;ZNF131	0.0195123753438377	0.0476190476190476	0.988571416028633	NA	NA	NA	NA	4	72	simulation_replicate	empirical null draw; no per-module interval	NA	NA	NA	NA	NA	NA	NA	NA	NA	NA	NA	NA	NA	NA	NA	NA	NA	NA	NA	NA	NA	NA	NA	NA	NA	NA	NA	NA
null_modules	results/stage10d_tech/STAGE10D_TECH_NULL_MODULE_RESULTS.tsv	776c43d27d133f5dfdbda19e2c071a2a95942d9a403a3e87ae0a43ef3f995826	NULL_MATCHED_M30_0215	30	ANXA3;CAB39;CASP7;CCDC88B;DDR1;EPB41;GORASP2;GRK6;GTF2E2;LYPLA2;ME2;MSH3;NCF1;NUDT16L1;PARP14;PIP4K2A;PPID;PPP1R18;PSMA5;PSMB8-AS1;RTN3;SLMAP;SPEN;SPINT1-AS1;STRBP;TBC1D10C;TMC6;TRAF4;UBE2L6;ZG16B	-0.0488444783550446	0	1.01564587575488	NA	NA	NA	NA	4	72	simulation_replicate	empirical null draw; no per-module interval	NA	NA	NA	NA	NA	NA	NA	NA	NA	NA	NA	NA	NA	NA	NA	NA	NA	NA	NA	NA	NA	NA	NA	NA	NA	NA	NA	NA
null_modules	results/stage10d_tech/STAGE10D_TECH_NULL_MODULE_RESULTS.tsv	776c43d27d133f5dfdbda19e2c071a2a95942d9a403a3e87ae0a43ef3f995826	NULL_MATCHED_M30_0216	30	AFF4;ANKRD44;ATF7IP;CASP7;COX19;DCAF11;DDR1;EPS8L2;GALNT3;HCLS1;KCNN4;KMT5B;ME2;MSH3;NCF1;PATJ;PIP4K2A;POLR2C;PPID;PPM1G;PRMT2;PSMB9;PTPN4;SEPT1;STRBP;TBC1D10C;TNFAIP8;TRAF3IP3;VGLL4;WIPF1	0.0319080803758023	0.0714285714285714	1.00977010299355	NA	NA	NA	NA	4	72	simulation_replicate	empirical null draw; no per-module interval	NA	NA	NA	NA	NA	NA	NA	NA	NA	NA	NA	NA	NA	NA	NA	NA	NA	NA	NA	NA	NA	NA	NA	NA	NA	NA	NA	NA
null_modules	results/stage10d_tech/STAGE10D_TECH_NULL_MODULE_RESULTS.tsv	776c43d27d133f5dfdbda19e2c071a2a95942d9a403a3e87ae0a43ef3f995826	NULL_MATCHED_M30_0217	30	ANKRD44;COMT;DENND2D;DNAJC21;EPS8L2;FAM120A;GALNT7;GNPAT;HCLS1;HNRNPL;KRTCAP3;LDLRAD4;ME2;NGLY1;NUDT16L1;PATJ;PCGF5;PPID;PTPN7;RPP25L;RTCA;SETD2;SORL1;SPEN;STX4;TBC1D10C;TMC6;TRAF3IP3;TRAF4;WIPF1	0.0128071195493617	-0.0714285714285714	1.00020434718235	NA	NA	NA	NA	4	72	simulation_replicate	empirical null draw; no per-module interval	NA	NA	NA	NA	NA	NA	NA	NA	NA	NA	NA	NA	NA	NA	NA	NA	NA	NA	NA	NA	NA	NA	NA	NA	NA	NA	NA	NA
null_modules	results/stage10d_tech/STAGE10D_TECH_NULL_MODULE_RESULTS.tsv	776c43d27d133f5dfdbda19e2c071a2a95942d9a403a3e87ae0a43ef3f995826	NULL_MATCHED_M30_0218	30	AFTPH;ANKRD49;BICDL2;CASP7;CHD7;DDR1;GNPAT;HNRNPL;KCNN4;MAP2K3;MRPL48;NGLY1;PLS1;PPP1R18;QSOX1;RBM4;RTCA;SBNO1;SEPT1;SF3B1;SIRT7;SLMAP;SPINT1-AS1;SUPT5H;SYNRG;TMC6;TSPAN15;USP3;VSIG2;ZNF131	-0.0561294746944133	0	1.03993392664012	NA	NA	NA	NA	4	72	simulation_replicate	empirical null draw; no per-module interval	NA	NA	NA	NA	NA	NA	NA	NA	NA	NA	NA	NA	NA	NA	NA	NA	NA	NA	NA	NA	NA	NA	NA	NA	NA	NA	NA	NA
null_modules	results/stage10d_tech/STAGE10D_TECH_NULL_MODULE_RESULTS.tsv	776c43d27d133f5dfdbda19e2c071a2a95942d9a403a3e87ae0a43ef3f995826	NULL_MATCHED_M30_0219	30	AIP;ATF7IP;CAB39;DENND2D;FAM192A;FAM207A;GALNT3;GNPAT;GRK6;GSKIP;IFT172;KCNN4;MAP7;ME2;MLLT6;MSH3;MTIF3;NCF1;NUDT16L1;PATJ;PIP4K2A;PPP1R18;PPP2R1A;PRMT2;SETD2;SIRT7;SLMAP;SYTL2;UBN1;YDJC	-0.0537613475386427	-0.0476190476190476	1.02105360588397	NA	NA	NA	NA	4	72	simulation_replicate	empirical null draw; no per-module interval	NA	NA	NA	NA	NA	NA	NA	NA	NA	NA	NA	NA	NA	NA	NA	NA	NA	NA	NA	NA	NA	NA	NA	NA	NA	NA	NA	NA
null_modules	results/stage10d_tech/STAGE10D_TECH_NULL_MODULE_RESULTS.tsv	776c43d27d133f5dfdbda19e2c071a2a95942d9a403a3e87ae0a43ef3f995826	NULL_MATCHED_M30_0220	30	ASF1A;CCDC88B;CYHR1;DDR1;EPS8L2;EXOSC1;FKBP4;GALNT3;GALNT7;GNPAT;HCLS1;KCNN4;KMT5B;KXD1;LCK;LYN;ME2;PCSK7;PNKP;RTCA;SETD2;SPINT1-AS1;SYTL2;TECR;TRAF4;TRIP12;UBN1;WIPF1;ZMYND8;ZNF131	-0.0237049269068854	-0.0357142857142857	1.03093295540498	NA	NA	NA	NA	4	72	simulation_replicate	empirical null draw; no per-module interval	NA	NA	NA	NA	NA	NA	NA	NA	NA	NA	NA	NA	NA	NA	NA	NA	NA	NA	NA	NA	NA	NA	NA	NA	NA	NA	NA	NA
null_modules	results/stage10d_tech/STAGE10D_TECH_NULL_MODULE_RESULTS.tsv	776c43d27d133f5dfdbda19e2c071a2a95942d9a403a3e87ae0a43ef3f995826	NULL_MATCHED_M30_0221	30	ACSL3;AFF4;AK3;ARPC4;ASF1A;CSK;DCAF11;DDR1;GRK6;IKZF1;KCNN4;LYN;MAP7;ME2;MSH3;MUC3A;PLS1;PON2;PPP2R2A;PTPN4;PTPN7;RPP25L;STARD3NL;STRBP;SUPT5H;TBC1D10C;TMC6;TRAF3IP3;UBN1;YDJC	-0.0341118500063873	-0.0357142857142857	1.02507489474683	NA	NA	NA	NA	4	72	simulation_replicate	empirical null draw; no per-module interval	NA	NA	NA	NA	NA	NA	NA	NA	NA	NA	NA	NA	NA	NA	NA	NA	NA	NA	NA	NA	NA	NA	NA	NA	NA	NA	NA	NA
null_modules	results/stage10d_tech/STAGE10D_TECH_NULL_MODULE_RESULTS.tsv	776c43d27d133f5dfdbda19e2c071a2a95942d9a403a3e87ae0a43ef3f995826	NULL_MATCHED_M30_0222	30	CASP7;CCDC88B;CCT7;COX19;CSK;DCAF11;DDR1;DENND2D;GNPAT;GRK6;GTF2E2;HNRNPL;KMT5B;MAP2K3;MFF;MUC3A;NCF1;NGLY1;NQO1;PCGF5;PTPN4;PTPN7;SDC1;SETD2;SIRT7;STRBP;SYTL2;USP1;USP47;YDJC	-0.0970723103361235	-0.107142857142857	1.03664076420867	NA	NA	NA	NA	4	72	simulation_replicate	empirical null draw; no per-module interval	NA	NA	NA	NA	NA	NA	NA	NA	NA	NA	NA	NA	NA	NA	NA	NA	NA	NA	NA	NA	NA	NA	NA	NA	NA	NA	NA	NA
null_modules	results/stage10d_tech/STAGE10D_TECH_NULL_MODULE_RESULTS.tsv	776c43d27d133f5dfdbda19e2c071a2a95942d9a403a3e87ae0a43ef3f995826	NULL_MATCHED_M30_0223	30	ANKRD44;CAB39;CERS6;CSK;DCAF11;DOCK8;EIF3J;EPS8L2;GALNT7;GRK6;HCLS1;HSPA9;IFT172;KMT5B;LDLRAD4;MALSU1;MUC3A;NCF1;NGLY1;PON2;SETD2;SPEN;STARD3NL;SUPT5H;TFDP1;TRAF3IP3;TRAF4;TRIP12;WIPF1;YDJC	0.00242041643319274	0.0119047619047619	0.990536083025947	NA	NA	NA	NA	4	72	simulation_replicate	empirical null draw; no per-module interval	NA	NA	NA	NA	NA	NA	NA	NA	NA	NA	NA	NA	NA	NA	NA	NA	NA	NA	NA	NA	NA	NA	NA	NA	NA	NA	NA	NA
null_modules	results/stage10d_tech/STAGE10D_TECH_NULL_MODULE_RESULTS.tsv	776c43d27d133f5dfdbda19e2c071a2a95942d9a403a3e87ae0a43ef3f995826	NULL_MATCHED_M30_0224	30	BICDL2;CD7;CHD7;DCAF11;DUS1L;EXOSC8;GALM;GNPAT;GOLM1;GPR160;GRK6;HCLS1;HNRNPL;IFT172;IKZF1;KMT5B;LCK;LYN;MAP2K3;MAP7;NUDT16L1;PIP4K2A;PLS1;PPP1R18;PSMB8-AS1;PTPN4;SEPT1;SLMAP;SUPT5H;TUSC2	-0.0194420968638789	0.0238095238095238	0.981719201328109	NA	NA	NA	NA	4	72	simulation_replicate	empirical null draw; no per-module interval	NA	NA	NA	NA	NA	NA	NA	NA	NA	NA	NA	NA	NA	NA	NA	NA	NA	NA	NA	NA	NA	NA	NA	NA	NA	NA	NA	NA
null_modules	results/stage10d_tech/STAGE10D_TECH_NULL_MODULE_RESULTS.tsv	776c43d27d133f5dfdbda19e2c071a2a95942d9a403a3e87ae0a43ef3f995826	NULL_MATCHED_M30_0225	30	ATF7IP;BICDL2;CAB39;DOCK8;ENOPH1;EPS8L2;GALM;GRK6;GRPEL1;GTF2E2;HCLS1;KRTCAP3;MAP7;ME2;MSH3;MUC3A;NEDD9;PCGF5;PSMC3;PTPN4;SPINT1-AS1;SRPRB;STARD3NL;STRBP;SUPT5H;TECR;TMC6;TRIP12;WIPF1;ZNF131	0.0363626864394988	0.0595238095238095	1.00977255789325	NA	NA	NA	NA	4	72	simulation_replicate	empirical null draw; no per-module interval	NA	NA	NA	NA	NA	NA	NA	NA	NA	NA	NA	NA	NA	NA	NA	NA	NA	NA	NA	NA	NA	NA	NA	NA	NA	NA	NA	NA
null_modules	results/stage10d_tech/STAGE10D_TECH_NULL_MODULE_RESULTS.tsv	776c43d27d133f5dfdbda19e2c071a2a95942d9a403a3e87ae0a43ef3f995826	NULL_MATCHED_M30_0226	30	AFTPH;AKAP1;ANKRD44;BOLA3;CHD7;CHMP3;DDR1;DUS1L;ENOPH1;FAM207A;GALNT7;GTF2E2;HCLS1;KCNN4;LYN;LYPLA2;ME2;NCF1;NGLY1;NORAD;NUDT16L1;PCGF5;PSMB8-AS1;PTPN4;RARS;SEPT1;SPEN;SYTL2;TMEM30A;TRAF3IP3	-0.032385045229142	0.0238095238095238	0.992047069373338	NA	NA	NA	NA	4	72	simulation_replicate	empirical null draw; no per-module interval	NA	NA	NA	NA	NA	NA	NA	NA	NA	NA	NA	NA	NA	NA	NA	NA	NA	NA	NA	NA	NA	NA	NA	NA	NA	NA	NA	NA
null_modules	results/stage10d_tech/STAGE10D_TECH_NULL_MODULE_RESULTS.tsv	776c43d27d133f5dfdbda19e2c071a2a95942d9a403a3e87ae0a43ef3f995826	NULL_MATCHED_M30_0227	30	AFTPH;ANKRD49;CEBPZOS;CHD7;CSNK1D;DOCK8;FAM207A;GALNT7;HCLS1;IFT172;LDLRAD4;MAP2K3;MAP7;NORAD;NUDT16L1;PCGF5;PDZD8;PLPP2;PNKP;PPCS;PPID;PTPN7;RPP25L;SLMAP;TBC1D10C;TMC6;TMPRSS2;TRAF3IP3;UBN1;ZNF131	-0.0308878528521871	-0.0595238095238095	1.00122058673686	NA	NA	NA	NA	4	72	simulation_replicate	empirical null draw; no per-module interval	NA	NA	NA	NA	NA	NA	NA	NA	NA	NA	NA	NA	NA	NA	NA	NA	NA	NA	NA	NA	NA	NA	NA	NA	NA	NA	NA	NA
null_modules	results/stage10d_tech/STAGE10D_TECH_NULL_MODULE_RESULTS.tsv	776c43d27d133f5dfdbda19e2c071a2a95942d9a403a3e87ae0a43ef3f995826	NULL_MATCHED_M30_0228	30	ANKRD49;ARHGAP18;ASF1A;CHD7;CLEC2D;COX19;CYHR1;DCAF11;DENND2D;DUS1L;EPB41;GALM;GNPAT;GTF2E2;IFT172;IKZF1;ITFG1;KMT5B;LIPH;ME2;NGLY1;NUCB2;PPP1R18;PSMB8-AS1;PSMC2;QSOX1;RPP25L;RTCA;SEPT1;ZNF131	0.0590455342635525	0.0952380952380953	0.980434036082072	NA	NA	NA	NA	4	72	simulation_replicate	empirical null draw; no per-module interval	NA	NA	NA	NA	NA	NA	NA	NA	NA	NA	NA	NA	NA	NA	NA	NA	NA	NA	NA	NA	NA	NA	NA	NA	NA	NA	NA	NA
null_modules	results/stage10d_tech/STAGE10D_TECH_NULL_MODULE_RESULTS.tsv	776c43d27d133f5dfdbda19e2c071a2a95942d9a403a3e87ae0a43ef3f995826	NULL_MATCHED_M30_0229	30	ANKRD44;ANKRD49;ARHGAP45;BICDL2;CASP7;CCDC88B;CSK;CYHR1;DCAF11;DENND2D;DOCK8;EIF3J;IAH1;LYPLA2;MAP2K1;MAP2K3;MAP7;MRPL28;MUM1;POP5;PTPN4;SEPT1;SETD2;SPINT1-AS1;SUCLG2;TBC1D10C;TMC6;TRIP12;USP3;WIPF1	0.0891978765528749	0.0476190476190476	0.9828751933242	NA	NA	NA	NA	4	72	simulation_replicate	empirical null draw; no per-module interval	NA	NA	NA	NA	NA	NA	NA	NA	NA	NA	NA	NA	NA	NA	NA	NA	NA	NA	NA	NA	NA	NA	NA	NA	NA	NA	NA	NA
null_modules	results/stage10d_tech/STAGE10D_TECH_NULL_MODULE_RESULTS.tsv	776c43d27d133f5dfdbda19e2c071a2a95942d9a403a3e87ae0a43ef3f995826	NULL_MATCHED_M30_0230	30	AFTPH;CNN3;DCAF11;DENND2D;DUS1L;FAM207A;HCLS1;HIKESHI;IKZF1;LDLRAD4;LYN;MAP2K3;MAP7;MSH3;MTIF3;PCGF5;PLS1;PPIE;PPP1R18;PSMB8-AS1;PTPN4;RBM26;RPP25L;SUPT5H;TSN;TSPAN15;UBN1;USP3;WIPF1;ZNF131	0.0397327668334563	0.0714285714285714	0.986650190664457	NA	NA	NA	NA	4	72	simulation_replicate	empirical null draw; no per-module interval	NA	NA	NA	NA	NA	NA	NA	NA	NA	NA	NA	NA	NA	NA	NA	NA	NA	NA	NA	NA	NA	NA	NA	NA	NA	NA	NA	NA
null_modules	results/stage10d_tech/STAGE10D_TECH_NULL_MODULE_RESULTS.tsv	776c43d27d133f5dfdbda19e2c071a2a95942d9a403a3e87ae0a43ef3f995826	NULL_MATCHED_M30_0231	30	ANKRD10;ATF7IP;AUP1;CAB39;CHD7;COX19;CRBN;DCAF11;DDR1;DOCK8;EPS8L2;FAM207A;FAM96A;GRK6;IFT172;KCNN4;LYPLA2;MAP2K3;MDH1;NGLY1;PTPN4;RPP25L;RTCA;SYTL2;TBC1D10C;TRAF3IP3;TRAF4;UBN1;YIPF2;ZNF131	-0.000866235514822617	-0.0476190476190476	1.01249909086116	NA	NA	NA	NA	4	72	simulation_replicate	empirical null draw; no per-module interval	NA	NA	NA	NA	NA	NA	NA	NA	NA	NA	NA	NA	NA	NA	NA	NA	NA	NA	NA	NA	NA	NA	NA	NA	NA	NA	NA	NA
null_modules	results/stage10d_tech/STAGE10D_TECH_NULL_MODULE_RESULTS.tsv	776c43d27d133f5dfdbda19e2c071a2a95942d9a403a3e87ae0a43ef3f995826	NULL_MATCHED_M30_0232	30	ANKRD44;ANKRD49;ARHGAP18;ARHGAP45;ASF1A;BCL11A;CCND1;CD37;COX19;CYHR1;GALNT7;GNPAT;HNRNPL;IFT172;KCNN4;KMT5B;MAP7;MRPS36;NGLY1;NUDT16L1;PLS1;PPP1R18;PTPN7;SAFB2;SIRT7;SLMAP;SYTL2;TRAF3IP3;TRIP12;WIPF1	-0.0367601106712917	-0.0595238095238095	1.02660162299196	NA	NA	NA	NA	4	72	simulation_replicate	empirical null draw; no per-module interval	NA	NA	NA	NA	NA	NA	NA	NA	NA	NA	NA	NA	NA	NA	NA	NA	NA	NA	NA	NA	NA	NA	NA	NA	NA	NA	NA	NA
null_modules	results/stage10d_tech/STAGE10D_TECH_NULL_MODULE_RESULTS.tsv	776c43d27d133f5dfdbda19e2c071a2a95942d9a403a3e87ae0a43ef3f995826	NULL_MATCHED_M30_0233	30	ABI1;AFTPH;ANKRD44;CCDC88B;CHD7;CYHR1;DCAF11;EIF4E2;EPS8L2;GALNT7;HNRNPL;IKZF1;LDLRAD4;ME2;MUC3A;NGLY1;PPID;PTPN4;SIRT7;SPEN;STRBP;SUCLG2;SUPT5H;TBC1D10C;TMEM63A;TNPO1;TRAF3IP3;TSTA3;YDJC;ZNF131	-0.014656664098394	-0.0119047619047619	1.03189262374978	NA	NA	NA	NA	4	72	simulation_replicate	empirical null draw; no per-module interval	NA	NA	NA	NA	NA	NA	NA	NA	NA	NA	NA	NA	NA	NA	NA	NA	NA	NA	NA	NA	NA	NA	NA	NA	NA	NA	NA	NA
null_modules	results/stage10d_tech/STAGE10D_TECH_NULL_MODULE_RESULTS.tsv	776c43d27d133f5dfdbda19e2c071a2a95942d9a403a3e87ae0a43ef3f995826	NULL_MATCHED_M30_0234	30	ANKRD49;C6orf62;CAB39;COX19;DOCK8;DUS1L;EPB41;FAM107B;FKBP3;GNPAT;HCLS1;IFI27L2;LYN;MAN1A2;MAP2K1;MAP7;NGLY1;NUDT16L1;PATJ;PCGF5;PNKP;PPP1R18;PRR15L;SETD2;SLMAP;SPEN;STRBP;TRAF4;UBN1;USP3	-0.123394595008498	-0.0714285714285714	1.01944660493423	NA	NA	NA	NA	4	72	simulation_replicate	empirical null draw; no per-module interval	NA	NA	NA	NA	NA	NA	NA	NA	NA	NA	NA	NA	NA	NA	NA	NA	NA	NA	NA	NA	NA	NA	NA	NA	NA	NA	NA	NA
null_modules	results/stage10d_tech/STAGE10D_TECH_NULL_MODULE_RESULTS.tsv	776c43d27d133f5dfdbda19e2c071a2a95942d9a403a3e87ae0a43ef3f995826	NULL_MATCHED_M30_0235	30	AFTPH;CHD7;CSK;DDR1;DENND2D;ENOPH1;EXOSC1;GNPAT;HAGH;HNRNPL;MAP7;ME2;MLLT6;MRPS36;NGLY1;NUCB2;NUDT16L1;PATJ;PCGF5;PPID;PTPN7;RTCA;SLC39A7;SLC44A4;STRBP;SUPT5H;TMC6;TRAF4;TSN;ZNF131	-0.0323537631555088	-0.0238095238095238	1.00495377163792	NA	NA	NA	NA	4	72	simulation_replicate	empirical null draw; no per-module interval	NA	NA	NA	NA	NA	NA	NA	NA	NA	NA	NA	NA	NA	NA	NA	NA	NA	NA	NA	NA	NA	NA	NA	NA	NA	NA	NA	NA
null_modules	results/stage10d_tech/STAGE10D_TECH_NULL_MODULE_RESULTS.tsv	776c43d27d133f5dfdbda19e2c071a2a95942d9a403a3e87ae0a43ef3f995826	NULL_MATCHED_M30_0236	30	CAB39;CASP7;CD7;CHD7;COX19;EPB41;ESRRA;GALNT3;KMT5B;LDLRAD4;LYPLA2;MAP3K2;ME2;MLLT6;MRPS23;PCGF5;PIP4K2A;PRPF40A;PSMB8-AS1;RTCA;SIRT7;SPINT1-AS1;STARD3NL;STRBP;SYTL2;TOB1;UBN1;USP47;WIPF1;YDJC	0.00135850752015104	0	1.01741468379714	NA	NA	NA	NA	4	72	simulation_replicate	empirical null draw; no per-module interval	NA	NA	NA	NA	NA	NA	NA	NA	NA	NA	NA	NA	NA	NA	NA	NA	NA	NA	NA	NA	NA	NA	NA	NA	NA	NA	NA	NA
null_modules	results/stage10d_tech/STAGE10D_TECH_NULL_MODULE_RESULTS.tsv	776c43d27d133f5dfdbda19e2c071a2a95942d9a403a3e87ae0a43ef3f995826	NULL_MATCHED_M30_0237	30	AFTPH;ANKRD49;ATP6V1E1;CYHR1;DCAF11;DDR1;DYNC1H1;ENOPH1;FAM207A;GALNT3;GNPAT;GTF2E2;HCLS1;HMG20B;IMMT;MAP2K3;ME2;MSH3;PIP4K2A;PLAC8;RBM4;RPP25L;SEPT1;SLMAP;SMC1A;SPINT1-AS1;SUPT5H;TRAF3IP3;USP3;WIPF1	-0.00553610927737828	0.0238095238095238	0.987135589761176	NA	NA	NA	NA	4	72	simulation_replicate	empirical null draw; no per-module interval	NA	NA	NA	NA	NA	NA	NA	NA	NA	NA	NA	NA	NA	NA	NA	NA	NA	NA	NA	NA	NA	NA	NA	NA	NA	NA	NA	NA
null_modules	results/stage10d_tech/STAGE10D_TECH_NULL_MODULE_RESULTS.tsv	776c43d27d133f5dfdbda19e2c071a2a95942d9a403a3e87ae0a43ef3f995826	NULL_MATCHED_M30_0238	30	ACADS;ADAR;ARHGAP45;BICDL2;CCDC88B;CSK;DCAF11;DOCK8;EXOSC8;FAM207A;GALNT7;IKZF1;KCNN4;LSR;MAP1LC3B;MAP2K1;MAP2K3;MBD4;MLLT6;MUC3A;NCF1;PPID;PPP1R18;SIRT7;SPEN;SPINT1-AS1;STARD3NL;SYTL2;TRAF4;USP3	-0.00224269902638842	0.0238095238095238	1.00202851354863	NA	NA	NA	NA	4	72	simulation_replicate	empirical null draw; no per-module interval	NA	NA	NA	NA	NA	NA	NA	NA	NA	NA	NA	NA	NA	NA	NA	NA	NA	NA	NA	NA	NA	NA	NA	NA	NA	NA	NA	NA
null_modules	results/stage10d_tech/STAGE10D_TECH_NULL_MODULE_RESULTS.tsv	776c43d27d133f5dfdbda19e2c071a2a95942d9a403a3e87ae0a43ef3f995826	NULL_MATCHED_M30_0239	30	AFTPH;ASF1A;ATF7IP;BLVRB;DOCK8;EPS8L2;GALNT3;GNPAT;GRK6;ISG20;KCNN4;KMT5B;LDLRAD4;LYN;MAP2K3;MAP7;MUM1;NGLY1;PCGF5;PIP4K2A;PNKP;PTPN6;RTCA;SEPT1;SPEN;SPINT1-AS1;SUPT5H;TNRC6B;USP3;VGLL4	0.00718964429068959	0.0238095238095238	0.977198031640692	NA	NA	NA	NA	4	72	simulation_replicate	empirical null draw; no per-module interval	NA	NA	NA	NA	NA	NA	NA	NA	NA	NA	NA	NA	NA	NA	NA	NA	NA	NA	NA	NA	NA	NA	NA	NA	NA	NA	NA	NA
null_modules	results/stage10d_tech/STAGE10D_TECH_NULL_MODULE_RESULTS.tsv	776c43d27d133f5dfdbda19e2c071a2a95942d9a403a3e87ae0a43ef3f995826	NULL_MATCHED_M30_0240	30	ACSL3;ASF1A;CCDC88B;DCAF11;DOCK8;DPY30;EXOSC1;FYB1;GALNT3;GALNT7;GNPAT;HNRNPL;IKZF1;LYPLA2;MAL2;MAP7;MLLT6;MRPL52;NUDT16L1;PIP4K2A;PPID;PTPN4;PTPN7;SEC22B;SEPT1;STARD3NL;SYTL2;TRAF3IP3;TRAF4;ZNF131	0.0102328565763318	0.0595238095238095	1.02035392682733	NA	NA	NA	NA	4	72	simulation_replicate	empirical null draw; no per-module interval	NA	NA	NA	NA	NA	NA	NA	NA	NA	NA	NA	NA	NA	NA	NA	NA	NA	NA	NA	NA	NA	NA	NA	NA	NA	NA	NA	NA
null_modules	results/stage10d_tech/STAGE10D_TECH_NULL_MODULE_RESULTS.tsv	776c43d27d133f5dfdbda19e2c071a2a95942d9a403a3e87ae0a43ef3f995826	NULL_MATCHED_M30_0241	30	ANKRD44;ARHGAP45;CAB39;CASP7;CNN3;CRBN;CSK;DDR1;DENND2D;DOCK8;EPB41;GALM;IFT172;KCNN4;LSP1;LYN;MAP2K1;MRPL21;MUC3A;NUDT16L1;PNKP;RTCA;SEPT6;SLMAP;SPEN;SPINT1-AS1;USP3;XIAP;YDJC;ZNF131	-0.022146609499554	-0.0119047619047619	1.01825950082328	NA	NA	NA	NA	4	72	simulation_replicate	empirical null draw; no per-module interval	NA	NA	NA	NA	NA	NA	NA	NA	NA	NA	NA	NA	NA	NA	NA	NA	NA	NA	NA	NA	NA	NA	NA	NA	NA	NA	NA	NA
null_modules	results/stage10d_tech/STAGE10D_TECH_NULL_MODULE_RESULTS.tsv	776c43d27d133f5dfdbda19e2c071a2a95942d9a403a3e87ae0a43ef3f995826	NULL_MATCHED_M30_0242	30	AK3;ARHGAP45;CACYBP;CASP7;CSK;CYHR1;ENOPH1;EXOSC1;FYB1;GALM;GALNT7;IKZF1;ME2;MSH3;NPEPPS;NUDT16L1;PATJ;PCGF5;PIP4K2A;PNKP;PSMB8-AS1;SIRT7;SLC39A4;SLMAP;STARD3NL;STRBP;TBC1D10C;TUSC2;YDJC;ZNF131	-0.00404452754138389	0.0476190476190476	1.01337254312908	NA	NA	NA	NA	4	72	simulation_replicate	empirical null draw; no per-module interval	NA	NA	NA	NA	NA	NA	NA	NA	NA	NA	NA	NA	NA	NA	NA	NA	NA	NA	NA	NA	NA	NA	NA	NA	NA	NA	NA	NA
null_modules	results/stage10d_tech/STAGE10D_TECH_NULL_MODULE_RESULTS.tsv	776c43d27d133f5dfdbda19e2c071a2a95942d9a403a3e87ae0a43ef3f995826	NULL_MATCHED_M30_0243	30	AFTPH;AMN;BICDL2;CHD7;COX19;CSK;DDR1;ENOPH1;EPB41;EPS8L2;GALNT3;GRK6;GTF2E2;HCLS1;KCNN4;MAP2K1;MAP2K3;MAP7;MFF;NGLY1;NUDT16L1;PTPN4;STRAP;TBC1D10C;TMC6;TOMM5;TRAF4;TSN;WIPF1;YY1	-0.00335737156383608	0.0119047619047619	1.01205557871041	NA	NA	NA	NA	4	72	simulation_replicate	empirical null draw; no per-module interval	NA	NA	NA	NA	NA	NA	NA	NA	NA	NA	NA	NA	NA	NA	NA	NA	NA	NA	NA	NA	NA	NA	NA	NA	NA	NA	NA	NA
null_modules	results/stage10d_tech/STAGE10D_TECH_NULL_MODULE_RESULTS.tsv	776c43d27d133f5dfdbda19e2c071a2a95942d9a403a3e87ae0a43ef3f995826	NULL_MATCHED_M30_0244	30	AFTPH;ARHGAP45;BICDL2;CETN2;CLNS1A;CYHR1;DCAF11;DDR1;DOCK8;DUS1L;EPB41;FAM207A;GALM;GALNT7;GNPAT;GRK6;GTF2E2;IFT172;ISG20;LDLRAD4;MAP2K3;MAP7;NUDT16L1;OXR1;PATJ;PSMC3;PTPN7;STARD3NL;UBN1;WBP11	-0.0300721627038376	-0.0476190476190476	1.02087139675238	NA	NA	NA	NA	4	72	simulation_replicate	empirical null draw; no per-module interval	NA	NA	NA	NA	NA	NA	NA	NA	NA	NA	NA	NA	NA	NA	NA	NA	NA	NA	NA	NA	NA	NA	NA	NA	NA	NA	NA	NA
null_modules	results/stage10d_tech/STAGE10D_TECH_NULL_MODULE_RESULTS.tsv	776c43d27d133f5dfdbda19e2c071a2a95942d9a403a3e87ae0a43ef3f995826	NULL_MATCHED_M30_0245	30	ATIC;BICDL2;CAB39;CEBPZOS;CHD7;COX19;CSK;DDR1;EPB41;GNPAT;GTF2E2;KCNN4;KXD1;LDLRAD4;LPP;ME2;PCGF5;PIP4K2A;PLS1;PPID;PPP1R18;PSMB8-AS1;SIRT7;SPINT1-AS1;STARD3NL;SUCLG1;SYTL2;UBN1;VSIG2;ZNF131	0.043676407436426	-0.0119047619047619	1.00501510759412	NA	NA	NA	NA	4	72	simulation_replicate	empirical null draw; no per-module interval	NA	NA	NA	NA	NA	NA	NA	NA	NA	NA	NA	NA	NA	NA	NA	NA	NA	NA	NA	NA	NA	NA	NA	NA	NA	NA	NA	NA
null_modules	results/stage10d_tech/STAGE10D_TECH_NULL_MODULE_RESULTS.tsv	776c43d27d133f5dfdbda19e2c071a2a95942d9a403a3e87ae0a43ef3f995826	NULL_MATCHED_M30_0246	30	AAK1;ANKRD44;ANKRD49;C1orf56;CAB39;CHCHD1;CLNS1A;CSK;DOCK8;ENOPH1;EPB41;GNPAT;GRK6;HCLS1;KMT5B;LSR;MAP7;ME2;PPID;PPP1R18;RTCA;SIRT7;SPEN;SYTL2;TMC6;TRAF4;UBN1;USH1C;USP3;ZNF131	-0.00443942450006487	-0.0476190476190476	1.00349684339562	NA	NA	NA	NA	4	72	simulation_replicate	empirical null draw; no per-module interval	NA	NA	NA	NA	NA	NA	NA	NA	NA	NA	NA	NA	NA	NA	NA	NA	NA	NA	NA	NA	NA	NA	NA	NA	NA	NA	NA	NA
null_modules	results/stage10d_tech/STAGE10D_TECH_NULL_MODULE_RESULTS.tsv	776c43d27d133f5dfdbda19e2c071a2a95942d9a403a3e87ae0a43ef3f995826	NULL_MATCHED_M30_0247	30	ANKRD44;ASF1A;ATF7IP;BOLA3;CD2;DDR1;DENND2D;DOCK8;EPB41;EXOSC1;GALNT7;IKZF1;IVNS1ABP;KCNN4;KMT5B;MUM1;NCF1;NDUFV1;NGLY1;PATJ;PCGF5;PLS1;PPID;PPP1R18;PTPN4;SPEN;STARD3NL;TECR;USP3;YDJC	0.00590323341725479	-0.0476190476190476	1.02550032292713	NA	NA	NA	NA	4	72	simulation_replicate	empirical null draw; no per-module interval	NA	NA	NA	NA	NA	NA	NA	NA	NA	NA	NA	NA	NA	NA	NA	NA	NA	NA	NA	NA	NA	NA	NA	NA	NA	NA	NA	NA
null_modules	results/stage10d_tech/STAGE10D_TECH_NULL_MODULE_RESULTS.tsv	776c43d27d133f5dfdbda19e2c071a2a95942d9a403a3e87ae0a43ef3f995826	NULL_MATCHED_M30_0248	30	ANKRD49;ASF1A;CCDC88B;CHD7;CMBL;CYHR1;DDR1;EPS8L2;GALNT7;IKZF1;KMT5B;MLLT6;MTIF3;NCF1;NUDT16L1;PAFAH1B2;PARP14;PPP4R3B;PSMB8-AS1;RBM4;RTCA;SLMAP;STARD3NL;STRBP;TMC6;TNRC6B;TRAF3IP3;TRAF4;UBN1;XPO1	0.0443972933236518	0.0119047619047619	0.995809758306797	NA	NA	NA	NA	4	72	simulation_replicate	empirical null draw; no per-module interval	NA	NA	NA	NA	NA	NA	NA	NA	NA	NA	NA	NA	NA	NA	NA	NA	NA	NA	NA	NA	NA	NA	NA	NA	NA	NA	NA	NA
null_modules	results/stage10d_tech/STAGE10D_TECH_NULL_MODULE_RESULTS.tsv	776c43d27d133f5dfdbda19e2c071a2a95942d9a403a3e87ae0a43ef3f995826	NULL_MATCHED_M30_0249	30	AFTPH;ASF1A;ATF7IP;BICDL2;BRI3BP;CHMP3;COX19;CSK;DDR1;DUS1L;FTX;GRK6;GTF2E2;HCLS1;IFT172;IVNS1ABP;LDLRAD4;LRPAP1;LUC7L2;ME2;MUC3A;NGLY1;PIP4K2A;PNKP;PPID;PTPN7;RBM4;SPEN;STARD3NL;UBN1	-0.000350242243423581	-0.0238095238095238	1.00648564903022	NA	NA	NA	NA	4	72	simulation_replicate	empirical null draw; no per-module interval	NA	NA	NA	NA	NA	NA	NA	NA	NA	NA	NA	NA	NA	NA	NA	NA	NA	NA	NA	NA	NA	NA	NA	NA	NA	NA	NA	NA
null_modules	results/stage10d_tech/STAGE10D_TECH_NULL_MODULE_RESULTS.tsv	776c43d27d133f5dfdbda19e2c071a2a95942d9a403a3e87ae0a43ef3f995826	NULL_MATCHED_M30_0250	30	ANKRD44;ATF7IP;BICDL2;CHD7;COPS4;COX19;DDR1;DENND2D;DUS1L;FAM120A;FAM207A;GALM;GNPAT;KMT5B;LDLRAD4;LYPLA2;MAP2K3;NCF1;NEDD9;NUCB2;POP5;PPP1R18;PRMT2;PTPN7;RTCA;SPINT1-AS1;TMC6;USP3;YDJC;ZNF148	0.0241156594243077	0.0476190476190476	0.992902421138265	NA	NA	NA	NA	4	72	simulation_replicate	empirical null draw; no per-module interval	NA	NA	NA	NA	NA	NA	NA	NA	NA	NA	NA	NA	NA	NA	NA	NA	NA	NA	NA	NA	NA	NA	NA	NA	NA	NA	NA	NA
null_modules	results/stage10d_tech/STAGE10D_TECH_NULL_MODULE_RESULTS.tsv	776c43d27d133f5dfdbda19e2c071a2a95942d9a403a3e87ae0a43ef3f995826	NULL_MATCHED_M30_0251	30	ANKRD49;ARHGAP45;ATF7IP;BICDL2;BRI3BP;CAB39;CETN2;DCAF11;DUS1L;FAM207A;GNAI2;GTF2E2;IFNAR1;IFT172;LDLRAD4;LSP1;MAP2K1;MSH3;NGLY1;PATJ;PCGF5;PLS1;PPM1G;PTPN4;PTPN7;SIRT7;SPEN;SUPT5H;TRIP12;WIPF1	-0.108667134107048	-0.142857142857143	1.01421224129844	NA	NA	NA	NA	4	72	simulation_replicate	empirical null draw; no per-module interval	NA	NA	NA	NA	NA	NA	NA	NA	NA	NA	NA	NA	NA	NA	NA	NA	NA	NA	NA	NA	NA	NA	NA	NA	NA	NA	NA	NA
null_modules	results/stage10d_tech/STAGE10D_TECH_NULL_MODULE_RESULTS.tsv	776c43d27d133f5dfdbda19e2c071a2a95942d9a403a3e87ae0a43ef3f995826	NULL_MATCHED_M30_0252	30	ARHGAP45;ARL2BP;ARPC4;CCDC88B;CHD7;CLIP1;COX19;CYHR1;DENND2D;DOCK8;DUS1L;EPS8L2;GALNT3;GTPBP4;KMT5B;LIPH;MAP2K1;MAP7;ME2;MUC3A;NDUFA10;NOP58;PATJ;PTPN4;SETD2;STARD3NL;SYTL2;TMC6;TRAF4;UBN1	0.012111697117738	-0.0119047619047619	1.0328648353732	NA	NA	NA	NA	4	72	simulation_replicate	empirical null draw; no per-module interval	NA	NA	NA	NA	NA	NA	NA	NA	NA	NA	NA	NA	NA	NA	NA	NA	NA	NA	NA	NA	NA	NA	NA	NA	NA	NA	NA	NA
null_modules	results/stage10d_tech/STAGE10D_TECH_NULL_MODULE_RESULTS.tsv	776c43d27d133f5dfdbda19e2c071a2a95942d9a403a3e87ae0a43ef3f995826	NULL_MATCHED_M30_0253	30	ABI1;AFTPH;ASF1A;CASP7;CHD7;CYHR1;DDR1;EPB41;EPS8L2;GNPAT;GRK6;MAP2K3;PDZK1IP1;PPID;PSMB8-AS1;PSMB9;RIF1;RTN3;SEPT1;SETD2;SIRT7;SMIM12;SPINT1-AS1;STARD3NL;STRBP;TRAF4;TRPM4;UBN1;USP3;YDJC	-0.100389778513002	-0.0357142857142857	1.04439422545285	NA	NA	NA	NA	4	72	simulation_replicate	empirical null draw; no per-module interval	NA	NA	NA	NA	NA	NA	NA	NA	NA	NA	NA	NA	NA	NA	NA	NA	NA	NA	NA	NA	NA	NA	NA	NA	NA	NA	NA	NA
null_modules	results/stage10d_tech/STAGE10D_TECH_NULL_MODULE_RESULTS.tsv	776c43d27d133f5dfdbda19e2c071a2a95942d9a403a3e87ae0a43ef3f995826	NULL_MATCHED_M30_0254	30	AFTPH;ANKRD44;ATF7IP;CCDC88B;EPS8L2;FDPS;GALM;GALNT7;GTF2E2;HNRNPL;KMT5B;MAP2K1;MAP2K3;MLLT6;MUC3A;NUCB2;PCGF5;PNKP;PPP1R18;PSMB8-AS1;RAB5A;RPP25L;RTCA;SETD2;SMAGP;SPINT1-AS1;TRAF3IP3;USP47;ZG16B;ZNF131	-0.0196636003993326	-0.0476190476190476	1.02928252455562	NA	NA	NA	NA	4	72	simulation_replicate	empirical null draw; no per-module interval	NA	NA	NA	NA	NA	NA	NA	NA	NA	NA	NA	NA	NA	NA	NA	NA	NA	NA	NA	NA	NA	NA	NA	NA	NA	NA	NA	NA
null_modules	results/stage10d_tech/STAGE10D_TECH_NULL_MODULE_RESULTS.tsv	776c43d27d133f5dfdbda19e2c071a2a95942d9a403a3e87ae0a43ef3f995826	NULL_MATCHED_M30_0255	30	ANKRD49;ARL2BP;CASP7;CCDC88B;CYHR1;ENOPH1;GALM;GRK6;GTF2E2;HCLS1;IKZF1;KMT5B;LDLRAD4;PATJ;PLS1;PPID;RAB5C;RIF1;RNF145;RTCA;SETD2;SIRT7;SPEN;SUPT5H;SYTL2;TECR;TMC6;UBN1;YDJC;ZCCHC10	-0.0105870749451318	-0.0952380952380953	1.01745721631785	NA	NA	NA	NA	4	72	simulation_replicate	empirical null draw; no per-module interval	NA	NA	NA	NA	NA	NA	NA	NA	NA	NA	NA	NA	NA	NA	NA	NA	NA	NA	NA	NA	NA	NA	NA	NA	NA	NA	NA	NA
null_modules	results/stage10d_tech/STAGE10D_TECH_NULL_MODULE_RESULTS.tsv	776c43d27d133f5dfdbda19e2c071a2a95942d9a403a3e87ae0a43ef3f995826	NULL_MATCHED_M30_0256	30	ADAR;ANKRD44;ANKRD49;BICDL2;CYHR1;DUS1L;EPB41;GALM;GALNT3;KCNN4;LCK;LLPH;MAP2K1;MAP2K3;ME2;NCF1;PLS1;PRSS3;PTPN7;SF3B1;SIL1;SIRT7;SLMAP;SPEN;STRBP;TRAF3IP3;TRIP12;UBN1;WIPF1;ZFAND2B	-0.0537240663456804	-0.0357142857142857	1.02633573201169	NA	NA	NA	NA	4	72	simulation_replicate	empirical null draw; no per-module interval	NA	NA	NA	NA	NA	NA	NA	NA	NA	NA	NA	NA	NA	NA	NA	NA	NA	NA	NA	NA	NA	NA	NA	NA	NA	NA	NA	NA
null_modules	results/stage10d_tech/STAGE10D_TECH_NULL_MODULE_RESULTS.tsv	776c43d27d133f5dfdbda19e2c071a2a95942d9a403a3e87ae0a43ef3f995826	NULL_MATCHED_M30_0257	30	ATIC;BCAP29;BICDL2;CCDC88B;CYHR1;ENOPH1;EPB41;ERP44;FAM200B;GNPAT;GRK6;HCLS1;LSM8;MAP7;MLLT6;MRPL16;MUC3A;NCF1;NGLY1;PCGF5;PPP1R18;RPP25L;SEPT1;SETD2;SIRT7;SLC22A18;STRBP;SYTL2;TBC1D10C;WIPF1	-0.0287124850515736	-0.0238095238095238	1.04278671626588	NA	NA	NA	NA	4	72	simulation_replicate	empirical null draw; no per-module interval	NA	NA	NA	NA	NA	NA	NA	NA	NA	NA	NA	NA	NA	NA	NA	NA	NA	NA	NA	NA	NA	NA	NA	NA	NA	NA	NA	NA
null_modules	results/stage10d_tech/STAGE10D_TECH_NULL_MODULE_RESULTS.tsv	776c43d27d133f5dfdbda19e2c071a2a95942d9a403a3e87ae0a43ef3f995826	NULL_MATCHED_M30_0258	30	ARHGAP45;BIRC2;CAB39;CASP7;COX19;CSK;DDR1;DENND2D;IFT172;IKZF1;KCNN4;KLF13;LRPAP1;LYPLA2;MAP7;MLLT6;MSH3;MUC3A;NUDT16L1;OLA1;PPP1R18;RAB5C;SEPT1;SETD2;SPEN;SPINT1-AS1;TMC6;TRIP12;UBN1;UBQLN1	-0.0435722396300816	0.0238095238095238	1.01340502053744	NA	NA	NA	NA	4	72	simulation_replicate	empirical null draw; no per-module interval	NA	NA	NA	NA	NA	NA	NA	NA	NA	NA	NA	NA	NA	NA	NA	NA	NA	NA	NA	NA	NA	NA	NA	NA	NA	NA	NA	NA
null_modules	results/stage10d_tech/STAGE10D_TECH_NULL_MODULE_RESULTS.tsv	776c43d27d133f5dfdbda19e2c071a2a95942d9a403a3e87ae0a43ef3f995826	NULL_MATCHED_M30_0259	30	AFTPH;ANKRD49;ATF7IP;CASP7;CCDC88B;CD2;CSK;EPB41;EPS8L2;FAM207A;GALNT3;GALNT7;GOPC;GRK6;HCLS1;HNRNPH3;IFT172;IKZF1;ITFG1;MAP2K1;MUC3A;NUDT16L1;PLS1;PPID;RTCA;STRBP;TMC6;TOB1;TRAF3IP3;UBE2B	0.025577217903574	0.0476190476190476	1.00355143987485	NA	NA	NA	NA	4	72	simulation_replicate	empirical null draw; no per-module interval	NA	NA	NA	NA	NA	NA	NA	NA	NA	NA	NA	NA	NA	NA	NA	NA	NA	NA	NA	NA	NA	NA	NA	NA	NA	NA	NA	NA
null_modules	results/stage10d_tech/STAGE10D_TECH_NULL_MODULE_RESULTS.tsv	776c43d27d133f5dfdbda19e2c071a2a95942d9a403a3e87ae0a43ef3f995826	NULL_MATCHED_M30_0260	30	ARHGAP45;ASF1A;CASP7;COX19;CSK;CYHR1;DDR1;DOCK8;DPP7;FAM207A;FKBP4;GALM;GRK6;HCLS1;IVNS1ABP;KCNN4;LYPLA2;MAP7;MLLT6;MUC3A;PARP14;PCGF5;PPP2R2A;PPP4C;PTPN7;STRBP;TRIP12;TRPM4;YDJC;ZNF131	0.0280270539758528	0	1.02521040586558	NA	NA	NA	NA	4	72	simulation_replicate	empirical null draw; no per-module interval	NA	NA	NA	NA	NA	NA	NA	NA	NA	NA	NA	NA	NA	NA	NA	NA	NA	NA	NA	NA	NA	NA	NA	NA	NA	NA	NA	NA
null_modules	results/stage10d_tech/STAGE10D_TECH_NULL_MODULE_RESULTS.tsv	776c43d27d133f5dfdbda19e2c071a2a95942d9a403a3e87ae0a43ef3f995826	NULL_MATCHED_M30_0261	30	BICDL2;CAB39;CCDC88B;CCNC;CHD7;CYHR1;DCAF11;DIAPH1;DUS1L;DYNC1H1;EPS8L2;GTF2A2;HNRNPL;IFT172;IKZF1;KCNN4;KLF13;KMT5B;LYN;MAP2K3;PABPC4;PPID;PSMB8-AS1;PTPN4;SEPT1;SETD2;SMCO4;SPEN;TBC1D10C;USP3	0.023984798698163	0.0476190476190476	0.987271791410306	NA	NA	NA	NA	4	72	simulation_replicate	empirical null draw; no per-module interval	NA	NA	NA	NA	NA	NA	NA	NA	NA	NA	NA	NA	NA	NA	NA	NA	NA	NA	NA	NA	NA	NA	NA	NA	NA	NA	NA	NA
null_modules	results/stage10d_tech/STAGE10D_TECH_NULL_MODULE_RESULTS.tsv	776c43d27d133f5dfdbda19e2c071a2a95942d9a403a3e87ae0a43ef3f995826	NULL_MATCHED_M30_0262	30	AFTPH;ANKRD44;CAB39;CASP7;CRBN;CTDSP1;CUEDC2;DENND2D;EPB41;FAM207A;FBXW5;GALNT3;GTF2E2;HCLS1;LDLRAD4;LYN;LYPLA2;MAP7;MSH3;MYADM;NQO1;PATJ;PPP1R18;PSMB8-AS1;PTPN7;RTCA;SETD2;SYTL2;TRAF3IP3;USP3	0.0431622774038921	-0.0357142857142857	0.980814266747983	NA	NA	NA	NA	4	72	simulation_replicate	empirical null draw; no per-module interval	NA	NA	NA	NA	NA	NA	NA	NA	NA	NA	NA	NA	NA	NA	NA	NA	NA	NA	NA	NA	NA	NA	NA	NA	NA	NA	NA	NA
null_modules	results/stage10d_tech/STAGE10D_TECH_NULL_MODULE_RESULTS.tsv	776c43d27d133f5dfdbda19e2c071a2a95942d9a403a3e87ae0a43ef3f995826	NULL_MATCHED_M30_0263	30	AGR3;ANKRD49;CCDC88B;CHD7;DDR1;DUS1L;DYNC1H1;FYB1;GALNT3;GFPT1;HCLS1;IKZF1;ITFG1;MAP7;NGLY1;NSFL1C;NUDT16L1;PIP4K2A;PNKP;PPID;PTPN7;RPP25L;SEPT1;SLMAP;STARD3NL;SYTL2;TRAF4;USP3;YDJC;ZNF131	0.030308761533692	0.0476190476190476	1.02134082511683	NA	NA	NA	NA	4	72	simulation_replicate	empirical null draw; no per-module interval	NA	NA	NA	NA	NA	NA	NA	NA	NA	NA	NA	NA	NA	NA	NA	NA	NA	NA	NA	NA	NA	NA	NA	NA	NA	NA	NA	NA
null_modules	results/stage10d_tech/STAGE10D_TECH_NULL_MODULE_RESULTS.tsv	776c43d27d133f5dfdbda19e2c071a2a95942d9a403a3e87ae0a43ef3f995826	NULL_MATCHED_M30_0264	30	ARPP19;BIK;CSK;DCAF11;DOCK8;DPP7;ENOPH1;EXOSC1;FAM207A;GALNT7;GRK6;KCNN4;LDLRAD4;LSR;LYN;LYPLA2;NGLY1;NUDT16L1;PIP4K2A;PLS1;PNKP;PPID;RPP25L;SAFB2;SEPT1;SETD2;SMAGP;SUPT5H;TRAF3IP3;TRIP12	0.0842236284016349	0.107142857142857	1.01607800962485	NA	NA	NA	NA	4	72	simulation_replicate	empirical null draw; no per-module interval	NA	NA	NA	NA	NA	NA	NA	NA	NA	NA	NA	NA	NA	NA	NA	NA	NA	NA	NA	NA	NA	NA	NA	NA	NA	NA	NA	NA
null_modules	results/stage10d_tech/STAGE10D_TECH_NULL_MODULE_RESULTS.tsv	776c43d27d133f5dfdbda19e2c071a2a95942d9a403a3e87ae0a43ef3f995826	NULL_MATCHED_M30_0265	30	AKAP1;ANKRD44;ANKRD49;CASP7;COX19;EPB41;EPS8L2;GNPAT;IKZF1;LDLRAD4;LYN;MAN1A2;MSH3;NFAT5;NGLY1;PCGF5;POLE3;PPID;PSMB8-AS1;PSMB9;PTPN4;RAB5C;SIRT7;SPEN;STRBP;SUPT5H;SYTL2;TBC1D10C;UFD1;YDJC	-0.109986626777547	-0.0476190476190476	1.05557566145401	NA	NA	NA	NA	4	72	simulation_replicate	empirical null draw; no per-module interval	NA	NA	NA	NA	NA	NA	NA	NA	NA	NA	NA	NA	NA	NA	NA	NA	NA	NA	NA	NA	NA	NA	NA	NA	NA	NA	NA	NA
null_modules	results/stage10d_tech/STAGE10D_TECH_NULL_MODULE_RESULTS.tsv	776c43d27d133f5dfdbda19e2c071a2a95942d9a403a3e87ae0a43ef3f995826	NULL_MATCHED_M30_0266	30	AFTPH;BICDL2;CAB39;CHD7;COX19;CSK;DUS1L;EPB41;GALNT7;GNPAT;GTPBP4;IKZF1;ISG20;LDLRAD4;LSR;MAP7;ME2;MSH3;MUM1;NGLY1;NUDT16L1;PIP4K2A;PNKP;SEPT1;SPEN;SPTBN1;TBC1D10C;TFDP1;USP3;YDJC	-0.00224386108143179	0	0.995029118781981	NA	NA	NA	NA	4	72	simulation_replicate	empirical null draw; no per-module interval	NA	NA	NA	NA	NA	NA	NA	NA	NA	NA	NA	NA	NA	NA	NA	NA	NA	NA	NA	NA	NA	NA	NA	NA	NA	NA	NA	NA
null_modules	results/stage10d_tech/STAGE10D_TECH_NULL_MODULE_RESULTS.tsv	776c43d27d133f5dfdbda19e2c071a2a95942d9a403a3e87ae0a43ef3f995826	NULL_MATCHED_M30_0267	30	AAK1;CAB39;CYHR1;DUS1L;EMG1;EXOSC1;GALNT3;IKZF1;KMT5B;LSR;MAP2K1;MAP2K3;MAP7;MUC3A;NCF1;NGLY1;NUDT16L1;PLS1;PNKP;PON2;RTCA;SDC1;STARD3NL;SYTL2;TBC1D10C;TRIP12;UBN1;WIPF1;YY1;ZNF131	0.0428298864866777	0.0952380952380953	0.991059276725736	NA	NA	NA	NA	4	72	simulation_replicate	empirical null draw; no per-module interval	NA	NA	NA	NA	NA	NA	NA	NA	NA	NA	NA	NA	NA	NA	NA	NA	NA	NA	NA	NA	NA	NA	NA	NA	NA	NA	NA	NA
null_modules	results/stage10d_tech/STAGE10D_TECH_NULL_MODULE_RESULTS.tsv	776c43d27d133f5dfdbda19e2c071a2a95942d9a403a3e87ae0a43ef3f995826	NULL_MATCHED_M30_0268	30	AGPAT2;ASF1A;CAB39;CCDC88B;DDR1;DENND2D;DNAJC2;DOCK8;DUS1L;EHF;GALM;GALNT7;GRK6;IFT172;LPP;MAP7;MSH3;NGLY1;PCGF5;PIP4K2A;PNKP;RPP25L;SIL1;SPINT1-AS1;STARD3NL;STRBP;UBN1;VKORC1;YDJC;ZNF131	0.0822529661380277	0.0833333333333333	0.971670280153131	NA	NA	NA	NA	4	72	simulation_replicate	empirical null draw; no per-module interval	NA	NA	NA	NA	NA	NA	NA	NA	NA	NA	NA	NA	NA	NA	NA	NA	NA	NA	NA	NA	NA	NA	NA	NA	NA	NA	NA	NA
null_modules	results/stage10d_tech/STAGE10D_TECH_NULL_MODULE_RESULTS.tsv	776c43d27d133f5dfdbda19e2c071a2a95942d9a403a3e87ae0a43ef3f995826	NULL_MATCHED_M30_0269	30	ASF1A;CDC42EP5;COX19;CSK;DDR1;DUS1L;ENOPH1;EPB41;GALM;GNPAT;GPR160;HDHD3;IFT172;LDLRAD4;LYN;ME2;MUC3A;PATJ;PNKP;PPP1R18;PPP2R1A;PTPN4;PTPN7;RIF1;SLMAP;SUPT5H;SYTL2;TMC6;TWF1;WIPF1	0.0197997698819792	-0.0357142857142857	1.02060616240472	NA	NA	NA	NA	4	72	simulation_replicate	empirical null draw; no per-module interval	NA	NA	NA	NA	NA	NA	NA	NA	NA	NA	NA	NA	NA	NA	NA	NA	NA	NA	NA	NA	NA	NA	NA	NA	NA	NA	NA	NA
null_modules	results/stage10d_tech/STAGE10D_TECH_NULL_MODULE_RESULTS.tsv	776c43d27d133f5dfdbda19e2c071a2a95942d9a403a3e87ae0a43ef3f995826	NULL_MATCHED_M30_0270	30	BICDL2;CAB39;CLSTN1;DDR1;DENND2D;DUS1L;EPS8L2;GRK6;HCLS1;IFT172;IPO7;LSR;LYPLA2;MUC3A;NGLY1;NPM3;PATJ;PIP4K2A;PPID;PPP1R18;PTPN4;RBM4;SEPT1;SIRT7;STRAP;STRBP;TRAF4;TSG101;WIPF1;YDJC	-0.040726778268036	-0.0952380952380953	1.03896798952218	NA	NA	NA	NA	4	72	simulation_replicate	empirical null draw; no per-module interval	NA	NA	NA	NA	NA	NA	NA	NA	NA	NA	NA	NA	NA	NA	NA	NA	NA	NA	NA	NA	NA	NA	NA	NA	NA	NA	NA	NA
null_modules	results/stage10d_tech/STAGE10D_TECH_NULL_MODULE_RESULTS.tsv	776c43d27d133f5dfdbda19e2c071a2a95942d9a403a3e87ae0a43ef3f995826	NULL_MATCHED_M30_0271	30	ARHGAP45;CSK;CYHR1;ENOPH1;EPB41;GALNT3;GNPAT;GRK6;GTF2E2;IFT172;IKZF1;LDLRAD4;MUC3A;MYADM;NGLY1;PATJ;PCGF5;PIP4K2A;PLS1;RPP25L;RTCA;SIRT7;SPTBN1;SYNRG;TOP2B;USP3;USP48;VSIG2;YDJC;ZMYND8	-0.00813905664264182	-0.0476190476190476	1.02738459813078	NA	NA	NA	NA	4	72	simulation_replicate	empirical null draw; no per-module interval	NA	NA	NA	NA	NA	NA	NA	NA	NA	NA	NA	NA	NA	NA	NA	NA	NA	NA	NA	NA	NA	NA	NA	NA	NA	NA	NA	NA
null_modules	results/stage10d_tech/STAGE10D_TECH_NULL_MODULE_RESULTS.tsv	776c43d27d133f5dfdbda19e2c071a2a95942d9a403a3e87ae0a43ef3f995826	NULL_MATCHED_M30_0272	30	AFTPH;ATF7IP;CASP7;CHD7;DCAF11;DUS1L;ENOPH1;EPB41;FYB1;GALNT3;HCLS1;HNRNPL;IFT172;ILF2;KCNN4;KMT5B;LDLRAD4;LYPLA2;MAP2K1;MRPL48;PIP4K2A;PNKP;PTS;RBM4;SIRT7;SPEN;SYNRG;TCEA3;TRAF3IP3;UFM1	-0.0292188495333329	-0.0238095238095238	0.99960209395559	NA	NA	NA	NA	4	72	simulation_replicate	empirical null draw; no per-module interval	NA	NA	NA	NA	NA	NA	NA	NA	NA	NA	NA	NA	NA	NA	NA	NA	NA	NA	NA	NA	NA	NA	NA	NA	NA	NA	NA	NA
null_modules	results/stage10d_tech/STAGE10D_TECH_NULL_MODULE_RESULTS.tsv	776c43d27d133f5dfdbda19e2c071a2a95942d9a403a3e87ae0a43ef3f995826	NULL_MATCHED_M30_0273	30	AFTPH;ATF7IP;BICDL2;CCDC88B;CD2;CD7;CHMP3;COX19;CSK;DOCK8;EPS8L2;KCNN4;LYPLA2;MAP2K3;MAP7;MLLT6;MUC3A;PCGF5;PNKP;PON2;PPID;PSMB8-AS1;PTPN4;PTPN7;SIRT7;SLC22A18;SUPT5H;TIMMDC1;TRAF3IP3;UBXN6	-0.0108104110191086	-0.0476190476190476	1.00316744579204	NA	NA	NA	NA	4	72	simulation_replicate	empirical null draw; no per-module interval	NA	NA	NA	NA	NA	NA	NA	NA	NA	NA	NA	NA	NA	NA	NA	NA	NA	NA	NA	NA	NA	NA	NA	NA	NA	NA	NA	NA
null_modules	results/stage10d_tech/STAGE10D_TECH_NULL_MODULE_RESULTS.tsv	776c43d27d133f5dfdbda19e2c071a2a95942d9a403a3e87ae0a43ef3f995826	NULL_MATCHED_M30_0274	30	ALDH9A1;ANKRD49;ASF1A;BICDL2;BIN1;CAB39;CCDC88B;CHD7;CSK;CYHR1;EPS8L2;FDPS;GALNT3;GRK6;HMG20B;KMT5B;LYPLA2;MAP2K1;MAP2K3;ME2;MRPL48;MSH3;OLA1;PNKP;SETD2;SIRT7;SPEN;SYTL2;UBN1;USP3	0.0627270273602612	0.0476190476190476	1.01331251576065	NA	NA	NA	NA	4	72	simulation_replicate	empirical null draw; no per-module interval	NA	NA	NA	NA	NA	NA	NA	NA	NA	NA	NA	NA	NA	NA	NA	NA	NA	NA	NA	NA	NA	NA	NA	NA	NA	NA	NA	NA
null_modules	results/stage10d_tech/STAGE10D_TECH_NULL_MODULE_RESULTS.tsv	776c43d27d133f5dfdbda19e2c071a2a95942d9a403a3e87ae0a43ef3f995826	NULL_MATCHED_M30_0275	30	ABHD11;ANKRD10;ARHGAP45;ATP6AP2;CAB39;COX19;CSK;DCAF11;DENND2D;ENOPH1;GNPAT;KMT5B;LYPLA2;ME2;NCF1;PATJ;PCSK7;PIP4K2A;PTPN4;RASSF7;SEPT1;SETD2;SLMAP;SPINT1-AS1;TBC1D10C;TRAF3IP3;UBN1;USP3;WIPF1;WIPI2	0.0263836304093587	0	0.993362056756728	NA	NA	NA	NA	4	72	simulation_replicate	empirical null draw; no per-module interval	NA	NA	NA	NA	NA	NA	NA	NA	NA	NA	NA	NA	NA	NA	NA	NA	NA	NA	NA	NA	NA	NA	NA	NA	NA	NA	NA	NA
null_modules	results/stage10d_tech/STAGE10D_TECH_NULL_MODULE_RESULTS.tsv	776c43d27d133f5dfdbda19e2c071a2a95942d9a403a3e87ae0a43ef3f995826	NULL_MATCHED_M30_0276	30	ANKRD44;ASF1A;CASP7;COX19;DDIT4;DOCK8;ENOPH1;EPB41;FAM192A;FDPS;GALNT7;GNPAT;IFNAR1;IFT172;KCNN4;LLPH;LYPLA2;ME2;NGLY1;PCGF5;POLR2H;PPID;PTPN4;PTPN7;SEPT1;SLMAP;STRBP;SUPT5H;TRAF4;YDJC	-0.00188660968192043	-0.0476190476190476	1.00737101128078	NA	NA	NA	NA	4	72	simulation_replicate	empirical null draw; no per-module interval	NA	NA	NA	NA	NA	NA	NA	NA	NA	NA	NA	NA	NA	NA	NA	NA	NA	NA	NA	NA	NA	NA	NA	NA	NA	NA	NA	NA
null_modules	results/stage10d_tech/STAGE10D_TECH_NULL_MODULE_RESULTS.tsv	776c43d27d133f5dfdbda19e2c071a2a95942d9a403a3e87ae0a43ef3f995826	NULL_MATCHED_M30_0277	30	AIP;ANKRD44;ARHGAP45;ATF7IP;BOLA3;CACYBP;CSK;CTDSP1;DOCK8;EMG1;GALM;GALNT3;GNPAT;HCLS1;KCNN4;KMT5B;MAP2K3;MLLT6;MSH3;MUC12;NCF1;PCGF5;PLS1;PNKP;PPIE;PSMB8-AS1;PTPN4;SIRT7;STARD3NL;SUPT5H	-0.0725734180911414	-0.119047619047619	1.00265116570417	NA	NA	NA	NA	4	72	simulation_replicate	empirical null draw; no per-module interval	NA	NA	NA	NA	NA	NA	NA	NA	NA	NA	NA	NA	NA	NA	NA	NA	NA	NA	NA	NA	NA	NA	NA	NA	NA	NA	NA	NA
null_modules	results/stage10d_tech/STAGE10D_TECH_NULL_MODULE_RESULTS.tsv	776c43d27d133f5dfdbda19e2c071a2a95942d9a403a3e87ae0a43ef3f995826	NULL_MATCHED_M30_0278	30	BICDL2;CAB39;CCDC88B;CYHR1;DDR1;DOCK8;EPS8L2;EZR;FAM207A;FTX;GALM;GNPAT;IKZF1;KCNN4;KMT5B;LUC7L2;MAP2K3;MAP7;MLLT6;MSH3;NSFL1C;NUDT16L1;PCGF5;PPP1R18;QSOX1;RTCA;TMC6;UBE2H;USP3;ZNF131	0.146261630697328	0.0476190476190476	0.98518973549036	NA	NA	NA	NA	4	72	simulation_replicate	empirical null draw; no per-module interval	NA	NA	NA	NA	NA	NA	NA	NA	NA	NA	NA	NA	NA	NA	NA	NA	NA	NA	NA	NA	NA	NA	NA	NA	NA	NA	NA	NA
null_modules	results/stage10d_tech/STAGE10D_TECH_NULL_MODULE_RESULTS.tsv	776c43d27d133f5dfdbda19e2c071a2a95942d9a403a3e87ae0a43ef3f995826	NULL_MATCHED_M30_0279	30	AFF4;ANKRD44;ARHGAP45;ASF1A;ATF7IP;CD7;CDV3;DENND2D;DOCK8;DUS1L;FAM207A;FTX;GALNT3;GOPC;KCNN4;KMT5B;LYN;MAP2K1;MAP7;ME2;MLLT6;MYO1C;NGLY1;NUDT16L1;PATJ;PLS1;PPID;PTPN7;RTCA;TRAF3IP3	0.029633942363985	0.0714285714285714	0.977098320976161	NA	NA	NA	NA	4	72	simulation_replicate	empirical null draw; no per-module interval	NA	NA	NA	NA	NA	NA	NA	NA	NA	NA	NA	NA	NA	NA	NA	NA	NA	NA	NA	NA	NA	NA	NA	NA	NA	NA	NA	NA
null_modules	results/stage10d_tech/STAGE10D_TECH_NULL_MODULE_RESULTS.tsv	776c43d27d133f5dfdbda19e2c071a2a95942d9a403a3e87ae0a43ef3f995826	NULL_MATCHED_M30_0280	30	AFTPH;ATF7IP;BICDL2;CASP7;CCDC88B;CHD7;CYHR1;DDR1;DUS1L;GALM;GALNT3;GRK6;HNRNPL;LYN;MLLT6;MRPS36;MUC3A;OTULINL;PCGF5;PPID;PPP1R18;PPP2R2A;RPP25L;SIL1;SLC44A4;STRBP;SUCLG1;TRAF3IP3;USP3;YDJC	0.0630050329447391	0.0833333333333333	0.997256332251596	NA	NA	NA	NA	4	72	simulation_replicate	empirical null draw; no per-module interval	NA	NA	NA	NA	NA	NA	NA	NA	NA	NA	NA	NA	NA	NA	NA	NA	NA	NA	NA	NA	NA	NA	NA	NA	NA	NA	NA	NA
null_modules	results/stage10d_tech/STAGE10D_TECH_NULL_MODULE_RESULTS.tsv	776c43d27d133f5dfdbda19e2c071a2a95942d9a403a3e87ae0a43ef3f995826	NULL_MATCHED_M30_0281	30	AFTPH;ARHGAP45;ASF1A;ATF7IP;CASP7;CYHR1;CYTIP;DOCK8;ENOPH1;GALM;GNPAT;GOLM1;GRK6;HCLS1;HEBP2;IVNS1ABP;KCNN4;LYN;LYPLA2;MLLT6;MUC3A;PATJ;PNKP;RTCA;SEPT1;SYTL2;TBC1D10C;TRAF4;TRIM2;USP47	-0.00889819679002615	-0.0119047619047619	1.02693232027433	NA	NA	NA	NA	4	72	simulation_replicate	empirical null draw; no per-module interval	NA	NA	NA	NA	NA	NA	NA	NA	NA	NA	NA	NA	NA	NA	NA	NA	NA	NA	NA	NA	NA	NA	NA	NA	NA	NA	NA	NA
null_modules	results/stage10d_tech/STAGE10D_TECH_NULL_MODULE_RESULTS.tsv	776c43d27d133f5dfdbda19e2c071a2a95942d9a403a3e87ae0a43ef3f995826	NULL_MATCHED_M30_0282	30	AFTPH;APOPT1;ATF7IP;CASP7;CCDC88B;DCAF11;DENND2D;DOCK8;DUS1L;FAM207A;FBP1;FTX;GALM;GNPAT;HLA-DQB1;IKZF1;KXD1;LDLRAD4;MAP2K1;PIP4K2A;PLS1;PNKP;PPID;SEPT1;SIRT7;SLMAP;STARD3NL;SUPT5H;SYPL1;TBC1D10C	-0.0412838324011204	-0.0238095238095238	1.0008298954045	NA	NA	NA	NA	4	72	simulation_replicate	empirical null draw; no per-module interval	NA	NA	NA	NA	NA	NA	NA	NA	NA	NA	NA	NA	NA	NA	NA	NA	NA	NA	NA	NA	NA	NA	NA	NA	NA	NA	NA	NA
null_modules	results/stage10d_tech/STAGE10D_TECH_NULL_MODULE_RESULTS.tsv	776c43d27d133f5dfdbda19e2c071a2a95942d9a403a3e87ae0a43ef3f995826	NULL_MATCHED_M30_0283	30	AFTPH;CAB39;CASP7;CYHR1;DUS1L;EBPL;EEF1E1;ENOPH1;EPS8L2;EZR;FAM192A;GNPAT;GTF2E2;HNRNPL;LYN;MLLT6;NUDT16L1;PPP1R18;PSMB8-AS1;PTPN4;SIRT7;SPEN;STARD3NL;TRAF4;TRIM2;TRIP12;UBN1;WIPF1;XIAP;ZNF131	0.0337613198326924	-0.0119047619047619	1.01249145568037	NA	NA	NA	NA	4	72	simulation_replicate	empirical null draw; no per-module interval	NA	NA	NA	NA	NA	NA	NA	NA	NA	NA	NA	NA	NA	NA	NA	NA	NA	NA	NA	NA	NA	NA	NA	NA	NA	NA	NA	NA
null_modules	results/stage10d_tech/STAGE10D_TECH_NULL_MODULE_RESULTS.tsv	776c43d27d133f5dfdbda19e2c071a2a95942d9a403a3e87ae0a43ef3f995826	NULL_MATCHED_M30_0284	30	ATF7IP;BICDL2;CSK;DCAF11;DENND2D;DOCK8;DUS1L;FAM207A;GALNT7;GRK6;HEBP2;HNRNPL;IAH1;IST1;NCF1;NDUFA10;NUDT16L1;PATJ;PDZD8;PLS1;PPP1R18;PPP4R3B;PSMB8-AS1;PTPN7;SEPT1;SETD2;SPEN;SUPT5H;SYTL2;TBC1D10C	0.0394504834716483	0	1.01167392428863	NA	NA	NA	NA	4	72	simulation_replicate	empirical null draw; no per-module interval	NA	NA	NA	NA	NA	NA	NA	NA	NA	NA	NA	NA	NA	NA	NA	NA	NA	NA	NA	NA	NA	NA	NA	NA	NA	NA	NA	NA
null_modules	results/stage10d_tech/STAGE10D_TECH_NULL_MODULE_RESULTS.tsv	776c43d27d133f5dfdbda19e2c071a2a95942d9a403a3e87ae0a43ef3f995826	NULL_MATCHED_M30_0285	30	ARHGAP45;CAB39;CHD7;COX19;CYHR1;DDR1;DUS1L;EBPL;ENOPH1;GNPAT;GRK6;IFT172;LDLRAD4;LYN;MAL2;MAP7;MDH1;MLLT6;NSD1;PNKP;RNPEPL1;RPP25L;SETD2;SIRT7;SPEN;TBC1D10C;TUSC2;UBN1;WIPF1;ZNF33A	-0.0370832921233767	0	1.01262409157921	NA	NA	NA	NA	4	72	simulation_replicate	empirical null draw; no per-module interval	NA	NA	NA	NA	NA	NA	NA	NA	NA	NA	NA	NA	NA	NA	NA	NA	NA	NA	NA	NA	NA	NA	NA	NA	NA	NA	NA	NA
null_modules	results/stage10d_tech/STAGE10D_TECH_NULL_MODULE_RESULTS.tsv	776c43d27d133f5dfdbda19e2c071a2a95942d9a403a3e87ae0a43ef3f995826	NULL_MATCHED_M30_0286	30	ARHGAP18;BICDL2;CASP7;CLDND1;DUS1L;GRK6;HCLS1;IFT172;IKZF1;KCNN4;KMT5B;LUC7L2;MUC3A;PHLDA2;PNKP;PPP1R18;PSMB8-AS1;SEPT1;SETD2;SIRT7;SPINT1-AS1;SPTAN1;STARD3NL;STRBP;SUPT5H;SYTL2;TCEAL9;UBN1;USP3;WIPF1	-0.00406554487753713	0.0357142857142857	1.0134942687174	NA	NA	NA	NA	4	72	simulation_replicate	empirical null draw; no per-module interval	NA	NA	NA	NA	NA	NA	NA	NA	NA	NA	NA	NA	NA	NA	NA	NA	NA	NA	NA	NA	NA	NA	NA	NA	NA	NA	NA	NA
null_modules	results/stage10d_tech/STAGE10D_TECH_NULL_MODULE_RESULTS.tsv	776c43d27d133f5dfdbda19e2c071a2a95942d9a403a3e87ae0a43ef3f995826	NULL_MATCHED_M30_0287	30	ACSL3;ADSS;ANKRD49;ARHGAP45;ASF1A;CHD7;DENND2D;ENOPH1;EPB41;GNPAT;IFT172;KMT5B;MAP2K3;ME2;MRPS26;MUC3A;NUDT16L1;PNKP;PPID;PSMB8-AS1;PTPN4;PTPRC;RPP25L;SDF4;SETD2;SLMAP;STRBP;WIPF1;YDJC;YIPF2	-0.0346747468642564	-0.0238095238095238	1.03182344429884	NA	NA	NA	NA	4	72	simulation_replicate	empirical null draw; no per-module interval	NA	NA	NA	NA	NA	NA	NA	NA	NA	NA	NA	NA	NA	NA	NA	NA	NA	NA	NA	NA	NA	NA	NA	NA	NA	NA	NA	NA
null_modules	results/stage10d_tech/STAGE10D_TECH_NULL_MODULE_RESULTS.tsv	776c43d27d133f5dfdbda19e2c071a2a95942d9a403a3e87ae0a43ef3f995826	NULL_MATCHED_M30_0288	30	ANKRD44;CAB39;COX19;CSK;DCAF11;EIF4A3;ENOPH1;FAM207A;GALM;GTF2E2;HLA-DQB1;KMT5B;LCK;LIPH;MAP2K1;MSH3;MUC3A;NGLY1;NUBP2;PTPN7;PTPRC;RIF1;SEPT1;SETD2;SIRT7;SUPT5H;TBC1D10C;TRAF3IP3;UBN1;USP3	-0.109601060059013	-0.119047619047619	1.01100078706131	NA	NA	NA	NA	4	72	simulation_replicate	empirical null draw; no per-module interval	NA	NA	NA	NA	NA	NA	NA	NA	NA	NA	NA	NA	NA	NA	NA	NA	NA	NA	NA	NA	NA	NA	NA	NA	NA	NA	NA	NA
null_modules	results/stage10d_tech/STAGE10D_TECH_NULL_MODULE_RESULTS.tsv	776c43d27d133f5dfdbda19e2c071a2a95942d9a403a3e87ae0a43ef3f995826	NULL_MATCHED_M30_0289	30	ABHD11;ANKRD44;ARHGAP45;CAB39;CETN2;CHD7;CLEC2D;CSK;DOCK8;DUS1L;ENOPH1;EPS8L2;FAM207A;GALNT3;GTF2E2;HCLS1;IFT172;LYPLA2;MUC3A;PATJ;PPID;SLC22A18;SLMAP;SPEN;SPINT1-AS1;SUMO3;UFM1;USP3;WBP11;WIPF1	-0.035982920010816	0.0119047619047619	1.02285272897685	NA	NA	NA	NA	4	72	simulation_replicate	empirical null draw; no per-module interval	NA	NA	NA	NA	NA	NA	NA	NA	NA	NA	NA	NA	NA	NA	NA	NA	NA	NA	NA	NA	NA	NA	NA	NA	NA	NA	NA	NA
null_modules	results/stage10d_tech/STAGE10D_TECH_NULL_MODULE_RESULTS.tsv	776c43d27d133f5dfdbda19e2c071a2a95942d9a403a3e87ae0a43ef3f995826	NULL_MATCHED_M30_0290	30	ANKRD44;ANKRD49;CCDC88B;CSNK1D;DCAF11;DENND2D;DOCK8;DUS1L;ESRRA;EXOSC1;GALM;GALNT7;GRK6;GYPC;HCLS1;HNRNPL;MLLT6;MSH3;NCF1;NGLY1;NORAD;PPP1R18;PTPN7;PXMP2;SEPT1;SYTL2;TMC6;YDJC;YY1;ZNF131	0.02218527615697	0.0238095238095238	1.02447931857122	NA	NA	NA	NA	4	72	simulation_replicate	empirical null draw; no per-module interval	NA	NA	NA	NA	NA	NA	NA	NA	NA	NA	NA	NA	NA	NA	NA	NA	NA	NA	NA	NA	NA	NA	NA	NA	NA	NA	NA	NA
null_modules	results/stage10d_tech/STAGE10D_TECH_NULL_MODULE_RESULTS.tsv	776c43d27d133f5dfdbda19e2c071a2a95942d9a403a3e87ae0a43ef3f995826	NULL_MATCHED_M30_0291	30	AFF4;ANKRD49;CAB39;CASP7;CSK;CYHR1;ENOPH1;FAM207A;GALNT3;GNPAT;HNRNPL;INTS6;MALSU1;MLLT6;MSH3;NCF1;PPP1R18;PPP2R1A;PSMB8-AS1;PTPRC;SETD2;SIRT7;SPINT1-AS1;SYTL2;TMC6;TRAF4;TRIP12;UCHL3;WIPF1;YDJC	-0.110100972812419	-0.154761904761905	1.05184573727962	NA	NA	NA	NA	4	72	simulation_replicate	empirical null draw; no per-module interval	NA	NA	NA	NA	NA	NA	NA	NA	NA	NA	NA	NA	NA	NA	NA	NA	NA	NA	NA	NA	NA	NA	NA	NA	NA	NA	NA	NA
null_modules	results/stage10d_tech/STAGE10D_TECH_NULL_MODULE_RESULTS.tsv	776c43d27d133f5dfdbda19e2c071a2a95942d9a403a3e87ae0a43ef3f995826	NULL_MATCHED_M30_0292	30	ANKRD49;ATF7IP;BICDL2;CSK;DDR1;EBP;GTF2E2;GYPC;ICAM3;LDLRAD4;LINC01871;LYN;MAP2K3;ME2;MLLT6;MRPL48;PIP4K2A;PNKP;PPP1R18;PSMB8-AS1;RTCA;SEPT1;SETD2;SIRT7;STRBP;SYTL2;TMC6;TRAF4;VKORC1;YDJC	-0.0213259959675606	0.0476190476190476	0.992641503067046	NA	NA	NA	NA	4	72	simulation_replicate	empirical null draw; no per-module interval	NA	NA	NA	NA	NA	NA	NA	NA	NA	NA	NA	NA	NA	NA	NA	NA	NA	NA	NA	NA	NA	NA	NA	NA	NA	NA	NA	NA
null_modules	results/stage10d_tech/STAGE10D_TECH_NULL_MODULE_RESULTS.tsv	776c43d27d133f5dfdbda19e2c071a2a95942d9a403a3e87ae0a43ef3f995826	NULL_MATCHED_M30_0293	30	ASF1A;BIN1;CMBL;COX19;CUEDC2;CYHR1;DOCK8;DUS1L;ENOPH1;EPB41;GALNT7;IKZF1;KMT5B;LINC01871;LSP1;LYN;MSH3;PATJ;PLS1;PNKP;PSMB8-AS1;PTPN7;PTS;RPP25L;SIRT7;SLMAP;SPINT1-AS1;SUPT5H;TMC6;ZNF131	-0.0141684910416719	-0.0357142857142857	1.00245977849583	NA	NA	NA	NA	4	72	simulation_replicate	empirical null draw; no per-module interval	NA	NA	NA	NA	NA	NA	NA	NA	NA	NA	NA	NA	NA	NA	NA	NA	NA	NA	NA	NA	NA	NA	NA	NA	NA	NA	NA	NA
null_modules	results/stage10d_tech/STAGE10D_TECH_NULL_MODULE_RESULTS.tsv	776c43d27d133f5dfdbda19e2c071a2a95942d9a403a3e87ae0a43ef3f995826	NULL_MATCHED_M30_0294	30	ANKRD44;CCDC88B;DDR1;DUS1L;EHF;FAM207A;GALM;GALNT7;GTF2E2;IFT172;LSM8;LYPLA2;MAL2;ME2;NGLY1;PPID;PPP1R18;PSMB8-AS1;PTPN4;RTCA;SETD2;SPINT1-AS1;SYTL2;TMC6;TRAF3IP3;UBXN6;VPS13C;YDJC;ZC3H15;ZNF131	-0.0317156252098919	0.0238095238095238	1.02999897718924	NA	NA	NA	NA	4	72	simulation_replicate	empirical null draw; no per-module interval	NA	NA	NA	NA	NA	NA	NA	NA	NA	NA	NA	NA	NA	NA	NA	NA	NA	NA	NA	NA	NA	NA	NA	NA	NA	NA	NA	NA
null_modules	results/stage10d_tech/STAGE10D_TECH_NULL_MODULE_RESULTS.tsv	776c43d27d133f5dfdbda19e2c071a2a95942d9a403a3e87ae0a43ef3f995826	NULL_MATCHED_M30_0295	30	ANKRD49;BICDL2;CASP7;CCDC88B;CCSER2;CHD7;DENND2D;DOCK8;EPB41;GALNT3;GTF2A2;GTF2E2;HCLS1;KCNN4;KMT5B;MGAT4B;MLLT6;PATJ;PCGF5;PIP4K2A;PLPP2;PLS1;PPID;PTPN7;SEPT1;TM9SF2;TMC6;TRAF4;UBQLN1;YDJC	-0.024451177897855	-0.0238095238095238	1.02807124152047	NA	NA	NA	NA	4	72	simulation_replicate	empirical null draw; no per-module interval	NA	NA	NA	NA	NA	NA	NA	NA	NA	NA	NA	NA	NA	NA	NA	NA	NA	NA	NA	NA	NA	NA	NA	NA	NA	NA	NA	NA
null_modules	results/stage10d_tech/STAGE10D_TECH_NULL_MODULE_RESULTS.tsv	776c43d27d133f5dfdbda19e2c071a2a95942d9a403a3e87ae0a43ef3f995826	NULL_MATCHED_M30_0296	30	AFTPH;ANKRD49;ARHGAP18;ARHGAP45;CASP7;DOCK8;EIF3J;ENOPH1;EPS8L2;GALNT7;GNPAT;GTF2E2;IKZF1;KCNN4;KMT5B;MAP2K1;PABPC4;PAICS;PCGF5;PIP4K2A;PPP1R18;PPP4R3B;PTPRC;RTCA;SEPT1;SIRT7;SUPT5H;TRAF3IP3;TRAF4;ZNF131	-0.0113957438313334	-0.0238095238095238	1.03317536287397	NA	NA	NA	NA	4	72	simulation_replicate	empirical null draw; no per-module interval	NA	NA	NA	NA	NA	NA	NA	NA	NA	NA	NA	NA	NA	NA	NA	NA	NA	NA	NA	NA	NA	NA	NA	NA	NA	NA	NA	NA
null_modules	results/stage10d_tech/STAGE10D_TECH_NULL_MODULE_RESULTS.tsv	776c43d27d133f5dfdbda19e2c071a2a95942d9a403a3e87ae0a43ef3f995826	NULL_MATCHED_M30_0297	30	AFTPH;ANKRD49;ARHGAP45;BICDL2;CCDC88B;CERS6;CSK;DNAJC2;EPB41;GALM;GALNT3;HCLS1;IFI27L2;KCNN4;LYN;LYPLA2;MAP2K3;NDUFAF2;PCGF5;PGLS;PNKP;PPP1R18;PSMB8-AS1;PTPN7;RPP25L;SETD2;SPOP;SYNRG;TMC6;UBN1	-0.00713958773039015	0.0119047619047619	1.01808552637209	NA	NA	NA	NA	4	72	simulation_replicate	empirical null draw; no per-module interval	NA	NA	NA	NA	NA	NA	NA	NA	NA	NA	NA	NA	NA	NA	NA	NA	NA	NA	NA	NA	NA	NA	NA	NA	NA	NA	NA	NA
null_modules	results/stage10d_tech/STAGE10D_TECH_NULL_MODULE_RESULTS.tsv	776c43d27d133f5dfdbda19e2c071a2a95942d9a403a3e87ae0a43ef3f995826	NULL_MATCHED_M30_0298	30	ANKRD44;BICDL2;CDK6;CHD7;CYHR1;DDR1;DENND2D;EPB41;EPS8L2;FAM207A;GALNT7;GNPAT;IFT172;IKZF1;KCNN4;KMT5B;LDLRAD4;MUC3A;NCF1;NGLY1;NQO1;PDZD8;PNKP;PRMT2;PSMB8-AS1;PSMB9;RTCA;SLMAP;STARD3NL;VPS26A	0.0517704725405153	-0.0119047619047619	1.00369179119261	NA	NA	NA	NA	4	72	simulation_replicate	empirical null draw; no per-module interval	NA	NA	NA	NA	NA	NA	NA	NA	NA	NA	NA	NA	NA	NA	NA	NA	NA	NA	NA	NA	NA	NA	NA	NA	NA	NA	NA	NA
null_modules	results/stage10d_tech/STAGE10D_TECH_NULL_MODULE_RESULTS.tsv	776c43d27d133f5dfdbda19e2c071a2a95942d9a403a3e87ae0a43ef3f995826	NULL_MATCHED_M30_0299	30	ACADS;ANKRD44;ANKRD49;CAB39;CASP7;CHD7;CYHR1;DDR1;DUS1L;EPB41;GNPAT;LDLRAD4;LYPLA2;MAP2K1;MRPL21;NFAT5;PNKP;PPP1R18;SEPT1;SF3B2;SPEN;SPINT1-AS1;SRPK2;STRBP;SUPT5H;TBC1D10C;UBN1;YDJC;ZC3H15;ZNF131	-0.0378464253484683	-0.0119047619047619	1.05786544024431	NA	NA	NA	NA	4	72	simulation_replicate	empirical null draw; no per-module interval	NA	NA	NA	NA	NA	NA	NA	NA	NA	NA	NA	NA	NA	NA	NA	NA	NA	NA	NA	NA	NA	NA	NA	NA	NA	NA	NA	NA
null_modules	results/stage10d_tech/STAGE10D_TECH_NULL_MODULE_RESULTS.tsv	776c43d27d133f5dfdbda19e2c071a2a95942d9a403a3e87ae0a43ef3f995826	NULL_MATCHED_M30_0300	30	AFTPH;AGR3;ASF1A;CAB39;CCDC88B;CETN2;CHD7;DOCK8;EPB41;GNPAT;LDLRAD4;LYPLA2;ME2;MRPS26;NCF1;PLS1;PPP1R18;PTPN7;SLMAP;SPEN;SPINT1-AS1;STARD3NL;SUPT5H;TBC1D10C;TRAF4;UBN1;VPS26A;WASL;YDJC;ZC3H15	-0.0331217825911625	-0.0238095238095238	1.01323189334553	NA	NA	NA	NA	4	72	simulation_replicate	empirical null draw; no per-module interval	NA	NA	NA	NA	NA	NA	NA	NA	NA	NA	NA	NA	NA	NA	NA	NA	NA	NA	NA	NA	NA	NA	NA	NA	NA	NA	NA	NA
null_modules	results/stage10d_tech/STAGE10D_TECH_NULL_MODULE_RESULTS.tsv	776c43d27d133f5dfdbda19e2c071a2a95942d9a403a3e87ae0a43ef3f995826	NULL_MATCHED_M30_0301	30	AAK1;BICDL2;BST2;CSK;DCAF11;DDR1;DDX39A;ENOPH1;EPB41;HCLS1;ISG20;KCNN4;KMT5B;MAP2K3;MLLT6;MSH3;PATJ;PCGF5;PNKP;PPP2R1A;PTPN4;RPP25L;RTCA;SORL1;SPEN;STRBP;SYTL2;TBC1D10C;USP3;YDJC	0.0239900868027262	-0.0238095238095238	0.997088647883107	NA	NA	NA	NA	4	72	simulation_replicate	empirical null draw; no per-module interval	NA	NA	NA	NA	NA	NA	NA	NA	NA	NA	NA	NA	NA	NA	NA	NA	NA	NA	NA	NA	NA	NA	NA	NA	NA	NA	NA	NA
null_modules	results/stage10d_tech/STAGE10D_TECH_NULL_MODULE_RESULTS.tsv	776c43d27d133f5dfdbda19e2c071a2a95942d9a403a3e87ae0a43ef3f995826	NULL_MATCHED_M30_0302	30	BICDL2;CCDC88B;COMT;COX19;DENND2D;DUS1L;EHF;EIF4EBP1;EPB41;GNPAT;GOLGB1;GRK6;HNRNPL;IFT20;MAP2K3;ME2;MLLT6;MSH3;MUC3A;PIP4K2A;PSMB8-AS1;PTPN4;PTPN7;RPP25L;RTCA;SPEN;SYTL2;TMC6;VPS26A;ZNF131	0.0335348887534171	0.0357142857142857	0.99805549990282	NA	NA	NA	NA	4	72	simulation_replicate	empirical null draw; no per-module interval	NA	NA	NA	NA	NA	NA	NA	NA	NA	NA	NA	NA	NA	NA	NA	NA	NA	NA	NA	NA	NA	NA	NA	NA	NA	NA	NA	NA
null_modules	results/stage10d_tech/STAGE10D_TECH_NULL_MODULE_RESULTS.tsv	776c43d27d133f5dfdbda19e2c071a2a95942d9a403a3e87ae0a43ef3f995826	NULL_MATCHED_M30_0303	30	CEP57;CHD7;COX17;DCAF11;DDR1;FAM207A;GNPAT;GRK6;HCLS1;HMG20B;HNRNPL;KCNN4;KMT5B;NCF1;NDUFAF2;NUDT16L1;PCGF5;PPCS;PSMB8-AS1;RPP25L;SETD2;SIRT7;SLMAP;SUPT5H;TMC6;TMPRSS2;TRAF3IP3;TRIP12;UBE2L6;UBN1	-0.0800557953024313	0.0119047619047619	1.0054477601039	NA	NA	NA	NA	4	72	simulation_replicate	empirical null draw; no per-module interval	NA	NA	NA	NA	NA	NA	NA	NA	NA	NA	NA	NA	NA	NA	NA	NA	NA	NA	NA	NA	NA	NA	NA	NA	NA	NA	NA	NA
null_modules	results/stage10d_tech/STAGE10D_TECH_NULL_MODULE_RESULTS.tsv	776c43d27d133f5dfdbda19e2c071a2a95942d9a403a3e87ae0a43ef3f995826	NULL_MATCHED_M30_0304	30	ALKBH5;ARHGAP45;ASF1A;CAB39;DENND2D;DOCK8;EPB41;GALNT3;GMFG;HCLS1;HLA-DQB1;IFNAR1;IFT172;IKZF1;KCNN4;LYN;MDH1;ME2;MRPL28;MSH3;NCF1;PIP4K2A;PNKP;PSMB8-AS1;SEPT1;SPINT1-AS1;TBC1D10C;UBN1;YDJC;ZNF131	0.126611605743178	0.0833333333333333	0.974177338034701	NA	NA	NA	NA	4	72	simulation_replicate	empirical null draw; no per-module interval	NA	NA	NA	NA	NA	NA	NA	NA	NA	NA	NA	NA	NA	NA	NA	NA	NA	NA	NA	NA	NA	NA	NA	NA	NA	NA	NA	NA
null_modules	results/stage10d_tech/STAGE10D_TECH_NULL_MODULE_RESULTS.tsv	776c43d27d133f5dfdbda19e2c071a2a95942d9a403a3e87ae0a43ef3f995826	NULL_MATCHED_M30_0305	30	ARHGAP45;CASP7;COX19;ENOPH1;EPB41;FKBP3;GALNT7;GNPAT;HAGH;HNRNPL;KCNN4;KMT5B;LYPLA2;MAP2K1;MAP7;MLLT6;NORAD;PATJ;PCGF5;PLS1;PTPN4;SIRT7;SLC38A1;SPOP;STARD3NL;STRBP;SUPT5H;TRAF4;ZMYND8;ZNF131	0.0196826422052138	0.0238095238095238	1.01200528887012	NA	NA	NA	NA	4	72	simulation_replicate	empirical null draw; no per-module interval	NA	NA	NA	NA	NA	NA	NA	NA	NA	NA	NA	NA	NA	NA	NA	NA	NA	NA	NA	NA	NA	NA	NA	NA	NA	NA	NA	NA
null_modules	results/stage10d_tech/STAGE10D_TECH_NULL_MODULE_RESULTS.tsv	776c43d27d133f5dfdbda19e2c071a2a95942d9a403a3e87ae0a43ef3f995826	NULL_MATCHED_M30_0306	30	AFTPH;ANKRD44;ANKRD49;CASP7;COX19;DUS1L;GALNT3;GALNT7;GNPAT;HNRNPL;HSPA9;IKZF1;MFF;MLLT6;MUC3A;NCF1;NGLY1;PATJ;PIP4K2A;PNKP;PRPF40A;PXMP2;SIRT7;STARD3NL;STRBP;SYTL2;TRAF4;UBE2L6;WASL;WIPF1	-0.0167526690470054	-0.0238095238095238	1.05621178813173	NA	NA	NA	NA	4	72	simulation_replicate	empirical null draw; no per-module interval	NA	NA	NA	NA	NA	NA	NA	NA	NA	NA	NA	NA	NA	NA	NA	NA	NA	NA	NA	NA	NA	NA	NA	NA	NA	NA	NA	NA
null_modules	results/stage10d_tech/STAGE10D_TECH_NULL_MODULE_RESULTS.tsv	776c43d27d133f5dfdbda19e2c071a2a95942d9a403a3e87ae0a43ef3f995826	NULL_MATCHED_M30_0307	30	CAB39;CASP7;DCAF11;DNAJC2;DPY30;DUS1L;ENOPH1;GRK6;GSKIP;HCLS1;HNRNPL;IFT172;ME2;MRPS26;NCF1;PATJ;PIP4K2A;PNKP;PPID;PSMC3;RTCA;SEPT1;SMIM12;STARD3NL;SUPT5H;TBC1D10C;UBN1;USP48;WIPF1;YDJC	-0.0327170562387282	0.0238095238095238	0.995803738582263	NA	NA	NA	NA	4	72	simulation_replicate	empirical null draw; no per-module interval	NA	NA	NA	NA	NA	NA	NA	NA	NA	NA	NA	NA	NA	NA	NA	NA	NA	NA	NA	NA	NA	NA	NA	NA	NA	NA	NA	NA
null_modules	results/stage10d_tech/STAGE10D_TECH_NULL_MODULE_RESULTS.tsv	776c43d27d133f5dfdbda19e2c071a2a95942d9a403a3e87ae0a43ef3f995826	NULL_MATCHED_M30_0308	30	ANKRD49;ATF7IP;COA3;DDR1;EPB41;FAM207A;GALNT3;GALNT7;GIPC1;HNRNPL;IKZF1;ME2;MLLT6;NGLY1;PSMB8-AS1;PTPN4;PTPN7;RIF1;RPIA;RPP25L;RTCA;SETD2;SIRT7;SPEN;SYTL2;TNFSF10;TRAF4;USP3;USP48;YDJC	-0.115008872627313	-0.154761904761905	1.03256746942564	NA	NA	NA	NA	4	72	simulation_replicate	empirical null draw; no per-module interval	NA	NA	NA	NA	NA	NA	NA	NA	NA	NA	NA	NA	NA	NA	NA	NA	NA	NA	NA	NA	NA	NA	NA	NA	NA	NA	NA	NA
null_modules	results/stage10d_tech/STAGE10D_TECH_NULL_MODULE_RESULTS.tsv	776c43d27d133f5dfdbda19e2c071a2a95942d9a403a3e87ae0a43ef3f995826	NULL_MATCHED_M30_0309	30	AK3;ANKRD49;CCDC88B;CUEDC2;DOCK8;ENOPH1;FAM207A;GNPAT;HCLS1;IFT172;KCNN4;LYN;MAP7;MUC3A;NUDT16L1;NUDT5;PLS1;PNKP;PPID;PPP1R16A;PTPN4;SEPT1;STRBP;SUCLG1;TRAF3IP3;TRAF4;WIPF1;YDJC;ZMYND8;ZNF131	-0.0389707202168211	-0.0714285714285714	1.01743271936783	NA	NA	NA	NA	4	72	simulation_replicate	empirical null draw; no per-module interval	NA	NA	NA	NA	NA	NA	NA	NA	NA	NA	NA	NA	NA	NA	NA	NA	NA	NA	NA	NA	NA	NA	NA	NA	NA	NA	NA	NA
null_modules	results/stage10d_tech/STAGE10D_TECH_NULL_MODULE_RESULTS.tsv	776c43d27d133f5dfdbda19e2c071a2a95942d9a403a3e87ae0a43ef3f995826	NULL_MATCHED_M30_0310	30	AFTPH;ANKRD10;ANKRD44;ARHGAP45;ATF7IP;BICDL2;CASP7;CDK13;CHD7;DCAF11;DDR1;EPS8L2;FAM207A;GYPC;HCLS1;IKZF1;KCNN4;MAP2K1;MLLT6;NCF1;NDUFA10;PLS1;PPP1R18;SEPT1;SETD2;SPEN;SUCLG2;TRAF3IP3;USH1C;ZNF131	-0.000963163613116333	0.0119047619047619	1.03982351096782	NA	NA	NA	NA	4	72	simulation_replicate	empirical null draw; no per-module interval	NA	NA	NA	NA	NA	NA	NA	NA	NA	NA	NA	NA	NA	NA	NA	NA	NA	NA	NA	NA	NA	NA	NA	NA	NA	NA	NA	NA
null_modules	results/stage10d_tech/STAGE10D_TECH_NULL_MODULE_RESULTS.tsv	776c43d27d133f5dfdbda19e2c071a2a95942d9a403a3e87ae0a43ef3f995826	NULL_MATCHED_M30_0311	30	ASF1A;CAB39;CSK;CTBP2;CYHR1;EPS8L2;FAM192A;FAM207A;GALM;GALNT3;GSPT1;IFT172;KCNN4;KXD1;LSM10;MAP2K3;MAP7;MLLT6;MUC3A;PATJ;PIP4K2A;PPP1R18;PSMB9;PTPN7;SETD2;SLMAP;TMC6;TRAF3IP3;WIPF1;ZNF131	0.0423395754936938	0.0357142857142857	0.983383414512691	NA	NA	NA	NA	4	72	simulation_replicate	empirical null draw; no per-module interval	NA	NA	NA	NA	NA	NA	NA	NA	NA	NA	NA	NA	NA	NA	NA	NA	NA	NA	NA	NA	NA	NA	NA	NA	NA	NA	NA	NA
null_modules	results/stage10d_tech/STAGE10D_TECH_NULL_MODULE_RESULTS.tsv	776c43d27d133f5dfdbda19e2c071a2a95942d9a403a3e87ae0a43ef3f995826	NULL_MATCHED_M30_0312	30	ALDH9A1;BICDL2;CARHSP1;CXXC5;CYHR1;DDR1;DENND2D;DOCK8;EPS8L2;FAM207A;GALM;GALNT7;IFT172;IKZF1;IST1;LIPH;LYPLA2;MAP7;ME2;MSH3;NGLY1;NORAD;PIP4K2A;RASSF7;RTCA;SEPT1;SIRT7;TRAF3IP3;UBN1;ZNF131	-0.0430325402029966	-0.0714285714285714	0.998326389191713	NA	NA	NA	NA	4	72	simulation_replicate	empirical null draw; no per-module interval	NA	NA	NA	NA	NA	NA	NA	NA	NA	NA	NA	NA	NA	NA	NA	NA	NA	NA	NA	NA	NA	NA	NA	NA	NA	NA	NA	NA
null_modules	results/stage10d_tech/STAGE10D_TECH_NULL_MODULE_RESULTS.tsv	776c43d27d133f5dfdbda19e2c071a2a95942d9a403a3e87ae0a43ef3f995826	NULL_MATCHED_M30_0313	30	ARHGAP45;ASF1A;ATF7IP;CAB39;CCDC88B;DCAF11;DDX3X;DENND2D;DUS1L;FAM207A;GALNT3;GALNT7;GNPAT;GOLGB1;KCNN4;LIPH;MARK3;MRPS26;PCGF5;PIP4K2A;PLS1;RPP25L;SEPT1;SIRT7;SUPT5H;TRAF4;UBAC2;UBN1;USP3;ZNF148	0.012231992047359	0.0357142857142857	0.998881444556532	NA	NA	NA	NA	4	72	simulation_replicate	empirical null draw; no per-module interval	NA	NA	NA	NA	NA	NA	NA	NA	NA	NA	NA	NA	NA	NA	NA	NA	NA	NA	NA	NA	NA	NA	NA	NA	NA	NA	NA	NA
null_modules	results/stage10d_tech/STAGE10D_TECH_NULL_MODULE_RESULTS.tsv	776c43d27d133f5dfdbda19e2c071a2a95942d9a403a3e87ae0a43ef3f995826	NULL_MATCHED_M30_0314	30	AAK1;AFTPH;COX19;DDIT4;DDR1;DENND2D;FAM207A;GALM;IKZF1;KCNN4;KMT5B;MALSU1;MAP2K1;MAP2K3;MAP7;NCF1;PARP14;PIP4K2A;PNKP;PPP1R18;PSMC3;PTPN4;RAC2;SEPT1;SIRT7;SUPT5H;TMC6;UBAC2;USP3;ZNF131	-0.0575921685659728	-0.0357142857142857	1.03200923397951	NA	NA	NA	NA	4	72	simulation_replicate	empirical null draw; no per-module interval	NA	NA	NA	NA	NA	NA	NA	NA	NA	NA	NA	NA	NA	NA	NA	NA	NA	NA	NA	NA	NA	NA	NA	NA	NA	NA	NA	NA
null_modules	results/stage10d_tech/STAGE10D_TECH_NULL_MODULE_RESULTS.tsv	776c43d27d133f5dfdbda19e2c071a2a95942d9a403a3e87ae0a43ef3f995826	NULL_MATCHED_M30_0315	30	ANKRD44;CACYBP;CCDC88B;CCNC;CDK6;COX19;DOCK8;DUS1L;EPB41;EPS8L2;GNPAT;GTF2E2;HNRNPL;LDLRAD4;MAP2K3;MAP7;ME2;MRPL21;MSH3;NUDT16L1;PPID;RTCA;SETD2;SLC22A18;SLMAP;STARD3NL;TNRC6B;TRAF4;TRPM4;UBN1	-0.0717766438701203	-0.107142857142857	1.02001572173448	NA	NA	NA	NA	4	72	simulation_replicate	empirical null draw; no per-module interval	NA	NA	NA	NA	NA	NA	NA	NA	NA	NA	NA	NA	NA	NA	NA	NA	NA	NA	NA	NA	NA	NA	NA	NA	NA	NA	NA	NA
null_modules	results/stage10d_tech/STAGE10D_TECH_NULL_MODULE_RESULTS.tsv	776c43d27d133f5dfdbda19e2c071a2a95942d9a403a3e87ae0a43ef3f995826	NULL_MATCHED_M30_0316	30	ANKRD44;ANXA3;CASP7;CCDC88B;CHD7;COX19;DDX3X;FAM200B;FAM207A;GALNT3;IFT172;KCNN4;MAN1A2;MAP2K1;MAP2K3;MAP7;ME2;MSH3;PPP1R18;PSMB8-AS1;PTPN4;QSOX1;SEPT1;SLC25A36;SLMAP;SPINT1-AS1;SUPT5H;SYTL2;TRAF4;TRIP12	-0.0429067796354792	-0.0595238095238095	1.04135921560499	NA	NA	NA	NA	4	72	simulation_replicate	empirical null draw; no per-module interval	NA	NA	NA	NA	NA	NA	NA	NA	NA	NA	NA	NA	NA	NA	NA	NA	NA	NA	NA	NA	NA	NA	NA	NA	NA	NA	NA	NA
null_modules	results/stage10d_tech/STAGE10D_TECH_NULL_MODULE_RESULTS.tsv	776c43d27d133f5dfdbda19e2c071a2a95942d9a403a3e87ae0a43ef3f995826	NULL_MATCHED_M30_0317	30	AHCY;BLVRB;COPS4;CTDSP1;DOCK8;DUS1L;EPB41;GNPAT;HCLS1;IFT172;IKZF1;LYPLA2;MAP2K1;MAP7;MSH3;NGLY1;PDCD4;POLR2C;PPP1R18;PTPN4;SEPT1;SLMAP;SPEN;STARD3NL;SYTL2;TRAF4;UBN1;USP3;YDJC;ZMYND8	0.00349789290416555	0.0238095238095238	1.00760431191993	NA	NA	NA	NA	4	72	simulation_replicate	empirical null draw; no per-module interval	NA	NA	NA	NA	NA	NA	NA	NA	NA	NA	NA	NA	NA	NA	NA	NA	NA	NA	NA	NA	NA	NA	NA	NA	NA	NA	NA	NA
null_modules	results/stage10d_tech/STAGE10D_TECH_NULL_MODULE_RESULTS.tsv	776c43d27d133f5dfdbda19e2c071a2a95942d9a403a3e87ae0a43ef3f995826	NULL_MATCHED_M30_0318	30	ABI1;ANKRD49;ARHGAP45;ATF7IP;BICDL2;CAB39;CCDC88B;CETN2;COX19;DENND2D;DOCK8;EPB41;FAM192A;GALNT7;HCLS1;IKZF1;KCNN4;KMT5B;MLLT6;NCF1;NUDT16L1;PSMB8-AS1;PTPN7;SDF4;SF3B2;SIRT7;SPEN;SUPT5H;VSIG2;YDJC	-0.0762977639862277	-0.0833333333333333	1.03135569166365	NA	NA	NA	NA	4	72	simulation_replicate	empirical null draw; no per-module interval	NA	NA	NA	NA	NA	NA	NA	NA	NA	NA	NA	NA	NA	NA	NA	NA	NA	NA	NA	NA	NA	NA	NA	NA	NA	NA	NA	NA
null_modules	results/stage10d_tech/STAGE10D_TECH_NULL_MODULE_RESULTS.tsv	776c43d27d133f5dfdbda19e2c071a2a95942d9a403a3e87ae0a43ef3f995826	NULL_MATCHED_M30_0319	30	ASF1A;CASP7;CCDC88B;COX19;CYHR1;DCAF11;DOCK8;EXOSC1;FAM207A;GRK6;GTF2E2;HNRNPL;HSF1;IFI27L2;LSP1;MAP2K3;ME2;MLLT6;MSH3;PLS1;PPP1R18;SETD2;SLMAP;TBC1D10C;TDP2;TMC6;TMEM63A;USP3;XIAP;YDJC	0.0650945590789131	0.0357142857142857	0.990733717086114	NA	NA	NA	NA	4	72	simulation_replicate	empirical null draw; no per-module interval	NA	NA	NA	NA	NA	NA	NA	NA	NA	NA	NA	NA	NA	NA	NA	NA	NA	NA	NA	NA	NA	NA	NA	NA	NA	NA	NA	NA
null_modules	results/stage10d_tech/STAGE10D_TECH_NULL_MODULE_RESULTS.tsv	776c43d27d133f5dfdbda19e2c071a2a95942d9a403a3e87ae0a43ef3f995826	NULL_MATCHED_M30_0320	30	AFTPH;ATF7IP;C5orf24;CBWD5;CHD7;COX19;CSK;DCAF11;DDR1;DENND2D;EPB41;FAM207A;FERMT1;GALM;HNRNPL;MAP7;MLLT6;PSMA5;PTPN7;RPP25L;RTN3;SEPT1;SMC1A;SPINT1-AS1;STARD3NL;SUPT5H;TRAF4;UBN1;WIPF1;YDJC	-0.0517093632981138	0	1.02139296864377	NA	NA	NA	NA	4	72	simulation_replicate	empirical null draw; no per-module interval	NA	NA	NA	NA	NA	NA	NA	NA	NA	NA	NA	NA	NA	NA	NA	NA	NA	NA	NA	NA	NA	NA	NA	NA	NA	NA	NA	NA
null_modules	results/stage10d_tech/STAGE10D_TECH_NULL_MODULE_RESULTS.tsv	776c43d27d133f5dfdbda19e2c071a2a95942d9a403a3e87ae0a43ef3f995826	NULL_MATCHED_M30_0321	30	ARHGAP45;ATF7IP;CERS6;COX19;CSK;DCAF11;DDX3X;DUS1L;EXOSC1;GALNT3;GNPAT;GNPTAB;HNRNPH3;IKZF1;KCNN4;KMT5B;LDLRAD4;MAP2K1;MAP2K3;MLLT6;MRPL48;NUDT16L1;PATJ;PLPP2;RPP25L;RTCA;SLMAP;TBC1D10C;TMC6;USP3	0.0252850209775058	-0.0238095238095238	0.999002026613928	NA	NA	NA	NA	4	72	simulation_replicate	empirical null draw; no per-module interval	NA	NA	NA	NA	NA	NA	NA	NA	NA	NA	NA	NA	NA	NA	NA	NA	NA	NA	NA	NA	NA	NA	NA	NA	NA	NA	NA	NA
null_modules	results/stage10d_tech/STAGE10D_TECH_NULL_MODULE_RESULTS.tsv	776c43d27d133f5dfdbda19e2c071a2a95942d9a403a3e87ae0a43ef3f995826	NULL_MATCHED_M30_0322	30	ALDH9A1;ARPC4;CHD7;CYHR1;DCAF11;FAM207A;GALM;GALNT7;IKZF1;ILF2;KCNN4;KMT5B;LYPLA2;MLLT6;MRPL21;MUC3A;NGLY1;PDZD8;PPP1R18;PSMB8-AS1;RPA2;RTCA;STARD3NL;STX4;SUPT5H;SYTL2;TBC1D10C;TRAF3IP3;TRIP12;ZNF131	0.038476970598096	0.0357142857142857	1.00119491484207	NA	NA	NA	NA	4	72	simulation_replicate	empirical null draw; no per-module interval	NA	NA	NA	NA	NA	NA	NA	NA	NA	NA	NA	NA	NA	NA	NA	NA	NA	NA	NA	NA	NA	NA	NA	NA	NA	NA	NA	NA
null_modules	results/stage10d_tech/STAGE10D_TECH_NULL_MODULE_RESULTS.tsv	776c43d27d133f5dfdbda19e2c071a2a95942d9a403a3e87ae0a43ef3f995826	NULL_MATCHED_M30_0323	30	ASF1A;ATF7IP;CCDC88B;CHD7;DCAF11;DUS1L;EMG1;EPS8L2;GALM;GIPC1;GPA33;HCLS1;HNRNPL;IKZF1;LDLRAD4;LYPLA2;MAP2K1;MAP2K3;MAP7;MUC3A;PPID;PTPN7;RPP25L;SDF4;SIRT7;STARD3NL;TBC1D10C;TNRC6B;WIPF1;ZMYND8	0.0138056480395553	-0.0238095238095238	0.99532256394554	NA	NA	NA	NA	4	72	simulation_replicate	empirical null draw; no per-module interval	NA	NA	NA	NA	NA	NA	NA	NA	NA	NA	NA	NA	NA	NA	NA	NA	NA	NA	NA	NA	NA	NA	NA	NA	NA	NA	NA	NA
null_modules	results/stage10d_tech/STAGE10D_TECH_NULL_MODULE_RESULTS.tsv	776c43d27d133f5dfdbda19e2c071a2a95942d9a403a3e87ae0a43ef3f995826	NULL_MATCHED_M30_0324	30	ANKRD10;ANKRD44;ANKRD49;ASF1A;BICDL2;CCDC88B;CHD7;CYHR1;DENND2D;DOCK8;EPS8L2;FBXW5;GALNT7;GRPEL1;HCLS1;IFT172;IKZF1;IST1;KMT5B;MDH1;MLLT6;PCGF5;PLS1;PPID;PSMB8-AS1;RPP25L;SEPT1;SLMAP;TECR;ZNF131	0.0261885720673029	0.0476190476190476	0.993835294650328	NA	NA	NA	NA	4	72	simulation_replicate	empirical null draw; no per-module interval	NA	NA	NA	NA	NA	NA	NA	NA	NA	NA	NA	NA	NA	NA	NA	NA	NA	NA	NA	NA	NA	NA	NA	NA	NA	NA	NA	NA
null_modules	results/stage10d_tech/STAGE10D_TECH_NULL_MODULE_RESULTS.tsv	776c43d27d133f5dfdbda19e2c071a2a95942d9a403a3e87ae0a43ef3f995826	NULL_MATCHED_M30_0325	30	ANKRD44;ARHGAP45;CAB39;DCAF11;DENND2D;DUS1L;GALNT7;GNPAT;GRK6;GTF2E2;GYPC;IFI27L2;MAP2K3;MAP7;MSH3;MUC3A;NUDT16L1;PAICS;PARL;PGLS;PPP1R18;RTCA;SPEN;SPINT1-AS1;TBC1D10C;TNFAIP8;TRAF3IP3;UBE2L6;ZNF131;ZNF33A	-0.0265140726115962	0.0833333333333333	1.00592165721669	NA	NA	NA	NA	4	72	simulation_replicate	empirical null draw; no per-module interval	NA	NA	NA	NA	NA	NA	NA	NA	NA	NA	NA	NA	NA	NA	NA	NA	NA	NA	NA	NA	NA	NA	NA	NA	NA	NA	NA	NA
null_modules	results/stage10d_tech/STAGE10D_TECH_NULL_MODULE_RESULTS.tsv	776c43d27d133f5dfdbda19e2c071a2a95942d9a403a3e87ae0a43ef3f995826	NULL_MATCHED_M30_0326	30	ALKBH5;ARHGAP18;ARHGAP45;CAB39;CCDC88B;CCND1;CHD7;COX19;DCAF11;DOCK8;ENOPH1;FAM207A;GRK6;KCNN4;KMT5B;LYPLA2;MAP2K3;ME2;PATJ;PNKP;PTPN7;RARS;RBPJ;RTCA;SPEN;STARD3NL;SUPT5H;TRAF3IP3;VSIG2;WIPF1	0.0220850749178123	0.0238095238095238	0.975455141293375	NA	NA	NA	NA	4	72	simulation_replicate	empirical null draw; no per-module interval	NA	NA	NA	NA	NA	NA	NA	NA	NA	NA	NA	NA	NA	NA	NA	NA	NA	NA	NA	NA	NA	NA	NA	NA	NA	NA	NA	NA
null_modules	results/stage10d_tech/STAGE10D_TECH_NULL_MODULE_RESULTS.tsv	776c43d27d133f5dfdbda19e2c071a2a95942d9a403a3e87ae0a43ef3f995826	NULL_MATCHED_M30_0327	30	ANKRD44;ASF1A;ATF7IP;CSK;DOCK8;DUS1L;ENOPH1;EPB41;FAM207A;GALM;GALNT7;GNPAT;GNPTAB;HCLS1;HM13;HNRNPL;KLF13;LYPLA2;MUC3A;NORAD;PIP4K2A;PLS1;SETD2;SLC44A4;SPINT1-AS1;STARD3NL;STRBP;TRAF4;USH1C;YDJC	-0.00968493814548212	0	1.01604357290632	NA	NA	NA	NA	4	72	simulation_replicate	empirical null draw; no per-module interval	NA	NA	NA	NA	NA	NA	NA	NA	NA	NA	NA	NA	NA	NA	NA	NA	NA	NA	NA	NA	NA	NA	NA	NA	NA	NA	NA	NA
null_modules	results/stage10d_tech/STAGE10D_TECH_NULL_MODULE_RESULTS.tsv	776c43d27d133f5dfdbda19e2c071a2a95942d9a403a3e87ae0a43ef3f995826	NULL_MATCHED_M30_0328	30	ANKRD44;BRI3BP;CCDC88B;DCAF11;DOCK8;ENOPH1;EPB41;GALNT3;GRK6;GYPC;HNRNPL;LYN;MAP2K1;MZT1;NGLY1;PCGF5;PIP4K2A;PLS1;PNKP;PPID;PPP4C;PTPN4;SEC22B;SEPT1;SLMAP;SPINT1-AS1;SUMO3;TRIP12;UBXN6;USP3	0.0650847428995295	0.0833333333333333	1.01670022796415	NA	NA	NA	NA	4	72	simulation_replicate	empirical null draw; no per-module interval	NA	NA	NA	NA	NA	NA	NA	NA	NA	NA	NA	NA	NA	NA	NA	NA	NA	NA	NA	NA	NA	NA	NA	NA	NA	NA	NA	NA
null_modules	results/stage10d_tech/STAGE10D_TECH_NULL_MODULE_RESULTS.tsv	776c43d27d133f5dfdbda19e2c071a2a95942d9a403a3e87ae0a43ef3f995826	NULL_MATCHED_M30_0329	30	AFTPH;ASF1A;CASP7;CTDNEP1;DDR1;DOCK8;ENOPH1;EPS8L2;FAM207A;GALNT3;GALNT7;GRK6;HSF1;IFT172;LDLRAD4;MAP2K3;NGLY1;NORAD;NUDT16L1;PABPC4;PATJ;PPID;PPP2R1A;PTPN7;SEPT1;SPEN;UBN1;USP22;YDJC;ZNF33A	-0.0623592145306842	-0.0595238095238095	1.03570170720124	NA	NA	NA	NA	4	72	simulation_replicate	empirical null draw; no per-module interval	NA	NA	NA	NA	NA	NA	NA	NA	NA	NA	NA	NA	NA	NA	NA	NA	NA	NA	NA	NA	NA	NA	NA	NA	NA	NA	NA	NA
null_modules	results/stage10d_tech/STAGE10D_TECH_NULL_MODULE_RESULTS.tsv	776c43d27d133f5dfdbda19e2c071a2a95942d9a403a3e87ae0a43ef3f995826	NULL_MATCHED_M30_0330	30	ANKRD10;BICDL2;BST2;CCDC88B;CMBL;CSK;DCAF11;DENND2D;ENOPH1;EPB41;FAM207A;GALM;GNPAT;KMT5B;LYPLA2;MYADM;NCF1;NUDT16L1;PAFAH1B2;PATJ;PCGF5;PPP1R18;PSMB8-AS1;PTPN4;STARD3NL;STRBP;TRAF3IP3;USP3;VGLL4;ZNF131	0.0677822993977436	0.0595238095238095	0.977789110378703	NA	NA	NA	NA	4	72	simulation_replicate	empirical null draw; no per-module interval	NA	NA	NA	NA	NA	NA	NA	NA	NA	NA	NA	NA	NA	NA	NA	NA	NA	NA	NA	NA	NA	NA	NA	NA	NA	NA	NA	NA
null_modules	results/stage10d_tech/STAGE10D_TECH_NULL_MODULE_RESULTS.tsv	776c43d27d133f5dfdbda19e2c071a2a95942d9a403a3e87ae0a43ef3f995826	NULL_MATCHED_M30_0331	30	ANKRD44;ARHGAP45;ATF7IP;BICDL2;BIK;CCDC88B;CHD7;CLPTM1L;COA3;COX19;DCAF11;DOCK8;GALM;GALNT3;GNPAT;LDLRAD4;LYN;MAP2K3;MRPS23;NDUFA10;NHLRC3;PNKP;POLR2H;SIRT7;STARD3NL;TRAF3IP3;USP3;WIPF1;ZNF131;ZNF33A	-0.00455320748227327	0.0238095238095238	0.996091509323514	NA	NA	NA	NA	4	72	simulation_replicate	empirical null draw; no per-module interval	NA	NA	NA	NA	NA	NA	NA	NA	NA	NA	NA	NA	NA	NA	NA	NA	NA	NA	NA	NA	NA	NA	NA	NA	NA	NA	NA	NA
null_modules	results/stage10d_tech/STAGE10D_TECH_NULL_MODULE_RESULTS.tsv	776c43d27d133f5dfdbda19e2c071a2a95942d9a403a3e87ae0a43ef3f995826	NULL_MATCHED_M30_0332	30	BICDL2;BLCAP;CAB39;CEBPZOS;COX19;CSK;CYHR1;DENND2D;ENOPH1;EPB41;GALM;GNPAT;GTF2E2;IFI27L2;LYPLA2;MAP2K3;ME2;MUC3A;NGLY1;PNKD;PPP1R18;PSMB8-AS1;RTCA;SETD2;SPINT1-AS1;SYTL2;TMPRSS2;TPRKB;VGLL4;WIPF1	-0.0346683573521153	-0.0595238095238095	1.01872770651053	NA	NA	NA	NA	4	72	simulation_replicate	empirical null draw; no per-module interval	NA	NA	NA	NA	NA	NA	NA	NA	NA	NA	NA	NA	NA	NA	NA	NA	NA	NA	NA	NA	NA	NA	NA	NA	NA	NA	NA	NA
null_modules	results/stage10d_tech/STAGE10D_TECH_NULL_MODULE_RESULTS.tsv	776c43d27d133f5dfdbda19e2c071a2a95942d9a403a3e87ae0a43ef3f995826	NULL_MATCHED_M30_0333	30	AMN;ANKRD44;CCDC88B;COPS4;CSK;DDX3X;DOCK8;ENOPH1;GALM;GNPAT;GSKIP;HNRNPL;IFT172;IKZF1;ISOC2;KMT5B;LDLRAD4;LYPLA2;MAP7;NGLY1;NUDT16L1;PPM1G;RBM26;RPP25L;SETD2;SIRT7;SPEN;STARD3NL;TRAF3IP3;ZNF131	-0.000790557604261612	-0.0119047619047619	1.01062921285145	NA	NA	NA	NA	4	72	simulation_replicate	empirical null draw; no per-module interval	NA	NA	NA	NA	NA	NA	NA	NA	NA	NA	NA	NA	NA	NA	NA	NA	NA	NA	NA	NA	NA	NA	NA	NA	NA	NA	NA	NA
null_modules	results/stage10d_tech/STAGE10D_TECH_NULL_MODULE_RESULTS.tsv	776c43d27d133f5dfdbda19e2c071a2a95942d9a403a3e87ae0a43ef3f995826	NULL_MATCHED_M30_0334	30	AFTPH;ANKRD49;ASF1A;BCAP29;CASP7;DCAF11;DDR1;DUS1L;ENOPH1;FAM207A;GALM;HCLS1;IFT172;KCNN4;MAP2K1;ME2;MSH3;MUC3A;NPEPPS;POP5;SDF4;SEC31A;SETD2;SPEN;TBC1D10C;TRAF3IP3;TRAF4;UBN1;UFM1;ZNF131	-0.070803788358578	-0.0357142857142857	1.00690441790044	NA	NA	NA	NA	4	72	simulation_replicate	empirical null draw; no per-module interval	NA	NA	NA	NA	NA	NA	NA	NA	NA	NA	NA	NA	NA	NA	NA	NA	NA	NA	NA	NA	NA	NA	NA	NA	NA	NA	NA	NA
null_modules	results/stage10d_tech/STAGE10D_TECH_NULL_MODULE_RESULTS.tsv	776c43d27d133f5dfdbda19e2c071a2a95942d9a403a3e87ae0a43ef3f995826	NULL_MATCHED_M30_0335	30	AFTPH;AGR3;ANKRD49;ASF1A;ATF7IP;CAB39;COPS4;CSK;CYHR1;DDR1;GALNT3;GAS6;IKZF1;KCNN4;KMT5B;LDLRAD4;LYN;LYPLA2;NUDT16L1;PPID;PPP1R18;PTPN7;SLC39A7;SPEN;STRBP;SUPT5H;TPRKB;UBN1;YIPF2;ZMYND8	-0.0857877788979371	-0.0595238095238095	1.00878322712908	NA	NA	NA	NA	4	72	simulation_replicate	empirical null draw; no per-module interval	NA	NA	NA	NA	NA	NA	NA	NA	NA	NA	NA	NA	NA	NA	NA	NA	NA	NA	NA	NA	NA	NA	NA	NA	NA	NA	NA	NA
null_modules	results/stage10d_tech/STAGE10D_TECH_NULL_MODULE_RESULTS.tsv	776c43d27d133f5dfdbda19e2c071a2a95942d9a403a3e87ae0a43ef3f995826	NULL_MATCHED_M30_0336	30	AFTPH;ANKRD44;ARHGAP45;ASF1A;ATF7IP;CTDSP1;CYHR1;DCAF11;DDIT4;DOCK8;EPS8L2;GALNT3;GNPAT;HCLS1;HNRNPL;KMT5B;MAP2K3;PPID;PPP1R18;PRPF38A;PTPN7;RAB5A;SEC31A;SEPT1;SETD2;TRIP12;UBE2B;UBN1;WIPF1;ZNF131	-0.0556081089270695	0	1.00680352657535	NA	NA	NA	NA	4	72	simulation_replicate	empirical null draw; no per-module interval	NA	NA	NA	NA	NA	NA	NA	NA	NA	NA	NA	NA	NA	NA	NA	NA	NA	NA	NA	NA	NA	NA	NA	NA	NA	NA	NA	NA
null_modules	results/stage10d_tech/STAGE10D_TECH_NULL_MODULE_RESULTS.tsv	776c43d27d133f5dfdbda19e2c071a2a95942d9a403a3e87ae0a43ef3f995826	NULL_MATCHED_M30_0337	30	ANKRD49;ATF7IP;CCDC88B;CCT4;COX19;DCAF11;DUS1L;EPB41;EXOSC4;GALNT7;HNRNPL;KXD1;LDLRAD4;LYN;MAP2K1;MSH3;NRDC;PLS1;PPP1R18;PRMT2;PSMB8-AS1;PTPRC;RPA2;RTCA;STARD3NL;TRIP12;UBN1;USP3;YDJC;ZNF131	0.0369649607235911	0	1.00877104348654	NA	NA	NA	NA	4	72	simulation_replicate	empirical null draw; no per-module interval	NA	NA	NA	NA	NA	NA	NA	NA	NA	NA	NA	NA	NA	NA	NA	NA	NA	NA	NA	NA	NA	NA	NA	NA	NA	NA	NA	NA
null_modules	results/stage10d_tech/STAGE10D_TECH_NULL_MODULE_RESULTS.tsv	776c43d27d133f5dfdbda19e2c071a2a95942d9a403a3e87ae0a43ef3f995826	NULL_MATCHED_M30_0338	30	BICDL2;BST2;CHD7;DCAF11;DENND2D;EXOSC1;EXOSC4;GALNT3;GTF2E2;IKZF1;LLPH;MALSU1;MAP2K3;MTIF3;NCF1;NUDT16L1;PCGF5;PNKP;PPID;RPA2;SEPT1;SIRT7;SPEN;SPINT1-AS1;STARD3NL;SUPT5H;SYTL2;TCEA3;UBN1;WIPF1	-0.00267611520851329	-0.0476190476190476	1.00354792608669	NA	NA	NA	NA	4	72	simulation_replicate	empirical null draw; no per-module interval	NA	NA	NA	NA	NA	NA	NA	NA	NA	NA	NA	NA	NA	NA	NA	NA	NA	NA	NA	NA	NA	NA	NA	NA	NA	NA	NA	NA
null_modules	results/stage10d_tech/STAGE10D_TECH_NULL_MODULE_RESULTS.tsv	776c43d27d133f5dfdbda19e2c071a2a95942d9a403a3e87ae0a43ef3f995826	NULL_MATCHED_M30_0339	30	ARHGAP45;CAB39;CASP7;DDR1;DENND2D;DOCK8;DUS1L;GALM;GALNT3;GNPAT;GRK6;HAGH;LDLRAD4;LUC7L2;MAP2K1;MAP7;MUC3A;NSD1;QSOX1;RPP25L;SETD2;SLC38A1;SLMAP;STARD3NL;TBC1D10C;TRAF3IP3;TRIP12;USP3;YY1;ZNF131	0.0314591869697971	0.0238095238095238	1.01410852300875	NA	NA	NA	NA	4	72	simulation_replicate	empirical null draw; no per-module interval	NA	NA	NA	NA	NA	NA	NA	NA	NA	NA	NA	NA	NA	NA	NA	NA	NA	NA	NA	NA	NA	NA	NA	NA	NA	NA	NA	NA
null_modules	results/stage10d_tech/STAGE10D_TECH_NULL_MODULE_RESULTS.tsv	776c43d27d133f5dfdbda19e2c071a2a95942d9a403a3e87ae0a43ef3f995826	NULL_MATCHED_M30_0340	30	ASF1A;CCDC88B;COX19;CSK;CYHR1;DDX39A;DUS1L;ENOPH1;FDPS;GALNT3;GTF2E2;HCLS1;HDHD3;IKZF1;KCNN4;LYPLA2;MAP2K1;MUC3A;NCF1;NGLY1;PPID;RNF13;SETD2;TBC1D10C;TMC6;TRAF4;UBN1;VGLL4;YDJC;YY1	-0.104296510531844	-0.0833333333333333	1.02540117367658	NA	NA	NA	NA	4	72	simulation_replicate	empirical null draw; no per-module interval	NA	NA	NA	NA	NA	NA	NA	NA	NA	NA	NA	NA	NA	NA	NA	NA	NA	NA	NA	NA	NA	NA	NA	NA	NA	NA	NA	NA
null_modules	results/stage10d_tech/STAGE10D_TECH_NULL_MODULE_RESULTS.tsv	776c43d27d133f5dfdbda19e2c071a2a95942d9a403a3e87ae0a43ef3f995826	NULL_MATCHED_M30_0341	30	ARHGAP45;ASF1A;BST2;C1orf56;C6orf62;COX19;DDR1;EPB41;GALM;HNRNPL;IFI27L2;IKZF1;MAP2K1;MAP7;ME2;MSH3;PCGF5;PLS1;PNKP;PPP1R18;PTPN4;PTPN7;SETD2;SLMAP;SPEN;SPINT1-AS1;TRAF3IP3;TSPAN15;VGLL4;YDJC	0.000249437388198519	0	1.00460303245536	NA	NA	NA	NA	4	72	simulation_replicate	empirical null draw; no per-module interval	NA	NA	NA	NA	NA	NA	NA	NA	NA	NA	NA	NA	NA	NA	NA	NA	NA	NA	NA	NA	NA	NA	NA	NA	NA	NA	NA	NA
null_modules	results/stage10d_tech/STAGE10D_TECH_NULL_MODULE_RESULTS.tsv	776c43d27d133f5dfdbda19e2c071a2a95942d9a403a3e87ae0a43ef3f995826	NULL_MATCHED_M30_0342	30	ANKRD44;ANKRD49;ARHGAP45;ATF7IP;CCDC88B;CCNC;CLDND1;DDR1;EIF1AY;EPB41;FDPS;GALNT3;GOLM1;GRK6;GTF2E2;IFT172;KCNN4;MAP2K1;MAP3K2;NCF1;NUDT16L1;PCGF5;POLR2H;RTCA;STARD3NL;STRBP;TRAF4;USP3;WIPF1;YDJC	0.0123140117549551	0.0714285714285714	1.01029092400983	NA	NA	NA	NA	4	72	simulation_replicate	empirical null draw; no per-module interval	NA	NA	NA	NA	NA	NA	NA	NA	NA	NA	NA	NA	NA	NA	NA	NA	NA	NA	NA	NA	NA	NA	NA	NA	NA	NA	NA	NA
null_modules	results/stage10d_tech/STAGE10D_TECH_NULL_MODULE_RESULTS.tsv	776c43d27d133f5dfdbda19e2c071a2a95942d9a403a3e87ae0a43ef3f995826	NULL_MATCHED_M30_0343	30	ASF1A;ATIC;CHD7;DOCK8;ENOPH1;EPB41;FAM207A;GNPAT;GPR160;GTF2E2;HNRNPL;KMT5B;LYN;LYPLA2;MAN1A2;MAP1LC3B;NCF1;PIP4K2A;PNKP;PPID;PTPRC;SEPT1;SETD2;SPEN;STRBP;TMC6;TNFAIP8;TRAF4;TWF1;WIPF1	0.0188213913771719	0	0.983163515870539	NA	NA	NA	NA	4	72	simulation_replicate	empirical null draw; no per-module interval	NA	NA	NA	NA	NA	NA	NA	NA	NA	NA	NA	NA	NA	NA	NA	NA	NA	NA	NA	NA	NA	NA	NA	NA	NA	NA	NA	NA
null_modules	results/stage10d_tech/STAGE10D_TECH_NULL_MODULE_RESULTS.tsv	776c43d27d133f5dfdbda19e2c071a2a95942d9a403a3e87ae0a43ef3f995826	NULL_MATCHED_M30_0344	30	AFTPH;ANKRD44;BICDL2;CAB39;CCDC88B;CCT4;CD3G;CHD7;EPS8L2;GALM;GTF2E2;HLA-DQB1;HNRNPH2;HNRNPL;IKZF1;KMT5B;MBD4;MLLT6;PSMB8-AS1;RPP25L;RTCA;SEPT1;SLMAP;SPEN;STRBP;SUPT5H;SYTL2;TMC6;USP1;USP3	-0.073045684878233	-0.0476190476190476	1.01557579301946	NA	NA	NA	NA	4	72	simulation_replicate	empirical null draw; no per-module interval	NA	NA	NA	NA	NA	NA	NA	NA	NA	NA	NA	NA	NA	NA	NA	NA	NA	NA	NA	NA	NA	NA	NA	NA	NA	NA	NA	NA
null_modules	results/stage10d_tech/STAGE10D_TECH_NULL_MODULE_RESULTS.tsv	776c43d27d133f5dfdbda19e2c071a2a95942d9a403a3e87ae0a43ef3f995826	NULL_MATCHED_M30_0345	30	AAK1;AFTPH;AGR3;CAB39;CCDC88B;DENND2D;EPS8L2;GALM;GALNT3;HCLS1;HNRNPH2;KCNN4;LDLRAD4;MAP2K1;MAP2K3;ME2;MUC3A;NUDT16L1;POLE3;POLR2C;PPID;PRPF40A;RPP25L;RTCA;SLMAP;STARD3NL;TBC1D10C;TRAF3IP3;TRAF4;WASL	0.0036450254746982	0.0833333333333333	0.999165253632051	NA	NA	NA	NA	4	72	simulation_replicate	empirical null draw; no per-module interval	NA	NA	NA	NA	NA	NA	NA	NA	NA	NA	NA	NA	NA	NA	NA	NA	NA	NA	NA	NA	NA	NA	NA	NA	NA	NA	NA	NA
null_modules	results/stage10d_tech/STAGE10D_TECH_NULL_MODULE_RESULTS.tsv	776c43d27d133f5dfdbda19e2c071a2a95942d9a403a3e87ae0a43ef3f995826	NULL_MATCHED_M30_0346	30	ANKRD44;ANKRD49;ARHGAP45;ATF7IP;BICDL2;CAB39;DENND2D;DOCK8;DUS1L;ENOPH1;EPB41;GALNT3;GNPAT;GNPTAB;IFI27L2;LYN;MFF;MSH3;NGLY1;PATJ;PNKP;PPIL4;PPP1R18;PPP2R1A;STARD3NL;TMC6;TRAF3IP3;TRAF4;UBN1;UNC50	0.0248007917499975	0.0119047619047619	0.986055362390592	NA	NA	NA	NA	4	72	simulation_replicate	empirical null draw; no per-module interval	NA	NA	NA	NA	NA	NA	NA	NA	NA	NA	NA	NA	NA	NA	NA	NA	NA	NA	NA	NA	NA	NA	NA	NA	NA	NA	NA	NA
null_modules	results/stage10d_tech/STAGE10D_TECH_NULL_MODULE_RESULTS.tsv	776c43d27d133f5dfdbda19e2c071a2a95942d9a403a3e87ae0a43ef3f995826	NULL_MATCHED_M30_0347	30	ANKRD44;ASF1A;BICDL2;CASP7;CCDC88B;CHD7;GALM;GNPAT;HMG20B;IKZF1;KCNN4;LYN;LYPLA2;MAP2K1;MAP7;ME2;MLLT6;MSH3;NKG7;NUDT16L1;PATJ;PLS1;POLR2H;SAFB2;SLMAP;SPEN;UFM1;USP1;USP3;WIPF1	0.0548373383572826	0.0476190476190476	1.01972193063739	NA	NA	NA	NA	4	72	simulation_replicate	empirical null draw; no per-module interval	NA	NA	NA	NA	NA	NA	NA	NA	NA	NA	NA	NA	NA	NA	NA	NA	NA	NA	NA	NA	NA	NA	NA	NA	NA	NA	NA	NA
null_modules	results/stage10d_tech/STAGE10D_TECH_NULL_MODULE_RESULTS.tsv	776c43d27d133f5dfdbda19e2c071a2a95942d9a403a3e87ae0a43ef3f995826	NULL_MATCHED_M30_0348	30	ASF1A;ATF7IP;CCND1;COX19;CYHR1;EPS8L2;EXOSC1;FTX;GALNT7;GRK6;GTF2E2;HNRNPL;KCNN4;KMT5B;LYPLA2;ME2;MUC3A;NUDT16L1;PATJ;PLS1;PNKP;PPID;PTPN4;RAB5C;RNPEPL1;SPINT1-AS1;TBC1D10C;TRAF4;WIPI2;ZNF148	0.0499224329769141	0.0476190476190476	0.997826437044535	NA	NA	NA	NA	4	72	simulation_replicate	empirical null draw; no per-module interval	NA	NA	NA	NA	NA	NA	NA	NA	NA	NA	NA	NA	NA	NA	NA	NA	NA	NA	NA	NA	NA	NA	NA	NA	NA	NA	NA	NA
null_modules	results/stage10d_tech/STAGE10D_TECH_NULL_MODULE_RESULTS.tsv	776c43d27d133f5dfdbda19e2c071a2a95942d9a403a3e87ae0a43ef3f995826	NULL_MATCHED_M30_0349	30	CAB39;CCDC88B;CSK;CYHR1;EPS8L2;HNRNPH2;HNRNPL;IKZF1;LDLRAD4;LYN;LYPLA2;MAP2K1;MAP7;MRPS11;MSH3;NCF1;PLS1;PNKP;PSMB8-AS1;RBM4;RTCA;SAFB2;SEPT1;SIRT7;SPEN;SPTBN1;TMC6;TNFSF10;TSN;YDJC	-0.0483679969874698	-0.0595238095238095	1.00943521957329	NA	NA	NA	NA	4	72	simulation_replicate	empirical null draw; no per-module interval	NA	NA	NA	NA	NA	NA	NA	NA	NA	NA	NA	NA	NA	NA	NA	NA	NA	NA	NA	NA	NA	NA	NA	NA	NA	NA	NA	NA
null_modules	results/stage10d_tech/STAGE10D_TECH_NULL_MODULE_RESULTS.tsv	776c43d27d133f5dfdbda19e2c071a2a95942d9a403a3e87ae0a43ef3f995826	NULL_MATCHED_M30_0350	30	ASF1A;BICDL2;CAB39;CCDC88B;DCAF11;DENND2D;DOCK8;FTX;GALNT7;GRK6;IKZF1;KCNN4;LDLRAD4;LYN;MAP7;NCF1;NGLY1;NUDT14;NUDT16L1;PATJ;PCSK7;PTPN7;RTCA;SETD2;SIL1;SUPT5H;TMC6;TRAF3IP3;TST;UFM1	0.109643768974074	0.0476190476190476	0.958087183056389	NA	NA	NA	NA	4	72	simulation_replicate	empirical null draw; no per-module interval	NA	NA	NA	NA	NA	NA	NA	NA	NA	NA	NA	NA	NA	NA	NA	NA	NA	NA	NA	NA	NA	NA	NA	NA	NA	NA	NA	NA
null_modules	results/stage10d_tech/STAGE10D_TECH_NULL_MODULE_RESULTS.tsv	776c43d27d133f5dfdbda19e2c071a2a95942d9a403a3e87ae0a43ef3f995826	NULL_MATCHED_M30_0351	30	AFTPH;ANKRD49;ARHGAP45;CASP7;CSK;CYHR1;GALNT7;GNPAT;IFT172;MAP2K3;MAP7;MRPL21;MUC3A;NGLY1;PARL;PATJ;PCGF5;PIP4K2A;PPID;PSMB8-AS1;SORL1;SPINT1-AS1;STARD3NL;SYTL2;TBC1D10C;TMC6;TMPRSS2;TNFSF10;UBE2B;XIAP	0.0713680422634442	0.0476190476190476	1.00333041634232	NA	NA	NA	NA	4	72	simulation_replicate	empirical null draw; no per-module interval	NA	NA	NA	NA	NA	NA	NA	NA	NA	NA	NA	NA	NA	NA	NA	NA	NA	NA	NA	NA	NA	NA	NA	NA	NA	NA	NA	NA
null_modules	results/stage10d_tech/STAGE10D_TECH_NULL_MODULE_RESULTS.tsv	776c43d27d133f5dfdbda19e2c071a2a95942d9a403a3e87ae0a43ef3f995826	NULL_MATCHED_M30_0352	30	AFTPH;CHCHD1;CSK;DDR1;DNAJC2;DOCK8;ENOPH1;EPS8L2;FAM207A;GALM;HCLS1;KCNN4;LYN;MAP2K3;MBD4;MYH14;NCF1;PATJ;PCGF5;PHB2;PLS1;PNKP;RTCA;SIRT7;SPEN;STARD3NL;STRBP;SUPT5H;TRAF3IP3;UBE2B	-0.0738547656843032	-0.0833333333333333	1.02245159654192	NA	NA	NA	NA	4	72	simulation_replicate	empirical null draw; no per-module interval	NA	NA	NA	NA	NA	NA	NA	NA	NA	NA	NA	NA	NA	NA	NA	NA	NA	NA	NA	NA	NA	NA	NA	NA	NA	NA	NA	NA
null_modules	results/stage10d_tech/STAGE10D_TECH_NULL_MODULE_RESULTS.tsv	776c43d27d133f5dfdbda19e2c071a2a95942d9a403a3e87ae0a43ef3f995826	NULL_MATCHED_M30_0353	30	AFTPH;ANKRD44;ARHGAP45;CAB39;CASP7;CCDC88B;CD7;CLNS1A;CSK;DOCK8;FAM207A;FASTK;GALM;IKZF1;MUC3A;NGLY1;NUDT16L1;PATJ;PCGF5;PNKP;PPID;PPIL4;PTPN4;PTPN7;SEPT1;SIRT7;SPINT1-AS1;SRPK2;SYTL2;TRBC2	-0.087384420868257	-0.0952380952380953	1.03634152442534	NA	NA	NA	NA	4	72	simulation_replicate	empirical null draw; no per-module interval	NA	NA	NA	NA	NA	NA	NA	NA	NA	NA	NA	NA	NA	NA	NA	NA	NA	NA	NA	NA	NA	NA	NA	NA	NA	NA	NA	NA
null_modules	results/stage10d_tech/STAGE10D_TECH_NULL_MODULE_RESULTS.tsv	776c43d27d133f5dfdbda19e2c071a2a95942d9a403a3e87ae0a43ef3f995826	NULL_MATCHED_M30_0354	30	ANKRD49;ARHGAP45;CAB39;CCDC88B;DOCK8;ENOPH1;EPB41;FAM207A;GALNT7;HCLS1;IPO7;MAP7;MTCH2;NGLY1;NORAD;PCGF5;PLS1;PSMB8-AS1;PTPN4;PTPN7;RTCA;SPEN;STRBP;SUPT5H;SYTL2;TBC1D10C;TRBC2;TSPAN15;TUSC2;UBN1	-0.0953979066750253	-0.0833333333333333	1.02930028784575	NA	NA	NA	NA	4	72	simulation_replicate	empirical null draw; no per-module interval	NA	NA	NA	NA	NA	NA	NA	NA	NA	NA	NA	NA	NA	NA	NA	NA	NA	NA	NA	NA	NA	NA	NA	NA	NA	NA	NA	NA
null_modules	results/stage10d_tech/STAGE10D_TECH_NULL_MODULE_RESULTS.tsv	776c43d27d133f5dfdbda19e2c071a2a95942d9a403a3e87ae0a43ef3f995826	NULL_MATCHED_M30_0355	30	ARHGAP45;ATF7IP;CASP7;DDR1;ENOPH1;EPB41;EPS8L2;FTX;GTF2E2;HNRNPL;IFT172;IKZF1;MLLT6;MUC3A;NCF1;NGLY1;PATJ;PCGF5;PNKP;PPIE;PPP2R1A;PTPN7;RPP25L;SETD2;STX4;TIMMDC1;UBN1;UBQLN1;WIPF1;YY1	-0.0389177451415816	-0.0714285714285714	1.02289452570432	NA	NA	NA	NA	4	72	simulation_replicate	empirical null draw; no per-module interval	NA	NA	NA	NA	NA	NA	NA	NA	NA	NA	NA	NA	NA	NA	NA	NA	NA	NA	NA	NA	NA	NA	NA	NA	NA	NA	NA	NA
null_modules	results/stage10d_tech/STAGE10D_TECH_NULL_MODULE_RESULTS.tsv	776c43d27d133f5dfdbda19e2c071a2a95942d9a403a3e87ae0a43ef3f995826	NULL_MATCHED_M30_0356	30	ANKRD44;CASP7;CENPV;CHD7;COX19;CSK;DOCK8;DUS1L;GALNT3;GYPC;HCLS1;IFT172;IKZF1;LDLRAD4;LYPLA2;NGLY1;NUCB2;PIP4K2A;PNKP;RPP25L;SAFB2;SIL1;SIRT7;STARD3NL;TECR;TRAF4;TRIP12;UBN1;WIPF1;YDJC	0.0372359816640883	0.0119047619047619	0.996134296022638	NA	NA	NA	NA	4	72	simulation_replicate	empirical null draw; no per-module interval	NA	NA	NA	NA	NA	NA	NA	NA	NA	NA	NA	NA	NA	NA	NA	NA	NA	NA	NA	NA	NA	NA	NA	NA	NA	NA	NA	NA
null_modules	results/stage10d_tech/STAGE10D_TECH_NULL_MODULE_RESULTS.tsv	776c43d27d133f5dfdbda19e2c071a2a95942d9a403a3e87ae0a43ef3f995826	NULL_MATCHED_M30_0357	30	AFTPH;ATF7IP;COX19;CRBN;CYHR1;ENOPH1;EPS8L2;GALNT7;GMFG;GTF2E2;HNRNPL;HSPA9;KMT5B;MLLT6;NCF1;NGLY1;NPM3;PIP4K2A;PLS1;PPP1R18;RAB5A;RPP25L;SEPT1;SETD2;SIRT7;SLMAP;STRBP;TRAF4;USP3;YY1	-0.113017364433943	-0.130952380952381	1.05189985056515	NA	NA	NA	NA	4	72	simulation_replicate	empirical null draw; no per-module interval	NA	NA	NA	NA	NA	NA	NA	NA	NA	NA	NA	NA	NA	NA	NA	NA	NA	NA	NA	NA	NA	NA	NA	NA	NA	NA	NA	NA
null_modules	results/stage10d_tech/STAGE10D_TECH_NULL_MODULE_RESULTS.tsv	776c43d27d133f5dfdbda19e2c071a2a95942d9a403a3e87ae0a43ef3f995826	NULL_MATCHED_M30_0358	30	CAB39;CASP7;CCSER2;COX19;CSK;DNAJC2;EPB41;FAM207A;GALM;GRK6;IFT172;LDLRAD4;LYPLA2;MAP2K3;MAP7;MLLT6;MSH3;NGLY1;PABPC4;PARP14;PLS1;PPP1R18;PRSS3;PTPN7;SDC1;STRAP;TMC6;TRAF3IP3;UBN1;YDJC	0.0360541813125146	0.0357142857142857	1.02694892563425	NA	NA	NA	NA	4	72	simulation_replicate	empirical null draw; no per-module interval	NA	NA	NA	NA	NA	NA	NA	NA	NA	NA	NA	NA	NA	NA	NA	NA	NA	NA	NA	NA	NA	NA	NA	NA	NA	NA	NA	NA
null_modules	results/stage10d_tech/STAGE10D_TECH_NULL_MODULE_RESULTS.tsv	776c43d27d133f5dfdbda19e2c071a2a95942d9a403a3e87ae0a43ef3f995826	NULL_MATCHED_M30_0359	30	ANKRD44;ASF1A;CDV3;CHD7;COX19;CSK;CYHR1;DCAF11;DDR1;DOCK8;DUS1L;ESRRA;GRK6;KMT5B;LDLRAD4;MRPL48;NGLY1;NUDT5;PLS1;PSMB8-AS1;PTPN4;SLMAP;SPEN;STARD3NL;SUPT5H;SYTL2;TMC6;USP47;YY1;ZNF131	0.0196911315473366	0.0833333333333333	1.00428185568079	NA	NA	NA	NA	4	72	simulation_replicate	empirical null draw; no per-module interval	NA	NA	NA	NA	NA	NA	NA	NA	NA	NA	NA	NA	NA	NA	NA	NA	NA	NA	NA	NA	NA	NA	NA	NA	NA	NA	NA	NA
null_modules	results/stage10d_tech/STAGE10D_TECH_NULL_MODULE_RESULTS.tsv	776c43d27d133f5dfdbda19e2c071a2a95942d9a403a3e87ae0a43ef3f995826	NULL_MATCHED_M30_0360	30	ADAR;ATF7IP;BICDL2;BST2;CASP7;CD3G;CHD7;COX19;EPS8L2;EXOSC1;FAM200B;GALNT3;GNPAT;GRK6;HCLS1;KMT5B;LSM8;PATJ;PCGF5;PIP4K2A;PLS1;PNKP;PPID;PPP1R18;PTPN4;SIRT7;SPINT1-AS1;TMC6;TNPO1;WIPF1	-0.0283231860508795	-0.0238095238095238	1.02059373733264	NA	NA	NA	NA	4	72	simulation_replicate	empirical null draw; no per-module interval	NA	NA	NA	NA	NA	NA	NA	NA	NA	NA	NA	NA	NA	NA	NA	NA	NA	NA	NA	NA	NA	NA	NA	NA	NA	NA	NA	NA
null_modules	results/stage10d_tech/STAGE10D_TECH_NULL_MODULE_RESULTS.tsv	776c43d27d133f5dfdbda19e2c071a2a95942d9a403a3e87ae0a43ef3f995826	NULL_MATCHED_M30_0361	30	ACSL3;ARHGAP45;CCDC88B;CHD7;FAM207A;GALM;GTF2E2;HNRNPL;KCNN4;LYPLA2;MAP2K1;NGLY1;OTULINL;PCGF5;PFDN2;PHB2;PIP4K2A;PLS1;RBM26;RPP25L;RTCA;SPEN;STARD3NL;SYTL2;TBC1D10C;TMC6;TPRKB;TRAF3IP3;TRIP12;USP3	-0.0173977618339526	-0.0238095238095238	0.99308588037234	NA	NA	NA	NA	4	72	simulation_replicate	empirical null draw; no per-module interval	NA	NA	NA	NA	NA	NA	NA	NA	NA	NA	NA	NA	NA	NA	NA	NA	NA	NA	NA	NA	NA	NA	NA	NA	NA	NA	NA	NA
null_modules	results/stage10d_tech/STAGE10D_TECH_NULL_MODULE_RESULTS.tsv	776c43d27d133f5dfdbda19e2c071a2a95942d9a403a3e87ae0a43ef3f995826	NULL_MATCHED_M30_0362	30	ABHD17A;AFTPH;APOPT1;CCDC88B;COPA;EBPL;EPS8L2;GALNT3;GRK6;HNRNPL;IFT172;KMT5B;MAP2K1;MAP2K3;ME2;MSH3;MUC12;NGLY1;PCGF5;PSMB8-AS1;PTPN7;PXMP2;STARD3NL;SUPT5H;SYTL2;TRAF4;TRIP12;USP3;USP48;WIPF1	-0.0153752748445985	-0.0476190476190476	1.00683383390605	NA	NA	NA	NA	4	72	simulation_replicate	empirical null draw; no per-module interval	NA	NA	NA	NA	NA	NA	NA	NA	NA	NA	NA	NA	NA	NA	NA	NA	NA	NA	NA	NA	NA	NA	NA	NA	NA	NA	NA	NA
null_modules	results/stage10d_tech/STAGE10D_TECH_NULL_MODULE_RESULTS.tsv	776c43d27d133f5dfdbda19e2c071a2a95942d9a403a3e87ae0a43ef3f995826	NULL_MATCHED_M30_0363	30	AFTPH;ANKRD44;BICDL2;BOLA3;CAB39;CASP7;CCND1;DDR1;DUS1L;EXOSC1;GALNT7;GRK6;LDLRAD4;LSM12;MAP2K3;MAP3K2;MSH3;NQO1;PNKP;PPID;PTPN7;SETD2;SPINT1-AS1;SUPT5H;TBC1D10C;TMEM63A;TOR1AIP2;TRAF3IP3;TRIP12;YDJC	0.0215240773885953	0.0238095238095238	0.979778537414884	NA	NA	NA	NA	4	72	simulation_replicate	empirical null draw; no per-module interval	NA	NA	NA	NA	NA	NA	NA	NA	NA	NA	NA	NA	NA	NA	NA	NA	NA	NA	NA	NA	NA	NA	NA	NA	NA	NA	NA	NA
null_modules	results/stage10d_tech/STAGE10D_TECH_NULL_MODULE_RESULTS.tsv	776c43d27d133f5dfdbda19e2c071a2a95942d9a403a3e87ae0a43ef3f995826	NULL_MATCHED_M30_0364	30	AFTPH;BIRC2;CAB39;CD2;COPA;COX19;DCAF11;DOCK8;ENOPH1;GNPAT;HCLS1;HNRNPL;ICAM3;IFT172;KCNN4;LDLRAD4;LYN;LYPLA2;MAP2K3;MAP7;MDH1;NCF1;NUDT16L1;PPP1R18;PTPN4;PTPN7;SLMAP;SUCLG2;WIPF1;YDJC	-0.00203143770303048	0.0119047619047619	1.00533319965714	NA	NA	NA	NA	4	72	simulation_replicate	empirical null draw; no per-module interval	NA	NA	NA	NA	NA	NA	NA	NA	NA	NA	NA	NA	NA	NA	NA	NA	NA	NA	NA	NA	NA	NA	NA	NA	NA	NA	NA	NA
null_modules	results/stage10d_tech/STAGE10D_TECH_NULL_MODULE_RESULTS.tsv	776c43d27d133f5dfdbda19e2c071a2a95942d9a403a3e87ae0a43ef3f995826	NULL_MATCHED_M30_0365	30	AFTPH;ALKBH5;ASF1A;ATF7IP;CAB39;CCDC88B;COX19;CSK;CTBP2;DCAF11;DENND2D;DGUOK;DOCK8;DUS1L;ENOPH1;FAM207A;GALM;GALNT7;KCNN4;PGLS;PPP1R18;PTPN7;PXMP2;SEPT1;SPEN;TBC1D10C;TMC6;UBN1;XPO1;ZNF131	0.0000761048165003149	0.0476190476190476	1.01088081902212	NA	NA	NA	NA	4	72	simulation_replicate	empirical null draw; no per-module interval	NA	NA	NA	NA	NA	NA	NA	NA	NA	NA	NA	NA	NA	NA	NA	NA	NA	NA	NA	NA	NA	NA	NA	NA	NA	NA	NA	NA
null_modules	results/stage10d_tech/STAGE10D_TECH_NULL_MODULE_RESULTS.tsv	776c43d27d133f5dfdbda19e2c071a2a95942d9a403a3e87ae0a43ef3f995826	NULL_MATCHED_M30_0366	30	ACADS;ANKRD49;CASP7;CLNS1A;DCAF11;DNAJC2;DUS1L;ERP44;GALNT3;GALNT7;HNRNPL;IFT172;KCNN4;LDLRAD4;MAP7;MLLT6;NGLY1;PCGF5;PNKP;RAC2;SEPT1;SETD2;SIRT7;SLC22A18;SLC39A7;SPINT1-AS1;SUPT5H;TRAF4;TRIP12;WIPF1	0.0187201672513629	0.0238095238095238	1.00245419213943	NA	NA	NA	NA	4	72	simulation_replicate	empirical null draw; no per-module interval	NA	NA	NA	NA	NA	NA	NA	NA	NA	NA	NA	NA	NA	NA	NA	NA	NA	NA	NA	NA	NA	NA	NA	NA	NA	NA	NA	NA
null_modules	results/stage10d_tech/STAGE10D_TECH_NULL_MODULE_RESULTS.tsv	776c43d27d133f5dfdbda19e2c071a2a95942d9a403a3e87ae0a43ef3f995826	NULL_MATCHED_M30_0367	30	AAK1;AFTPH;ANKRD44;CHD7;CNN3;CSK;DCAF11;DOCK8;EPB41;FAM207A;HCLS1;IFI27L2;KCNN4;ME2;MLLT6;MRPL21;NUDT14;PCGF5;PLS1;PPID;PTPN7;SETD2;SIRT7;SPEN;SPINT1-AS1;STRBP;TRAF4;UBN1;XIAP;ZNF131	-0.0483770523886977	-0.0476190476190476	1.0352747031142	NA	NA	NA	NA	4	72	simulation_replicate	empirical null draw; no per-module interval	NA	NA	NA	NA	NA	NA	NA	NA	NA	NA	NA	NA	NA	NA	NA	NA	NA	NA	NA	NA	NA	NA	NA	NA	NA	NA	NA	NA
null_modules	results/stage10d_tech/STAGE10D_TECH_NULL_MODULE_RESULTS.tsv	776c43d27d133f5dfdbda19e2c071a2a95942d9a403a3e87ae0a43ef3f995826	NULL_MATCHED_M30_0368	30	ANKRD44;ANKRD49;ASF1A;BCAP29;CCDC88B;CHD7;DOCK8;EXOSC1;FAM192A;GALM;GALNT3;GALNT7;GRK6;GTF2E2;IFT172;MAP2K1;ME2;MUC3A;NUDT16L1;PLS1;PPID;PPIE;PPP1R18;PTPN4;RAB5C;RSU1;SETD2;SUPT5H;TOB1;TSTA3	-0.070276215051227	-0.0833333333333333	1.00890632262369	NA	NA	NA	NA	4	72	simulation_replicate	empirical null draw; no per-module interval	NA	NA	NA	NA	NA	NA	NA	NA	NA	NA	NA	NA	NA	NA	NA	NA	NA	NA	NA	NA	NA	NA	NA	NA	NA	NA	NA	NA
null_modules	results/stage10d_tech/STAGE10D_TECH_NULL_MODULE_RESULTS.tsv	776c43d27d133f5dfdbda19e2c071a2a95942d9a403a3e87ae0a43ef3f995826	NULL_MATCHED_M30_0369	30	ADAR;CYHR1;DDR1;DENND2D;DUS1L;EBP;FAM207A;GALNT7;GNPAT;GRK6;IFT172;KCNN4;LDLRAD4;MAP2K1;ME2;MSH3;MUC3A;NCF1;NUDT16L1;PIP4K2A;PSMB8-AS1;RTCA;SDC4;SETD2;SYTL2;TMEM30A;TRAF3IP3;TRAF4;TST;YY1	-0.0900118789908945	-0.0595238095238095	0.994521089356294	NA	NA	NA	NA	4	72	simulation_replicate	empirical null draw; no per-module interval	NA	NA	NA	NA	NA	NA	NA	NA	NA	NA	NA	NA	NA	NA	NA	NA	NA	NA	NA	NA	NA	NA	NA	NA	NA	NA	NA	NA
null_modules	results/stage10d_tech/STAGE10D_TECH_NULL_MODULE_RESULTS.tsv	776c43d27d133f5dfdbda19e2c071a2a95942d9a403a3e87ae0a43ef3f995826	NULL_MATCHED_M30_0370	30	AMN;ARPC4;ASF1A;BLVRB;COX19;CYHR1;EPB41;EPS8L2;FAM207A;GALM;GALNT7;GNPAT;HCLS1;MAP7;MARK3;ME2;MLLT6;NGLY1;NUDT16L1;PARP14;PATJ;PCGF5;PPP1R18;SEPT1;SIRT7;SLC39A4;SPEN;TBC1D10C;TFDP1;TRAF4	-0.047608051153244	-0.0357142857142857	1.04376570698141	NA	NA	NA	NA	4	72	simulation_replicate	empirical null draw; no per-module interval	NA	NA	NA	NA	NA	NA	NA	NA	NA	NA	NA	NA	NA	NA	NA	NA	NA	NA	NA	NA	NA	NA	NA	NA	NA	NA	NA	NA
null_modules	results/stage10d_tech/STAGE10D_TECH_NULL_MODULE_RESULTS.tsv	776c43d27d133f5dfdbda19e2c071a2a95942d9a403a3e87ae0a43ef3f995826	NULL_MATCHED_M30_0371	30	ANKRD49;ARHGAP45;ATF7IP;CAB39;CCDC88B;CYHR1;DCAF11;DDR1;DENND2D;DUS1L;EIF4A3;ENOPH1;EPS8L2;HCLS1;HNRNPL;LYN;MAP2K1;NCF1;NDUFA10;NUBP2;PGLS;PIP4K2A;PNKP;RIF1;RPP25L;SIRT7;SMCO4;SUPT5H;SYTL2;ZNF131	-0.0556145940715184	-0.0476190476190476	1.02860781524952	NA	NA	NA	NA	4	72	simulation_replicate	empirical null draw; no per-module interval	NA	NA	NA	NA	NA	NA	NA	NA	NA	NA	NA	NA	NA	NA	NA	NA	NA	NA	NA	NA	NA	NA	NA	NA	NA	NA	NA	NA
null_modules	results/stage10d_tech/STAGE10D_TECH_NULL_MODULE_RESULTS.tsv	776c43d27d133f5dfdbda19e2c071a2a95942d9a403a3e87ae0a43ef3f995826	NULL_MATCHED_M30_0372	30	ASF1A;CASP7;CCND1;CHD7;CLSTN1;DDR1;ENOPH1;EPS8L2;FAM207A;GALM;GALNT7;HNRNPL;IFT172;KMT5B;LYN;MRPL52;MSH3;NGLY1;NTMT1;NUDT16L1;PNKP;PPID;RTCA;SETD2;SMC1A;SPEN;SPTAN1;STARD3NL;STRBP;TRAF3IP3	-0.0359888894438443	0.0119047619047619	0.996900917202467	NA	NA	NA	NA	4	72	simulation_replicate	empirical null draw; no per-module interval	NA	NA	NA	NA	NA	NA	NA	NA	NA	NA	NA	NA	NA	NA	NA	NA	NA	NA	NA	NA	NA	NA	NA	NA	NA	NA	NA	NA
null_modules	results/stage10d_tech/STAGE10D_TECH_NULL_MODULE_RESULTS.tsv	776c43d27d133f5dfdbda19e2c071a2a95942d9a403a3e87ae0a43ef3f995826	NULL_MATCHED_M30_0373	30	AFTPH;ASS1;ATF7IP;CRBN;CYHR1;DOCK8;DUS1L;ENOPH1;KCNN4;KMT5B;LYN;MAP7;MLLT6;MTCH2;NPEPPS;NUDT16L1;PAFAH1B2;PCGF5;PLS1;PPID;SETD2;SIRT7;SLMAP;SPINT1-AS1;SYTL2;TNFSF10;TRAF3IP3;TRAF4;TRIP12;UBN1	-0.0692374592475448	-0.0476190476190476	1.01576857719224	NA	NA	NA	NA	4	72	simulation_replicate	empirical null draw; no per-module interval	NA	NA	NA	NA	NA	NA	NA	NA	NA	NA	NA	NA	NA	NA	NA	NA	NA	NA	NA	NA	NA	NA	NA	NA	NA	NA	NA	NA
null_modules	results/stage10d_tech/STAGE10D_TECH_NULL_MODULE_RESULTS.tsv	776c43d27d133f5dfdbda19e2c071a2a95942d9a403a3e87ae0a43ef3f995826	NULL_MATCHED_M30_0374	30	ANKRD49;CAB39;CCDC88B;CDK6;COX19;CSK;FAM207A;GALNT7;GNPAT;GOLM1;GRK6;HDHD3;IDH1;IFT172;LSM8;MAP2K1;ME2;MLLT6;MSH3;MUC3A;NGLY1;PATJ;PCGF5;PIP4K2A;PRPF38A;RTCA;SETD2;SLMAP;UBN1;YDJC	-0.0821422643251529	-0.0357142857142857	1.01991380208589	NA	NA	NA	NA	4	72	simulation_replicate	empirical null draw; no per-module interval	NA	NA	NA	NA	NA	NA	NA	NA	NA	NA	NA	NA	NA	NA	NA	NA	NA	NA	NA	NA	NA	NA	NA	NA	NA	NA	NA	NA
null_modules	results/stage10d_tech/STAGE10D_TECH_NULL_MODULE_RESULTS.tsv	776c43d27d133f5dfdbda19e2c071a2a95942d9a403a3e87ae0a43ef3f995826	NULL_MATCHED_M30_0375	30	ANKRD44;BICDL2;CASP7;EPB41;EZR;GNPAT;GTF2E2;HNRNPL;IKZF1;KCNN4;MAP2K3;ME2;MUC3A;NGLY1;PDXK;PIP4K2A;PPID;PPIE;PTPN7;PTPRC;PXMP2;RPP25L;SUPT5H;TBC1D10C;TNPO1;TRIP12;UBN1;USH1C;USP3;ZNF33A	0.0505175300661994	0.0714285714285714	1.00584778421304	NA	NA	NA	NA	4	72	simulation_replicate	empirical null draw; no per-module interval	NA	NA	NA	NA	NA	NA	NA	NA	NA	NA	NA	NA	NA	NA	NA	NA	NA	NA	NA	NA	NA	NA	NA	NA	NA	NA	NA	NA
null_modules	results/stage10d_tech/STAGE10D_TECH_NULL_MODULE_RESULTS.tsv	776c43d27d133f5dfdbda19e2c071a2a95942d9a403a3e87ae0a43ef3f995826	NULL_MATCHED_M30_0376	30	ANKRD49;ASF1A;ATF7IP;CHD7;CYHR1;DDB1;DDR1;DENND2D;DOCK8;EBPL;EPS8L2;FAM207A;GALM;GNPAT;HAGH;HCLS1;HNRNPH2;IKZF1;LDLRAD4;NHLRC3;PCGF5;PSMB8-AS1;PSMC3;PTPN4;RPP25L;SUPT5H;SYTL2;TMC6;TRAF3IP3;TRIP12	0.0472696915997708	0.0714285714285714	0.999438849838579	NA	NA	NA	NA	4	72	simulation_replicate	empirical null draw; no per-module interval	NA	NA	NA	NA	NA	NA	NA	NA	NA	NA	NA	NA	NA	NA	NA	NA	NA	NA	NA	NA	NA	NA	NA	NA	NA	NA	NA	NA
null_modules	results/stage10d_tech/STAGE10D_TECH_NULL_MODULE_RESULTS.tsv	776c43d27d133f5dfdbda19e2c071a2a95942d9a403a3e87ae0a43ef3f995826	NULL_MATCHED_M30_0377	30	ARHGAP45;ATF7IP;CASP7;CTDSP1;DENND2D;DUS1L;EMG1;EPB41;EPS8L2;EXOSC1;HCLS1;IKZF1;KMT5B;LYPLA2;MAP2K1;ME2;MRPS36;MSH3;PATJ;PHB2;PLS1;RTCA;SLC39A4;SLMAP;SRPRB;STARD3NL;SUPT5H;TBC1D10C;TRAF4;USP3	0.00631767381955457	0.0119047619047619	1.005248867822	NA	NA	NA	NA	4	72	simulation_replicate	empirical null draw; no per-module interval	NA	NA	NA	NA	NA	NA	NA	NA	NA	NA	NA	NA	NA	NA	NA	NA	NA	NA	NA	NA	NA	NA	NA	NA	NA	NA	NA	NA
null_modules	results/stage10d_tech/STAGE10D_TECH_NULL_MODULE_RESULTS.tsv	776c43d27d133f5dfdbda19e2c071a2a95942d9a403a3e87ae0a43ef3f995826	NULL_MATCHED_M30_0378	30	AFTPH;CEBPZOS;CSK;DENND2D;DUS1L;EMG1;ENOPH1;EPB41;FAM207A;GNPAT;GOLGB1;GRK6;HNRNPL;LDLRAD4;MAP2K1;MAP3K2;ME2;PATJ;PCGF5;PLS1;PPP1R18;SEPT1;SETD2;SLC38A1;STARD3NL;UBALD2;UBN1;WIPF1;YDJC;ZC3H15	0.014465432346079	-0.0238095238095238	1.0052367151695	NA	NA	NA	NA	4	72	simulation_replicate	empirical null draw; no per-module interval	NA	NA	NA	NA	NA	NA	NA	NA	NA	NA	NA	NA	NA	NA	NA	NA	NA	NA	NA	NA	NA	NA	NA	NA	NA	NA	NA	NA
null_modules	results/stage10d_tech/STAGE10D_TECH_NULL_MODULE_RESULTS.tsv	776c43d27d133f5dfdbda19e2c071a2a95942d9a403a3e87ae0a43ef3f995826	NULL_MATCHED_M30_0379	30	ASF1A;ATF7IP;DCAF11;DDR1;EIF4EBP1;ENOPH1;GRK6;GTPBP4;HLA-DQB1;IKZF1;IPO7;KCNN4;KMT5B;LDLRAD4;LYPLA2;NFAT5;NGLY1;PATJ;PTPN4;RPP25L;SETD2;SF3B1;SLMAP;SMIM12;TRAF3IP3;TRAF4;UBN1;USP3;YDJC;ZNF131	0.0786104906021049	0.0714285714285714	1.00922111164617	NA	NA	NA	NA	4	72	simulation_replicate	empirical null draw; no per-module interval	NA	NA	NA	NA	NA	NA	NA	NA	NA	NA	NA	NA	NA	NA	NA	NA	NA	NA	NA	NA	NA	NA	NA	NA	NA	NA	NA	NA
null_modules	results/stage10d_tech/STAGE10D_TECH_NULL_MODULE_RESULTS.tsv	776c43d27d133f5dfdbda19e2c071a2a95942d9a403a3e87ae0a43ef3f995826	NULL_MATCHED_M30_0380	30	ABHD17A;AFTPH;ASF1A;BICDL2;C5orf24;COX17;EXOSC1;FAM192A;GALNT7;GNPAT;GORASP2;MAP2K1;MAP7;MLLT6;MUC3A;NORAD;PATJ;PCGF5;PNKP;PPP1R18;PSMB8-AS1;PSMC2;PTPN4;PTPN7;SIRT7;SLMAP;STARD3NL;TMC6;TRAF4;TRIP12	0.0998163584182198	-0.0357142857142857	0.993712207491786	NA	NA	NA	NA	4	72	simulation_replicate	empirical null draw; no per-module interval	NA	NA	NA	NA	NA	NA	NA	NA	NA	NA	NA	NA	NA	NA	NA	NA	NA	NA	NA	NA	NA	NA	NA	NA	NA	NA	NA	NA
null_modules	results/stage10d_tech/STAGE10D_TECH_NULL_MODULE_RESULTS.tsv	776c43d27d133f5dfdbda19e2c071a2a95942d9a403a3e87ae0a43ef3f995826	NULL_MATCHED_M30_0381	30	CEBPZOS;CHD7;COPS4;DDR1;DOCK8;EPB41;EPS8L2;GALM;GALNT3;GALNT7;GNAI2;GNPAT;IFT172;LYN;MARK3;ME2;MSH3;NCF1;NUDT16L1;PIP4K2A;PLS1;PPP4C;RPP25L;SF3B1;STARD3NL;STRBP;TMEM63A;UBN1;YDJC;ZNF131	0.0537815323153354	0.0476190476190476	0.986756060111423	NA	NA	NA	NA	4	72	simulation_replicate	empirical null draw; no per-module interval	NA	NA	NA	NA	NA	NA	NA	NA	NA	NA	NA	NA	NA	NA	NA	NA	NA	NA	NA	NA	NA	NA	NA	NA	NA	NA	NA	NA
null_modules	results/stage10d_tech/STAGE10D_TECH_NULL_MODULE_RESULTS.tsv	776c43d27d133f5dfdbda19e2c071a2a95942d9a403a3e87ae0a43ef3f995826	NULL_MATCHED_M30_0382	30	AFTPH;ANKRD49;ARHGAP45;ATF7IP;CASP7;CCND1;CD3G;DCAF11;EPS8L2;FAM207A;GRK6;IAH1;IKZF1;LDLRAD4;MAP2K1;MUC3A;NUDT16L1;PLS1;PPID;PPP4R3B;PSMB8-AS1;RBPJ;SIRT7;SNRPN;STARD3NL;TMC6;TRAF3IP3;UBN1;USP3;WIPF1	-0.0221791369222112	0.0357142857142857	1.04275977631353	NA	NA	NA	NA	4	72	simulation_replicate	empirical null draw; no per-module interval	NA	NA	NA	NA	NA	NA	NA	NA	NA	NA	NA	NA	NA	NA	NA	NA	NA	NA	NA	NA	NA	NA	NA	NA	NA	NA	NA	NA
null_modules	results/stage10d_tech/STAGE10D_TECH_NULL_MODULE_RESULTS.tsv	776c43d27d133f5dfdbda19e2c071a2a95942d9a403a3e87ae0a43ef3f995826	NULL_MATCHED_M30_0383	30	ABHD17A;ANKRD44;ANKRD49;ASF1A;ATF7IP;CAB39;CD3D;COX19;CXXC5;DENND2D;DUS1L;EPS8L2;FAM207A;GALNT7;GRK6;HNRNPL;LCK;LYN;NGLY1;PARL;PCGF5;PTPRC;RPP25L;SEPT1;SLMAP;SPINT1-AS1;STRBP;TBC1D10C;TMC6;TNPO1	0.065195169485557	0	1.00092690633788	NA	NA	NA	NA	4	72	simulation_replicate	empirical null draw; no per-module interval	NA	NA	NA	NA	NA	NA	NA	NA	NA	NA	NA	NA	NA	NA	NA	NA	NA	NA	NA	NA	NA	NA	NA	NA	NA	NA	NA	NA
null_modules	results/stage10d_tech/STAGE10D_TECH_NULL_MODULE_RESULTS.tsv	776c43d27d133f5dfdbda19e2c071a2a95942d9a403a3e87ae0a43ef3f995826	NULL_MATCHED_M30_0384	30	ANKRD44;ANKRD49;ARL2BP;ATF7IP;BICDL2;CCSER2;CSK;CTBP2;CYHR1;DENND2D;DUS1L;EPS8L2;EWSR1;GNPAT;GRK6;KCNN4;LYPLA2;ME2;MSH3;NGLY1;PPP1R18;PSMB9;RTCA;SLMAP;STRBP;SUPT5H;SYTL2;TBC1D10C;UBAC2;WIPF1	0.0627158728763145	0	1.01192817568047	NA	NA	NA	NA	4	72	simulation_replicate	empirical null draw; no per-module interval	NA	NA	NA	NA	NA	NA	NA	NA	NA	NA	NA	NA	NA	NA	NA	NA	NA	NA	NA	NA	NA	NA	NA	NA	NA	NA	NA	NA
null_modules	results/stage10d_tech/STAGE10D_TECH_NULL_MODULE_RESULTS.tsv	776c43d27d133f5dfdbda19e2c071a2a95942d9a403a3e87ae0a43ef3f995826	NULL_MATCHED_M30_0385	30	ATF7IP;BICDL2;CLEC2D;CYHR1;DDB1;DENND2D;EEF1E1;FAM120A;FAM207A;GALNT3;GALNT7;GMFG;HNRNPL;KCNN4;KMT5B;LDLRAD4;LYN;MLLT6;MUC3A;NORAD;PSMB8-AS1;PTPN7;RPP25L;RTCA;SLMAP;STARD3NL;SUPT5H;SYTL2;USP3;WIPF1	0.0597544289132099	0.0119047619047619	0.993970140220613	NA	NA	NA	NA	4	72	simulation_replicate	empirical null draw; no per-module interval	NA	NA	NA	NA	NA	NA	NA	NA	NA	NA	NA	NA	NA	NA	NA	NA	NA	NA	NA	NA	NA	NA	NA	NA	NA	NA	NA	NA
null_modules	results/stage10d_tech/STAGE10D_TECH_NULL_MODULE_RESULTS.tsv	776c43d27d133f5dfdbda19e2c071a2a95942d9a403a3e87ae0a43ef3f995826	NULL_MATCHED_M30_0386	30	ADAR;ALKBH5;ANKRD44;ASF1A;ATF7IP;DOCK8;ENOPH1;EPB41;FAM207A;GALM;GALNT7;HNRNPL;KCNN4;LSM8;MAP2K3;MAP7;NUDT16L1;PCGF5;PIP4K2A;PNKP;PPP1R11;PSMB8-AS1;PTPN7;SLMAP;STARD3NL;SUPT5H;TRAF3IP3;USP47;YY1;ZNF131	0.0694161053423617	0.0238095238095238	0.97156212008606	NA	NA	NA	NA	4	72	simulation_replicate	empirical null draw; no per-module interval	NA	NA	NA	NA	NA	NA	NA	NA	NA	NA	NA	NA	NA	NA	NA	NA	NA	NA	NA	NA	NA	NA	NA	NA	NA	NA	NA	NA
null_modules	results/stage10d_tech/STAGE10D_TECH_NULL_MODULE_RESULTS.tsv	776c43d27d133f5dfdbda19e2c071a2a95942d9a403a3e87ae0a43ef3f995826	NULL_MATCHED_M30_0387	30	ARHGAP45;ASF1A;BICDL2;CAB39;CCDC88B;CERS6;CHD7;DUS1L;EMG1;GALNT3;GRK6;KCNN4;MAP2K1;MRPS26;PCGF5;PLS1;PPP1R18;PSMB8-AS1;PSMB9;PTPN4;RPP25L;SEPT1;SETD2;SIRT7;SLC39A7;SYTL2;TRAF3IP3;VCP;WIPF1;YDJC	-0.0714763605571803	-0.0476190476190476	1.03588316121248	NA	NA	NA	NA	4	72	simulation_replicate	empirical null draw; no per-module interval	NA	NA	NA	NA	NA	NA	NA	NA	NA	NA	NA	NA	NA	NA	NA	NA	NA	NA	NA	NA	NA	NA	NA	NA	NA	NA	NA	NA
null_modules	results/stage10d_tech/STAGE10D_TECH_NULL_MODULE_RESULTS.tsv	776c43d27d133f5dfdbda19e2c071a2a95942d9a403a3e87ae0a43ef3f995826	NULL_MATCHED_M30_0388	30	AFTPH;AMN;ASF1A;CCDC88B;CHD7;EPB41;GALNT7;HCLS1;IFT172;KCNN4;KMT5B;LDLRAD4;LYN;ME2;MUC3A;NGLY1;PATJ;PCGF5;PHB2;PIP4K2A;PNKP;PPIE;PTPN4;RBM26;RNF13;RPP25L;SIRT7;SPTBN1;UBN1;USP47	-0.0061198581916429	-0.0476190476190476	1.01887984149453	NA	NA	NA	NA	4	72	simulation_replicate	empirical null draw; no per-module interval	NA	NA	NA	NA	NA	NA	NA	NA	NA	NA	NA	NA	NA	NA	NA	NA	NA	NA	NA	NA	NA	NA	NA	NA	NA	NA	NA	NA
null_modules	results/stage10d_tech/STAGE10D_TECH_NULL_MODULE_RESULTS.tsv	776c43d27d133f5dfdbda19e2c071a2a95942d9a403a3e87ae0a43ef3f995826	NULL_MATCHED_M30_0389	30	ASF1A;BICDL2;CAB39;CCND1;CLNS1A;CSK;DCAF11;DENND2D;EPS8L2;FAM207A;GALNT7;GRK6;HCLS1;KCNN4;LYN;LYPLA2;MAP2K3;MUC3A;NCF1;PRMT2;PXMP2;RPP25L;STARD3NL;SYTL2;TBC1D10C;TRAF4;TRIP12;TRPM4;UBN1;WIPI2	0.0325112191909506	0.0476190476190476	0.97857784698149	NA	NA	NA	NA	4	72	simulation_replicate	empirical null draw; no per-module interval	NA	NA	NA	NA	NA	NA	NA	NA	NA	NA	NA	NA	NA	NA	NA	NA	NA	NA	NA	NA	NA	NA	NA	NA	NA	NA	NA	NA
null_modules	results/stage10d_tech/STAGE10D_TECH_NULL_MODULE_RESULTS.tsv	776c43d27d133f5dfdbda19e2c071a2a95942d9a403a3e87ae0a43ef3f995826	NULL_MATCHED_M30_0390	30	ANKRD44;ARPC4;ATF7IP;CASP7;CD48;DHPS;ENOPH1;GALM;GALNT3;GNPAT;GTF2E2;HNRNPL;IKZF1;ISOC2;KCNN4;LDLRAD4;LYPLA2;MAP2K3;MSH3;MUC3A;PCSK7;PIP4K2A;PPP1R18;PTPN4;SLC39A7;SLMAP;STRBP;SUPT5H;TRAF4;UBN1	0.0352447713783855	0.0476190476190476	1.02948946580743	NA	NA	NA	NA	4	72	simulation_replicate	empirical null draw; no per-module interval	NA	NA	NA	NA	NA	NA	NA	NA	NA	NA	NA	NA	NA	NA	NA	NA	NA	NA	NA	NA	NA	NA	NA	NA	NA	NA	NA	NA
null_modules	results/stage10d_tech/STAGE10D_TECH_NULL_MODULE_RESULTS.tsv	776c43d27d133f5dfdbda19e2c071a2a95942d9a403a3e87ae0a43ef3f995826	NULL_MATCHED_M30_0391	30	AFTPH;ANKRD49;ASF1A;C6orf62;CCDC88B;CHD7;COPS4;CSK;DDR1;DUS1L;ENOPH1;EPB41;EPS8L2;MAP7;ME2;MLLT6;NCF1;NFAT5;PCGF5;PPP2R1A;SDC4;SETD2;SUPT5H;TFDP1;TRIP12;UBN1;UFM1;WIPF1;YDJC;ZNF131	-0.107584741934711	-0.119047619047619	1.03402441203312	NA	NA	NA	NA	4	72	simulation_replicate	empirical null draw; no per-module interval	NA	NA	NA	NA	NA	NA	NA	NA	NA	NA	NA	NA	NA	NA	NA	NA	NA	NA	NA	NA	NA	NA	NA	NA	NA	NA	NA	NA
null_modules	results/stage10d_tech/STAGE10D_TECH_NULL_MODULE_RESULTS.tsv	776c43d27d133f5dfdbda19e2c071a2a95942d9a403a3e87ae0a43ef3f995826	NULL_MATCHED_M30_0392	30	CAB39;CD7;CSK;CYHR1;DCAF11;DDR1;DENND2D;ENOPH1;EPS8L2;GALNT7;GTF2E2;HCLS1;HNRNPL;ISG20;LPP;MAP2K1;MLLT6;MUC3A;NCF1;PCGF5;PNKP;SEC22B;SIRT7;STRBP;SUPT5H;TRAF3IP3;TRPM4;TWF2;WIPF1;ZNF131	0.0150355467010215	0.0357142857142857	1.02444963349211	NA	NA	NA	NA	4	72	simulation_replicate	empirical null draw; no per-module interval	NA	NA	NA	NA	NA	NA	NA	NA	NA	NA	NA	NA	NA	NA	NA	NA	NA	NA	NA	NA	NA	NA	NA	NA	NA	NA	NA	NA
null_modules	results/stage10d_tech/STAGE10D_TECH_NULL_MODULE_RESULTS.tsv	776c43d27d133f5dfdbda19e2c071a2a95942d9a403a3e87ae0a43ef3f995826	NULL_MATCHED_M30_0393	30	AFTPH;ANKRD44;CAB39;CYHR1;DOCK8;DUS1L;FAM207A;FBP1;GALM;IFI27L2;IKZF1;LDLRAD4;LONP2;LYPLA2;MAP2K1;MSH3;NCF1;NSD1;PCGF5;PPID;PPP1R18;PTPN4;PTPN7;RBBP7;SEPT1;SPINT1-AS1;STRBP;SUPT5H;TRIM2;USP3	0.0042571768609905	-0.0595238095238095	1.01485803813818	NA	NA	NA	NA	4	72	simulation_replicate	empirical null draw; no per-module interval	NA	NA	NA	NA	NA	NA	NA	NA	NA	NA	NA	NA	NA	NA	NA	NA	NA	NA	NA	NA	NA	NA	NA	NA	NA	NA	NA	NA
null_modules	results/stage10d_tech/STAGE10D_TECH_NULL_MODULE_RESULTS.tsv	776c43d27d133f5dfdbda19e2c071a2a95942d9a403a3e87ae0a43ef3f995826	NULL_MATCHED_M30_0394	30	ARHGAP45;ASF1A;ATF7IP;BICDL2;CAB39;CASP7;CSK;GALM;KMT5B;MAP7;ME2;NCF1;PATJ;PGLS;PLS1;PNKP;PSMB8-AS1;PTPRC;RPP25L;SDC4;SEC31A;SIRT7;STARD3NL;SUPT5H;TMC6;TRAF3IP3;TST;USP3;USP47;WIPF1	0.0358620808624204	0.0238095238095238	1.01662163987931	NA	NA	NA	NA	4	72	simulation_replicate	empirical null draw; no per-module interval	NA	NA	NA	NA	NA	NA	NA	NA	NA	NA	NA	NA	NA	NA	NA	NA	NA	NA	NA	NA	NA	NA	NA	NA	NA	NA	NA	NA
null_modules	results/stage10d_tech/STAGE10D_TECH_NULL_MODULE_RESULTS.tsv	776c43d27d133f5dfdbda19e2c071a2a95942d9a403a3e87ae0a43ef3f995826	NULL_MATCHED_M30_0395	30	AGPAT2;ATF7IP;BICDL2;CASP7;COX19;CSK;CYHR1;EPS8L2;EXOSC4;HNRNPL;MAP1LC3B;MAP2K1;MAP2K3;MAP7;ME2;MLLT6;MUC3A;PLS1;PNKP;PPP4R3B;PTPN4;RTCA;SBNO1;SPEN;SPINT1-AS1;SPTBN1;TRAF4;TRIP12;USP3;ZNF131	-0.00100646571007657	0	1.01489679557638	NA	NA	NA	NA	4	72	simulation_replicate	empirical null draw; no per-module interval	NA	NA	NA	NA	NA	NA	NA	NA	NA	NA	NA	NA	NA	NA	NA	NA	NA	NA	NA	NA	NA	NA	NA	NA	NA	NA	NA	NA
null_modules	results/stage10d_tech/STAGE10D_TECH_NULL_MODULE_RESULTS.tsv	776c43d27d133f5dfdbda19e2c071a2a95942d9a403a3e87ae0a43ef3f995826	NULL_MATCHED_M30_0396	30	ANKRD44;ASF1A;ATF7IP;CAB39;CLPTM1L;CNN3;CSK;DDR1;ENOPH1;GALNT7;GPR160;KMT5B;LLPH;MAP2K3;NCF1;NGLY1;PATJ;PCGF5;PLS1;PNKP;PPID;PPP1R18;RASSF7;RBM26;RPP25L;SIRT7;STRBP;TRIP12;XRCC5;YDJC	-0.0672363353194208	-0.0714285714285714	1.02868907824931	NA	NA	NA	NA	4	72	simulation_replicate	empirical null draw; no per-module interval	NA	NA	NA	NA	NA	NA	NA	NA	NA	NA	NA	NA	NA	NA	NA	NA	NA	NA	NA	NA	NA	NA	NA	NA	NA	NA	NA	NA
null_modules	results/stage10d_tech/STAGE10D_TECH_NULL_MODULE_RESULTS.tsv	776c43d27d133f5dfdbda19e2c071a2a95942d9a403a3e87ae0a43ef3f995826	NULL_MATCHED_M30_0397	30	ANKRD49;ARHGAP45;ATP6AP2;DCAF11;DDX39A;DENND2D;DUS1L;EPS8L2;GALNT3;KMT5B;MAP2K3;MAP7;ME2;MSH3;MUC3A;NCF1;PCGF5;PTPN7;RBM4;RPP25L;RTCA;SIRT7;SMCO4;SPEN;STARD3NL;STRBP;TDP2;TMEM30A;TNRC6B;UBN1	-0.0651356901340113	-0.0952380952380953	1.00359373803426	NA	NA	NA	NA	4	72	simulation_replicate	empirical null draw; no per-module interval	NA	NA	NA	NA	NA	NA	NA	NA	NA	NA	NA	NA	NA	NA	NA	NA	NA	NA	NA	NA	NA	NA	NA	NA	NA	NA	NA	NA
null_modules	results/stage10d_tech/STAGE10D_TECH_NULL_MODULE_RESULTS.tsv	776c43d27d133f5dfdbda19e2c071a2a95942d9a403a3e87ae0a43ef3f995826	NULL_MATCHED_M30_0398	30	ASF1A;CCDC88B;CHD7;COX19;CSK;DUS1L;EPB41;EPS8L2;GALNT7;GRK6;GTF2E2;LDLRAD4;LYN;LYPLA2;MAP2K3;MAP7;NDUFAF2;NUDT16L1;PATJ;PIP4K2A;PPP1R18;PSMB8-AS1;PTS;RUVBL2;SEPT6;SUCLG2;SUPT5H;TNRC6B;USP3;WIPF1	0.046827220263758	0.119047619047619	1.00171346900004	NA	NA	NA	NA	4	72	simulation_replicate	empirical null draw; no per-module interval	NA	NA	NA	NA	NA	NA	NA	NA	NA	NA	NA	NA	NA	NA	NA	NA	NA	NA	NA	NA	NA	NA	NA	NA	NA	NA	NA	NA
null_modules	results/stage10d_tech/STAGE10D_TECH_NULL_MODULE_RESULTS.tsv	776c43d27d133f5dfdbda19e2c071a2a95942d9a403a3e87ae0a43ef3f995826	NULL_MATCHED_M30_0399	30	ANKRD49;ATF7IP;C12orf10;CCDC88B;CHD7;CYHR1;DCAF11;GOPC;GRK6;IDH1;IFT172;IKZF1;KMT5B;LDLRAD4;LSR;LYN;ME2;MLLT6;NGLY1;PPID;SLMAP;STARD3NL;SUPT5H;TMC6;TRAF3IP3;TRAF4;TRIP12;TSTA3;WASL;ZNF131	0.0905932670921477	0.0952380952380953	0.97434234030743	NA	NA	NA	NA	4	72	simulation_replicate	empirical null draw; no per-module interval	NA	NA	NA	NA	NA	NA	NA	NA	NA	NA	NA	NA	NA	NA	NA	NA	NA	NA	NA	NA	NA	NA	NA	NA	NA	NA	NA	NA
null_modules	results/stage10d_tech/STAGE10D_TECH_NULL_MODULE_RESULTS.tsv	776c43d27d133f5dfdbda19e2c071a2a95942d9a403a3e87ae0a43ef3f995826	NULL_MATCHED_M30_0400	30	ANKRD44;ANKRD49;CLSTN1;CSK;DNAJC2;ENOPH1;EPB41;FAM207A;GALNT3;GALNT7;KCNN4;KMT5B;LYN;MAP2K1;MYO10;NR4A2;NUCB2;PATJ;PRPF40A;PSMB8-AS1;SEPT1;SETD2;SLMAP;STARD3NL;SYTL2;TRAF3IP3;UBN1;WIPF1;ZG16B;ZNF131	0.0115788310947002	0.0357142857142857	0.993869991605408	NA	NA	NA	NA	4	72	simulation_replicate	empirical null draw; no per-module interval	NA	NA	NA	NA	NA	NA	NA	NA	NA	NA	NA	NA	NA	NA	NA	NA	NA	NA	NA	NA	NA	NA	NA	NA	NA	NA	NA	NA
null_modules	results/stage10d_tech/STAGE10D_TECH_NULL_MODULE_RESULTS.tsv	776c43d27d133f5dfdbda19e2c071a2a95942d9a403a3e87ae0a43ef3f995826	NULL_MATCHED_M30_0401	30	ANKRD49;ASF1A;BICDL2;CYHR1;DDR1;ENOPH1;EPS8L2;FAM107B;KMT5B;KRTCAP3;LDLRAD4;LRPAP1;LYN;LYPLA2;ME2;MSH3;NCF1;NORAD;NUDT16L1;PATJ;PLS1;PPID;PSMB8-AS1;PTPN7;SEPT1;SUPT5H;TMC6;TRIP12;USP47;USP48	0.126056685394784	0.0952380952380953	0.974021716464021	NA	NA	NA	NA	4	72	simulation_replicate	empirical null draw; no per-module interval	NA	NA	NA	NA	NA	NA	NA	NA	NA	NA	NA	NA	NA	NA	NA	NA	NA	NA	NA	NA	NA	NA	NA	NA	NA	NA	NA	NA
null_modules	results/stage10d_tech/STAGE10D_TECH_NULL_MODULE_RESULTS.tsv	776c43d27d133f5dfdbda19e2c071a2a95942d9a403a3e87ae0a43ef3f995826	NULL_MATCHED_M30_0402	30	ANKRD44;ANKRD49;ATF7IP;CASP7;CHD7;CHMP3;DUS1L;EPB41;EPS8L2;IKZF1;LYPLA2;MAP2K1;MAP2K3;MFF;MSH3;PLS1;PPP1R16A;PTPN7;RTCA;SIRT7;SLMAP;SPINT1-AS1;STRBP;SYPL1;TRAF4;UBN1;WIPF1;XIAP;YDJC;ZNF148	-0.117187843246971	-0.107142857142857	1.0425438678537	NA	NA	NA	NA	4	72	simulation_replicate	empirical null draw; no per-module interval	NA	NA	NA	NA	NA	NA	NA	NA	NA	NA	NA	NA	NA	NA	NA	NA	NA	NA	NA	NA	NA	NA	NA	NA	NA	NA	NA	NA
null_modules	results/stage10d_tech/STAGE10D_TECH_NULL_MODULE_RESULTS.tsv	776c43d27d133f5dfdbda19e2c071a2a95942d9a403a3e87ae0a43ef3f995826	NULL_MATCHED_M30_0403	30	ANKRD49;ASF1A;BICDL2;CASP7;CHCHD1;COX19;DUS1L;EPS8L2;EXOSC1;FAM207A;GNPAT;GNPTAB;GTPBP4;IKZF1;MAP2K3;MRPL48;NGLY1;NUDT16L1;PPP1R18;PSMC3;SEPT1;SETD2;SIRT7;SLMAP;SPEN;STRBP;SUCLG2;TMC6;TRAF3IP3;USP3	0.00632715059358321	-0.0119047619047619	0.997516132871309	NA	NA	NA	NA	4	72	simulation_replicate	empirical null draw; no per-module interval	NA	NA	NA	NA	NA	NA	NA	NA	NA	NA	NA	NA	NA	NA	NA	NA	NA	NA	NA	NA	NA	NA	NA	NA	NA	NA	NA	NA
null_modules	results/stage10d_tech/STAGE10D_TECH_NULL_MODULE_RESULTS.tsv	776c43d27d133f5dfdbda19e2c071a2a95942d9a403a3e87ae0a43ef3f995826	NULL_MATCHED_M30_0404	30	ALDH9A1;ATF7IP;CCDC88B;CEBPZOS;CHD7;DDIT4;DDR1;DDX3X;DENND2D;FAM192A;GALNT7;GNPAT;KMT5B;MAP2K3;ME2;NUDT16L1;PATJ;PLS1;PNKP;PPID;PTPN7;RPP25L;SETD2;SPINT1-AS1;STRBP;SYTL2;TPRKB;TRAF4;USP3;WIPF1	0.0201186981198671	0.0357142857142857	1.00754830676726	NA	NA	NA	NA	4	72	simulation_replicate	empirical null draw; no per-module interval	NA	NA	NA	NA	NA	NA	NA	NA	NA	NA	NA	NA	NA	NA	NA	NA	NA	NA	NA	NA	NA	NA	NA	NA	NA	NA	NA	NA
null_modules	results/stage10d_tech/STAGE10D_TECH_NULL_MODULE_RESULTS.tsv	776c43d27d133f5dfdbda19e2c071a2a95942d9a403a3e87ae0a43ef3f995826	NULL_MATCHED_M30_0405	30	AFTPH;BST2;CASP7;COX19;CSK;DENND2D;DUS1L;EPS8L2;FAM207A;GALNT7;GNAI2;GOLGB1;GTF2E2;HNRNPL;IFT172;IKZF1;LYPLA2;MAP2K3;ME2;NPEPPS;PATJ;PIP4K2A;PNKP;PPP1R18;RTCA;SETD2;SLMAP;TMC6;TSN;UBE2H	-0.0612261837096666	-0.0357142857142857	1.04354165135074	NA	NA	NA	NA	4	72	simulation_replicate	empirical null draw; no per-module interval	NA	NA	NA	NA	NA	NA	NA	NA	NA	NA	NA	NA	NA	NA	NA	NA	NA	NA	NA	NA	NA	NA	NA	NA	NA	NA	NA	NA
null_modules	results/stage10d_tech/STAGE10D_TECH_NULL_MODULE_RESULTS.tsv	776c43d27d133f5dfdbda19e2c071a2a95942d9a403a3e87ae0a43ef3f995826	NULL_MATCHED_M30_0406	30	ACSL3;ARHGAP45;CSK;CYHR1;DDB1;EPB41;FERMT1;GALM;GTF2E2;HM13;IFT172;ME2;MLLT6;NCF1;PCGF5;PLS1;PNKP;PPID;PTPN4;PTPN7;SLMAP;SYPL1;SYTL2;TBC1D10C;TMC6;TRIP12;USP3;YDJC;ZG16B;ZNF131	0.0153339774695455	-0.0357142857142857	1.0157321550826	NA	NA	NA	NA	4	72	simulation_replicate	empirical null draw; no per-module interval	NA	NA	NA	NA	NA	NA	NA	NA	NA	NA	NA	NA	NA	NA	NA	NA	NA	NA	NA	NA	NA	NA	NA	NA	NA	NA	NA	NA
null_modules	results/stage10d_tech/STAGE10D_TECH_NULL_MODULE_RESULTS.tsv	776c43d27d133f5dfdbda19e2c071a2a95942d9a403a3e87ae0a43ef3f995826	NULL_MATCHED_M30_0407	30	ANKRD49;ATF7IP;CCNC;CHD7;COX19;CSK;DENND2D;DOCK8;ENOPH1;FAM207A;GRPEL1;GTF2E2;HCLS1;HNRNPL;KMT5B;LSR;LYPLA2;PDCD4;PPID;PPP1R18;PSMB8-AS1;PTPN7;SEC31A;SMC1A;SPEN;SPINT1-AS1;STRBP;SUPT5H;TRAF3IP3;USP3	0.0397218138667392	0.0238095238095238	0.990171085411648	NA	NA	NA	NA	4	72	simulation_replicate	empirical null draw; no per-module interval	NA	NA	NA	NA	NA	NA	NA	NA	NA	NA	NA	NA	NA	NA	NA	NA	NA	NA	NA	NA	NA	NA	NA	NA	NA	NA	NA	NA
null_modules	results/stage10d_tech/STAGE10D_TECH_NULL_MODULE_RESULTS.tsv	776c43d27d133f5dfdbda19e2c071a2a95942d9a403a3e87ae0a43ef3f995826	NULL_MATCHED_M30_0408	30	ACSL3;ANKRD44;ANKRD49;ARHGAP45;ASF1A;BIK;CSK;DIAPH1;DOCK8;EPB41;EPS8L2;GALNT7;GNPAT;IFI27L2;LYN;MAP2K1;MAP7;MUC3A;NGLY1;PCGF5;PNKP;POLR2H;PSMB8-AS1;PSMB9;SIRT7;SPEN;SPINT1-AS1;SYTL2;TMC6;TUSC2	-0.118328275814584	-0.0952380952380953	1.00966971445939	NA	NA	NA	NA	4	72	simulation_replicate	empirical null draw; no per-module interval	NA	NA	NA	NA	NA	NA	NA	NA	NA	NA	NA	NA	NA	NA	NA	NA	NA	NA	NA	NA	NA	NA	NA	NA	NA	NA	NA	NA
null_modules	results/stage10d_tech/STAGE10D_TECH_NULL_MODULE_RESULTS.tsv	776c43d27d133f5dfdbda19e2c071a2a95942d9a403a3e87ae0a43ef3f995826	NULL_MATCHED_M30_0409	30	ANKRD10;ANKRD44;CAB39;COX19;DDX3X;DENND2D;ENOPH1;GALNT3;GNPAT;GOLM1;HCLS1;IKZF1;MAP2K1;MAP7;MSH3;MUC3A;NCF1;NUDT16L1;PPID;PPP1R18;PTPN4;PTPN7;RASSF7;SETD2;SIRT7;SLC38A1;SLMAP;SYTL2;TRIM38;ZNF131	-0.113401080976055	-0.142857142857143	1.05001676862764	NA	NA	NA	NA	4	72	simulation_replicate	empirical null draw; no per-module interval	NA	NA	NA	NA	NA	NA	NA	NA	NA	NA	NA	NA	NA	NA	NA	NA	NA	NA	NA	NA	NA	NA	NA	NA	NA	NA	NA	NA
null_modules	results/stage10d_tech/STAGE10D_TECH_NULL_MODULE_RESULTS.tsv	776c43d27d133f5dfdbda19e2c071a2a95942d9a403a3e87ae0a43ef3f995826	NULL_MATCHED_M30_0410	30	ABCC3;AFTPH;ARHGAP45;BICDL2;CASP7;CEP57;CHD7;DCAF11;DDR1;DUS1L;ENOPH1;EPB41;FAM207A;HCLS1;IFT172;MAP7;ME2;MLLT6;MUC1;NUDT16L1;PLS1;PNKP;PSMB9;PTPN4;PTPN7;SETD2;STRBP;TBC1D10C;TIMMDC1;VCP	-0.0939881659587766	-0.0833333333333333	1.02347157126351	NA	NA	NA	NA	4	72	simulation_replicate	empirical null draw; no per-module interval	NA	NA	NA	NA	NA	NA	NA	NA	NA	NA	NA	NA	NA	NA	NA	NA	NA	NA	NA	NA	NA	NA	NA	NA	NA	NA	NA	NA
null_modules	results/stage10d_tech/STAGE10D_TECH_NULL_MODULE_RESULTS.tsv	776c43d27d133f5dfdbda19e2c071a2a95942d9a403a3e87ae0a43ef3f995826	NULL_MATCHED_M30_0411	30	ADSS;AFTPH;ANKRD44;BICDL2;CHD7;CTDNEP1;DDR1;DENND2D;EPB41;EPS8L2;FERMT1;GALM;GRPEL1;GTF2E2;HEBP2;KCNN4;LYPLA2;MAP7;NUDT16L1;PSMB8-AS1;SETD2;SPEN;SYTL2;TNFSF10;TRAF3IP3;TRIP12;UBN1;USP3;YDJC;ZNF131	-0.00251303018192378	-0.0119047619047619	1.01233401412556	NA	NA	NA	NA	4	72	simulation_replicate	empirical null draw; no per-module interval	NA	NA	NA	NA	NA	NA	NA	NA	NA	NA	NA	NA	NA	NA	NA	NA	NA	NA	NA	NA	NA	NA	NA	NA	NA	NA	NA	NA
null_modules	results/stage10d_tech/STAGE10D_TECH_NULL_MODULE_RESULTS.tsv	776c43d27d133f5dfdbda19e2c071a2a95942d9a403a3e87ae0a43ef3f995826	NULL_MATCHED_M30_0412	30	AFTPH;ASF1A;CD7;COX19;CSK;FAM207A;GALNT3;GALNT7;GNPAT;IFT172;IKZF1;KCNN4;MAP1LC3B;MGAT4B;MSH3;MUC3A;PCGF5;PLPP2;PNKP;PPP1R18;PRPF38A;PSMB8-AS1;PTPN4;RTCA;SEPT1;SPEN;TRAF4;TRIP12;UBE2H;YDJC	0.0140217909614818	0.0119047619047619	1.0133363400918	NA	NA	NA	NA	4	72	simulation_replicate	empirical null draw; no per-module interval	NA	NA	NA	NA	NA	NA	NA	NA	NA	NA	NA	NA	NA	NA	NA	NA	NA	NA	NA	NA	NA	NA	NA	NA	NA	NA	NA	NA
null_modules	results/stage10d_tech/STAGE10D_TECH_NULL_MODULE_RESULTS.tsv	776c43d27d133f5dfdbda19e2c071a2a95942d9a403a3e87ae0a43ef3f995826	NULL_MATCHED_M30_0413	30	ANKRD44;ATF7IP;BCAP29;CCDC88B;CSK;EIF4EBP1;GALNT3;GALNT7;GNPAT;HNRNPL;LSR;MAP2K1;MLLT6;MRPL28;MUC3A;NGLY1;PIP4K2A;PNKP;PPID;PRR15L;PTPN4;RBM4;RTCA;SLMAP;SPEN;SPINT1-AS1;STRBP;SUPT5H;TBC1D10C;TNRC6B	-0.000890813246660907	-0.0238095238095238	1.00030767404917	NA	NA	NA	NA	4	72	simulation_replicate	empirical null draw; no per-module interval	NA	NA	NA	NA	NA	NA	NA	NA	NA	NA	NA	NA	NA	NA	NA	NA	NA	NA	NA	NA	NA	NA	NA	NA	NA	NA	NA	NA
null_modules	results/stage10d_tech/STAGE10D_TECH_NULL_MODULE_RESULTS.tsv	776c43d27d133f5dfdbda19e2c071a2a95942d9a403a3e87ae0a43ef3f995826	NULL_MATCHED_M30_0414	30	AFTPH;ALKBH5;ANKRD49;ATF7IP;BLVRB;COX19;CYHR1;DNAJC2;ENOPH1;EPS8L2;GALNT3;GRK6;HCLS1;KCNN4;LDLRAD4;MAP2K3;MRPL21;NUDT16L1;PCGF5;PIP4K2A;PRPF40A;RPP25L;SIRT7;SUPT5H;TBC1D10C;TOP2B;TRAF3IP3;TRAF4;USP3;YDJC	0.0289570639062737	0	0.995707475711173	NA	NA	NA	NA	4	72	simulation_replicate	empirical null draw; no per-module interval	NA	NA	NA	NA	NA	NA	NA	NA	NA	NA	NA	NA	NA	NA	NA	NA	NA	NA	NA	NA	NA	NA	NA	NA	NA	NA	NA	NA
null_modules	results/stage10d_tech/STAGE10D_TECH_NULL_MODULE_RESULTS.tsv	776c43d27d133f5dfdbda19e2c071a2a95942d9a403a3e87ae0a43ef3f995826	NULL_MATCHED_M30_0415	30	ARHGAP18;ARHGAP45;ASF1A;CASP7;CCSER2;CCT4;CD3G;CHD7;COX19;DENND2D;EPB41;ERP44;GTF2E2;HCLS1;KCNN4;KMT5B;LYN;MSH3;NCF1;NGLY1;NUDT16L1;PABPC4;PCGF5;RTCA;SPINT1-AS1;SUPT5H;TMC6;TRAF3IP3;TRAF4;WIPF1	0.0151812807730935	0	0.983728535363214	NA	NA	NA	NA	4	72	simulation_replicate	empirical null draw; no per-module interval	NA	NA	NA	NA	NA	NA	NA	NA	NA	NA	NA	NA	NA	NA	NA	NA	NA	NA	NA	NA	NA	NA	NA	NA	NA	NA	NA	NA
null_modules	results/stage10d_tech/STAGE10D_TECH_NULL_MODULE_RESULTS.tsv	776c43d27d133f5dfdbda19e2c071a2a95942d9a403a3e87ae0a43ef3f995826	NULL_MATCHED_M30_0416	30	AKR1A1;ANKRD49;ATF7IP;CAB39;CASP7;CCDC88B;CHD7;CSK;DCAF11;DDR1;DUS1L;EBP;EPS8L2;ESRRA;EXOSC1;GALNT3;GNPAT;GNPTAB;MAP2K1;ME2;MFF;NCF1;RTCA;SIRT7;STRBP;SUPT5H;SYTL2;TOR1AIP2;TRIP12;YDJC	0.0253538465568614	0.0476190476190476	0.994106607113487	NA	NA	NA	NA	4	72	simulation_replicate	empirical null draw; no per-module interval	NA	NA	NA	NA	NA	NA	NA	NA	NA	NA	NA	NA	NA	NA	NA	NA	NA	NA	NA	NA	NA	NA	NA	NA	NA	NA	NA	NA
null_modules	results/stage10d_tech/STAGE10D_TECH_NULL_MODULE_RESULTS.tsv	776c43d27d133f5dfdbda19e2c071a2a95942d9a403a3e87ae0a43ef3f995826	NULL_MATCHED_M30_0417	30	AFTPH;ANKRD44;ATF7IP;CAB39;CASP7;CCDC88B;DCAF11;DDR1;DENND2D;GALNT3;GOPC;GTF2E2;HCLS1;IKZF1;LYN;ME2;MLLT6;NFAT5;PCGF5;PPID;PSMB9;PSMC3;PTPN4;SEC31A;SETD2;STARD3NL;TRAF3IP3;TRAF4;UBQLN1;USP3	-0.0264979724077251	-0.0476190476190476	1.01519006112452	NA	NA	NA	NA	4	72	simulation_replicate	empirical null draw; no per-module interval	NA	NA	NA	NA	NA	NA	NA	NA	NA	NA	NA	NA	NA	NA	NA	NA	NA	NA	NA	NA	NA	NA	NA	NA	NA	NA	NA	NA
null_modules	results/stage10d_tech/STAGE10D_TECH_NULL_MODULE_RESULTS.tsv	776c43d27d133f5dfdbda19e2c071a2a95942d9a403a3e87ae0a43ef3f995826	NULL_MATCHED_M30_0418	30	AFTPH;ATIC;CCDC88B;CHD7;CLIP1;CYHR1;DPP7;GNPAT;GTF2E2;IFT172;IMMT;ISOC2;ME2;MLLT6;PATJ;PNKP;PSMB8-AS1;PSMB9;PTPN4;RPP25L;SEPT1;SETD2;SIRT7;SPEN;SPINT1-AS1;STRBP;TRIP12;UBN1;USP3;WIPF1	-0.106717913885791	-0.107142857142857	1.06948209726852	NA	NA	NA	NA	4	72	simulation_replicate	empirical null draw; no per-module interval	NA	NA	NA	NA	NA	NA	NA	NA	NA	NA	NA	NA	NA	NA	NA	NA	NA	NA	NA	NA	NA	NA	NA	NA	NA	NA	NA	NA
null_modules	results/stage10d_tech/STAGE10D_TECH_NULL_MODULE_RESULTS.tsv	776c43d27d133f5dfdbda19e2c071a2a95942d9a403a3e87ae0a43ef3f995826	NULL_MATCHED_M30_0419	30	ANKRD44;ARHGAP45;ASF1A;ATIC;C5orf24;CHD7;COX19;CSK;CYHR1;DENND2D;EBPL;FAM207A;HCLS1;KLF13;LYN;LYPLA2;MAP2K3;MAP7;ME2;MSH3;NCF1;PCGF5;PPP4C;SEPT1;SIRT7;SPTAN1;STRBP;SYTL2;TMC6;WIPF1	-0.00631894975211626	-0.0476190476190476	0.991297477953992	NA	NA	NA	NA	4	72	simulation_replicate	empirical null draw; no per-module interval	NA	NA	NA	NA	NA	NA	NA	NA	NA	NA	NA	NA	NA	NA	NA	NA	NA	NA	NA	NA	NA	NA	NA	NA	NA	NA	NA	NA
null_modules	results/stage10d_tech/STAGE10D_TECH_NULL_MODULE_RESULTS.tsv	776c43d27d133f5dfdbda19e2c071a2a95942d9a403a3e87ae0a43ef3f995826	NULL_MATCHED_M30_0420	30	ANKRD49;ANXA3;CCDC88B;COX17;COX19;DCAF11;DPP7;ENOPH1;EPS8L2;EXOSC1;GALM;GALNT3;IFNAR1;IKZF1;ITFG1;KCNN4;MSH3;MUC3A;NPM3;PCGF5;PIP4K2A;PLS1;PPID;PPP1R18;SIRT7;SMIM12;STRBP;SUPT5H;TRAF4;ZNF131	-0.0852081150109884	-0.0595238095238095	1.03687956816822	NA	NA	NA	NA	4	72	simulation_replicate	empirical null draw; no per-module interval	NA	NA	NA	NA	NA	NA	NA	NA	NA	NA	NA	NA	NA	NA	NA	NA	NA	NA	NA	NA	NA	NA	NA	NA	NA	NA	NA	NA
null_modules	results/stage10d_tech/STAGE10D_TECH_NULL_MODULE_RESULTS.tsv	776c43d27d133f5dfdbda19e2c071a2a95942d9a403a3e87ae0a43ef3f995826	NULL_MATCHED_M30_0421	30	ARHGAP45;BICDL2;CAB39;CD3D;DOCK8;DUS1L;EPB41;GALNT3;GALNT7;HCLS1;IFT172;IST1;KMT5B;LSM8;MAP2K1;MAP2K3;NUDT16L1;PATJ;PIP4K2A;PPID;PSMB8-AS1;PTPN4;RAC2;SETD2;SLC39A7;STRBP;TBC1D10C;TRAF3IP3;UBE2H;USP3	-0.00112978291838987	0	0.993528427790227	NA	NA	NA	NA	4	72	simulation_replicate	empirical null draw; no per-module interval	NA	NA	NA	NA	NA	NA	NA	NA	NA	NA	NA	NA	NA	NA	NA	NA	NA	NA	NA	NA	NA	NA	NA	NA	NA	NA	NA	NA
null_modules	results/stage10d_tech/STAGE10D_TECH_NULL_MODULE_RESULTS.tsv	776c43d27d133f5dfdbda19e2c071a2a95942d9a403a3e87ae0a43ef3f995826	NULL_MATCHED_M30_0422	30	AFTPH;ANKRD49;BICDL2;COX19;DDR1;DENND2D;DUS1L;EPS8L2;FAM207A;HNRNPA1P48;HNRNPL;IST1;KMT5B;MAP2K1;MRPL48;MUC3A;MZT1;NGLY1;NUDT16L1;OLA1;PPID;PSMB8-AS1;PSMC3;PTPN7;RTCA;SPEN;STARD3NL;STRBP;SUCLG2;TRAF4	-0.0760795575293591	-0.0595238095238095	1.03899417362477	NA	NA	NA	NA	4	72	simulation_replicate	empirical null draw; no per-module interval	NA	NA	NA	NA	NA	NA	NA	NA	NA	NA	NA	NA	NA	NA	NA	NA	NA	NA	NA	NA	NA	NA	NA	NA	NA	NA	NA	NA
null_modules	results/stage10d_tech/STAGE10D_TECH_NULL_MODULE_RESULTS.tsv	776c43d27d133f5dfdbda19e2c071a2a95942d9a403a3e87ae0a43ef3f995826	NULL_MATCHED_M30_0423	30	AGPAT2;ANKRD44;ARHGAP45;BCL11A;BICDL2;CAB39;CASP7;DUS1L;GALNT3;GALNT7;GAS6;GTF2A2;GTF2E2;HCLS1;LDLRAD4;LYN;MAP2K3;ME2;MLLT6;MRPS23;MSH3;PLS1;PSMB8-AS1;RPP25L;RUVBL2;STARD3NL;SUPT5H;SYTL2;TBC1D10C;ZNF131	-0.0230501291739674	-0.0238095238095238	1.00756381809107	NA	NA	NA	NA	4	72	simulation_replicate	empirical null draw; no per-module interval	NA	NA	NA	NA	NA	NA	NA	NA	NA	NA	NA	NA	NA	NA	NA	NA	NA	NA	NA	NA	NA	NA	NA	NA	NA	NA	NA	NA
null_modules	results/stage10d_tech/STAGE10D_TECH_NULL_MODULE_RESULTS.tsv	776c43d27d133f5dfdbda19e2c071a2a95942d9a403a3e87ae0a43ef3f995826	NULL_MATCHED_M30_0424	30	AFTPH;ANKRD44;ASF1A;ATF7IP;CHCHD1;CHD7;CLNS1A;COMT;COX19;DUS1L;GALM;GTF2E2;HNRNPL;IFT172;MAP2K1;MAP2K3;MAP7;PLS1;PNKP;POLE3;PPID;RASSF7;SETD2;SLC39A7;SPEN;STRBP;TRAF4;TRIP12;TSN;USP3	-0.00789398976293399	-0.0238095238095238	1.02777804144014	NA	NA	NA	NA	4	72	simulation_replicate	empirical null draw; no per-module interval	NA	NA	NA	NA	NA	NA	NA	NA	NA	NA	NA	NA	NA	NA	NA	NA	NA	NA	NA	NA	NA	NA	NA	NA	NA	NA	NA	NA
null_modules	results/stage10d_tech/STAGE10D_TECH_NULL_MODULE_RESULTS.tsv	776c43d27d133f5dfdbda19e2c071a2a95942d9a403a3e87ae0a43ef3f995826	NULL_MATCHED_M30_0425	30	ANKRD44;BICDL2;CSK;EPS8L2;FAM207A;FAM3C;FERMT1;GALM;GPSM3;IKZF1;KMT5B;MAP2K3;MRPL48;NGLY1;PIP4K2A;PTPN7;RTCA;SEPT1;SETD2;SIRT7;SMC1A;STARD3NL;STRBP;SUCLG1;SYTL2;TBC1D10C;TRAF4;UBN1;USP3;ZNF131	-0.101696707883182	-0.0952380952380953	1.03659264506614	NA	NA	NA	NA	4	72	simulation_replicate	empirical null draw; no per-module interval	NA	NA	NA	NA	NA	NA	NA	NA	NA	NA	NA	NA	NA	NA	NA	NA	NA	NA	NA	NA	NA	NA	NA	NA	NA	NA	NA	NA
null_modules	results/stage10d_tech/STAGE10D_TECH_NULL_MODULE_RESULTS.tsv	776c43d27d133f5dfdbda19e2c071a2a95942d9a403a3e87ae0a43ef3f995826	NULL_MATCHED_M30_0426	30	CASP7;CSK;DUS1L;GALNT3;GRK6;GTF2E2;IFT172;LSR;LYN;LYPLA2;MSH3;NGLY1;NUCB2;PIP4K2A;PNKP;PPIL4;PPP1R18;PRMT2;PSMB8-AS1;PTPN7;SIRT7;SMIM12;SPEN;SPINT1-AS1;STARD3NL;SUPT5H;SYNRG;TIMMDC1;TRAF3IP3;TSN	0.0738702715217188	0.0476190476190476	0.976603008700607	NA	NA	NA	NA	4	72	simulation_replicate	empirical null draw; no per-module interval	NA	NA	NA	NA	NA	NA	NA	NA	NA	NA	NA	NA	NA	NA	NA	NA	NA	NA	NA	NA	NA	NA	NA	NA	NA	NA	NA	NA
null_modules	results/stage10d_tech/STAGE10D_TECH_NULL_MODULE_RESULTS.tsv	776c43d27d133f5dfdbda19e2c071a2a95942d9a403a3e87ae0a43ef3f995826	NULL_MATCHED_M30_0427	30	ANKRD49;ASF1A;CAB39;COX17;CYHR1;DENND2D;DOCK8;FAM207A;FAM3C;GALNT7;HCLS1;HNRNPA1P48;KMT5B;LDLRAD4;MAP7;MSH3;MUC3A;NGLY1;PATJ;PCGF5;PIP4K2A;PLPP2;PSMB8-AS1;SETD2;SYTL2;TBC1D10C;TRAF3IP3;UBN1;USP1;XPO1	0.0700308426773169	0.0952380952380953	1.01632643673395	NA	NA	NA	NA	4	72	simulation_replicate	empirical null draw; no per-module interval	NA	NA	NA	NA	NA	NA	NA	NA	NA	NA	NA	NA	NA	NA	NA	NA	NA	NA	NA	NA	NA	NA	NA	NA	NA	NA	NA	NA
null_modules	results/stage10d_tech/STAGE10D_TECH_NULL_MODULE_RESULTS.tsv	776c43d27d133f5dfdbda19e2c071a2a95942d9a403a3e87ae0a43ef3f995826	NULL_MATCHED_M30_0428	30	ANKRD44;ARHGAP45;CASP7;CHD7;COX19;CSK;CYHR1;DUS1L;EHF;EPB41;FAM207A;GALM;GTF2E2;HCLS1;HNRNPL;LYPLA2;MUC3A;PCGF5;PTPRC;RAC2;SETD2;SIRT7;SMC1A;STRBP;STX4;SUMO3;SYTL2;TBC1D10C;UBN1;ZNF131	-0.012153331177113	-0.0476190476190476	1.03237087999551	NA	NA	NA	NA	4	72	simulation_replicate	empirical null draw; no per-module interval	NA	NA	NA	NA	NA	NA	NA	NA	NA	NA	NA	NA	NA	NA	NA	NA	NA	NA	NA	NA	NA	NA	NA	NA	NA	NA	NA	NA
null_modules	results/stage10d_tech/STAGE10D_TECH_NULL_MODULE_RESULTS.tsv	776c43d27d133f5dfdbda19e2c071a2a95942d9a403a3e87ae0a43ef3f995826	NULL_MATCHED_M30_0429	30	ABHD11;ANKRD44;ARHGAP45;CAB39;CCDC88B;CHD7;CSK;CYHR1;GRK6;GSKIP;KCNN4;LDLRAD4;LYN;MAP1LC3B;MAP2K1;MAP2K3;MLLT6;MYADM;NCF1;PATJ;PNKP;PPIL4;RSU1;SETD2;SLMAP;SUPT5H;SYTL2;TBC1D10C;YDJC;ZNF131	0.0422267628234948	-0.0476190476190476	1.02445070151629	NA	NA	NA	NA	4	72	simulation_replicate	empirical null draw; no per-module interval	NA	NA	NA	NA	NA	NA	NA	NA	NA	NA	NA	NA	NA	NA	NA	NA	NA	NA	NA	NA	NA	NA	NA	NA	NA	NA	NA	NA
null_modules	results/stage10d_tech/STAGE10D_TECH_NULL_MODULE_RESULTS.tsv	776c43d27d133f5dfdbda19e2c071a2a95942d9a403a3e87ae0a43ef3f995826	NULL_MATCHED_M30_0430	30	AKAP1;CCDC88B;CCND1;CMBL;COX19;CSK;DENND2D;ENOPH1;EXOSC1;FAM207A;KLF13;LYN;LYPLA2;MAP2K1;MAP2K3;MAP7;MLLT6;MSH3;MUC3A;NUDT16L1;PCGF5;PPP1R18;PPP2R1A;PSMB8-AS1;PTPN7;SPINT1-AS1;SYTL2;TBC1D10C;TRAF3IP3;XIAP	-0.0113912900613926	-0.0238095238095238	1.01737242081877	NA	NA	NA	NA	4	72	simulation_replicate	empirical null draw; no per-module interval	NA	NA	NA	NA	NA	NA	NA	NA	NA	NA	NA	NA	NA	NA	NA	NA	NA	NA	NA	NA	NA	NA	NA	NA	NA	NA	NA	NA
null_modules	results/stage10d_tech/STAGE10D_TECH_NULL_MODULE_RESULTS.tsv	776c43d27d133f5dfdbda19e2c071a2a95942d9a403a3e87ae0a43ef3f995826	NULL_MATCHED_M30_0431	30	ANKRD49;BICDL2;CHD7;CSNK1D;DCAF11;DOCK8;EPS8L2;FBP1;GALM;GALNT7;HCLS1;IKZF1;KMT5B;LSM8;LYN;LYPLA2;MSH3;NKG7;PCGF5;PIP4K2A;PTPN4;SLMAP;SPEN;STARD3NL;SYTL2;TMPRSS2;TRIM2;UBXN6;YDJC;ZNF131	0.170095585090192	0.119047619047619	0.989756823803792	NA	NA	NA	NA	4	72	simulation_replicate	empirical null draw; no per-module interval	NA	NA	NA	NA	NA	NA	NA	NA	NA	NA	NA	NA	NA	NA	NA	NA	NA	NA	NA	NA	NA	NA	NA	NA	NA	NA	NA	NA
null_modules	results/stage10d_tech/STAGE10D_TECH_NULL_MODULE_RESULTS.tsv	776c43d27d133f5dfdbda19e2c071a2a95942d9a403a3e87ae0a43ef3f995826	NULL_MATCHED_M30_0432	30	ADSS;ARHGAP45;ASF1A;CAB39;CEBPZOS;CYHR1;DENND2D;DUS1L;EPB41;EPS8L2;FAM207A;FKBP4;GALM;GALNT7;GNPAT;GTF2E2;GTPBP4;HCLS1;IFT172;IKZF1;KCNN4;NUDT16L1;PATJ;PLS1;PPID;RBBP7;SLMAP;SUCLG1;SUPT5H;TBC1D10C	-0.0115593483982086	-0.0119047619047619	0.993902114126982	NA	NA	NA	NA	4	72	simulation_replicate	empirical null draw; no per-module interval	NA	NA	NA	NA	NA	NA	NA	NA	NA	NA	NA	NA	NA	NA	NA	NA	NA	NA	NA	NA	NA	NA	NA	NA	NA	NA	NA	NA
null_modules	results/stage10d_tech/STAGE10D_TECH_NULL_MODULE_RESULTS.tsv	776c43d27d133f5dfdbda19e2c071a2a95942d9a403a3e87ae0a43ef3f995826	NULL_MATCHED_M30_0433	30	ABHD17A;ANKRD44;ASF1A;ATIC;BICDL2;CCDC88B;COX19;DDR1;DUS1L;GALNT7;GTF2E2;IFT172;ILF2;KXD1;MAP2K3;ME2;NCF1;PCGF5;PLS1;POLR2H;PSMC5;PTPN4;PTPN7;RTCA;SPEN;SYTL2;TBC1D10C;WIPF1;XPO1;ZNF131	-0.0340405597311547	0.0238095238095238	1.01213064488547	NA	NA	NA	NA	4	72	simulation_replicate	empirical null draw; no per-module interval	NA	NA	NA	NA	NA	NA	NA	NA	NA	NA	NA	NA	NA	NA	NA	NA	NA	NA	NA	NA	NA	NA	NA	NA	NA	NA	NA	NA
null_modules	results/stage10d_tech/STAGE10D_TECH_NULL_MODULE_RESULTS.tsv	776c43d27d133f5dfdbda19e2c071a2a95942d9a403a3e87ae0a43ef3f995826	NULL_MATCHED_M30_0434	30	ARHGAP45;BICDL2;CASP7;CLDND1;CLSTN1;COX19;CYHR1;DDR1;DOCK8;DUS1L;ENOPH1;FKBP3;GNPAT;HCLS1;HIKESHI;HNRNPL;ICAM3;ME2;MSH3;PATJ;PCGF5;PNKP;PTPN4;RTN3;SPINT1-AS1;SUPT5H;TRAF3IP3;USP3;WIPF1;YDJC	0.036558905651836	0.0476190476190476	0.989362035390712	NA	NA	NA	NA	4	72	simulation_replicate	empirical null draw; no per-module interval	NA	NA	NA	NA	NA	NA	NA	NA	NA	NA	NA	NA	NA	NA	NA	NA	NA	NA	NA	NA	NA	NA	NA	NA	NA	NA	NA	NA
null_modules	results/stage10d_tech/STAGE10D_TECH_NULL_MODULE_RESULTS.tsv	776c43d27d133f5dfdbda19e2c071a2a95942d9a403a3e87ae0a43ef3f995826	NULL_MATCHED_M30_0435	30	ANKRD44;ARHGAP45;CAB39;CHD7;DDR1;DIAPH1;DUS1L;EPS8L2;GALNT3;GALNT7;GOPC;GYPC;HCLS1;KCNN4;MAP7;NCF1;PCGF5;PSMB8-AS1;RTCA;SEPT1;SETD2;SPEN;TM9SF2;TMC6;TOR1AIP2;UBE2B;USP3;WIPF1;YDJC;YIPF2	-0.0969282700149316	-0.130952380952381	1.0195072343856	NA	NA	NA	NA	4	72	simulation_replicate	empirical null draw; no per-module interval	NA	NA	NA	NA	NA	NA	NA	NA	NA	NA	NA	NA	NA	NA	NA	NA	NA	NA	NA	NA	NA	NA	NA	NA	NA	NA	NA	NA
null_modules	results/stage10d_tech/STAGE10D_TECH_NULL_MODULE_RESULTS.tsv	776c43d27d133f5dfdbda19e2c071a2a95942d9a403a3e87ae0a43ef3f995826	NULL_MATCHED_M30_0436	30	AFTPH;ATF7IP;BICDL2;COX19;CYHR1;DDR1;DHPS;DPP7;EPS8L2;FAM207A;GALNT7;GNPAT;HIKESHI;HNRNPL;LINC01871;LONP2;MAP2K1;MAP7;ME2;MLLT6;NCF1;NUDT16L1;PIP4K2A;PRSS3;SLMAP;SPEN;STRBP;UBN1;USP3;ZNF131	-0.0809252661947994	-0.0119047619047619	1.04150220403227	NA	NA	NA	NA	4	72	simulation_replicate	empirical null draw; no per-module interval	NA	NA	NA	NA	NA	NA	NA	NA	NA	NA	NA	NA	NA	NA	NA	NA	NA	NA	NA	NA	NA	NA	NA	NA	NA	NA	NA	NA
null_modules	results/stage10d_tech/STAGE10D_TECH_NULL_MODULE_RESULTS.tsv	776c43d27d133f5dfdbda19e2c071a2a95942d9a403a3e87ae0a43ef3f995826	NULL_MATCHED_M30_0437	30	ANKRD44;ARHGAP18;ASF1A;ATIC;CHD7;CYHR1;DCAF11;DUS1L;GALNT7;GNPAT;IFNAR1;KMT5B;LDLRAD4;LSP1;MAP2K1;MAP2K3;MUC3A;NGLY1;PATJ;PHLDA2;PTPN4;SETD2;SIRT7;SLC38A1;SLMAP;SYTL2;TBC1D10C;TRAF4;YDJC;ZNF131	0.0701642847926577	0.0595238095238095	1.00571691350018	NA	NA	NA	NA	4	72	simulation_replicate	empirical null draw; no per-module interval	NA	NA	NA	NA	NA	NA	NA	NA	NA	NA	NA	NA	NA	NA	NA	NA	NA	NA	NA	NA	NA	NA	NA	NA	NA	NA	NA	NA
null_modules	results/stage10d_tech/STAGE10D_TECH_NULL_MODULE_RESULTS.tsv	776c43d27d133f5dfdbda19e2c071a2a95942d9a403a3e87ae0a43ef3f995826	NULL_MATCHED_M30_0438	30	ACSL3;ANKRD44;BICDL2;CAB39;CRBN;CYHR1;DOCK8;EPS8L2;FAM207A;GRK6;HCLS1;IKZF1;KCNN4;LDLRAD4;LSP1;LYN;MAP2K1;MAP2K3;MDH1;MSH3;PDXK;PLS1;PPIL4;PSMB8-AS1;PTPN7;SETD2;SIRT7;SLMAP;SUPT5H;ZNF131	-0.0167239117695852	0.0238095238095238	1.01203966014042	NA	NA	NA	NA	4	72	simulation_replicate	empirical null draw; no per-module interval	NA	NA	NA	NA	NA	NA	NA	NA	NA	NA	NA	NA	NA	NA	NA	NA	NA	NA	NA	NA	NA	NA	NA	NA	NA	NA	NA	NA
null_modules	results/stage10d_tech/STAGE10D_TECH_NULL_MODULE_RESULTS.tsv	776c43d27d133f5dfdbda19e2c071a2a95942d9a403a3e87ae0a43ef3f995826	NULL_MATCHED_M30_0439	30	DDR1;DDX39A;DENND2D;DUS1L;ENOPH1;EVI2B;FAM207A;GFPT1;GNPAT;GRK6;GTF2A2;KMT5B;LDLRAD4;MAP2K1;MAP2K3;MRPS23;NCF1;PCGF5;PIP4K2A;PSMB8-AS1;PSMC3;SEPT1;SETD2;SIRT7;STARD3NL;SUPT5H;SYTL2;TRIP12;USP3;WIPF1	-0.078631928855953	-0.0714285714285714	1.02431737134947	NA	NA	NA	NA	4	72	simulation_replicate	empirical null draw; no per-module interval	NA	NA	NA	NA	NA	NA	NA	NA	NA	NA	NA	NA	NA	NA	NA	NA	NA	NA	NA	NA	NA	NA	NA	NA	NA	NA	NA	NA
null_modules	results/stage10d_tech/STAGE10D_TECH_NULL_MODULE_RESULTS.tsv	776c43d27d133f5dfdbda19e2c071a2a95942d9a403a3e87ae0a43ef3f995826	NULL_MATCHED_M30_0440	30	AK3;ANKRD49;ASF1A;ATP6AP2;BIK;CASP7;CHD7;CTBP2;DCAF11;DCTN6;DENND2D;ENOPH1;GALNT3;MAP2K3;MSH3;MUC3A;NUDT16L1;PCGF5;PLS1;PPID;RPP25L;SEPT1;SLMAP;SPEN;SYTL2;TMC6;TOR1AIP2;TRAF4;WIPF1;YDJC	0.0398702992650284	0.0476190476190476	1.00113274421734	NA	NA	NA	NA	4	72	simulation_replicate	empirical null draw; no per-module interval	NA	NA	NA	NA	NA	NA	NA	NA	NA	NA	NA	NA	NA	NA	NA	NA	NA	NA	NA	NA	NA	NA	NA	NA	NA	NA	NA	NA
null_modules	results/stage10d_tech/STAGE10D_TECH_NULL_MODULE_RESULTS.tsv	776c43d27d133f5dfdbda19e2c071a2a95942d9a403a3e87ae0a43ef3f995826	NULL_MATCHED_M30_0441	30	AFTPH;CASP7;CCDC88B;CLIP1;DCAF11;DDR1;DENND2D;DUS1L;ENOPH1;EXOSC1;GALNT3;GPA33;GRK6;GTF2E2;HNRNPL;IFT172;IKZF1;KMT5B;MAP7;MYADM;OLA1;PNKP;PPP2R1A;RPP25L;SEPT1;SLMAP;STRBP;SUPT5H;YDJC;ZNF148	0.0237019309207287	0.0119047619047619	1.01328086238705	NA	NA	NA	NA	4	72	simulation_replicate	empirical null draw; no per-module interval	NA	NA	NA	NA	NA	NA	NA	NA	NA	NA	NA	NA	NA	NA	NA	NA	NA	NA	NA	NA	NA	NA	NA	NA	NA	NA	NA	NA
null_modules	results/stage10d_tech/STAGE10D_TECH_NULL_MODULE_RESULTS.tsv	776c43d27d133f5dfdbda19e2c071a2a95942d9a403a3e87ae0a43ef3f995826	NULL_MATCHED_M30_0442	30	ANKRD44;ARHGAP45;COX19;DOCK8;EHF;GNPAT;IAH1;IFT172;IKZF1;KCNN4;LDLRAD4;LPP;LYPLA2;NCF1;NGLY1;NUCB2;NUDT16L1;PCGF5;PNKP;PSMB8-AS1;PTPN7;RAB5A;RPP25L;SAFB2;SIRT7;SLMAP;SMIM12;SUPT5H;TRIP12;WIPF1	0.0250153959213063	-0.0119047619047619	1.00013412315993	NA	NA	NA	NA	4	72	simulation_replicate	empirical null draw; no per-module interval	NA	NA	NA	NA	NA	NA	NA	NA	NA	NA	NA	NA	NA	NA	NA	NA	NA	NA	NA	NA	NA	NA	NA	NA	NA	NA	NA	NA
null_modules	results/stage10d_tech/STAGE10D_TECH_NULL_MODULE_RESULTS.tsv	776c43d27d133f5dfdbda19e2c071a2a95942d9a403a3e87ae0a43ef3f995826	NULL_MATCHED_M30_0443	30	ANKRD49;ARHGAP45;ATF7IP;COX19;DCAF11;EHF;ENOPH1;EPB41;FAM207A;GRK6;GTF2E2;HCLS1;IPO7;KMT5B;LDLRAD4;MAP2K3;MBD4;PATJ;PIP4K2A;PLS1;PPP1R18;PSMB8-AS1;RAC2;RBPJ;SF3B2;SPEN;STARD3NL;STRBP;TRAF3IP3;TRIP12	0.0311153142380811	0.0357142857142857	0.985872025728311	NA	NA	NA	NA	4	72	simulation_replicate	empirical null draw; no per-module interval	NA	NA	NA	NA	NA	NA	NA	NA	NA	NA	NA	NA	NA	NA	NA	NA	NA	NA	NA	NA	NA	NA	NA	NA	NA	NA	NA	NA
null_modules	results/stage10d_tech/STAGE10D_TECH_NULL_MODULE_RESULTS.tsv	776c43d27d133f5dfdbda19e2c071a2a95942d9a403a3e87ae0a43ef3f995826	NULL_MATCHED_M30_0444	30	AFTPH;ANKRD44;ASF1A;BLVRB;CAB39;CASP7;CHD7;CSK;DDR1;EPB41;GPA33;IFT172;LDLRAD4;ME2;NDUFAF2;NRDC;PCGF5;PNKP;PPID;PPP1R18;RTCA;SF3B1;SIL1;SLMAP;SPEN;STARD3NL;SUPT5H;SYTL2;UBN1;WIPF1	0.0848013028086592	0.130952380952381	1.01080352798439	NA	NA	NA	NA	4	72	simulation_replicate	empirical null draw; no per-module interval	NA	NA	NA	NA	NA	NA	NA	NA	NA	NA	NA	NA	NA	NA	NA	NA	NA	NA	NA	NA	NA	NA	NA	NA	NA	NA	NA	NA
null_modules	results/stage10d_tech/STAGE10D_TECH_NULL_MODULE_RESULTS.tsv	776c43d27d133f5dfdbda19e2c071a2a95942d9a403a3e87ae0a43ef3f995826	NULL_MATCHED_M30_0445	30	ANKRD10;ANKRD44;C1orf131;CAB39;CASP7;COX19;EPS8L2;FAM207A;GALM;GALNT7;GTF2E2;HM13;HNRNPL;KMT5B;LDLRAD4;MLLT6;MRPL21;MUC12;MUC3A;NGLY1;NRDC;PTPN7;RTCA;SEPT1;SIRT7;SPEN;TBC1D10C;TRAF4;UBN1;YDJC	-0.163347753186427	-0.142857142857143	1.04757630862008	NA	NA	NA	NA	4	72	simulation_replicate	empirical null draw; no per-module interval	NA	NA	NA	NA	NA	NA	NA	NA	NA	NA	NA	NA	NA	NA	NA	NA	NA	NA	NA	NA	NA	NA	NA	NA	NA	NA	NA	NA
null_modules	results/stage10d_tech/STAGE10D_TECH_NULL_MODULE_RESULTS.tsv	776c43d27d133f5dfdbda19e2c071a2a95942d9a403a3e87ae0a43ef3f995826	NULL_MATCHED_M30_0446	30	ARHGAP45;CEBPZOS;CHD7;DDR1;ENOPH1;GALM;GNPAT;GRK6;KMT5B;MAP2K3;MYH14;PNKP;PPID;PPP1R18;PTPN4;PTPN7;RAC2;RBM26;RTCA;SEPT1;SETD2;SIRT7;SLMAP;SPINT1-AS1;SYTL2;TCEAL9;TRAF3IP3;UBN1;USP3;VCP	-0.0817989271653722	-0.0476190476190476	1.04019710360649	NA	NA	NA	NA	4	72	simulation_replicate	empirical null draw; no per-module interval	NA	NA	NA	NA	NA	NA	NA	NA	NA	NA	NA	NA	NA	NA	NA	NA	NA	NA	NA	NA	NA	NA	NA	NA	NA	NA	NA	NA
null_modules	results/stage10d_tech/STAGE10D_TECH_NULL_MODULE_RESULTS.tsv	776c43d27d133f5dfdbda19e2c071a2a95942d9a403a3e87ae0a43ef3f995826	NULL_MATCHED_M30_0447	30	AFTPH;ATIC;BICDL2;CAB39;DCAF11;DDR1;DENND2D;GALM;GALNT7;GRK6;IFT172;IPO7;LUC7L2;LYN;MAP2K3;MSH3;MUC1;NUDT16L1;PATJ;PCGF5;PHB2;PIP4K2A;PSMB8-AS1;SETD2;SIRT7;SLMAP;SPEN;SUPT5H;TCEAL9;ZNF131	-0.00203400598345065	0	0.993130475273463	NA	NA	NA	NA	4	72	simulation_replicate	empirical null draw; no per-module interval	NA	NA	NA	NA	NA	NA	NA	NA	NA	NA	NA	NA	NA	NA	NA	NA	NA	NA	NA	NA	NA	NA	NA	NA	NA	NA	NA	NA
null_modules	results/stage10d_tech/STAGE10D_TECH_NULL_MODULE_RESULTS.tsv	776c43d27d133f5dfdbda19e2c071a2a95942d9a403a3e87ae0a43ef3f995826	NULL_MATCHED_M30_0448	30	AFTPH;ANKRD44;ANKRD49;ASF1A;BCAP29;BICDL2;CHD7;ENOPH1;FBXW5;GALM;IFT172;LDLRAD4;LYPLA2;MAP2K1;MAP2K3;MAP7;MSH3;NUDT16L1;PLS1;PTPN6;PTPN7;QSOX1;SIRT7;SLMAP;SUCLG2;TBC1D10C;UBN1;WIPF1;XIAP;YDJC	-0.0975934271573933	-0.0476190476190476	0.99207769282575	NA	NA	NA	NA	4	72	simulation_replicate	empirical null draw; no per-module interval	NA	NA	NA	NA	NA	NA	NA	NA	NA	NA	NA	NA	NA	NA	NA	NA	NA	NA	NA	NA	NA	NA	NA	NA	NA	NA	NA	NA
null_modules	results/stage10d_tech/STAGE10D_TECH_NULL_MODULE_RESULTS.tsv	776c43d27d133f5dfdbda19e2c071a2a95942d9a403a3e87ae0a43ef3f995826	NULL_MATCHED_M30_0449	30	AFTPH;ANKRD49;ARPC4;COX19;DPP7;EEF1E1;EPS8L2;FAM207A;GALNT7;GRK6;HNRNPH2;IFT172;IKZF1;KMT5B;LYN;MAP2K3;ME2;MUC3A;PCGF5;PPID;PTPN7;SBNO1;SETD2;SLMAP;SPEN;SUPT5H;SYTL2;TRAF3IP3;USP48;WIPF1	-0.041905409486356	-0.0119047619047619	1.0207538833583	NA	NA	NA	NA	4	72	simulation_replicate	empirical null draw; no per-module interval	NA	NA	NA	NA	NA	NA	NA	NA	NA	NA	NA	NA	NA	NA	NA	NA	NA	NA	NA	NA	NA	NA	NA	NA	NA	NA	NA	NA
null_modules	results/stage10d_tech/STAGE10D_TECH_NULL_MODULE_RESULTS.tsv	776c43d27d133f5dfdbda19e2c071a2a95942d9a403a3e87ae0a43ef3f995826	NULL_MATCHED_M30_0450	30	CAB39;CASP7;CHD7;CRBN;CSK;CYHR1;DUS1L;GALNT3;GALNT7;GTF2E2;HCLS1;IFT172;IVNS1ABP;KCNN4;LDLRAD4;MAP2K1;NGLY1;PAFAH1B2;PDZK1IP1;PPP1R18;PSMC3;PTPN4;SETD2;SF3B1;SIRT7;SPEN;SYTL2;TRIP12;UBN1;YDJC	-0.126566100893555	-0.0714285714285714	1.03525983674903	NA	NA	NA	NA	4	72	simulation_replicate	empirical null draw; no per-module interval	NA	NA	NA	NA	NA	NA	NA	NA	NA	NA	NA	NA	NA	NA	NA	NA	NA	NA	NA	NA	NA	NA	NA	NA	NA	NA	NA	NA
null_modules	results/stage10d_tech/STAGE10D_TECH_NULL_MODULE_RESULTS.tsv	776c43d27d133f5dfdbda19e2c071a2a95942d9a403a3e87ae0a43ef3f995826	NULL_MATCHED_M30_0451	30	ATF7IP;CASP7;CCDC88B;DCAF11;DDR1;EPB41;EPS8L2;GALM;GALNT3;HNRNPA1P48;IFT172;KCNN4;LYPLA2;MLLT6;MUC3A;NGLY1;PDZK1IP1;PIP4K2A;PLS1;PPP1R18;PTS;STARD3NL;SUCLG2;TOR1AIP2;TRAF3IP3;TRAF4;TRIP12;UBN1;XRCC5;ZNF131	0.0109366783417249	0	1.01956082160113	NA	NA	NA	NA	4	72	simulation_replicate	empirical null draw; no per-module interval	NA	NA	NA	NA	NA	NA	NA	NA	NA	NA	NA	NA	NA	NA	NA	NA	NA	NA	NA	NA	NA	NA	NA	NA	NA	NA	NA	NA
null_modules	results/stage10d_tech/STAGE10D_TECH_NULL_MODULE_RESULTS.tsv	776c43d27d133f5dfdbda19e2c071a2a95942d9a403a3e87ae0a43ef3f995826	NULL_MATCHED_M30_0452	30	AFTPH;ARHGAP45;CAB39;DCAF11;DDR1;EPS8L2;EXOSC1;EZR;FAM207A;GALM;HNRNPH2;HSF1;LYN;LYPLA2;MAP7;ME2;MSH3;MYO1C;NGLY1;PCGF5;PHLDA2;PNKP;PRR15L;PSMB8-AS1;SEPT1;SETD2;SUPT5H;TMC6;TRIP12;UBN1	0.0901452876617528	0.0238095238095238	0.994361079775664	NA	NA	NA	NA	4	72	simulation_replicate	empirical null draw; no per-module interval	NA	NA	NA	NA	NA	NA	NA	NA	NA	NA	NA	NA	NA	NA	NA	NA	NA	NA	NA	NA	NA	NA	NA	NA	NA	NA	NA	NA
null_modules	results/stage10d_tech/STAGE10D_TECH_NULL_MODULE_RESULTS.tsv	776c43d27d133f5dfdbda19e2c071a2a95942d9a403a3e87ae0a43ef3f995826	NULL_MATCHED_M30_0453	30	BICDL2;CCDC88B;DENND2D;FAM107B;FAM207A;GALM;GALNT7;GFPT1;HCLS1;HNRNPL;IKZF1;KCNN4;LINC01871;LYN;LYPLA2;MAP2K3;MAP7;ME2;NGLY1;PHB2;PLS1;PPP1R18;PTPN4;PTPN7;RPP25L;SPEN;TSTA3;WBP11;WIPF1;ZNF131	-0.0278356030146443	0	1.03422803315796	NA	NA	NA	NA	4	72	simulation_replicate	empirical null draw; no per-module interval	NA	NA	NA	NA	NA	NA	NA	NA	NA	NA	NA	NA	NA	NA	NA	NA	NA	NA	NA	NA	NA	NA	NA	NA	NA	NA	NA	NA
null_modules	results/stage10d_tech/STAGE10D_TECH_NULL_MODULE_RESULTS.tsv	776c43d27d133f5dfdbda19e2c071a2a95942d9a403a3e87ae0a43ef3f995826	NULL_MATCHED_M30_0454	30	AAK1;ASF1A;ATF7IP;CCDC88B;CHD7;COX19;DUS1L;FAM207A;GRK6;GTF2E2;IFI27L2;IKZF1;KCNN4;KMT5B;LIPH;MAP2K1;MAP2K3;MLLT6;NUDT14;NUDT16L1;PIP4K2A;SEPT1;SETD2;SPINT1-AS1;SUCLG2;TBC1D10C;TRAF3IP3;UBXN6;VSIG2;WIPF1	-0.0294145890593706	-0.0476190476190476	1.02099378001418	NA	NA	NA	NA	4	72	simulation_replicate	empirical null draw; no per-module interval	NA	NA	NA	NA	NA	NA	NA	NA	NA	NA	NA	NA	NA	NA	NA	NA	NA	NA	NA	NA	NA	NA	NA	NA	NA	NA	NA	NA
null_modules	results/stage10d_tech/STAGE10D_TECH_NULL_MODULE_RESULTS.tsv	776c43d27d133f5dfdbda19e2c071a2a95942d9a403a3e87ae0a43ef3f995826	NULL_MATCHED_M30_0455	30	AFTPH;ASF1A;CAB39;CLIP1;DCAF11;DDIT4;DDR1;ENOPH1;GRK6;KCNN4;KMT5B;LSR;LYPLA2;MAP2K1;NGLY1;NUDT16L1;PIP4K2A;POLR2H;PPID;PSMB8-AS1;PTPN7;RPP25L;SEPT1;STRBP;SUPT5H;TBC1D10C;TRIP12;UBALD2;USP1;YDJC	-0.0361687194102194	-0.0238095238095238	1.02300716946136	NA	NA	NA	NA	4	72	simulation_replicate	empirical null draw; no per-module interval	NA	NA	NA	NA	NA	NA	NA	NA	NA	NA	NA	NA	NA	NA	NA	NA	NA	NA	NA	NA	NA	NA	NA	NA	NA	NA	NA	NA
null_modules	results/stage10d_tech/STAGE10D_TECH_NULL_MODULE_RESULTS.tsv	776c43d27d133f5dfdbda19e2c071a2a95942d9a403a3e87ae0a43ef3f995826	NULL_MATCHED_M30_0456	30	AAK1;AGR3;ANKRD49;ARHGAP45;ASS1;BICDL2;CHD7;COX19;DOCK8;ENOPH1;EPB41;FASTK;GALM;GALNT7;GLO1;IFT172;LYPLA2;MAP2K1;MSH3;PLS1;PNKP;PPID;PPP1R18;PSMB8-AS1;PTPN7;RTCA;SETD2;SLC25A36;SPINT1-AS1;TBC1D10C	-0.0444606554175204	-0.0476190476190476	1.01935722094145	NA	NA	NA	NA	4	72	simulation_replicate	empirical null draw; no per-module interval	NA	NA	NA	NA	NA	NA	NA	NA	NA	NA	NA	NA	NA	NA	NA	NA	NA	NA	NA	NA	NA	NA	NA	NA	NA	NA	NA	NA
null_modules	results/stage10d_tech/STAGE10D_TECH_NULL_MODULE_RESULTS.tsv	776c43d27d133f5dfdbda19e2c071a2a95942d9a403a3e87ae0a43ef3f995826	NULL_MATCHED_M30_0457	30	AFTPH;ASF1A;BICDL2;CEBPZOS;CTDSP1;DCAF11;DDR1;DENND2D;EPS8L2;GALNT3;GRK6;GRSF1;HNRNPL;IFT172;KXD1;LYPLA2;MAP2K1;MAP2K3;ME2;MLLT6;NGLY1;NUDT16L1;PRSS3;PSMB8-AS1;PTPN7;SETD2;SF3B2;SPINT1-AS1;TBC1D10C;TRIP12	0.0406007822842497	0.0119047619047619	0.965136610091671	NA	NA	NA	NA	4	72	simulation_replicate	empirical null draw; no per-module interval	NA	NA	NA	NA	NA	NA	NA	NA	NA	NA	NA	NA	NA	NA	NA	NA	NA	NA	NA	NA	NA	NA	NA	NA	NA	NA	NA	NA
null_modules	results/stage10d_tech/STAGE10D_TECH_NULL_MODULE_RESULTS.tsv	776c43d27d133f5dfdbda19e2c071a2a95942d9a403a3e87ae0a43ef3f995826	NULL_MATCHED_M30_0458	30	ANKRD44;ATF7IP;CCDC88B;CRBN;CSK;CYHR1;DENND2D;DHPS;DUS1L;ENOPH1;EPB41;EPS8L2;FAM207A;GALM;GMDS;GNPAT;GTF2E2;HCLS1;MAP2K1;MLLT6;MRPS26;NGLY1;NUDT16L1;PDZD8;PGLS;PNKP;PTPN4;SEPT1;TBC1D10C;YDJC	-0.0465436665173407	-0.0357142857142857	1.0321075777456	NA	NA	NA	NA	4	72	simulation_replicate	empirical null draw; no per-module interval	NA	NA	NA	NA	NA	NA	NA	NA	NA	NA	NA	NA	NA	NA	NA	NA	NA	NA	NA	NA	NA	NA	NA	NA	NA	NA	NA	NA
null_modules	results/stage10d_tech/STAGE10D_TECH_NULL_MODULE_RESULTS.tsv	776c43d27d133f5dfdbda19e2c071a2a95942d9a403a3e87ae0a43ef3f995826	NULL_MATCHED_M30_0459	30	ASF1A;C1orf131;CLPTM1L;CSK;CYHR1;EPS8L2;FAM207A;FBXW5;HCLS1;IKZF1;LLPH;MAP2K1;MAP2K3;MLLT6;MSH3;NGLY1;PCGF5;PPP2R2A;PRPF40A;PSMB8-AS1;RTCA;SIRT7;SPEN;SPINT1-AS1;STRBP;SUCLG2;SYTL2;UBN1;USP3;ZNF131	-0.106241178635672	-0.0595238095238095	1.02640133625226	NA	NA	NA	NA	4	72	simulation_replicate	empirical null draw; no per-module interval	NA	NA	NA	NA	NA	NA	NA	NA	NA	NA	NA	NA	NA	NA	NA	NA	NA	NA	NA	NA	NA	NA	NA	NA	NA	NA	NA	NA
null_modules	results/stage10d_tech/STAGE10D_TECH_NULL_MODULE_RESULTS.tsv	776c43d27d133f5dfdbda19e2c071a2a95942d9a403a3e87ae0a43ef3f995826	NULL_MATCHED_M30_0460	30	CASP7;DENND2D;ENOPH1;EPB41;FASTK;GALNT3;HCLS1;IKZF1;KCNN4;KMT5B;MAP7;MLLT6;PCSK7;PIP4K2A;PKP2;PPID;PPP1R18;PSMB8-AS1;PTPN7;SEPT1;SETD2;SLMAP;TMC6;TRIP12;TSG101;UBN1;VKORC1;WIPF1;YDJC;ZNF148	-0.0536606391631163	0	1.02764778553039	NA	NA	NA	NA	4	72	simulation_replicate	empirical null draw; no per-module interval	NA	NA	NA	NA	NA	NA	NA	NA	NA	NA	NA	NA	NA	NA	NA	NA	NA	NA	NA	NA	NA	NA	NA	NA	NA	NA	NA	NA
null_modules	results/stage10d_tech/STAGE10D_TECH_NULL_MODULE_RESULTS.tsv	776c43d27d133f5dfdbda19e2c071a2a95942d9a403a3e87ae0a43ef3f995826	NULL_MATCHED_M30_0461	30	AAK1;ANKRD44;CAB39;COX19;CSK;CYHR1;DDR1;EPS8L2;FAM207A;GALNT7;GNPAT;GRPEL1;KXD1;LDLRAD4;LSR;LYN;MAP2K1;MAP7;ME2;MLLT6;MRPL16;MSH3;MUC3A;NUDT16L1;PCGF5;PNKP;SPINT1-AS1;SYTL2;VCP;WIPF1	-0.0972121570235671	-0.0595238095238095	1.02627030225448	NA	NA	NA	NA	4	72	simulation_replicate	empirical null draw; no per-module interval	NA	NA	NA	NA	NA	NA	NA	NA	NA	NA	NA	NA	NA	NA	NA	NA	NA	NA	NA	NA	NA	NA	NA	NA	NA	NA	NA	NA
null_modules	results/stage10d_tech/STAGE10D_TECH_NULL_MODULE_RESULTS.tsv	776c43d27d133f5dfdbda19e2c071a2a95942d9a403a3e87ae0a43ef3f995826	NULL_MATCHED_M30_0462	30	BICDL2;COX19;DCAF11;EPB41;GALNT3;GALNT7;GNPAT;HCLS1;HNRNPL;IKZF1;IPO7;MALSU1;ME2;MSH3;MUC3A;NCF1;PCBD1;PCGF5;POLE3;PTPN7;SETD2;SLMAP;SPEN;SPTAN1;STRBP;SUPT5H;TBC1D10C;TMEM63A;UFM1;WIPF1	-0.0759719615265891	0	1.02176554902136	NA	NA	NA	NA	4	72	simulation_replicate	empirical null draw; no per-module interval	NA	NA	NA	NA	NA	NA	NA	NA	NA	NA	NA	NA	NA	NA	NA	NA	NA	NA	NA	NA	NA	NA	NA	NA	NA	NA	NA	NA
null_modules	results/stage10d_tech/STAGE10D_TECH_NULL_MODULE_RESULTS.tsv	776c43d27d133f5dfdbda19e2c071a2a95942d9a403a3e87ae0a43ef3f995826	NULL_MATCHED_M30_0463	30	ANKRD44;ARHGAP45;BICDL2;CHD7;COX19;CYHR1;DDR1;DUS1L;EIF3J;ENOPH1;GNPAT;GSPT1;IDH1;IFT172;KCNN4;LDLRAD4;LYN;ME2;MRPL28;NCF1;NGLY1;OXR1;RPP25L;RTCA;SPEN;STRBP;SUPT5H;WIPF1;WIPI2;ZNF131	0.0426573656379722	0.0476190476190476	0.991419766334129	NA	NA	NA	NA	4	72	simulation_replicate	empirical null draw; no per-module interval	NA	NA	NA	NA	NA	NA	NA	NA	NA	NA	NA	NA	NA	NA	NA	NA	NA	NA	NA	NA	NA	NA	NA	NA	NA	NA	NA	NA
null_modules	results/stage10d_tech/STAGE10D_TECH_NULL_MODULE_RESULTS.tsv	776c43d27d133f5dfdbda19e2c071a2a95942d9a403a3e87ae0a43ef3f995826	NULL_MATCHED_M30_0464	30	AAK1;ANKRD49;CERS6;CSK;DDR1;GALM;GALNT3;HCLS1;IFT172;LDLRAD4;LYN;ME2;NUDT16L1;PLPP2;PLS1;PPP1R18;PSMB8-AS1;PSMC5;PTPN7;SETD2;SF3B1;SIL1;SIRT7;SPEN;SPINT1-AS1;STRBP;SYTL2;TMC6;UBN1;ZNF131	0.0498900125994465	0	1.02369443559338	NA	NA	NA	NA	4	72	simulation_replicate	empirical null draw; no per-module interval	NA	NA	NA	NA	NA	NA	NA	NA	NA	NA	NA	NA	NA	NA	NA	NA	NA	NA	NA	NA	NA	NA	NA	NA	NA	NA	NA	NA
null_modules	results/stage10d_tech/STAGE10D_TECH_NULL_MODULE_RESULTS.tsv	776c43d27d133f5dfdbda19e2c071a2a95942d9a403a3e87ae0a43ef3f995826	NULL_MATCHED_M30_0465	30	ANKRD49;ARHGAP45;COA3;COX19;DCTN6;EPB41;EPS8L2;FAM207A;GALM;GRK6;GTF2E2;IFT172;KLF13;LDLRAD4;LYN;MAP2K1;MAP2K3;MAP7;MLLT6;MRPS36;NUDT16L1;PATJ;RNF13;SEPT1;SPEN;TBC1D10C;TRAF3IP3;UBAC2;USP3;ZNF131	0.0816641209566993	0.107142857142857	1.01428333189947	NA	NA	NA	NA	4	72	simulation_replicate	empirical null draw; no per-module interval	NA	NA	NA	NA	NA	NA	NA	NA	NA	NA	NA	NA	NA	NA	NA	NA	NA	NA	NA	NA	NA	NA	NA	NA	NA	NA	NA	NA
null_modules	results/stage10d_tech/STAGE10D_TECH_NULL_MODULE_RESULTS.tsv	776c43d27d133f5dfdbda19e2c071a2a95942d9a403a3e87ae0a43ef3f995826	NULL_MATCHED_M30_0466	30	AFTPH;ANKRD49;ARHGAP45;CDK6;CYHR1;CYTIP;GALM;GRK6;GSPT1;GTF2E2;HNRNPL;IFT172;IKZF1;ITFG1;LDLRAD4;MAP2K3;PIP4K2A;PLAC8;PNKP;PPID;SLMAP;SPEN;STARD3NL;STRBP;SYTL2;UBN1;UCHL3;USP3;YDJC;ZNF131	-0.0220314537721659	-0.0238095238095238	1.03430352322535	NA	NA	NA	NA	4	72	simulation_replicate	empirical null draw; no per-module interval	NA	NA	NA	NA	NA	NA	NA	NA	NA	NA	NA	NA	NA	NA	NA	NA	NA	NA	NA	NA	NA	NA	NA	NA	NA	NA	NA	NA
null_modules	results/stage10d_tech/STAGE10D_TECH_NULL_MODULE_RESULTS.tsv	776c43d27d133f5dfdbda19e2c071a2a95942d9a403a3e87ae0a43ef3f995826	NULL_MATCHED_M30_0467	30	AFTPH;ANKRD44;ASF1A;CASP7;CHD7;COPS4;CYHR1;DOCK8;ENOPH1;GALNT3;GFPT1;GNPAT;GTF2E2;HCLS1;HMG20B;IFI27L2;KCNN4;LSM8;LUC7L2;MLLT6;PNKP;PPP1R18;RPP25L;SLMAP;SPINT1-AS1;STARD3NL;SUPT5H;TOR1AIP2;UBN1;USP3	-0.00318751623858299	0	1.02611436845987	NA	NA	NA	NA	4	72	simulation_replicate	empirical null draw; no per-module interval	NA	NA	NA	NA	NA	NA	NA	NA	NA	NA	NA	NA	NA	NA	NA	NA	NA	NA	NA	NA	NA	NA	NA	NA	NA	NA	NA	NA
null_modules	results/stage10d_tech/STAGE10D_TECH_NULL_MODULE_RESULTS.tsv	776c43d27d133f5dfdbda19e2c071a2a95942d9a403a3e87ae0a43ef3f995826	NULL_MATCHED_M30_0468	30	AMN;ASF1A;ASS1;ATF7IP;C5orf24;CHD7;CSK;EPB41;FAM207A;GALM;GTF2E2;IFT172;IKZF1;KLF13;LDLRAD4;MAP2K3;MDH1;ME2;MLLT6;NGLY1;PLS1;PPID;PPP1R18;PTPN4;SIRT7;SPINT1-AS1;SUPT5H;TBC1D10C;TNFAIP8;ZC3H15	-0.0138728310919503	0	0.988185484079285	NA	NA	NA	NA	4	72	simulation_replicate	empirical null draw; no per-module interval	NA	NA	NA	NA	NA	NA	NA	NA	NA	NA	NA	NA	NA	NA	NA	NA	NA	NA	NA	NA	NA	NA	NA	NA	NA	NA	NA	NA
null_modules	results/stage10d_tech/STAGE10D_TECH_NULL_MODULE_RESULTS.tsv	776c43d27d133f5dfdbda19e2c071a2a95942d9a403a3e87ae0a43ef3f995826	NULL_MATCHED_M30_0469	30	ANKRD49;ATF7IP;BIRC2;CCDC88B;CSK;DDR1;DENND2D;DOCK8;EPS8L2;FERMT1;GALNT3;GNPAT;HNRNPL;IFT172;KCNN4;LYPLA2;MSH3;NGLY1;NTMT1;NUDT16L1;PXMP2;RTCA;SEPT1;SETD2;SYTL2;SZRD1;TBC1D10C;UBN1;UFM1;ZC3H15	-0.0644656103634085	-0.0238095238095238	1.03077380607114	NA	NA	NA	NA	4	72	simulation_replicate	empirical null draw; no per-module interval	NA	NA	NA	NA	NA	NA	NA	NA	NA	NA	NA	NA	NA	NA	NA	NA	NA	NA	NA	NA	NA	NA	NA	NA	NA	NA	NA	NA
null_modules	results/stage10d_tech/STAGE10D_TECH_NULL_MODULE_RESULTS.tsv	776c43d27d133f5dfdbda19e2c071a2a95942d9a403a3e87ae0a43ef3f995826	NULL_MATCHED_M30_0470	30	AFF4;ASF1A;BICDL2;CASP7;COX19;CSK;DDR1;DENND2D;ENOPH1;GALM;GALNT7;GTF2E2;HIKESHI;IFT20;KCNN4;KMT5B;MRPS36;NGLY1;PATJ;PHLDA2;PLS1;POLE3;PRPF38A;PSMB8-AS1;PTPN4;SEPT1;SLMAP;SYTL2;TRIP12;WIPF1	0.0244938302867494	0.0238095238095238	1.01325648503089	NA	NA	NA	NA	4	72	simulation_replicate	empirical null draw; no per-module interval	NA	NA	NA	NA	NA	NA	NA	NA	NA	NA	NA	NA	NA	NA	NA	NA	NA	NA	NA	NA	NA	NA	NA	NA	NA	NA	NA	NA
null_modules	results/stage10d_tech/STAGE10D_TECH_NULL_MODULE_RESULTS.tsv	776c43d27d133f5dfdbda19e2c071a2a95942d9a403a3e87ae0a43ef3f995826	NULL_MATCHED_M30_0471	30	AFTPH;ANKRD44;APOPT1;CAB39;CLNS1A;CSK;DENND2D;DUS1L;EPS8L2;FAM96A;GALNT3;GMDS;GNPAT;GRK6;GTF2E2;HCLS1;IKZF1;KMT5B;LCK;LSM10;LYN;MLLT6;NUDT16L1;PCGF5;PPID;PPP1R18;SPEN;STARD3NL;SYTL2;USP3	-0.00140362189139441	0.0357142857142857	1.00199549837673	NA	NA	NA	NA	4	72	simulation_replicate	empirical null draw; no per-module interval	NA	NA	NA	NA	NA	NA	NA	NA	NA	NA	NA	NA	NA	NA	NA	NA	NA	NA	NA	NA	NA	NA	NA	NA	NA	NA	NA	NA
null_modules	results/stage10d_tech/STAGE10D_TECH_NULL_MODULE_RESULTS.tsv	776c43d27d133f5dfdbda19e2c071a2a95942d9a403a3e87ae0a43ef3f995826	NULL_MATCHED_M30_0472	30	ASF1A;ATF7IP;CTDNEP1;DCAF11;DUS1L;ENOPH1;EPB41;EPS8L2;FAM207A;GOLM1;HNRNPL;IFT172;KMT5B;LPP;LYN;MUC3A;OLA1;PLS1;PPP1R11;PTPN4;PTPN7;RPA2;RTCA;SDC4;SEPT1;SIRT7;SPEN;SYTL2;UBN1;ZNF131	-0.0887924045134525	-0.0833333333333333	1.01701941864545	NA	NA	NA	NA	4	72	simulation_replicate	empirical null draw; no per-module interval	NA	NA	NA	NA	NA	NA	NA	NA	NA	NA	NA	NA	NA	NA	NA	NA	NA	NA	NA	NA	NA	NA	NA	NA	NA	NA	NA	NA
null_modules	results/stage10d_tech/STAGE10D_TECH_NULL_MODULE_RESULTS.tsv	776c43d27d133f5dfdbda19e2c071a2a95942d9a403a3e87ae0a43ef3f995826	NULL_MATCHED_M30_0473	30	ATF7IP;BICDL2;C1orf56;CEP57;COX19;DENND2D;DOCK8;FAM207A;GRSF1;IKZF1;KMT5B;LDLRAD4;LSM8;LYN;LYPLA2;MAP2K3;MLLT6;NORAD;NUDT16L1;RTCA;SETD2;SPEN;STRBP;SYTL2;TBC1D10C;TMC6;USP3;WIPF1;YIPF2;ZNF131	-0.0429691298907158	0	1.01170296323979	NA	NA	NA	NA	4	72	simulation_replicate	empirical null draw; no per-module interval	NA	NA	NA	NA	NA	NA	NA	NA	NA	NA	NA	NA	NA	NA	NA	NA	NA	NA	NA	NA	NA	NA	NA	NA	NA	NA	NA	NA
null_modules	results/stage10d_tech/STAGE10D_TECH_NULL_MODULE_RESULTS.tsv	776c43d27d133f5dfdbda19e2c071a2a95942d9a403a3e87ae0a43ef3f995826	NULL_MATCHED_M30_0474	30	ACADS;AHCY;ARHGAP18;ARL2BP;ASF1A;BICDL2;CCDC88B;CHD7;DENND2D;ENOPH1;EPS8L2;HCLS1;HNRNPL;LYPLA2;PATJ;PPID;PPP1R18;PSMC3;PTPN7;SDF4;SEPT1;SLC22A18;SLMAP;SPINT1-AS1;STARD3NL;SYTL2;TBC1D10C;WIPF1;YDJC;ZNF131	0.0531308183532537	0	1.00875331270076	NA	NA	NA	NA	4	72	simulation_replicate	empirical null draw; no per-module interval	NA	NA	NA	NA	NA	NA	NA	NA	NA	NA	NA	NA	NA	NA	NA	NA	NA	NA	NA	NA	NA	NA	NA	NA	NA	NA	NA	NA
null_modules	results/stage10d_tech/STAGE10D_TECH_NULL_MODULE_RESULTS.tsv	776c43d27d133f5dfdbda19e2c071a2a95942d9a403a3e87ae0a43ef3f995826	NULL_MATCHED_M30_0475	30	AFTPH;ASF1A;CHD7;CSK;CYHR1;DENND2D;EIF1AY;HNRNPL;IFI27L2;KMT5B;LDLRAD4;LYPLA2;MAP2K1;MAP2K3;MYADM;NCF1;NUDT16L1;OTULINL;PCGF5;PLS1;PPID;PSMB8-AS1;PTPN4;SETD2;SPINT1-AS1;SYTL2;TMC6;TPRKB;WIPI2;ZNF131	0.0594404187241178	0.0714285714285714	0.984744004461492	NA	NA	NA	NA	4	72	simulation_replicate	empirical null draw; no per-module interval	NA	NA	NA	NA	NA	NA	NA	NA	NA	NA	NA	NA	NA	NA	NA	NA	NA	NA	NA	NA	NA	NA	NA	NA	NA	NA	NA	NA
null_modules	results/stage10d_tech/STAGE10D_TECH_NULL_MODULE_RESULTS.tsv	776c43d27d133f5dfdbda19e2c071a2a95942d9a403a3e87ae0a43ef3f995826	NULL_MATCHED_M30_0476	30	ANKRD44;ASF1A;CASP7;DCAF11;DDR1;DNAJC2;EHF;EPS8L2;GNPAT;GOLM1;GRK6;IKZF1;KMT5B;LDLRAD4;MAP2K3;MUC12;NOSIP;PIP4K2A;PNKP;POLE3;PPID;PTPN7;SIRT7;SPOP;STARD3NL;STRBP;SUPT5H;TBC1D10C;TRAF4;YDJC	-0.0135407412049665	-0.0357142857142857	1.01147666681445	NA	NA	NA	NA	4	72	simulation_replicate	empirical null draw; no per-module interval	NA	NA	NA	NA	NA	NA	NA	NA	NA	NA	NA	NA	NA	NA	NA	NA	NA	NA	NA	NA	NA	NA	NA	NA	NA	NA	NA	NA
null_modules	results/stage10d_tech/STAGE10D_TECH_NULL_MODULE_RESULTS.tsv	776c43d27d133f5dfdbda19e2c071a2a95942d9a403a3e87ae0a43ef3f995826	NULL_MATCHED_M30_0477	30	AFTPH;ANKRD44;ANKRD49;ASF1A;ATF7IP;CASP7;CD48;COX19;DENND2D;EXOSC1;FAM207A;HCLS1;HSPA9;KMT5B;LYN;MAP2K1;MAP2K2;ME2;MGAT4B;PCGF5;PNKP;PPID;PTPN4;SETD2;SPEN;SPINT1-AS1;SUPT5H;TRAF4;UFM1;USP47	-0.0460577338891234	-0.0357142857142857	1.01613711357653	NA	NA	NA	NA	4	72	simulation_replicate	empirical null draw; no per-module interval	NA	NA	NA	NA	NA	NA	NA	NA	NA	NA	NA	NA	NA	NA	NA	NA	NA	NA	NA	NA	NA	NA	NA	NA	NA	NA	NA	NA
null_modules	results/stage10d_tech/STAGE10D_TECH_NULL_MODULE_RESULTS.tsv	776c43d27d133f5dfdbda19e2c071a2a95942d9a403a3e87ae0a43ef3f995826	NULL_MATCHED_M30_0478	30	ARHGAP45;ATF7IP;BICDL2;BIRC2;CAB39;DCAF11;DDR1;DENND2D;DUS1L;GALM;IFT172;LDLRAD4;LRPAP1;LYN;MAP7;NPM3;NUDT16L1;PNKP;PPID;PSMB8-AS1;PXMP2;SF3B1;SLC39A4;SLMAP;STRBP;SUPT5H;SYTL2;TBC1D10C;TRAF3IP3;YDJC	-0.0055444158822304	0.0238095238095238	0.993805665545874	NA	NA	NA	NA	4	72	simulation_replicate	empirical null draw; no per-module interval	NA	NA	NA	NA	NA	NA	NA	NA	NA	NA	NA	NA	NA	NA	NA	NA	NA	NA	NA	NA	NA	NA	NA	NA	NA	NA	NA	NA
null_modules	results/stage10d_tech/STAGE10D_TECH_NULL_MODULE_RESULTS.tsv	776c43d27d133f5dfdbda19e2c071a2a95942d9a403a3e87ae0a43ef3f995826	NULL_MATCHED_M30_0479	30	ATF7IP;ATP6AP2;DENND2D;EPB41;EPS8L2;GNPAT;IFT172;MAP2K3;MYO1C;NUDT16L1;NUDT5;PATJ;PCGF5;PDZD8;PIP4K2A;PNKP;PPID;PPP1R18;PTPN4;PTPN7;SAFB2;SEPT1;SETD2;SLMAP;SPINT1-AS1;TRAF4;UBN1;UFM1;USP3;WIPF1	0.0610458395618745	-0.0119047619047619	1.02573419984347	NA	NA	NA	NA	4	72	simulation_replicate	empirical null draw; no per-module interval	NA	NA	NA	NA	NA	NA	NA	NA	NA	NA	NA	NA	NA	NA	NA	NA	NA	NA	NA	NA	NA	NA	NA	NA	NA	NA	NA	NA
null_modules	results/stage10d_tech/STAGE10D_TECH_NULL_MODULE_RESULTS.tsv	776c43d27d133f5dfdbda19e2c071a2a95942d9a403a3e87ae0a43ef3f995826	NULL_MATCHED_M30_0480	30	ATF7IP;CYHR1;EPS8L2;FAM207A;GALNT3;GALNT7;HCLS1;HNRNPL;IFT172;IKZF1;KMT5B;KRTCAP3;MAP7;NCF1;NGLY1;PCGF5;PIP4K2A;PSMB8-AS1;RBPJ;RPIA;RTCA;SEPT6;SIRT7;SPINT1-AS1;TMC6;TMEM106C;TNPO1;TRAF4;TRIP12;YDJC	-0.00534544290163165	0.0238095238095238	1.03582271326405	NA	NA	NA	NA	4	72	simulation_replicate	empirical null draw; no per-module interval	NA	NA	NA	NA	NA	NA	NA	NA	NA	NA	NA	NA	NA	NA	NA	NA	NA	NA	NA	NA	NA	NA	NA	NA	NA	NA	NA	NA
null_modules	results/stage10d_tech/STAGE10D_TECH_NULL_MODULE_RESULTS.tsv	776c43d27d133f5dfdbda19e2c071a2a95942d9a403a3e87ae0a43ef3f995826	NULL_MATCHED_M30_0481	30	ANKRD44;ASS1;CAB39;COX19;CSK;CYHR1;DCAF11;DDR1;EPB41;GRK6;GSKIP;IFNAR1;IFT172;LYN;MAP2K3;MAP7;NUDT16L1;PIP4K2A;PTPN4;SDC4;SETD2;SLMAP;SPEN;STRBP;SUMO3;SUPT5H;TRAF4;TRIP12;UBN1;XRCC5	-0.0335702021177247	0.0238095238095238	1.01143524585129	NA	NA	NA	NA	4	72	simulation_replicate	empirical null draw; no per-module interval	NA	NA	NA	NA	NA	NA	NA	NA	NA	NA	NA	NA	NA	NA	NA	NA	NA	NA	NA	NA	NA	NA	NA	NA	NA	NA	NA	NA
null_modules	results/stage10d_tech/STAGE10D_TECH_NULL_MODULE_RESULTS.tsv	776c43d27d133f5dfdbda19e2c071a2a95942d9a403a3e87ae0a43ef3f995826	NULL_MATCHED_M30_0482	30	AK3;ANKRD10;ANKRD44;ASF1A;ATP6V1E1;CASP7;CERS6;COMT;CYHR1;DDR1;DOCK8;ENOPH1;FAM107B;GALM;GALNT7;IKZF1;LDLRAD4;LYPLA2;MAP2K3;MSH3;PCGF5;PSMB8-AS1;SEPT1;SIRT7;SLMAP;SPEN;SPINT1-AS1;SUPT5H;SYNRG;TBC1D10C	-0.0618465580854369	-0.0119047619047619	1.01022522870718	NA	NA	NA	NA	4	72	simulation_replicate	empirical null draw; no per-module interval	NA	NA	NA	NA	NA	NA	NA	NA	NA	NA	NA	NA	NA	NA	NA	NA	NA	NA	NA	NA	NA	NA	NA	NA	NA	NA	NA	NA
null_modules	results/stage10d_tech/STAGE10D_TECH_NULL_MODULE_RESULTS.tsv	776c43d27d133f5dfdbda19e2c071a2a95942d9a403a3e87ae0a43ef3f995826	NULL_MATCHED_M30_0483	30	AFTPH;ANKRD49;CAB39;CCDC88B;CHD7;COX19;DCAF11;EPB41;GALM;GALNT7;GOPC;GRK6;IFT20;IKZF1;MAP2K1;MAP7;NCF1;NDUFAF3;NGLY1;OXR1;PARP14;PPP1R18;PSMC3;PTPN7;SIRT7;SLC44A4;TMC6;TRAF3IP3;TRIP12;UBN1	-0.136727175874261	-0.130952380952381	1.06255770027819	NA	NA	NA	NA	4	72	simulation_replicate	empirical null draw; no per-module interval	NA	NA	NA	NA	NA	NA	NA	NA	NA	NA	NA	NA	NA	NA	NA	NA	NA	NA	NA	NA	NA	NA	NA	NA	NA	NA	NA	NA
null_modules	results/stage10d_tech/STAGE10D_TECH_NULL_MODULE_RESULTS.tsv	776c43d27d133f5dfdbda19e2c071a2a95942d9a403a3e87ae0a43ef3f995826	NULL_MATCHED_M30_0484	30	ABHD11;AFTPH;ANKRD44;ANKRD49;ARHGAP45;CSK;CYHR1;EXOSC1;EXOSC8;FAM207A;GTF2E2;IFT172;ITFG1;LYN;MUC3A;NUDT16L1;PATJ;RBM4;RPP25L;RTCA;SETD2;SIRT7;SPINT1-AS1;STRAP;STRBP;SYTL2;TMC6;UBALD2;USP3;ZC3H15	-0.0539066012734907	-0.0595238095238095	1.01989441458502	NA	NA	NA	NA	4	72	simulation_replicate	empirical null draw; no per-module interval	NA	NA	NA	NA	NA	NA	NA	NA	NA	NA	NA	NA	NA	NA	NA	NA	NA	NA	NA	NA	NA	NA	NA	NA	NA	NA	NA	NA
null_modules	results/stage10d_tech/STAGE10D_TECH_NULL_MODULE_RESULTS.tsv	776c43d27d133f5dfdbda19e2c071a2a95942d9a403a3e87ae0a43ef3f995826	NULL_MATCHED_M30_0485	30	AFTPH;BICDL2;CCT4;CHD7;COX19;CSK;DENND2D;ENOPH1;EPB41;FAM207A;GALNT7;GRK6;HMG20B;IFI27L2;KCNN4;MAP2K1;MAP7;MLLT6;NSD1;NUDT16L1;PIP4K2A;PRMT2;PTPN4;RTCA;STARD3NL;TMC6;TRIP12;USP3;USP47;ZNF131	0.0577432338609103	0	0.998895458801575	NA	NA	NA	NA	4	72	simulation_replicate	empirical null draw; no per-module interval	NA	NA	NA	NA	NA	NA	NA	NA	NA	NA	NA	NA	NA	NA	NA	NA	NA	NA	NA	NA	NA	NA	NA	NA	NA	NA	NA	NA
null_modules	results/stage10d_tech/STAGE10D_TECH_NULL_MODULE_RESULTS.tsv	776c43d27d133f5dfdbda19e2c071a2a95942d9a403a3e87ae0a43ef3f995826	NULL_MATCHED_M30_0486	30	ARPP19;ATF7IP;DENND2D;EIF3J;FAM207A;FERMT1;GALM;GNPAT;GOLM1;GTF2E2;HAGH;HCLS1;IFT172;IKZF1;LYPLA2;MAP2K1;MAP7;MLLT6;NCF1;NFAT5;NGLY1;PATJ;PCGF5;PLS1;PTPN4;RTCA;SLMAP;SPEN;SYTL2;USP3	-0.089871764674501	-0.0714285714285714	1.02331439118996	NA	NA	NA	NA	4	72	simulation_replicate	empirical null draw; no per-module interval	NA	NA	NA	NA	NA	NA	NA	NA	NA	NA	NA	NA	NA	NA	NA	NA	NA	NA	NA	NA	NA	NA	NA	NA	NA	NA	NA	NA
null_modules	results/stage10d_tech/STAGE10D_TECH_NULL_MODULE_RESULTS.tsv	776c43d27d133f5dfdbda19e2c071a2a95942d9a403a3e87ae0a43ef3f995826	NULL_MATCHED_M30_0487	30	ACSL3;ASF1A;ATF7IP;BICDL2;CSK;DCAF11;DENND2D;DOCK8;EPS8L2;FYB1;GNAI2;GNPAT;HCLS1;HNRNPL;KMT5B;LYN;MAP7;MSH3;NCF1;PNKP;PPID;PSMC3;SETD2;SPINT1-AS1;STRBP;SUPT5H;TMC6;TSN;USP3;VCP	-0.0038162141874522	-0.0357142857142857	1.00266237182303	NA	NA	NA	NA	4	72	simulation_replicate	empirical null draw; no per-module interval	NA	NA	NA	NA	NA	NA	NA	NA	NA	NA	NA	NA	NA	NA	NA	NA	NA	NA	NA	NA	NA	NA	NA	NA	NA	NA	NA	NA
null_modules	results/stage10d_tech/STAGE10D_TECH_NULL_MODULE_RESULTS.tsv	776c43d27d133f5dfdbda19e2c071a2a95942d9a403a3e87ae0a43ef3f995826	NULL_MATCHED_M30_0488	30	ABCC3;AFTPH;ARHGAP45;ATF7IP;CASP7;CD7;COPA;DUS1L;FAM207A;GALNT3;GALNT7;IKZF1;LDLRAD4;MALSU1;MAP2K1;ME2;MLLT6;NUDT16L1;PLS1;PNKP;PPP1R18;RBPJ;RPP25L;RSU1;SUPT5H;TBC1D10C;TMC6;TRAF3IP3;USP3;YDJC	0.0344273104247173	0.0595238095238095	0.998777880381189	NA	NA	NA	NA	4	72	simulation_replicate	empirical null draw; no per-module interval	NA	NA	NA	NA	NA	NA	NA	NA	NA	NA	NA	NA	NA	NA	NA	NA	NA	NA	NA	NA	NA	NA	NA	NA	NA	NA	NA	NA
null_modules	results/stage10d_tech/STAGE10D_TECH_NULL_MODULE_RESULTS.tsv	776c43d27d133f5dfdbda19e2c071a2a95942d9a403a3e87ae0a43ef3f995826	NULL_MATCHED_M30_0489	30	AFTPH;ANKRD49;ARHGAP45;ASF1A;BLVRB;CCDC88B;CHD7;DDR1;FAM96A;GNPAT;GRK6;GTF2E2;HDHD3;HNRNPL;IFNAR1;IFT172;KMT5B;LDLRAD4;LSM8;ME2;MLLT6;PCGF5;PIP4K2A;PSMB8-AS1;PTPN4;RPP25L;SPEN;SRPRB;SUPT5H;TRAF4	-0.0116979986769859	-0.0595238095238095	1.01787234938631	NA	NA	NA	NA	4	72	simulation_replicate	empirical null draw; no per-module interval	NA	NA	NA	NA	NA	NA	NA	NA	NA	NA	NA	NA	NA	NA	NA	NA	NA	NA	NA	NA	NA	NA	NA	NA	NA	NA	NA	NA
null_modules	results/stage10d_tech/STAGE10D_TECH_NULL_MODULE_RESULTS.tsv	776c43d27d133f5dfdbda19e2c071a2a95942d9a403a3e87ae0a43ef3f995826	NULL_MATCHED_M30_0490	30	AFTPH;ANKRD49;ARHGAP45;ATF7IP;BICDL2;CAB39;CCDC88B;CMBL;CSK;CYHR1;DOCK8;ENOPH1;EPB41;FAM207A;GOPC;GPA33;GRK6;GTF2A2;GTF2E2;LDLRAD4;LYPLA2;MTCH2;NSFL1C;RBM4;RTCA;SLMAP;STARD3NL;STRBP;SYTL2;USP3	-0.0132231435677226	0.0357142857142857	1.00993015957556	NA	NA	NA	NA	4	72	simulation_replicate	empirical null draw; no per-module interval	NA	NA	NA	NA	NA	NA	NA	NA	NA	NA	NA	NA	NA	NA	NA	NA	NA	NA	NA	NA	NA	NA	NA	NA	NA	NA	NA	NA
null_modules	results/stage10d_tech/STAGE10D_TECH_NULL_MODULE_RESULTS.tsv	776c43d27d133f5dfdbda19e2c071a2a95942d9a403a3e87ae0a43ef3f995826	NULL_MATCHED_M30_0491	30	AIP;ARHGAP45;CAB39;CCDC88B;COX17;COX19;DCAF11;DUS1L;EPB41;EPS8L2;GNPAT;GTF2E2;IKZF1;KCNN4;LYN;MLLT6;MSH3;NGLY1;NPM3;NUDT5;PATJ;PIP4K2A;PNKP;PTPN4;SEPT1;SETD2;SNRPN;SUMO3;TRIP12;UBN1	-0.0524205321670134	-0.0714285714285714	1.01295673110174	NA	NA	NA	NA	4	72	simulation_replicate	empirical null draw; no per-module interval	NA	NA	NA	NA	NA	NA	NA	NA	NA	NA	NA	NA	NA	NA	NA	NA	NA	NA	NA	NA	NA	NA	NA	NA	NA	NA	NA	NA
null_modules	results/stage10d_tech/STAGE10D_TECH_NULL_MODULE_RESULTS.tsv	776c43d27d133f5dfdbda19e2c071a2a95942d9a403a3e87ae0a43ef3f995826	NULL_MATCHED_M30_0492	30	AFTPH;ANKRD49;CASP7;CHD7;CLSTN1;COX19;CSK;DCAF11;DDR1;DUS1L;EBPL;EPB41;FBXW5;GRK6;KCNN4;KMT5B;MAP2K3;MLLT6;MRPL28;MRPS11;MSH3;MUC3A;NGLY1;PNKP;PPID;SIRT7;SPTBN1;STARD3NL;TMC6;TRIP12	0.00938931198824752	-0.0595238095238095	1.02723038085243	NA	NA	NA	NA	4	72	simulation_replicate	empirical null draw; no per-module interval	NA	NA	NA	NA	NA	NA	NA	NA	NA	NA	NA	NA	NA	NA	NA	NA	NA	NA	NA	NA	NA	NA	NA	NA	NA	NA	NA	NA
null_modules	results/stage10d_tech/STAGE10D_TECH_NULL_MODULE_RESULTS.tsv	776c43d27d133f5dfdbda19e2c071a2a95942d9a403a3e87ae0a43ef3f995826	NULL_MATCHED_M30_0493	30	ANKRD49;ASS1;ATF7IP;BICDL2;CHD7;GALNT7;GAS6;GRK6;HCLS1;HNRNPL;KCNN4;KMT5B;LONP2;ME2;MGAT4B;NCF1;NUDT16L1;PAFAH1B2;PATJ;PCGF5;POLE3;POLR2K;PPID;SEPT1;SIRT7;SUPT5H;SYTL2;TBC1D10C;USP3;WIPF1	0.0421778785774396	0.0714285714285714	0.988397626095024	NA	NA	NA	NA	4	72	simulation_replicate	empirical null draw; no per-module interval	NA	NA	NA	NA	NA	NA	NA	NA	NA	NA	NA	NA	NA	NA	NA	NA	NA	NA	NA	NA	NA	NA	NA	NA	NA	NA	NA	NA
null_modules	results/stage10d_tech/STAGE10D_TECH_NULL_MODULE_RESULTS.tsv	776c43d27d133f5dfdbda19e2c071a2a95942d9a403a3e87ae0a43ef3f995826	NULL_MATCHED_M30_0494	30	AFTPH;ATF7IP;BST2;C1orf56;CHD7;CNN3;COX19;DDR1;DNAJC2;ENOPH1;EPS8L2;GALM;GALNT3;GRK6;IKZF1;KCNN4;LYPLA2;MAP7;MRPS26;NGLY1;OXR1;PCGF5;PLS1;PSMB8-AS1;PTPN7;SEPT1;TBC1D10C;TMC6;TRIP12;ZNF131	-0.00766365222179645	0.0119047619047619	1.00262139631299	NA	NA	NA	NA	4	72	simulation_replicate	empirical null draw; no per-module interval	NA	NA	NA	NA	NA	NA	NA	NA	NA	NA	NA	NA	NA	NA	NA	NA	NA	NA	NA	NA	NA	NA	NA	NA	NA	NA	NA	NA
null_modules	results/stage10d_tech/STAGE10D_TECH_NULL_MODULE_RESULTS.tsv	776c43d27d133f5dfdbda19e2c071a2a95942d9a403a3e87ae0a43ef3f995826	NULL_MATCHED_M30_0495	30	ASF1A;BICDL2;CAB39;CACYBP;CASP7;CHD7;COX19;DCAF11;DENND2D;DOCK8;DUS1L;GALNT3;GORASP2;KCNN4;MAP2K3;MUC3A;NCF1;NGLY1;NUDT16L1;PPID;PSMB8-AS1;PTPN4;SPEN;SPINT1-AS1;SYTL2;TRBC2;TSPAN15;TSTA3;USP3;ZMYND8	-0.0524340509327679	-0.0119047619047619	1.02096277426614	NA	NA	NA	NA	4	72	simulation_replicate	empirical null draw; no per-module interval	NA	NA	NA	NA	NA	NA	NA	NA	NA	NA	NA	NA	NA	NA	NA	NA	NA	NA	NA	NA	NA	NA	NA	NA	NA	NA	NA	NA
null_modules	results/stage10d_tech/STAGE10D_TECH_NULL_MODULE_RESULTS.tsv	776c43d27d133f5dfdbda19e2c071a2a95942d9a403a3e87ae0a43ef3f995826	NULL_MATCHED_M30_0496	30	AFTPH;ANKRD49;ARHGAP45;C5orf24;CAB39;CCDC88B;CYHR1;DOCK8;DUS1L;ENOPH1;FAM207A;GALNT3;GMDS;GORASP2;GRK6;GTF2E2;HCLS1;ISOC2;KMT5B;MAP2K3;MSH3;NCF1;NGLY1;PIP4K2A;PPID;SEPT6;SIRT7;SPEN;STARD3NL;STRAP	-0.0887688827671281	-0.0595238095238095	1.03180250482543	NA	NA	NA	NA	4	72	simulation_replicate	empirical null draw; no per-module interval	NA	NA	NA	NA	NA	NA	NA	NA	NA	NA	NA	NA	NA	NA	NA	NA	NA	NA	NA	NA	NA	NA	NA	NA	NA	NA	NA	NA
null_modules	results/stage10d_tech/STAGE10D_TECH_NULL_MODULE_RESULTS.tsv	776c43d27d133f5dfdbda19e2c071a2a95942d9a403a3e87ae0a43ef3f995826	NULL_MATCHED_M30_0497	30	AHCY;ARHGAP18;BICDL2;CAB39;CSK;DCAF11;DUS1L;ENOPH1;EPB41;GNPAT;GTF2E2;KMT5B;MAP2K1;MAP7;MLLT6;MTIF3;PHB2;PPID;PRR15L;PSMB8-AS1;PTPN4;PTPN7;SETD2;SIRT7;SUPT5H;SYTL2;TRAF3IP3;TRAF4;TSN;UBN1	-0.0868895831946401	-0.0714285714285714	0.998728633798628	NA	NA	NA	NA	4	72	simulation_replicate	empirical null draw; no per-module interval	NA	NA	NA	NA	NA	NA	NA	NA	NA	NA	NA	NA	NA	NA	NA	NA	NA	NA	NA	NA	NA	NA	NA	NA	NA	NA	NA	NA
null_modules	results/stage10d_tech/STAGE10D_TECH_NULL_MODULE_RESULTS.tsv	776c43d27d133f5dfdbda19e2c071a2a95942d9a403a3e87ae0a43ef3f995826	NULL_MATCHED_M30_0498	30	AFTPH;ANKRD44;ANKRD49;ARHGAP45;ARPP19;ASF1A;COX19;CSK;CYHR1;DGUOK;EPS8L2;FKBP4;GALNT7;GNPTAB;KCNN4;LDLRAD4;LPP;MAP7;MLLT6;NCF1;PIP4K2A;PTPN7;RTCA;SEPT1;SETD2;SIRT7;SPEN;STARD3NL;TRAF4;ZCCHC10	-0.0745277852227605	-0.0714285714285714	1.02582204893234	NA	NA	NA	NA	4	72	simulation_replicate	empirical null draw; no per-module interval	NA	NA	NA	NA	NA	NA	NA	NA	NA	NA	NA	NA	NA	NA	NA	NA	NA	NA	NA	NA	NA	NA	NA	NA	NA	NA	NA	NA
null_modules	results/stage10d_tech/STAGE10D_TECH_NULL_MODULE_RESULTS.tsv	776c43d27d133f5dfdbda19e2c071a2a95942d9a403a3e87ae0a43ef3f995826	NULL_MATCHED_M30_0499	30	ANKRD49;CASP7;COX19;DOCK8;DYNC1H1;EPB41;FERMT1;GRK6;KCNN4;KMT5B;LYN;MAP2K1;MRPL48;MSH3;NCF1;NUDT16L1;PAFAH1B2;PATJ;PCGF5;PNKP;PPID;PTPN7;RPP25L;SETD2;SUPT5H;SYPL1;TMC6;TNFAIP8;WBP11;WIPF1	-0.0350520470457211	0.0238095238095238	1.01023482825663	NA	NA	NA	NA	4	72	simulation_replicate	empirical null draw; no per-module interval	NA	NA	NA	NA	NA	NA	NA	NA	NA	NA	NA	NA	NA	NA	NA	NA	NA	NA	NA	NA	NA	NA	NA	NA	NA	NA	NA	NA
null_modules	results/stage10d_tech/STAGE10D_TECH_NULL_MODULE_RESULTS.tsv	776c43d27d133f5dfdbda19e2c071a2a95942d9a403a3e87ae0a43ef3f995826	NULL_MATCHED_M30_0500	30	AFTPH;CAB39;CCDC88B;CDC42EP5;CHD7;CSK;DDR1;DOCK8;EPB41;EPS8L2;GALNT7;GNPAT;GSPT1;HCLS1;HNRNPL;IFT172;IKZF1;KCNN4;MAP7;MSH3;MUC3A;NGLY1;PDXK;PIP4K2A;PPP4R3B;PTPN6;RPP25L;RTCA;SEC22B;TBC1D10C	-0.0425536980565311	-0.0952380952380953	1.02145384284021	NA	NA	NA	NA	4	72	simulation_replicate	empirical null draw; no per-module interval	NA	NA	NA	NA	NA	NA	NA	NA	NA	NA	NA	NA	NA	NA	NA	NA	NA	NA	NA	NA	NA	NA	NA	NA	NA	NA	NA	NA
null_modules	results/stage10d_tech/STAGE10D_TECH_NULL_MODULE_RESULTS.tsv	776c43d27d133f5dfdbda19e2c071a2a95942d9a403a3e87ae0a43ef3f995826	NULL_MATCHED_M30_0501	30	AFTPH;ANKRD49;CAB39;CCDC88B;COX19;CSK;CYHR1;DDR1;DENND2D;ENOPH1;EPB41;FAM200B;FAM207A;GRPEL1;GRSF1;HCLS1;HNRNPL;LDLRAD4;LSR;LYN;MAP2K1;MAP7;MSH3;MUM1;PPP1R18;PSMB8-AS1;PSMC3;PTPN4;TMC6;TRAF3IP3	-0.0044876386958386	-0.0357142857142857	0.998000449190505	NA	NA	NA	NA	4	72	simulation_replicate	empirical null draw; no per-module interval	NA	NA	NA	NA	NA	NA	NA	NA	NA	NA	NA	NA	NA	NA	NA	NA	NA	NA	NA	NA	NA	NA	NA	NA	NA	NA	NA	NA
null_modules	results/stage10d_tech/STAGE10D_TECH_NULL_MODULE_RESULTS.tsv	776c43d27d133f5dfdbda19e2c071a2a95942d9a403a3e87ae0a43ef3f995826	NULL_MATCHED_M30_0502	30	AFTPH;ANKRD44;ANXA3;BICDL2;CAB39;COX19;DCAF11;DDIT4;DENND2D;DOCK8;GNPAT;GSPT1;HNRNPL;IKZF1;IMMT;LDLRAD4;MALSU1;PCGF5;PPID;PPP1R18;PSMB8-AS1;PTPN7;SLMAP;STARD3NL;TNFAIP8;TRAF3IP3;TRAF4;TRIP12;USP48;ZNF131	0.0675619937976134	0.0119047619047619	1.01438755355186	NA	NA	NA	NA	4	72	simulation_replicate	empirical null draw; no per-module interval	NA	NA	NA	NA	NA	NA	NA	NA	NA	NA	NA	NA	NA	NA	NA	NA	NA	NA	NA	NA	NA	NA	NA	NA	NA	NA	NA	NA
null_modules	results/stage10d_tech/STAGE10D_TECH_NULL_MODULE_RESULTS.tsv	776c43d27d133f5dfdbda19e2c071a2a95942d9a403a3e87ae0a43ef3f995826	NULL_MATCHED_M30_0503	30	AHCY;ATF7IP;BCAP29;CAB39;CASP7;CCDC88B;CCND1;CYHR1;EPB41;GALNT7;HCLS1;HNRNPL;IFT172;MAP2K3;MLLT6;NCF1;NGLY1;PNKP;PPID;RTCA;SIRT7;SPEN;SUPT5H;TBC1D10C;TECR;TOMM5;TRAF4;TRIP12;USP3;WASL	-0.0628251462876115	-0.107142857142857	1.01391976619796	NA	NA	NA	NA	4	72	simulation_replicate	empirical null draw; no per-module interval	NA	NA	NA	NA	NA	NA	NA	NA	NA	NA	NA	NA	NA	NA	NA	NA	NA	NA	NA	NA	NA	NA	NA	NA	NA	NA	NA	NA
null_modules	results/stage10d_tech/STAGE10D_TECH_NULL_MODULE_RESULTS.tsv	776c43d27d133f5dfdbda19e2c071a2a95942d9a403a3e87ae0a43ef3f995826	NULL_MATCHED_M30_0504	30	ARHGAP45;ASF1A;ATF7IP;CCND1;DDR1;DOCK8;ENOPH1;EPB41;EPS8L2;GALM;HNRNPL;KXD1;LYPLA2;ME2;NCF1;NHLRC3;NUDT16L1;PSMB8-AS1;RPA2;SF3B1;SIRT7;SPEN;STARD3NL;SYTL2;TRAF4;UBALD2;UBN1;UCHL3;WIPF1;ZNF131	-0.0499244355373795	-0.0238095238095238	1.03526912677102	NA	NA	NA	NA	4	72	simulation_replicate	empirical null draw; no per-module interval	NA	NA	NA	NA	NA	NA	NA	NA	NA	NA	NA	NA	NA	NA	NA	NA	NA	NA	NA	NA	NA	NA	NA	NA	NA	NA	NA	NA
null_modules	results/stage10d_tech/STAGE10D_TECH_NULL_MODULE_RESULTS.tsv	776c43d27d133f5dfdbda19e2c071a2a95942d9a403a3e87ae0a43ef3f995826	NULL_MATCHED_M30_0505	30	ABHD11;ANKRD49;ARHGAP45;CAB39;CHD7;COX19;CYHR1;DUS1L;ENOPH1;EXOSC4;GALM;GRK6;KMT5B;MAP2K1;MAP2K3;ME2;MLLT6;MSH3;NCF1;PNKP;PPM1G;RTCA;SDF4;SLMAP;STARD3NL;TBC1D10C;TRAF3IP3;TRAF4;UNC50;WIPI2	-0.00456199926930487	-0.0357142857142857	1.01267064251632	NA	NA	NA	NA	4	72	simulation_replicate	empirical null draw; no per-module interval	NA	NA	NA	NA	NA	NA	NA	NA	NA	NA	NA	NA	NA	NA	NA	NA	NA	NA	NA	NA	NA	NA	NA	NA	NA	NA	NA	NA
null_modules	results/stage10d_tech/STAGE10D_TECH_NULL_MODULE_RESULTS.tsv	776c43d27d133f5dfdbda19e2c071a2a95942d9a403a3e87ae0a43ef3f995826	NULL_MATCHED_M30_0506	30	ASF1A;ATF7IP;BICDL2;C1orf131;CASP7;COMT;CSK;DUS1L;EIF1AY;EPB41;GNPAT;GORASP2;IFT172;KCNN4;LDLRAD4;LIPH;MAP7;PATJ;PIP4K2A;PPM1G;PSMB8-AS1;RNF13;RTCA;SLMAP;STARD3NL;TRAF3IP3;TRAF4;UBN1;WIPF1;ZNF131	0.0905148551154072	0.0833333333333333	0.991097887783926	NA	NA	NA	NA	4	72	simulation_replicate	empirical null draw; no per-module interval	NA	NA	NA	NA	NA	NA	NA	NA	NA	NA	NA	NA	NA	NA	NA	NA	NA	NA	NA	NA	NA	NA	NA	NA	NA	NA	NA	NA
null_modules	results/stage10d_tech/STAGE10D_TECH_NULL_MODULE_RESULTS.tsv	776c43d27d133f5dfdbda19e2c071a2a95942d9a403a3e87ae0a43ef3f995826	NULL_MATCHED_M30_0507	30	CAB39;CHD7;COX17;COX19;DDR1;ENOPH1;FAM207A;GRK6;HNRNPL;IFT172;IKZF1;LDLRAD4;MAP2K1;MAP2K3;ME2;MLLT6;MSH3;NGLY1;NRDC;PIP4K2A;RBBP7;RBM26;RPP25L;RTCA;SEPT1;SLC22A18;SUPT5H;TPRKB;TRIP12;USP48	0.0166610192574075	-0.0119047619047619	1.00513700364123	NA	NA	NA	NA	4	72	simulation_replicate	empirical null draw; no per-module interval	NA	NA	NA	NA	NA	NA	NA	NA	NA	NA	NA	NA	NA	NA	NA	NA	NA	NA	NA	NA	NA	NA	NA	NA	NA	NA	NA	NA
null_modules	results/stage10d_tech/STAGE10D_TECH_NULL_MODULE_RESULTS.tsv	776c43d27d133f5dfdbda19e2c071a2a95942d9a403a3e87ae0a43ef3f995826	NULL_MATCHED_M30_0508	30	AFTPH;ALDH9A1;ANKRD44;ATF7IP;CAB39;CBWD5;CSK;DCAF11;DENND2D;EIF3J;ENOPH1;GOLM1;GTF2E2;HCLS1;HNRNPL;KMT5B;ME2;MZT1;PCGF5;PLS1;PTPN7;RARS;RPP25L;SEPT1;SLMAP;SPINT1-AS1;STRBP;SYTL2;TPRKB;USP3	0.0239849344289758	0.0476190476190476	1.01362432335583	NA	NA	NA	NA	4	72	simulation_replicate	empirical null draw; no per-module interval	NA	NA	NA	NA	NA	NA	NA	NA	NA	NA	NA	NA	NA	NA	NA	NA	NA	NA	NA	NA	NA	NA	NA	NA	NA	NA	NA	NA
null_modules	results/stage10d_tech/STAGE10D_TECH_NULL_MODULE_RESULTS.tsv	776c43d27d133f5dfdbda19e2c071a2a95942d9a403a3e87ae0a43ef3f995826	NULL_MATCHED_M30_0509	30	AFTPH;C12orf10;CASP7;CSK;DCAF11;DENND2D;DUS1L;GALM;GMFG;GNPAT;GRK6;HCLS1;INTS6;KCNN4;KMT5B;LYN;MAP1LC3B;MAP2K3;MSH3;MUC3A;NGLY1;NUDT16L1;PCGF5;PLS1;RTN3;SPEN;STRBP;TRAF3IP3;TRAF4;UBAC2	0.0491994742591765	0.0833333333333333	0.98579288394543	NA	NA	NA	NA	4	72	simulation_replicate	empirical null draw; no per-module interval	NA	NA	NA	NA	NA	NA	NA	NA	NA	NA	NA	NA	NA	NA	NA	NA	NA	NA	NA	NA	NA	NA	NA	NA	NA	NA	NA	NA
null_modules	results/stage10d_tech/STAGE10D_TECH_NULL_MODULE_RESULTS.tsv	776c43d27d133f5dfdbda19e2c071a2a95942d9a403a3e87ae0a43ef3f995826	NULL_MATCHED_M30_0510	30	ABHD17A;ATF7IP;CD37;DENND2D;DOCK8;EPB41;GALNT3;GTF2E2;HCLS1;HMG20B;HNRNPL;IKZF1;KMT5B;LYN;MLLT6;NCF1;NDUFV1;NGLY1;PCGF5;PSMB8-AS1;PTPN4;SEPT1;SF3B1;SIRT7;STARD3NL;SUPT5H;SYTL2;TIMMDC1;TST;UBN1	0.00752435001552554	0.0119047619047619	1.00198240581203	NA	NA	NA	NA	4	72	simulation_replicate	empirical null draw; no per-module interval	NA	NA	NA	NA	NA	NA	NA	NA	NA	NA	NA	NA	NA	NA	NA	NA	NA	NA	NA	NA	NA	NA	NA	NA	NA	NA	NA	NA
null_modules	results/stage10d_tech/STAGE10D_TECH_NULL_MODULE_RESULTS.tsv	776c43d27d133f5dfdbda19e2c071a2a95942d9a403a3e87ae0a43ef3f995826	NULL_MATCHED_M30_0511	30	ATF7IP;BICDL2;CCDC88B;CHD7;COX19;CSK;DENND2D;GALNT3;GTF2E2;HSPA9;LDLRAD4;LINC01871;LYN;MAP2K1;MAP2K3;MAP7;ME2;NOSIP;PIP4K2A;PLS1;PNKP;PPP1R18;PPP4R3B;PTPN7;RPP25L;SETD2;SPEN;STARD3NL;UBE2B;WIPI2	0.0235269630745099	0.0238095238095238	0.989392772023696	NA	NA	NA	NA	4	72	simulation_replicate	empirical null draw; no per-module interval	NA	NA	NA	NA	NA	NA	NA	NA	NA	NA	NA	NA	NA	NA	NA	NA	NA	NA	NA	NA	NA	NA	NA	NA	NA	NA	NA	NA
null_modules	results/stage10d_tech/STAGE10D_TECH_NULL_MODULE_RESULTS.tsv	776c43d27d133f5dfdbda19e2c071a2a95942d9a403a3e87ae0a43ef3f995826	NULL_MATCHED_M30_0512	30	ARHGAP45;ASF1A;ATF7IP;CSK;CYHR1;DCAF11;DDB1;EXOSC1;GALNT7;GNPAT;GRK6;GSPT1;HCLS1;MAP7;ME2;NSFL1C;PATJ;PLPP2;POLE3;PPP4C;PSMB8-AS1;RPP25L;SLMAP;SPEN;STRBP;TRAF4;UBN1;USH1C;USP3;ZNF131	0.0695820442843397	0.119047619047619	0.993111338318928	NA	NA	NA	NA	4	72	simulation_replicate	empirical null draw; no per-module interval	NA	NA	NA	NA	NA	NA	NA	NA	NA	NA	NA	NA	NA	NA	NA	NA	NA	NA	NA	NA	NA	NA	NA	NA	NA	NA	NA	NA
null_modules	results/stage10d_tech/STAGE10D_TECH_NULL_MODULE_RESULTS.tsv	776c43d27d133f5dfdbda19e2c071a2a95942d9a403a3e87ae0a43ef3f995826	NULL_MATCHED_M30_0513	30	AFTPH;ASF1A;ATF7IP;CSK;DDR1;ENOPH1;FAM207A;GNPAT;GOLM1;IFT172;IKZF1;LYPLA2;MAP7;MLLT6;PCGF5;PPP2R2A;PSMA5;RNF13;RPP25L;SETD2;STARD3NL;TBC1D10C;TMC6;TRAF3IP3;TRAF4;TRIP12;UBAC2;WIPF1;YDJC;ZMYND8	-0.0528468666547081	-0.0476190476190476	1.01565532334113	NA	NA	NA	NA	4	72	simulation_replicate	empirical null draw; no per-module interval	NA	NA	NA	NA	NA	NA	NA	NA	NA	NA	NA	NA	NA	NA	NA	NA	NA	NA	NA	NA	NA	NA	NA	NA	NA	NA	NA	NA
null_modules	results/stage10d_tech/STAGE10D_TECH_NULL_MODULE_RESULTS.tsv	776c43d27d133f5dfdbda19e2c071a2a95942d9a403a3e87ae0a43ef3f995826	NULL_MATCHED_M30_0514	30	AMN;ARHGAP45;ASF1A;CHD7;CLPTM1L;CYHR1;DCAF11;DDR1;DDX3X;DOCK8;EPB41;EPS8L2;GALM;GNPAT;KCNN4;KLF13;LYPLA2;MAP7;ME2;MFF;MUC3A;NEDD9;PATJ;PIP4K2A;PPID;RPP25L;SIRT7;SPINT1-AS1;STRAP;TRAF3IP3	0.040776117091576	0.0357142857142857	1.02094579487817	NA	NA	NA	NA	4	72	simulation_replicate	empirical null draw; no per-module interval	NA	NA	NA	NA	NA	NA	NA	NA	NA	NA	NA	NA	NA	NA	NA	NA	NA	NA	NA	NA	NA	NA	NA	NA	NA	NA	NA	NA
null_modules	results/stage10d_tech/STAGE10D_TECH_NULL_MODULE_RESULTS.tsv	776c43d27d133f5dfdbda19e2c071a2a95942d9a403a3e87ae0a43ef3f995826	NULL_MATCHED_M30_0515	30	AFTPH;AKR1A1;CASP7;COX19;CYHR1;DCAF11;ENOPH1;FAM120A;GALNT3;GTF2E2;HDHD3;HIKESHI;HNRNPL;IFT172;LYN;NRDC;NUBP2;NUDT16L1;PIP4K2A;PNKP;PTPN7;RPP25L;SEPT1;SIRT7;SPEN;SPINT1-AS1;TMC6;TRAF4;UBN1;WIPF1	-0.0424820211826744	-0.0357142857142857	1.01523059951407	NA	NA	NA	NA	4	72	simulation_replicate	empirical null draw; no per-module interval	NA	NA	NA	NA	NA	NA	NA	NA	NA	NA	NA	NA	NA	NA	NA	NA	NA	NA	NA	NA	NA	NA	NA	NA	NA	NA	NA	NA
null_modules	results/stage10d_tech/STAGE10D_TECH_NULL_MODULE_RESULTS.tsv	776c43d27d133f5dfdbda19e2c071a2a95942d9a403a3e87ae0a43ef3f995826	NULL_MATCHED_M30_0516	30	ANKRD49;ARHGAP45;CCDC88B;DOCK8;EPB41;EPS8L2;FAM207A;GRK6;HCLS1;KMT5B;LYPLA2;MAP7;MLLT6;MRPL28;NCF1;NEDD9;NGLY1;NUDT16L1;PDZD8;PHLDA2;PIP4K2A;PNKP;PRMT2;PRSS3;SPINT1-AS1;TRAF4;TRIP12;USP3;YDJC;ZNF131	-0.0326970860314771	0	1.00534979581903	NA	NA	NA	NA	4	72	simulation_replicate	empirical null draw; no per-module interval	NA	NA	NA	NA	NA	NA	NA	NA	NA	NA	NA	NA	NA	NA	NA	NA	NA	NA	NA	NA	NA	NA	NA	NA	NA	NA	NA	NA
null_modules	results/stage10d_tech/STAGE10D_TECH_NULL_MODULE_RESULTS.tsv	776c43d27d133f5dfdbda19e2c071a2a95942d9a403a3e87ae0a43ef3f995826	NULL_MATCHED_M30_0517	30	ABCC3;ATF7IP;CHCHD1;CSK;DDR1;ENOPH1;EPB41;EXOSC1;FAM207A;GALM;GALNT7;HNRNPL;LUC7L2;ME2;MLLT6;NCF1;NGLY1;PARP14;PATJ;PIP4K2A;PSMA5;PTPN4;SLC39A7;SPEN;STARD3NL;STRAP;SYTL2;UBN1;USP3;YDJC	-0.0818611493042096	-0.0476190476190476	1.02097980812302	NA	NA	NA	NA	4	72	simulation_replicate	empirical null draw; no per-module interval	NA	NA	NA	NA	NA	NA	NA	NA	NA	NA	NA	NA	NA	NA	NA	NA	NA	NA	NA	NA	NA	NA	NA	NA	NA	NA	NA	NA
null_modules	results/stage10d_tech/STAGE10D_TECH_NULL_MODULE_RESULTS.tsv	776c43d27d133f5dfdbda19e2c071a2a95942d9a403a3e87ae0a43ef3f995826	NULL_MATCHED_M30_0518	30	ABHD11;ANKRD49;ATF7IP;CASP7;CBWD5;CCDC88B;CCT7;CSK;DUS1L;EBP;ENOPH1;EPS8L2;FAM207A;GALNT7;GORASP2;IVNS1ABP;LYPLA2;MAP2K1;ME2;MSH3;NCF1;NGLY1;NUDT16L1;PCGF5;PLS1;PPID;PPP1R18;SEPT1;YDJC;ZNF131	0.0152801804092131	0.0238095238095238	1.03047192215944	NA	NA	NA	NA	4	72	simulation_replicate	empirical null draw; no per-module interval	NA	NA	NA	NA	NA	NA	NA	NA	NA	NA	NA	NA	NA	NA	NA	NA	NA	NA	NA	NA	NA	NA	NA	NA	NA	NA	NA	NA
null_modules	results/stage10d_tech/STAGE10D_TECH_NULL_MODULE_RESULTS.tsv	776c43d27d133f5dfdbda19e2c071a2a95942d9a403a3e87ae0a43ef3f995826	NULL_MATCHED_M30_0519	30	ARHGAP45;ASF1A;ATF7IP;BICDL2;BIK;CAB39;CASP7;DENND2D;EIF3J;ENOPH1;GALNT3;GNPAT;HLA-DQB1;HNRNPL;KCNN4;LYPLA2;MALSU1;MLLT6;MYO1C;NGLY1;PATJ;PRMT2;RBM4;RPP25L;SEPT1;SETD2;SPINT1-AS1;STARD3NL;USP3;WIPF1	0.112745937909153	0.0714285714285714	0.994571758690768	NA	NA	NA	NA	4	72	simulation_replicate	empirical null draw; no per-module interval	NA	NA	NA	NA	NA	NA	NA	NA	NA	NA	NA	NA	NA	NA	NA	NA	NA	NA	NA	NA	NA	NA	NA	NA	NA	NA	NA	NA
null_modules	results/stage10d_tech/STAGE10D_TECH_NULL_MODULE_RESULTS.tsv	776c43d27d133f5dfdbda19e2c071a2a95942d9a403a3e87ae0a43ef3f995826	NULL_MATCHED_M30_0520	30	ACADS;ARHGAP45;ATF7IP;ATP6V1E1;BLVRB;CCND1;DCAF11;DENND2D;FAM207A;GALM;GNPAT;GRK6;HCLS1;HNRNPL;KMT5B;LUC7L2;MAP7;MSH3;NSFL1C;PCGF5;PNKP;PTPN4;RPP25L;RTCA;SEPT1;SIRT7;SUPT5H;USP3;YDJC;ZNF131	-0.0578458294401734	-0.0357142857142857	1.00032516299975	NA	NA	NA	NA	4	72	simulation_replicate	empirical null draw; no per-module interval	NA	NA	NA	NA	NA	NA	NA	NA	NA	NA	NA	NA	NA	NA	NA	NA	NA	NA	NA	NA	NA	NA	NA	NA	NA	NA	NA	NA
null_modules	results/stage10d_tech/STAGE10D_TECH_NULL_MODULE_RESULTS.tsv	776c43d27d133f5dfdbda19e2c071a2a95942d9a403a3e87ae0a43ef3f995826	NULL_MATCHED_M30_0521	30	ARHGAP45;ASF1A;ATF7IP;CCDC88B;CHD7;COX17;DCAF11;DDR1;DENND2D;EIF4A3;EPS8L2;GALM;HAGH;HNRNPL;IFT20;IKZF1;KMT5B;LYN;MAP2K3;ME2;PATJ;PPCS;PPP1R11;PSMB8-AS1;SEPT1;SIRT7;SPEN;SUPT5H;UBN1;USP3	-0.0940413812979771	-0.0833333333333333	1.02064284424385	NA	NA	NA	NA	4	72	simulation_replicate	empirical null draw; no per-module interval	NA	NA	NA	NA	NA	NA	NA	NA	NA	NA	NA	NA	NA	NA	NA	NA	NA	NA	NA	NA	NA	NA	NA	NA	NA	NA	NA	NA
null_modules	results/stage10d_tech/STAGE10D_TECH_NULL_MODULE_RESULTS.tsv	776c43d27d133f5dfdbda19e2c071a2a95942d9a403a3e87ae0a43ef3f995826	NULL_MATCHED_M30_0522	30	AAK1;ASF1A;CAB39;CCDC88B;DDR1;DOCK8;DUS1L;ENOPH1;GALM;GALNT7;HNRNPL;IPO7;LYN;LYPLA2;MLLT6;MSH3;NCF1;NUDT16L1;POLE3;PTPN4;PTPN7;RNPEPL1;SETD2;SLC44A4;STARD3NL;SUPT5H;TBC1D10C;TNRC6B;TSTA3;ZNF131	-0.0247164214938271	-0.107142857142857	1.03534353335771	NA	NA	NA	NA	4	72	simulation_replicate	empirical null draw; no per-module interval	NA	NA	NA	NA	NA	NA	NA	NA	NA	NA	NA	NA	NA	NA	NA	NA	NA	NA	NA	NA	NA	NA	NA	NA	NA	NA	NA	NA
null_modules	results/stage10d_tech/STAGE10D_TECH_NULL_MODULE_RESULTS.tsv	776c43d27d133f5dfdbda19e2c071a2a95942d9a403a3e87ae0a43ef3f995826	NULL_MATCHED_M30_0523	30	ADSS;ANKRD49;ARHGAP45;BLVRB;COX19;CSK;DDR1;DOCK8;ENOPH1;GNPAT;GRK6;IKZF1;KMT5B;MLLT6;MSH3;NGLY1;PCGF5;PLPP2;RARS;SEPT1;STARD3NL;STRBP;SUPT5H;TBC1D10C;TRAF3IP3;TRAF4;TRIP12;ZC3H15;ZCCHC10;ZNF131	0.0561506351391378	0.0714285714285714	0.99808235813819	NA	NA	NA	NA	4	72	simulation_replicate	empirical null draw; no per-module interval	NA	NA	NA	NA	NA	NA	NA	NA	NA	NA	NA	NA	NA	NA	NA	NA	NA	NA	NA	NA	NA	NA	NA	NA	NA	NA	NA	NA
null_modules	results/stage10d_tech/STAGE10D_TECH_NULL_MODULE_RESULTS.tsv	776c43d27d133f5dfdbda19e2c071a2a95942d9a403a3e87ae0a43ef3f995826	NULL_MATCHED_M30_0524	30	AFTPH;ATF7IP;CD3D;COX19;DCAF11;FAM207A;GALNT7;GRK6;GRSF1;HCLS1;IFT172;KCNN4;KMT5B;LDLRAD4;MRPS36;MSH3;NSD1;PATJ;PLS1;PPP1R18;PTPN4;PTPN7;SEPT1;SIRT7;SLC39A7;SYTL2;UBAC2;UBN1;USP3;YDJC	-0.00529839823447875	-0.0595238095238095	1.02957130263293	NA	NA	NA	NA	4	72	simulation_replicate	empirical null draw; no per-module interval	NA	NA	NA	NA	NA	NA	NA	NA	NA	NA	NA	NA	NA	NA	NA	NA	NA	NA	NA	NA	NA	NA	NA	NA	NA	NA	NA	NA
null_modules	results/stage10d_tech/STAGE10D_TECH_NULL_MODULE_RESULTS.tsv	776c43d27d133f5dfdbda19e2c071a2a95942d9a403a3e87ae0a43ef3f995826	NULL_MATCHED_M30_0525	30	ADAR;AFTPH;ARHGAP45;ASF1A;ATF7IP;C5orf24;CD7;CHD7;DENND2D;DOCK8;DUS1L;FAM200B;GNPAT;GTF2E2;IFT172;MAP1LC3B;NCF1;PCGF5;PLS1;PNKP;PPP1R18;RTCA;SEPT1;SLC25A36;SLMAP;TBC1D10C;TRIP12;UBN1;USP3;YDJC	-0.00877723505220733	-0.0238095238095238	1.01878802028349	NA	NA	NA	NA	4	72	simulation_replicate	empirical null draw; no per-module interval	NA	NA	NA	NA	NA	NA	NA	NA	NA	NA	NA	NA	NA	NA	NA	NA	NA	NA	NA	NA	NA	NA	NA	NA	NA	NA	NA	NA
null_modules	results/stage10d_tech/STAGE10D_TECH_NULL_MODULE_RESULTS.tsv	776c43d27d133f5dfdbda19e2c071a2a95942d9a403a3e87ae0a43ef3f995826	NULL_MATCHED_M30_0526	30	ANKRD44;ANKRD49;ARHGAP45;ASF1A;BCL11A;CAB39;CASP7;CSK;EXOSC1;FAM207A;GALNT3;GALNT7;HLA-DQB1;KCNN4;LDLRAD4;LSM12;MAP2K3;MAP7;MSH3;MUC1;NUDT16L1;PIP4K2A;PPP1R18;PTPRC;RAB5A;RPP25L;RTCA;SEPT1;SPEN;WIPF1	0.0683892687533619	-0.0238095238095238	0.97677749292878	NA	NA	NA	NA	4	72	simulation_replicate	empirical null draw; no per-module interval	NA	NA	NA	NA	NA	NA	NA	NA	NA	NA	NA	NA	NA	NA	NA	NA	NA	NA	NA	NA	NA	NA	NA	NA	NA	NA	NA	NA
null_modules	results/stage10d_tech/STAGE10D_TECH_NULL_MODULE_RESULTS.tsv	776c43d27d133f5dfdbda19e2c071a2a95942d9a403a3e87ae0a43ef3f995826	NULL_MATCHED_M30_0527	30	ANKRD49;CAB39;CASP7;CNN3;COX17;DENND2D;EPB41;FASTK;GNPAT;GRK6;HNRNPL;KCNN4;MUC3A;MYO10;NCF1;PARL;PCGF5;PIP4K2A;PNKP;PPID;PPP1R18;PSMB8-AS1;SEPT1;SETD2;SLC44A4;SYTL2;TBC1D10C;TRAF4;UBN1;USH1C	0.000164967097718168	0.0238095238095238	1.03896741807362	NA	NA	NA	NA	4	72	simulation_replicate	empirical null draw; no per-module interval	NA	NA	NA	NA	NA	NA	NA	NA	NA	NA	NA	NA	NA	NA	NA	NA	NA	NA	NA	NA	NA	NA	NA	NA	NA	NA	NA	NA
null_modules	results/stage10d_tech/STAGE10D_TECH_NULL_MODULE_RESULTS.tsv	776c43d27d133f5dfdbda19e2c071a2a95942d9a403a3e87ae0a43ef3f995826	NULL_MATCHED_M30_0528	30	ALDH9A1;ANKRD44;BICDL2;CAB39;COX19;CSK;DCAF11;DENND2D;GALNT7;HCLS1;IDH1;IFT172;LYN;MAP2K1;MLLT6;MRPS36;MUC3A;OXR1;PNKP;PPP1R18;RPP25L;RSU1;RTCA;SETD2;SPEN;TBC1D10C;TMC6;TNRC6B;UBN1;USP3	0.0168985167458297	-0.0119047619047619	0.978592016755378	NA	NA	NA	NA	4	72	simulation_replicate	empirical null draw; no per-module interval	NA	NA	NA	NA	NA	NA	NA	NA	NA	NA	NA	NA	NA	NA	NA	NA	NA	NA	NA	NA	NA	NA	NA	NA	NA	NA	NA	NA
null_modules	results/stage10d_tech/STAGE10D_TECH_NULL_MODULE_RESULTS.tsv	776c43d27d133f5dfdbda19e2c071a2a95942d9a403a3e87ae0a43ef3f995826	NULL_MATCHED_M30_0529	30	ABI1;ANKRD49;ASF1A;CHD7;CSK;DCAF11;DDR1;DENND2D;DOCK8;FKBP4;GALNT3;GNPAT;HMG20B;IFT172;MSH3;NGLY1;NUDT16L1;PFDN2;PHLDA2;PLS1;PPP1R18;RTCA;SEPT1;SLMAP;SPINT1-AS1;STRBP;SYTL2;TMC6;USP3;XPO1	0.0411322465209423	0.0476190476190476	0.957766331625417	NA	NA	NA	NA	4	72	simulation_replicate	empirical null draw; no per-module interval	NA	NA	NA	NA	NA	NA	NA	NA	NA	NA	NA	NA	NA	NA	NA	NA	NA	NA	NA	NA	NA	NA	NA	NA	NA	NA	NA	NA
null_modules	results/stage10d_tech/STAGE10D_TECH_NULL_MODULE_RESULTS.tsv	776c43d27d133f5dfdbda19e2c071a2a95942d9a403a3e87ae0a43ef3f995826	NULL_MATCHED_M30_0530	30	ANKRD44;ARHGAP45;ATF7IP;CHD7;CUEDC2;CYHR1;DDR1;DUS1L;EBP;EPS8L2;GALNT3;GRK6;IKZF1;MAP2K3;ME2;MSH3;PATJ;PIP4K2A;PLS1;PPP1R18;PPP4C;PSMC2;RBM26;SDC1;SETD2;SIRT7;SUPT5H;TRAF4;WIPF1;YDJC	-0.00652906274841979	0.0476190476190476	1.0032034687838	NA	NA	NA	NA	4	72	simulation_replicate	empirical null draw; no per-module interval	NA	NA	NA	NA	NA	NA	NA	NA	NA	NA	NA	NA	NA	NA	NA	NA	NA	NA	NA	NA	NA	NA	NA	NA	NA	NA	NA	NA
null_modules	results/stage10d_tech/STAGE10D_TECH_NULL_MODULE_RESULTS.tsv	776c43d27d133f5dfdbda19e2c071a2a95942d9a403a3e87ae0a43ef3f995826	NULL_MATCHED_M30_0531	30	AFTPH;ASF1A;ATP6V1E1;CAB39;CASP7;CUEDC2;DCAF11;EPB41;EPS8L2;EXOSC8;GOLM1;GPSM3;HNRNPL;IFT172;IKZF1;MAP2K3;MAP7;NUDT16L1;PCGF5;PLS1;PNKP;PRPF40A;PTPN7;SIRT7;STARD3NL;SYTL2;TMC6;TRAF3IP3;TRIP12;WIPF1	0.00212365885012952	0.0357142857142857	1.00237437182713	NA	NA	NA	NA	4	72	simulation_replicate	empirical null draw; no per-module interval	NA	NA	NA	NA	NA	NA	NA	NA	NA	NA	NA	NA	NA	NA	NA	NA	NA	NA	NA	NA	NA	NA	NA	NA	NA	NA	NA	NA
null_modules	results/stage10d_tech/STAGE10D_TECH_NULL_MODULE_RESULTS.tsv	776c43d27d133f5dfdbda19e2c071a2a95942d9a403a3e87ae0a43ef3f995826	NULL_MATCHED_M30_0532	30	ALKBH5;ASF1A;BICDL2;C12orf10;CCDC88B;CSK;DENND2D;DUS1L;EPS8L2;GALNT7;HCLS1;HNRNPL;HSPA9;IFT172;IKZF1;LYPLA2;ME2;MUC3A;MYO1C;NCF1;NR4A2;NUDT16L1;PSMA5;PTPN4;SEPT1;SPINT1-AS1;TMC6;TRIP12;UBN1;WIPF1	0.0305568610378695	0.0952380952380953	1.01129090358477	NA	NA	NA	NA	4	72	simulation_replicate	empirical null draw; no per-module interval	NA	NA	NA	NA	NA	NA	NA	NA	NA	NA	NA	NA	NA	NA	NA	NA	NA	NA	NA	NA	NA	NA	NA	NA	NA	NA	NA	NA
null_modules	results/stage10d_tech/STAGE10D_TECH_NULL_MODULE_RESULTS.tsv	776c43d27d133f5dfdbda19e2c071a2a95942d9a403a3e87ae0a43ef3f995826	NULL_MATCHED_M30_0533	30	ACAP1;ADSS;BICDL2;CASP7;CHD7;COX19;CYHR1;DDR1;EPS8L2;FAM207A;GALM;GALNT7;GNPAT;GRK6;IFT172;ISOC2;LPP;LYPLA2;MAP7;ME2;PCBD1;PIP4K2A;PNKP;PSMB8-AS1;RPP25L;SIL1;SLMAP;SPEN;TRIP12;ZNF131	0.0907823033443252	0.0595238095238095	1.00898222676708	NA	NA	NA	NA	4	72	simulation_replicate	empirical null draw; no per-module interval	NA	NA	NA	NA	NA	NA	NA	NA	NA	NA	NA	NA	NA	NA	NA	NA	NA	NA	NA	NA	NA	NA	NA	NA	NA	NA	NA	NA
null_modules	results/stage10d_tech/STAGE10D_TECH_NULL_MODULE_RESULTS.tsv	776c43d27d133f5dfdbda19e2c071a2a95942d9a403a3e87ae0a43ef3f995826	NULL_MATCHED_M30_0534	30	CASP7;CCT4;CSK;CYHR1;DDR1;DENND2D;EIF1AY;EPB41;EPS8L2;GALNT7;GNPAT;IFT172;KCNN4;LDLRAD4;MAP2K3;MRPL21;MRPS23;MSH3;NKG7;NTMT1;NUDT16L1;PNKP;PSMB8-AS1;PTPN4;RPP25L;SIRT7;SPEN;SYTL2;USP3;YDJC	-0.0982870987236259	-0.119047619047619	0.999586594024671	NA	NA	NA	NA	4	72	simulation_replicate	empirical null draw; no per-module interval	NA	NA	NA	NA	NA	NA	NA	NA	NA	NA	NA	NA	NA	NA	NA	NA	NA	NA	NA	NA	NA	NA	NA	NA	NA	NA	NA	NA
null_modules	results/stage10d_tech/STAGE10D_TECH_NULL_MODULE_RESULTS.tsv	776c43d27d133f5dfdbda19e2c071a2a95942d9a403a3e87ae0a43ef3f995826	NULL_MATCHED_M30_0535	30	ASF1A;BICDL2;DDB1;DENND2D;GALNT3;HSPA9;LDLRAD4;LYN;ME2;MLLT6;MSH3;MUC1;MUC3A;NCF1;PCGF5;PNKP;PPID;PPP1R18;PSMB8-AS1;PTPN4;PTPN7;SDC1;SEPT1;SETD2;SPINT1-AS1;TRAF4;TRIP12;USP1;XRCC5;YDJC	0.0452881448009475	0.0476190476190476	0.982343778990667	NA	NA	NA	NA	4	72	simulation_replicate	empirical null draw; no per-module interval	NA	NA	NA	NA	NA	NA	NA	NA	NA	NA	NA	NA	NA	NA	NA	NA	NA	NA	NA	NA	NA	NA	NA	NA	NA	NA	NA	NA
null_modules	results/stage10d_tech/STAGE10D_TECH_NULL_MODULE_RESULTS.tsv	776c43d27d133f5dfdbda19e2c071a2a95942d9a403a3e87ae0a43ef3f995826	NULL_MATCHED_M30_0536	30	ADSS;ANKRD49;ARHGAP45;BICDL2;DCAF11;DENND2D;DOCK8;EZR;FAM207A;GALNT3;GOLM1;KMT5B;LYN;MAP2K3;MAP7;ME2;PATJ;PIP4K2A;PPP1R18;PRMT2;PTPN7;RSU1;RTCA;SEPT1;SETD2;SIRT7;SUPT5H;TMC6;USP3;WASL	0.0996772534912539	0.0476190476190476	0.975115209359035	NA	NA	NA	NA	4	72	simulation_replicate	empirical null draw; no per-module interval	NA	NA	NA	NA	NA	NA	NA	NA	NA	NA	NA	NA	NA	NA	NA	NA	NA	NA	NA	NA	NA	NA	NA	NA	NA	NA	NA	NA
null_modules	results/stage10d_tech/STAGE10D_TECH_NULL_MODULE_RESULTS.tsv	776c43d27d133f5dfdbda19e2c071a2a95942d9a403a3e87ae0a43ef3f995826	NULL_MATCHED_M30_0537	30	AFTPH;CASP7;CCDC88B;CD2;CSK;DCAF11;DOCK8;GALM;GORASP2;IFT172;LDLRAD4;MAP3K2;MLLT6;MUC3A;NGLY1;NUDT16L1;PSMC2;PTPN7;SPEN;SPINT1-AS1;STARD3NL;STRBP;SUCLG2;SYTL2;TRIP12;UFM1;USP47;WIPF1;YDJC;ZNF131	-0.0300022065525322	0.0119047619047619	1.04424443078163	NA	NA	NA	NA	4	72	simulation_replicate	empirical null draw; no per-module interval	NA	NA	NA	NA	NA	NA	NA	NA	NA	NA	NA	NA	NA	NA	NA	NA	NA	NA	NA	NA	NA	NA	NA	NA	NA	NA	NA	NA
null_modules	results/stage10d_tech/STAGE10D_TECH_NULL_MODULE_RESULTS.tsv	776c43d27d133f5dfdbda19e2c071a2a95942d9a403a3e87ae0a43ef3f995826	NULL_MATCHED_M30_0538	30	ANKRD49;ASF1A;CYHR1;DOCK8;EPS8L2;GALM;HCLS1;IFT172;IKZF1;LYN;LYPLA2;MAP2K1;MAP2K2;MRPS23;NGLY1;PATJ;PCGF5;PIP4K2A;PLS1;PPIE;PPP2R1A;PTPN7;RPIA;SLC25A36;SPEN;STARD3NL;SUMO3;TBC1D10C;USP3;YDJC	-0.00668165513290314	-0.0595238095238095	0.995810201021503	NA	NA	NA	NA	4	72	simulation_replicate	empirical null draw; no per-module interval	NA	NA	NA	NA	NA	NA	NA	NA	NA	NA	NA	NA	NA	NA	NA	NA	NA	NA	NA	NA	NA	NA	NA	NA	NA	NA	NA	NA
null_modules	results/stage10d_tech/STAGE10D_TECH_NULL_MODULE_RESULTS.tsv	776c43d27d133f5dfdbda19e2c071a2a95942d9a403a3e87ae0a43ef3f995826	NULL_MATCHED_M30_0539	30	ARHGAP45;CAB39;CD3G;CHD7;DCAF11;DOCK8;ENOPH1;EPB41;FAM207A;FBXW5;GRK6;HSPA9;KMT5B;LYN;MAP7;ME2;MUC3A;NCF1;NGLY1;PNKP;PPID;PRPF38A;RPP25L;SLMAP;SUPT5H;TBC1D10C;TECR;TRAF3IP3;TRAF4;TSN	0.0995314541922251	0.0833333333333333	0.959346562233771	NA	NA	NA	NA	4	72	simulation_replicate	empirical null draw; no per-module interval	NA	NA	NA	NA	NA	NA	NA	NA	NA	NA	NA	NA	NA	NA	NA	NA	NA	NA	NA	NA	NA	NA	NA	NA	NA	NA	NA	NA
null_modules	results/stage10d_tech/STAGE10D_TECH_NULL_MODULE_RESULTS.tsv	776c43d27d133f5dfdbda19e2c071a2a95942d9a403a3e87ae0a43ef3f995826	NULL_MATCHED_M30_0540	30	AFTPH;BICDL2;CASP7;CHD7;COX19;DCAF11;DDR1;DENND2D;GTF2E2;HCLS1;IKZF1;KMT5B;LYPLA2;MALSU1;MAP7;MZT1;NGLY1;PCGF5;PCSK7;POLR2H;SEPT1;SIRT7;STRBP;STX4;TBC1D10C;TCEAL9;TMEM33;USP3;YDJC;ZNF131	0.00908037444890163	-0.0119047619047619	1.00376389011088	NA	NA	NA	NA	4	72	simulation_replicate	empirical null draw; no per-module interval	NA	NA	NA	NA	NA	NA	NA	NA	NA	NA	NA	NA	NA	NA	NA	NA	NA	NA	NA	NA	NA	NA	NA	NA	NA	NA	NA	NA
null_modules	results/stage10d_tech/STAGE10D_TECH_NULL_MODULE_RESULTS.tsv	776c43d27d133f5dfdbda19e2c071a2a95942d9a403a3e87ae0a43ef3f995826	NULL_MATCHED_M30_0541	30	ARHGAP45;ATF7IP;CASP7;CBWD5;COX19;CYHR1;DCAF11;DIAPH1;EPB41;GLO1;GNPAT;HCLS1;IKZF1;KLF13;KMT5B;MAP2K3;MAP7;MLLT6;MRPL21;NGLY1;NUDT16L1;PATJ;PTPN7;RPP25L;RTCA;STRBP;SYPL1;UNC50;USP3;ZNF131	-0.0224566127438605	0.0238095238095238	1.02177305924381	NA	NA	NA	NA	4	72	simulation_replicate	empirical null draw; no per-module interval	NA	NA	NA	NA	NA	NA	NA	NA	NA	NA	NA	NA	NA	NA	NA	NA	NA	NA	NA	NA	NA	NA	NA	NA	NA	NA	NA	NA
null_modules	results/stage10d_tech/STAGE10D_TECH_NULL_MODULE_RESULTS.tsv	776c43d27d133f5dfdbda19e2c071a2a95942d9a403a3e87ae0a43ef3f995826	NULL_MATCHED_M30_0542	30	AFTPH;ANKRD49;CYHR1;DCAF11;DDR1;DENND2D;ENOPH1;ERP44;GALNT3;GALNT7;GRSF1;HNRNPA1P48;IFT172;IFT20;LIPH;LYN;LYPLA2;MAP2K1;ME2;MSH3;MUC3A;MYADM;PATJ;PLS1;PPID;RPP25L;SEPT1;SLC39A7;TMC6;TRAF3IP3	0.0746532983191335	0.0833333333333333	0.998420167944571	NA	NA	NA	NA	4	72	simulation_replicate	empirical null draw; no per-module interval	NA	NA	NA	NA	NA	NA	NA	NA	NA	NA	NA	NA	NA	NA	NA	NA	NA	NA	NA	NA	NA	NA	NA	NA	NA	NA	NA	NA
null_modules	results/stage10d_tech/STAGE10D_TECH_NULL_MODULE_RESULTS.tsv	776c43d27d133f5dfdbda19e2c071a2a95942d9a403a3e87ae0a43ef3f995826	NULL_MATCHED_M30_0543	30	AFTPH;ASF1A;CAB39;CHCHD1;COX19;DCTN6;DDR1;DOCK8;DUS1L;GALNT7;GTF2E2;HNRNPH3;HNRNPL;IKZF1;LIPH;MAP2K3;MLLT6;MUC3A;NDUFAF3;OTULINL;RTCA;SETD2;SIRT7;SLMAP;TBC1D10C;TFDP1;TMC6;TRAF3IP3;UBN1;WIPF1	-0.0295594982277817	-0.0476190476190476	1.03125970978721	NA	NA	NA	NA	4	72	simulation_replicate	empirical null draw; no per-module interval	NA	NA	NA	NA	NA	NA	NA	NA	NA	NA	NA	NA	NA	NA	NA	NA	NA	NA	NA	NA	NA	NA	NA	NA	NA	NA	NA	NA
null_modules	results/stage10d_tech/STAGE10D_TECH_NULL_MODULE_RESULTS.tsv	776c43d27d133f5dfdbda19e2c071a2a95942d9a403a3e87ae0a43ef3f995826	NULL_MATCHED_M30_0544	30	AFTPH;ANKRD44;CASP7;COA3;COX19;CYHR1;DDR1;DOCK8;DUS1L;ENOPH1;FASTK;GTF2E2;LDLRAD4;LYN;MAP2K1;MRPS11;MUC3A;NCF1;PIP4K2A;PLS1;SETD2;SF3B2;SIRT7;SPEN;STARD3NL;SUPT5H;TCEA3;TRAF3IP3;UBN1;ZNF148	-0.078392724497943	-0.0357142857142857	1.02496737992752	NA	NA	NA	NA	4	72	simulation_replicate	empirical null draw; no per-module interval	NA	NA	NA	NA	NA	NA	NA	NA	NA	NA	NA	NA	NA	NA	NA	NA	NA	NA	NA	NA	NA	NA	NA	NA	NA	NA	NA	NA
null_modules	results/stage10d_tech/STAGE10D_TECH_NULL_MODULE_RESULTS.tsv	776c43d27d133f5dfdbda19e2c071a2a95942d9a403a3e87ae0a43ef3f995826	NULL_MATCHED_M30_0545	30	ANKRD49;ASF1A;ATP6AP2;CASP7;DUS1L;ENOPH1;EPS8L2;GALM;GORASP2;GRK6;ILF2;LDLRAD4;LONP2;MSH3;OXR1;PATJ;PIP4K2A;PNKP;PPID;PPP1R18;SEPT1;SIRT7;SLMAP;SPEN;STRBP;SYTL2;TDP2;TRAF4;WIPF1;YDJC	-0.0504172508358509	-0.0119047619047619	1.00627755541049	NA	NA	NA	NA	4	72	simulation_replicate	empirical null draw; no per-module interval	NA	NA	NA	NA	NA	NA	NA	NA	NA	NA	NA	NA	NA	NA	NA	NA	NA	NA	NA	NA	NA	NA	NA	NA	NA	NA	NA	NA
null_modules	results/stage10d_tech/STAGE10D_TECH_NULL_MODULE_RESULTS.tsv	776c43d27d133f5dfdbda19e2c071a2a95942d9a403a3e87ae0a43ef3f995826	NULL_MATCHED_M30_0546	30	ANKRD44;ASF1A;CASP7;CCDC88B;CLIP1;DCAF11;DDX3X;EHF;EXOSC1;FERMT1;GALM;KCNN4;LYN;LYPLA2;MAP2K1;ME2;MUC3A;MYADM;PPID;PSMB8-AS1;PTPN7;SETD2;SLMAP;SRPRB;STARD3NL;SYTL2;TBC1D10C;TRAF3IP3;TRIP12;USP3	0.000439025853531362	0.0119047619047619	1.0045452294845	NA	NA	NA	NA	4	72	simulation_replicate	empirical null draw; no per-module interval	NA	NA	NA	NA	NA	NA	NA	NA	NA	NA	NA	NA	NA	NA	NA	NA	NA	NA	NA	NA	NA	NA	NA	NA	NA	NA	NA	NA
null_modules	results/stage10d_tech/STAGE10D_TECH_NULL_MODULE_RESULTS.tsv	776c43d27d133f5dfdbda19e2c071a2a95942d9a403a3e87ae0a43ef3f995826	NULL_MATCHED_M30_0547	30	ACP1;ANKRD10;ATF7IP;CASP7;CCDC88B;CD3G;DENND2D;DUS1L;EPS8L2;FASTK;GALM;GALNT7;GRK6;MAP2K3;MAP7;ME2;MLLT6;NGLY1;NUDT16L1;PNKP;PPID;RTCA;SETD2;SIRT7;SLMAP;SMAGP;SPEN;STRAP;TMC6;USP3	-0.0593820246029533	-0.0833333333333333	1.02475608591802	NA	NA	NA	NA	4	72	simulation_replicate	empirical null draw; no per-module interval	NA	NA	NA	NA	NA	NA	NA	NA	NA	NA	NA	NA	NA	NA	NA	NA	NA	NA	NA	NA	NA	NA	NA	NA	NA	NA	NA	NA
null_modules	results/stage10d_tech/STAGE10D_TECH_NULL_MODULE_RESULTS.tsv	776c43d27d133f5dfdbda19e2c071a2a95942d9a403a3e87ae0a43ef3f995826	NULL_MATCHED_M30_0548	30	AAK1;CARHSP1;CYHR1;DDR1;DOCK8;EPS8L2;EXOSC1;FKBP3;GALM;HNRNPH2;IFT172;KCNN4;LDLRAD4;ME2;MSH3;MUC3A;PCGF5;PIP4K2A;PLS1;PPP1R18;SIRT7;SLC22A18;SPEN;SUPT5H;TBC1D10C;TMC6;TRAF3IP3;UBALD2;USP3;ZMYND8	0.0163554605662185	0.0476190476190476	1.02012820610788	NA	NA	NA	NA	4	72	simulation_replicate	empirical null draw; no per-module interval	NA	NA	NA	NA	NA	NA	NA	NA	NA	NA	NA	NA	NA	NA	NA	NA	NA	NA	NA	NA	NA	NA	NA	NA	NA	NA	NA	NA
null_modules	results/stage10d_tech/STAGE10D_TECH_NULL_MODULE_RESULTS.tsv	776c43d27d133f5dfdbda19e2c071a2a95942d9a403a3e87ae0a43ef3f995826	NULL_MATCHED_M30_0549	30	ASF1A;CRBN;DENND2D;DOCK8;DPP7;EPS8L2;GALNT7;GNPAT;GORASP2;GTF2E2;HCLS1;HNRNPL;MAP7;MZT1;NGLY1;PCGF5;PIP4K2A;PPP1R18;PSMC2;PTPN7;SEPT6;SETD2;SLMAP;STRBP;TRAF3IP3;TRIP12;UBN1;WIPF1;YDJC;ZBTB20	-0.00504343921142311	0.0238095238095238	1.00786332214387	NA	NA	NA	NA	4	72	simulation_replicate	empirical null draw; no per-module interval	NA	NA	NA	NA	NA	NA	NA	NA	NA	NA	NA	NA	NA	NA	NA	NA	NA	NA	NA	NA	NA	NA	NA	NA	NA	NA	NA	NA
null_modules	results/stage10d_tech/STAGE10D_TECH_NULL_MODULE_RESULTS.tsv	776c43d27d133f5dfdbda19e2c071a2a95942d9a403a3e87ae0a43ef3f995826	NULL_MATCHED_M30_0550	30	AFTPH;ANKRD44;ATF7IP;ATP6V1E1;CLNS1A;CRBN;DCAF11;DDB1;DUS1L;EPS8L2;GALM;GALNT3;GNPAT;GRK6;IMPA2;KMT5B;LDLRAD4;LYPLA2;MSH3;PCGF5;PSMB8-AS1;PTPN4;RTCA;SF3B2;STRBP;SUPT5H;TBC1D10C;USP3;YDJC;ZNF131	0.0295523732905373	0.0476190476190476	0.98022156288265	NA	NA	NA	NA	4	72	simulation_replicate	empirical null draw; no per-module interval	NA	NA	NA	NA	NA	NA	NA	NA	NA	NA	NA	NA	NA	NA	NA	NA	NA	NA	NA	NA	NA	NA	NA	NA	NA	NA	NA	NA
null_modules	results/stage10d_tech/STAGE10D_TECH_NULL_MODULE_RESULTS.tsv	776c43d27d133f5dfdbda19e2c071a2a95942d9a403a3e87ae0a43ef3f995826	NULL_MATCHED_M30_0551	30	AK3;ANKRD10;ASF1A;ATF7IP;BICDL2;CAB39;CASP7;CMBL;CYHR1;DDR1;DENND2D;EPB41;FAM207A;GALM;GRK6;KCNN4;MLLT6;MUC3A;NUBP2;PCGF5;PSMB8-AS1;PTPN4;PTPRC;SLMAP;TMC6;TRAF3IP3;TRAF4;TRPM4;WIPF1;ZNF131	0.0391644542158395	0.0714285714285714	1.01199565210548	NA	NA	NA	NA	4	72	simulation_replicate	empirical null draw; no per-module interval	NA	NA	NA	NA	NA	NA	NA	NA	NA	NA	NA	NA	NA	NA	NA	NA	NA	NA	NA	NA	NA	NA	NA	NA	NA	NA	NA	NA
null_modules	results/stage10d_tech/STAGE10D_TECH_NULL_MODULE_RESULTS.tsv	776c43d27d133f5dfdbda19e2c071a2a95942d9a403a3e87ae0a43ef3f995826	NULL_MATCHED_M30_0552	30	ANKRD49;BICDL2;CCDC88B;COX19;DDR1;DENND2D;DUS1L;EPB41;EPS8L2;FAM207A;FAM96A;GALNT3;IKZF1;KMT5B;LDLRAD4;MAP7;MRPL28;NCF1;PPIL4;PSMA5;RTCA;SBNO1;SEPT1;SPEN;STARD3NL;SYTL2;TRAF3IP3;UBN1;USP3;VCP	-0.0197841729893924	-0.0476190476190476	1.03227266149609	NA	NA	NA	NA	4	72	simulation_replicate	empirical null draw; no per-module interval	NA	NA	NA	NA	NA	NA	NA	NA	NA	NA	NA	NA	NA	NA	NA	NA	NA	NA	NA	NA	NA	NA	NA	NA	NA	NA	NA	NA
null_modules	results/stage10d_tech/STAGE10D_TECH_NULL_MODULE_RESULTS.tsv	776c43d27d133f5dfdbda19e2c071a2a95942d9a403a3e87ae0a43ef3f995826	NULL_MATCHED_M30_0553	30	ANKRD44;ATF7IP;BCL11A;BOLA3;CCDC88B;DDR1;DUS1L;GALNT7;GNPAT;GRK6;HM13;KCNN4;KMT5B;MAP2K1;MAP7;MBD4;MSH3;NCF1;NUDT16L1;PCGF5;PIP4K2A;PPID;SEPT1;SETD2;TBC1D10C;TRAF3IP3;UBE2B;UBN1;UBXN6;USP3	0.0383697504248763	0.0119047619047619	1.01030880802023	NA	NA	NA	NA	4	72	simulation_replicate	empirical null draw; no per-module interval	NA	NA	NA	NA	NA	NA	NA	NA	NA	NA	NA	NA	NA	NA	NA	NA	NA	NA	NA	NA	NA	NA	NA	NA	NA	NA	NA	NA
null_modules	results/stage10d_tech/STAGE10D_TECH_NULL_MODULE_RESULTS.tsv	776c43d27d133f5dfdbda19e2c071a2a95942d9a403a3e87ae0a43ef3f995826	NULL_MATCHED_M30_0554	30	AFTPH;ARPC4;ATP6V1E1;CASP7;DUS1L;ENOPH1;EPB41;EPS8L2;FAM207A;GTF2E2;IFT20;IKZF1;KMT5B;LYPLA2;MAP2K3;MUC3A;NUDT16L1;PCGF5;PIP4K2A;PLS1;PNKD;PPID;PPP1R16A;SEPT1;SETD2;SLMAP;SUPT5H;TIMMDC1;TMC6;TRAF3IP3	0.0279829331512055	0	1.01295796487652	NA	NA	NA	NA	4	72	simulation_replicate	empirical null draw; no per-module interval	NA	NA	NA	NA	NA	NA	NA	NA	NA	NA	NA	NA	NA	NA	NA	NA	NA	NA	NA	NA	NA	NA	NA	NA	NA	NA	NA	NA
null_modules	results/stage10d_tech/STAGE10D_TECH_NULL_MODULE_RESULTS.tsv	776c43d27d133f5dfdbda19e2c071a2a95942d9a403a3e87ae0a43ef3f995826	NULL_MATCHED_M30_0555	30	ATF7IP;CAB39;COX19;CYHR1;DCAF11;DHPS;DUS1L;FAM207A;GALM;GALNT3;GNPAT;GSKIP;GTF2E2;LYN;LYPLA2;MSH3;MTIF3;OLA1;PCGF5;PLS1;PNKP;PPP1R18;PRR15L;RPP25L;SEPT1;STARD3NL;STRBP;SUCLG2;TMC6;YDJC	0.0409937068526204	-0.0119047619047619	0.98784670828366	NA	NA	NA	NA	4	72	simulation_replicate	empirical null draw; no per-module interval	NA	NA	NA	NA	NA	NA	NA	NA	NA	NA	NA	NA	NA	NA	NA	NA	NA	NA	NA	NA	NA	NA	NA	NA	NA	NA	NA	NA
null_modules	results/stage10d_tech/STAGE10D_TECH_NULL_MODULE_RESULTS.tsv	776c43d27d133f5dfdbda19e2c071a2a95942d9a403a3e87ae0a43ef3f995826	NULL_MATCHED_M30_0556	30	BICDL2;C1orf56;CASP7;CEP57;CSK;DENND2D;EPB41;IDH1;IFT172;KCNN4;MAP2K3;ME2;MUC3A;NCF1;PATJ;PHB2;PIP4K2A;PLS1;PNKP;PPID;PPP1R18;PSMC3;PTPN7;SEPT1;SUPT5H;TMC6;TRAF4;USP3;WASL;ZNF131	-0.0150905106363159	0.0238095238095238	0.994454276668356	NA	NA	NA	NA	4	72	simulation_replicate	empirical null draw; no per-module interval	NA	NA	NA	NA	NA	NA	NA	NA	NA	NA	NA	NA	NA	NA	NA	NA	NA	NA	NA	NA	NA	NA	NA	NA	NA	NA	NA	NA
null_modules	results/stage10d_tech/STAGE10D_TECH_NULL_MODULE_RESULTS.tsv	776c43d27d133f5dfdbda19e2c071a2a95942d9a403a3e87ae0a43ef3f995826	NULL_MATCHED_M30_0557	30	ABI1;AFTPH;ANKRD49;CCDC88B;CHD7;COX19;CYHR1;DDR1;EBP;EPS8L2;FAM207A;GALM;GFPT1;IFT172;KMT5B;LSP1;MAP2K3;NCF1;NUDT16L1;PATJ;PNKP;PPP1R18;RPP25L;SLMAP;TBC1D10C;TMC6;UBALD2;VPS13C;WIPF1;YDJC	-0.087995491674759	-0.0833333333333333	1.05138664453623	NA	NA	NA	NA	4	72	simulation_replicate	empirical null draw; no per-module interval	NA	NA	NA	NA	NA	NA	NA	NA	NA	NA	NA	NA	NA	NA	NA	NA	NA	NA	NA	NA	NA	NA	NA	NA	NA	NA	NA	NA
null_modules	results/stage10d_tech/STAGE10D_TECH_NULL_MODULE_RESULTS.tsv	776c43d27d133f5dfdbda19e2c071a2a95942d9a403a3e87ae0a43ef3f995826	NULL_MATCHED_M30_0558	30	ANKRD44;ANKRD49;ATF7IP;BCAP29;CASP7;CHD7;CLEC2D;DOCK8;FAM3C;KMT5B;LDLRAD4;MAP7;ME2;MLLT6;NDUFAF2;NSD1;NUDT16L1;PATJ;PPP1R18;RTCA;RTN3;SEPT1;SLMAP;SPEN;SPINT1-AS1;STRBP;SUPT5H;UBN1;WIPF1;ZNF131	-0.024354871136261	0.0238095238095238	1.00375261909237	NA	NA	NA	NA	4	72	simulation_replicate	empirical null draw; no per-module interval	NA	NA	NA	NA	NA	NA	NA	NA	NA	NA	NA	NA	NA	NA	NA	NA	NA	NA	NA	NA	NA	NA	NA	NA	NA	NA	NA	NA
null_modules	results/stage10d_tech/STAGE10D_TECH_NULL_MODULE_RESULTS.tsv	776c43d27d133f5dfdbda19e2c071a2a95942d9a403a3e87ae0a43ef3f995826	NULL_MATCHED_M30_0559	30	ANKRD49;ATF7IP;BICDL2;CCSER2;CD2;COX17;DOCK8;GALNT3;GALNT7;GTF2E2;HNRNPL;IFT172;KMT5B;LYN;MAL2;MAP2K1;MSH3;MUC3A;NCF1;NGLY1;PCGF5;PSMB8-AS1;PTPN7;SPEN;SPINT1-AS1;SYTL2;TBC1D10C;TNRC6B;VGLL4;WIPF1	-0.0293916381117502	0	1.03519989842551	NA	NA	NA	NA	4	72	simulation_replicate	empirical null draw; no per-module interval	NA	NA	NA	NA	NA	NA	NA	NA	NA	NA	NA	NA	NA	NA	NA	NA	NA	NA	NA	NA	NA	NA	NA	NA	NA	NA	NA	NA
null_modules	results/stage10d_tech/STAGE10D_TECH_NULL_MODULE_RESULTS.tsv	776c43d27d133f5dfdbda19e2c071a2a95942d9a403a3e87ae0a43ef3f995826	NULL_MATCHED_M30_0560	30	AFTPH;ANKRD49;COX19;CRBN;CSK;DUS1L;EPB41;EZR;FBP1;GALNT7;GRK6;GSKIP;HNRNPL;IKZF1;KCNN4;KMT5B;LDLRAD4;LYPLA2;MAP2K1;MDH1;MRPL16;PATJ;PPID;PPP1R18;PSMB8-AS1;SPINT1-AS1;TBC1D10C;TRAF4;UBN1;ZNF131	0.0107352244115598	-0.0238095238095238	1.01717833267113	NA	NA	NA	NA	4	72	simulation_replicate	empirical null draw; no per-module interval	NA	NA	NA	NA	NA	NA	NA	NA	NA	NA	NA	NA	NA	NA	NA	NA	NA	NA	NA	NA	NA	NA	NA	NA	NA	NA	NA	NA
null_modules	results/stage10d_tech/STAGE10D_TECH_NULL_MODULE_RESULTS.tsv	776c43d27d133f5dfdbda19e2c071a2a95942d9a403a3e87ae0a43ef3f995826	NULL_MATCHED_M30_0561	30	ABI1;BICDL2;CCDC88B;CHD7;CYHR1;DUS1L;ENOPH1;EPB41;EPS8L2;FAM207A;FBXW5;HNRNPL;LPP;MAP2K1;MAP7;ME2;MSH3;MUC3A;NUDT16L1;PATJ;PPP4C;PSMB8-AS1;PTPN7;RTCA;SPOP;STARD3NL;SUPT5H;TRAF4;UBN1;WASL	-0.0262797147790542	0	0.978461005585304	NA	NA	NA	NA	4	72	simulation_replicate	empirical null draw; no per-module interval	NA	NA	NA	NA	NA	NA	NA	NA	NA	NA	NA	NA	NA	NA	NA	NA	NA	NA	NA	NA	NA	NA	NA	NA	NA	NA	NA	NA
null_modules	results/stage10d_tech/STAGE10D_TECH_NULL_MODULE_RESULTS.tsv	776c43d27d133f5dfdbda19e2c071a2a95942d9a403a3e87ae0a43ef3f995826	NULL_MATCHED_M30_0562	30	ABHD17A;ANKRD49;ARHGAP45;ATF7IP;CAB39;CCDC88B;CXXC5;DENND2D;EPS8L2;ERP44;FKBP3;GALNT3;GOPC;GRK6;GTF2E2;IKZF1;LCK;MAP2K1;ME2;MRPS23;MUC3A;PATJ;PCGF5;PNKP;STARD3NL;SUPT5H;TBC1D10C;TRAF3IP3;WIPF1;YDJC	0.0122989629593253	-0.0357142857142857	1.00448052346459	NA	NA	NA	NA	4	72	simulation_replicate	empirical null draw; no per-module interval	NA	NA	NA	NA	NA	NA	NA	NA	NA	NA	NA	NA	NA	NA	NA	NA	NA	NA	NA	NA	NA	NA	NA	NA	NA	NA	NA	NA
null_modules	results/stage10d_tech/STAGE10D_TECH_NULL_MODULE_RESULTS.tsv	776c43d27d133f5dfdbda19e2c071a2a95942d9a403a3e87ae0a43ef3f995826	NULL_MATCHED_M30_0563	30	AFTPH;ANKRD44;ANKRD49;ARL2BP;C1orf56;CASP7;CD3G;DOCK8;EPS8L2;GNPAT;GTF2E2;HCLS1;IKZF1;KMT5B;LDLRAD4;MAP2K3;MAP7;NAPRT;PIP4K2A;PNKP;PSMA5;PSMC3;SEPT1;SETD2;SMIM12;STARD3NL;STRBP;SYTL2;TRAF3IP3;ZNF131	0.00605972660486356	0.0476190476190476	0.995601168758858	NA	NA	NA	NA	4	72	simulation_replicate	empirical null draw; no per-module interval	NA	NA	NA	NA	NA	NA	NA	NA	NA	NA	NA	NA	NA	NA	NA	NA	NA	NA	NA	NA	NA	NA	NA	NA	NA	NA	NA	NA
null_modules	results/stage10d_tech/STAGE10D_TECH_NULL_MODULE_RESULTS.tsv	776c43d27d133f5dfdbda19e2c071a2a95942d9a403a3e87ae0a43ef3f995826	NULL_MATCHED_M30_0564	30	ACADS;ASF1A;CASP7;CHD7;COPA;CYHR1;DCAF11;DDR1;DUS1L;ENOPH1;EPS8L2;FASTK;HNRNPL;IFT172;KMT5B;LYPLA2;MAP2K3;MTIF3;NCF1;PCGF5;PPID;PTPN4;RAB5C;SPEN;SPINT1-AS1;SUPT5H;TBC1D10C;TWF1;UBN1;ZNF131	0.0115183226213256	0.0357142857142857	0.986731883931285	NA	NA	NA	NA	4	72	simulation_replicate	empirical null draw; no per-module interval	NA	NA	NA	NA	NA	NA	NA	NA	NA	NA	NA	NA	NA	NA	NA	NA	NA	NA	NA	NA	NA	NA	NA	NA	NA	NA	NA	NA
null_modules	results/stage10d_tech/STAGE10D_TECH_NULL_MODULE_RESULTS.tsv	776c43d27d133f5dfdbda19e2c071a2a95942d9a403a3e87ae0a43ef3f995826	NULL_MATCHED_M30_0565	30	BICDL2;CASP7;COX19;CSK;DCAF11;DUS1L;FAM207A;GALNT3;GIPC1;HCLS1;IFT172;IKZF1;LYN;MAP7;ME2;MRPS11;MSH3;NSFL1C;NUCB2;PSMB8-AS1;QSOX1;RPP25L;SEPT1;STRBP;TNPO1;TRAF3IP3;USP3;WIPF1;YDJC;ZNF131	0.0617602280537457	0.0476190476190476	0.994456174816613	NA	NA	NA	NA	4	72	simulation_replicate	empirical null draw; no per-module interval	NA	NA	NA	NA	NA	NA	NA	NA	NA	NA	NA	NA	NA	NA	NA	NA	NA	NA	NA	NA	NA	NA	NA	NA	NA	NA	NA	NA
null_modules	results/stage10d_tech/STAGE10D_TECH_NULL_MODULE_RESULTS.tsv	776c43d27d133f5dfdbda19e2c071a2a95942d9a403a3e87ae0a43ef3f995826	NULL_MATCHED_M30_0566	30	ALDH9A1;ARHGAP45;CD7;CHD7;DENR;DUS1L;ENOPH1;EPS8L2;GRK6;HNRNPL;KCNN4;LDLRAD4;LYN;LYPLA2;MAP2K3;MAP3K2;MAP7;NUDT16L1;PCGF5;PTPN7;RTN3;SETD2;SIRT7;SLC39A7;STRBP;TRAF3IP3;UBE2H;UBN1;YDJC;ZNF131	0.0556048204095165	0.0595238095238095	1.01130383773744	NA	NA	NA	NA	4	72	simulation_replicate	empirical null draw; no per-module interval	NA	NA	NA	NA	NA	NA	NA	NA	NA	NA	NA	NA	NA	NA	NA	NA	NA	NA	NA	NA	NA	NA	NA	NA	NA	NA	NA	NA
null_modules	results/stage10d_tech/STAGE10D_TECH_NULL_MODULE_RESULTS.tsv	776c43d27d133f5dfdbda19e2c071a2a95942d9a403a3e87ae0a43ef3f995826	NULL_MATCHED_M30_0567	30	ALKBH5;ATF7IP;BLVRB;CCDC88B;CCT4;CHD7;CSK;DCAF11;DIAPH1;EPS8L2;FAM207A;FASTK;GNPAT;IFT172;LYN;MAP2K3;MLLT6;MRPL16;NGLY1;PATJ;PNKP;PPP1R18;PTPN4;SEPT1;SIRT7;SPEN;TMC6;TRAF3IP3;USP3;WBP11	-0.0700614404958877	-0.0714285714285714	1.04618637195273	NA	NA	NA	NA	4	72	simulation_replicate	empirical null draw; no per-module interval	NA	NA	NA	NA	NA	NA	NA	NA	NA	NA	NA	NA	NA	NA	NA	NA	NA	NA	NA	NA	NA	NA	NA	NA	NA	NA	NA	NA
null_modules	results/stage10d_tech/STAGE10D_TECH_NULL_MODULE_RESULTS.tsv	776c43d27d133f5dfdbda19e2c071a2a95942d9a403a3e87ae0a43ef3f995826	NULL_MATCHED_M30_0568	30	ABCC3;AFTPH;ANKRD44;BICDL2;CCDC88B;DCAF11;DDR1;EPS8L2;FAM207A;GALM;GALNT3;HCLS1;IVNS1ABP;MAP7;ME2;MUC3A;NGLY1;NR4A2;NUDT16L1;PLS1;PPP1R18;PPP2R1A;PRSS3;SEPT1;SIRT7;SPINT1-AS1;STARD3NL;TRAF4;TRIM38;USP3	-0.0505455805910004	-0.0238095238095238	1.02021668747614	NA	NA	NA	NA	4	72	simulation_replicate	empirical null draw; no per-module interval	NA	NA	NA	NA	NA	NA	NA	NA	NA	NA	NA	NA	NA	NA	NA	NA	NA	NA	NA	NA	NA	NA	NA	NA	NA	NA	NA	NA
null_modules	results/stage10d_tech/STAGE10D_TECH_NULL_MODULE_RESULTS.tsv	776c43d27d133f5dfdbda19e2c071a2a95942d9a403a3e87ae0a43ef3f995826	NULL_MATCHED_M30_0569	30	ANKRD44;ANKRD49;ATF7IP;CAB39;CHD7;CLIP1;COX19;DDR1;GNPAT;GRK6;IFT172;ISG20;KCNN4;LDLRAD4;LYN;MAP2K3;MLLT6;MRPS11;MUC3A;NDUFAF3;NUDT16L1;PNKP;PPP1R18;PTPN4;PTPN7;SLC39A7;SYTL2;TRIP12;TSTA3;WIPF1	-0.0587145863363562	-0.0476190476190476	1.02201796196216	NA	NA	NA	NA	4	72	simulation_replicate	empirical null draw; no per-module interval	NA	NA	NA	NA	NA	NA	NA	NA	NA	NA	NA	NA	NA	NA	NA	NA	NA	NA	NA	NA	NA	NA	NA	NA	NA	NA	NA	NA
null_modules	results/stage10d_tech/STAGE10D_TECH_NULL_MODULE_RESULTS.tsv	776c43d27d133f5dfdbda19e2c071a2a95942d9a403a3e87ae0a43ef3f995826	NULL_MATCHED_M30_0570	30	ADAR;BICDL2;BIRC2;CCDC88B;CEBPZOS;CHD7;CSK;DOCK8;FAM207A;GALNT3;HNRNPL;IFT172;LSM8;MAP2K3;MAP7;MSH3;MUC3A;NCF1;PLS1;PNKP;PPID;PTPN4;SPEN;STARD3NL;TMEM167A;TRAF3IP3;UBN1;WASL;YDJC;ZNF131	-0.00105265580418104	0	0.987495703298688	NA	NA	NA	NA	4	72	simulation_replicate	empirical null draw; no per-module interval	NA	NA	NA	NA	NA	NA	NA	NA	NA	NA	NA	NA	NA	NA	NA	NA	NA	NA	NA	NA	NA	NA	NA	NA	NA	NA	NA	NA
null_modules	results/stage10d_tech/STAGE10D_TECH_NULL_MODULE_RESULTS.tsv	776c43d27d133f5dfdbda19e2c071a2a95942d9a403a3e87ae0a43ef3f995826	NULL_MATCHED_M30_0571	30	ANKRD44;ARPP19;CCDC88B;CHD7;COPA;DDR1;DUS1L;FBP1;GALM;GRK6;GTF2E2;IFT172;IKZF1;KCNN4;KMT5B;LYPLA2;MAN1A2;NORAD;NUDT16L1;PIP4K2A;PNKP;PPID;PPP1R18;PPP2R1A;PSMB8-AS1;PTPN4;SLMAP;SUPT5H;USP3;ZNF131	-0.0192893767047071	0.0357142857142857	1.00754481708195	NA	NA	NA	NA	4	72	simulation_replicate	empirical null draw; no per-module interval	NA	NA	NA	NA	NA	NA	NA	NA	NA	NA	NA	NA	NA	NA	NA	NA	NA	NA	NA	NA	NA	NA	NA	NA	NA	NA	NA	NA
null_modules	results/stage10d_tech/STAGE10D_TECH_NULL_MODULE_RESULTS.tsv	776c43d27d133f5dfdbda19e2c071a2a95942d9a403a3e87ae0a43ef3f995826	NULL_MATCHED_M30_0572	30	ARHGAP45;CASP7;CCDC88B;CD3D;CTDNEP1;DUS1L;ENOPH1;EPS8L2;GALM;HNRNPL;IFT172;IKZF1;KMT5B;LIPH;MAP2K1;MAP2K3;ME2;MLLT6;NOSIP;NUDT16L1;PCGF5;PSMB8-AS1;RBPJ;RNPEPL1;SETD2;SPINT1-AS1;STARD3NL;TRAF3IP3;TRIP12;USP47	-0.0198899854634022	-0.0238095238095238	1.05055625004643	NA	NA	NA	NA	4	72	simulation_replicate	empirical null draw; no per-module interval	NA	NA	NA	NA	NA	NA	NA	NA	NA	NA	NA	NA	NA	NA	NA	NA	NA	NA	NA	NA	NA	NA	NA	NA	NA	NA	NA	NA
null_modules	results/stage10d_tech/STAGE10D_TECH_NULL_MODULE_RESULTS.tsv	776c43d27d133f5dfdbda19e2c071a2a95942d9a403a3e87ae0a43ef3f995826	NULL_MATCHED_M30_0573	30	ANKRD49;ATF7IP;ATP6AP2;CAB39;CASP7;CSK;DCAF11;EPS8L2;FAM207A;GALM;GALNT3;GRK6;HDHD3;KMT5B;LDLRAD4;MAN1A2;MAP2K1;MAP7;ME2;NR4A2;PSMB8-AS1;RBPJ;RTCA;SEC22B;SIRT7;SLMAP;SUPT5H;TBC1D10C;TRAF4;ZNF131	0.000792260086037026	-0.0119047619047619	1.00436019821154	NA	NA	NA	NA	4	72	simulation_replicate	empirical null draw; no per-module interval	NA	NA	NA	NA	NA	NA	NA	NA	NA	NA	NA	NA	NA	NA	NA	NA	NA	NA	NA	NA	NA	NA	NA	NA	NA	NA	NA	NA
null_modules	results/stage10d_tech/STAGE10D_TECH_NULL_MODULE_RESULTS.tsv	776c43d27d133f5dfdbda19e2c071a2a95942d9a403a3e87ae0a43ef3f995826	NULL_MATCHED_M30_0574	30	AFTPH;ARHGAP45;BICDL2;CENPV;COX19;CSK;CYHR1;DCAF11;DENND2D;DPY30;ENOPH1;EPB41;EPS8L2;GNPAT;KMT5B;ME2;MSH3;PATJ;PIP4K2A;PPID;PTPN4;PTPN7;RBM26;SBNO1;SIRT7;SLC39A4;SPEN;SYTL2;TMEM106C;WIPF1	0.021112071493032	0	0.993576287239055	NA	NA	NA	NA	4	72	simulation_replicate	empirical null draw; no per-module interval	NA	NA	NA	NA	NA	NA	NA	NA	NA	NA	NA	NA	NA	NA	NA	NA	NA	NA	NA	NA	NA	NA	NA	NA	NA	NA	NA	NA
null_modules	results/stage10d_tech/STAGE10D_TECH_NULL_MODULE_RESULTS.tsv	776c43d27d133f5dfdbda19e2c071a2a95942d9a403a3e87ae0a43ef3f995826	NULL_MATCHED_M30_0575	30	AGPAT2;CHD7;COX19;CSK;DCAF11;DDR1;EPS8L2;GALNT7;GNPAT;GTF2E2;HNRNPL;KCNN4;LYPLA2;MAP7;MLLT6;MRPL52;MSH3;MUC3A;MYH14;NSD1;PCGF5;RTCA;SETD2;SLMAP;SYTL2;TIMMDC1;TMC6;TRIP12;WIPF1;YY1	-0.0336452243534387	-0.0595238095238095	1.00330812575898	NA	NA	NA	NA	4	72	simulation_replicate	empirical null draw; no per-module interval	NA	NA	NA	NA	NA	NA	NA	NA	NA	NA	NA	NA	NA	NA	NA	NA	NA	NA	NA	NA	NA	NA	NA	NA	NA	NA	NA	NA
null_modules	results/stage10d_tech/STAGE10D_TECH_NULL_MODULE_RESULTS.tsv	776c43d27d133f5dfdbda19e2c071a2a95942d9a403a3e87ae0a43ef3f995826	NULL_MATCHED_M30_0576	30	AFTPH;ARHGAP45;ASF1A;ATF7IP;BLVRB;CAB39;CASP7;DCAF11;EPS8L2;FAM207A;GALM;GALNT3;GALNT7;GTF2E2;HCLS1;IDH1;IMMT;ITFG1;LYN;ME2;MLLT6;MSH3;MUC3A;NORAD;RTCA;SEPT1;SIRT7;STRBP;USH1C;YDJC	-0.0301884665356172	-0.0119047619047619	1.01875285793406	NA	NA	NA	NA	4	72	simulation_replicate	empirical null draw; no per-module interval	NA	NA	NA	NA	NA	NA	NA	NA	NA	NA	NA	NA	NA	NA	NA	NA	NA	NA	NA	NA	NA	NA	NA	NA	NA	NA	NA	NA
null_modules	results/stage10d_tech/STAGE10D_TECH_NULL_MODULE_RESULTS.tsv	776c43d27d133f5dfdbda19e2c071a2a95942d9a403a3e87ae0a43ef3f995826	NULL_MATCHED_M30_0577	30	AFTPH;CASP7;CSK;DOCK8;ENOPH1;EPB41;EPS8L2;FASTK;GNPAT;GRK6;GYPC;INTS6;KCNN4;LDLRAD4;MAP2K3;MLLT6;MSH3;NCF1;NGLY1;NKG7;PAFAH1B2;PIP4K2A;PLAC8;PPP1R18;PTPN4;SEPT1;SYTL2;TRAF4;UBN1;ZNF131	0.0465697359009599	0.0238095238095238	1.01147436557892	NA	NA	NA	NA	4	72	simulation_replicate	empirical null draw; no per-module interval	NA	NA	NA	NA	NA	NA	NA	NA	NA	NA	NA	NA	NA	NA	NA	NA	NA	NA	NA	NA	NA	NA	NA	NA	NA	NA	NA	NA
null_modules	results/stage10d_tech/STAGE10D_TECH_NULL_MODULE_RESULTS.tsv	776c43d27d133f5dfdbda19e2c071a2a95942d9a403a3e87ae0a43ef3f995826	NULL_MATCHED_M30_0578	30	ANKRD44;ARHGAP45;COX19;ENOPH1;EPB41;EPS8L2;EXOSC8;GALM;GNAI2;GRK6;IKZF1;MAP2K1;MAP2K3;MUC3A;NGLY1;PIP4K2A;PPID;PPP1R18;PRSS3;PSMC3;SDC4;SPEN;SPINT1-AS1;STARD3NL;STRBP;SUPT5H;TRAF3IP3;TRAF4;USP3;ZMYND8	-0.0483726352671298	-0.0357142857142857	1.04363397981859	NA	NA	NA	NA	4	72	simulation_replicate	empirical null draw; no per-module interval	NA	NA	NA	NA	NA	NA	NA	NA	NA	NA	NA	NA	NA	NA	NA	NA	NA	NA	NA	NA	NA	NA	NA	NA	NA	NA	NA	NA
null_modules	results/stage10d_tech/STAGE10D_TECH_NULL_MODULE_RESULTS.tsv	776c43d27d133f5dfdbda19e2c071a2a95942d9a403a3e87ae0a43ef3f995826	NULL_MATCHED_M30_0579	30	ACAP1;C6orf62;CCDC88B;COX19;DCAF11;DDR1;DENND2D;EPB41;GALNT3;GALNT7;GTF2E2;KCNN4;LYN;MAP2K3;MSH3;NUBP2;PCGF5;PHB2;PLS1;PPIE;PSMC5;RPP25L;SEPT1;SLC39A7;SPEN;STRBP;UBN1;USP3;WIPF1;ZNF131	-0.0893763224144155	-0.0595238095238095	1.04533431607062	NA	NA	NA	NA	4	72	simulation_replicate	empirical null draw; no per-module interval	NA	NA	NA	NA	NA	NA	NA	NA	NA	NA	NA	NA	NA	NA	NA	NA	NA	NA	NA	NA	NA	NA	NA	NA	NA	NA	NA	NA
null_modules	results/stage10d_tech/STAGE10D_TECH_NULL_MODULE_RESULTS.tsv	776c43d27d133f5dfdbda19e2c071a2a95942d9a403a3e87ae0a43ef3f995826	NULL_MATCHED_M30_0580	30	ASF1A;CAB39;CCDC88B;COMT;COX19;CYHR1;DOCK8;EIF4A3;ENOPH1;GALM;GOLM1;IFT172;IKZF1;MAP7;ME2;MLLT6;MRPL48;MSH3;MUC3A;NGLY1;PCGF5;PLS1;PPP1R18;PPP4R3B;PTPN6;SYTL2;TMC6;TRAF3IP3;TRAF4;WIPF1	-0.0156353198841732	0.0714285714285714	1.04644708092455	NA	NA	NA	NA	4	72	simulation_replicate	empirical null draw; no per-module interval	NA	NA	NA	NA	NA	NA	NA	NA	NA	NA	NA	NA	NA	NA	NA	NA	NA	NA	NA	NA	NA	NA	NA	NA	NA	NA	NA	NA
null_modules	results/stage10d_tech/STAGE10D_TECH_NULL_MODULE_RESULTS.tsv	776c43d27d133f5dfdbda19e2c071a2a95942d9a403a3e87ae0a43ef3f995826	NULL_MATCHED_M30_0581	30	AFTPH;ANKRD49;CASP7;CD48;CYHR1;DCAF11;DDR1;DOCK8;DYNC1H1;EPB41;GALM;GNPAT;IDH1;KMT5B;LDLRAD4;MAP7;MLLT6;NEDD9;NGLY1;PATJ;PCGF5;PLS1;RTCA;SEPT1;SPINT1-AS1;STRBP;TCEAL9;TRIP12;UBXN6;YDJC	0.0896508159402021	0.0119047619047619	0.97831288920903	NA	NA	NA	NA	4	72	simulation_replicate	empirical null draw; no per-module interval	NA	NA	NA	NA	NA	NA	NA	NA	NA	NA	NA	NA	NA	NA	NA	NA	NA	NA	NA	NA	NA	NA	NA	NA	NA	NA	NA	NA
null_modules	results/stage10d_tech/STAGE10D_TECH_NULL_MODULE_RESULTS.tsv	776c43d27d133f5dfdbda19e2c071a2a95942d9a403a3e87ae0a43ef3f995826	NULL_MATCHED_M30_0582	30	ACP1;ANKRD44;ASF1A;BICDL2;CHD7;DDR1;DOCK8;EBPL;ENOPH1;GALM;GALNT3;GALNT7;GRK6;MAP7;MRPL48;NCF1;NUDT16L1;PATJ;PPID;PTPN7;SETD2;SLMAP;SUPT5H;TBC1D10C;TCEA3;TMEM33;TNPO1;TRIP12;UBN1;WIPF1	0.0694931028473435	0.0833333333333333	0.981119715128432	NA	NA	NA	NA	4	72	simulation_replicate	empirical null draw; no per-module interval	NA	NA	NA	NA	NA	NA	NA	NA	NA	NA	NA	NA	NA	NA	NA	NA	NA	NA	NA	NA	NA	NA	NA	NA	NA	NA	NA	NA
null_modules	results/stage10d_tech/STAGE10D_TECH_NULL_MODULE_RESULTS.tsv	776c43d27d133f5dfdbda19e2c071a2a95942d9a403a3e87ae0a43ef3f995826	NULL_MATCHED_M30_0583	30	ATF7IP;CARHSP1;CASP7;CHD7;CLPTM1L;CSK;DDR1;FERMT1;GALNT3;GRK6;HSPA9;KMT5B;LYPLA2;MAP2K1;ME2;MRPS23;MSH3;PIP4K2A;PLS1;PNKP;RTCA;STRBP;SUPT5H;TBC1D10C;TFDP1;TMC6;TRAF4;UBN1;WIPF1;ZCCHC10	0.00654581537254241	0	1.00798960409105	NA	NA	NA	NA	4	72	simulation_replicate	empirical null draw; no per-module interval	NA	NA	NA	NA	NA	NA	NA	NA	NA	NA	NA	NA	NA	NA	NA	NA	NA	NA	NA	NA	NA	NA	NA	NA	NA	NA	NA	NA
null_modules	results/stage10d_tech/STAGE10D_TECH_NULL_MODULE_RESULTS.tsv	776c43d27d133f5dfdbda19e2c071a2a95942d9a403a3e87ae0a43ef3f995826	NULL_MATCHED_M30_0584	30	BICDL2;CASP7;CHD7;CSK;DCAF11;DDX39A;DENND2D;DOCK8;DUS1L;ENOPH1;GNPAT;HSPA9;KMT5B;LDLRAD4;LONP2;MAP2K1;ME2;MLLT6;MRPS26;PATJ;PCGF5;PSMB8-AS1;RPP25L;RTCA;SDF4;STARD3NL;TMEM63A;TRIP12;YDJC;ZNF131	0.0102473174954513	0.0119047619047619	0.982941118302849	NA	NA	NA	NA	4	72	simulation_replicate	empirical null draw; no per-module interval	NA	NA	NA	NA	NA	NA	NA	NA	NA	NA	NA	NA	NA	NA	NA	NA	NA	NA	NA	NA	NA	NA	NA	NA	NA	NA	NA	NA
null_modules	results/stage10d_tech/STAGE10D_TECH_NULL_MODULE_RESULTS.tsv	776c43d27d133f5dfdbda19e2c071a2a95942d9a403a3e87ae0a43ef3f995826	NULL_MATCHED_M30_0585	30	AFTPH;ANKRD44;ARHGAP45;DENND2D;DUS1L;EPS8L2;EXOSC8;EZR;GALNT7;GNPAT;GSKIP;HCLS1;IKZF1;LDLRAD4;ME2;MUC3A;NCF1;NUCB2;NUDT16L1;PATJ;PON2;RTCA;SDC1;SETD2;SPINT1-AS1;STRBP;SYTL2;TBC1D10C;TRAF3IP3;YDJC	0.0378072957400182	0	1.01674844410078	NA	NA	NA	NA	4	72	simulation_replicate	empirical null draw; no per-module interval	NA	NA	NA	NA	NA	NA	NA	NA	NA	NA	NA	NA	NA	NA	NA	NA	NA	NA	NA	NA	NA	NA	NA	NA	NA	NA	NA	NA
null_modules	results/stage10d_tech/STAGE10D_TECH_NULL_MODULE_RESULTS.tsv	776c43d27d133f5dfdbda19e2c071a2a95942d9a403a3e87ae0a43ef3f995826	NULL_MATCHED_M30_0586	30	AFTPH;ANKRD44;ARHGAP45;COX19;CTDNEP1;DUS1L;ENOPH1;FAM207A;GNPAT;GRK6;GTF2E2;IKZF1;LUC7L2;LYN;MAP2K3;MDH1;ME2;MUC3A;PLS1;PNKD;PNKP;PSMB8-AS1;SEPT1;SPEN;SPINT1-AS1;TMC6;TRIP12;TRPM4;UBN1;VSIG2	-0.0603982002477005	-0.0476190476190476	1.03739729596141	NA	NA	NA	NA	4	72	simulation_replicate	empirical null draw; no per-module interval	NA	NA	NA	NA	NA	NA	NA	NA	NA	NA	NA	NA	NA	NA	NA	NA	NA	NA	NA	NA	NA	NA	NA	NA	NA	NA	NA	NA
null_modules	results/stage10d_tech/STAGE10D_TECH_NULL_MODULE_RESULTS.tsv	776c43d27d133f5dfdbda19e2c071a2a95942d9a403a3e87ae0a43ef3f995826	NULL_MATCHED_M30_0587	30	AFTPH;COX19;DDB1;DENND2D;DOCK8;EZR;HCLS1;HNRNPL;KRTCAP3;LYPLA2;MSH3;NCF1;NUDT16L1;PHB2;PIP4K2A;PLS1;PSMB8-AS1;PTPN4;PTPN7;PXMP2;SETD2;SLMAP;SUPT5H;TMC6;TMEM63A;TRAF3IP3;TRIP12;UBN1;USP3;ZNF131	-0.00380436402856235	0.0119047619047619	1.03363029425386	NA	NA	NA	NA	4	72	simulation_replicate	empirical null draw; no per-module interval	NA	NA	NA	NA	NA	NA	NA	NA	NA	NA	NA	NA	NA	NA	NA	NA	NA	NA	NA	NA	NA	NA	NA	NA	NA	NA	NA	NA
null_modules	results/stage10d_tech/STAGE10D_TECH_NULL_MODULE_RESULTS.tsv	776c43d27d133f5dfdbda19e2c071a2a95942d9a403a3e87ae0a43ef3f995826	NULL_MATCHED_M30_0588	30	AFTPH;CAB39;CASP7;EPB41;GALM;GALNT7;GTF2E2;IFI27L2;KCNN4;KMT5B;LDLRAD4;ME2;MGAT4B;MUC3A;NCF1;NGLY1;PCGF5;PPIL4;PSMC2;SEC22B;SETD2;SF3B1;SIRT7;SPEN;STARD3NL;TBC1D10C;TMC6;TRAF4;UBN1;WIPF1	-0.102521674546873	-0.119047619047619	1.0498324652536	NA	NA	NA	NA	4	72	simulation_replicate	empirical null draw; no per-module interval	NA	NA	NA	NA	NA	NA	NA	NA	NA	NA	NA	NA	NA	NA	NA	NA	NA	NA	NA	NA	NA	NA	NA	NA	NA	NA	NA	NA
null_modules	results/stage10d_tech/STAGE10D_TECH_NULL_MODULE_RESULTS.tsv	776c43d27d133f5dfdbda19e2c071a2a95942d9a403a3e87ae0a43ef3f995826	NULL_MATCHED_M30_0589	30	AFTPH;ANKRD49;CSK;DDR1;DUS1L;FAM207A;GALNT7;GNPAT;GRK6;HNRNPA1P48;KCNN4;KRTCAP3;LDLRAD4;LYN;LYPLA2;MLLT6;NGLY1;PATJ;PSMB8-AS1;PTPN4;QSOX1;SETD2;SPEN;SRPK2;SYTL2;TBC1D10C;TIMMDC1;TRAF4;UBE2B;ZNF131	0.024167129690259	0.0476190476190476	1.01898743549087	NA	NA	NA	NA	4	72	simulation_replicate	empirical null draw; no per-module interval	NA	NA	NA	NA	NA	NA	NA	NA	NA	NA	NA	NA	NA	NA	NA	NA	NA	NA	NA	NA	NA	NA	NA	NA	NA	NA	NA	NA
null_modules	results/stage10d_tech/STAGE10D_TECH_NULL_MODULE_RESULTS.tsv	776c43d27d133f5dfdbda19e2c071a2a95942d9a403a3e87ae0a43ef3f995826	NULL_MATCHED_M30_0590	30	AAK1;ANKRD49;ARHGAP45;BICDL2;CASP7;CENPV;CEP57;DDR1;DPY30;DUS1L;EIF4E2;ENOPH1;EPB41;EPS8L2;EXOSC1;GNPAT;HCLS1;IFT172;KCNN4;MAP2K3;ME2;MUC12;NGLY1;PATJ;PSMB8-AS1;PTPN4;SETD2;SIRT7;SPINT1-AS1;SYTL2	-0.000227050519796253	0.0476190476190476	1.02179578469311	NA	NA	NA	NA	4	72	simulation_replicate	empirical null draw; no per-module interval	NA	NA	NA	NA	NA	NA	NA	NA	NA	NA	NA	NA	NA	NA	NA	NA	NA	NA	NA	NA	NA	NA	NA	NA	NA	NA	NA	NA
null_modules	results/stage10d_tech/STAGE10D_TECH_NULL_MODULE_RESULTS.tsv	776c43d27d133f5dfdbda19e2c071a2a95942d9a403a3e87ae0a43ef3f995826	NULL_MATCHED_M30_0591	30	ANKRD44;ARHGAP45;AUP1;BICDL2;CARHSP1;CASP7;CCDC88B;CHD7;CLSTN1;DENND2D;DUS1L;ENOPH1;EPB41;EPS8L2;GALM;GNPAT;IKZF1;LIPH;MAP2K1;MSH3;NSFL1C;NUDT16L1;PCGF5;POLR2H;SEPT1;SLMAP;SPEN;TRAF4;TSPAN15;ZNF131	0.0260074383797816	-0.0952380952380953	1.01352447144784	NA	NA	NA	NA	4	72	simulation_replicate	empirical null draw; no per-module interval	NA	NA	NA	NA	NA	NA	NA	NA	NA	NA	NA	NA	NA	NA	NA	NA	NA	NA	NA	NA	NA	NA	NA	NA	NA	NA	NA	NA
null_modules	results/stage10d_tech/STAGE10D_TECH_NULL_MODULE_RESULTS.tsv	776c43d27d133f5dfdbda19e2c071a2a95942d9a403a3e87ae0a43ef3f995826	NULL_MATCHED_M30_0592	30	ANKRD49;BOLA3;CSNK1D;DCAF11;DDR1;EBP;ENOPH1;EPB41;GALM;GTF2E2;MAP2K1;MAP2K3;MLLT6;MTIF3;MYO10;PAICS;PATJ;PPID;PSMB8-AS1;RPP25L;RSU1;SETD2;STARD3NL;STRBP;TBC1D10C;TMC6;TRAF3IP3;TRIP12;YDJC;ZNF131	-0.0169235932135606	-0.0476190476190476	1.00458524199959	NA	NA	NA	NA	4	72	simulation_replicate	empirical null draw; no per-module interval	NA	NA	NA	NA	NA	NA	NA	NA	NA	NA	NA	NA	NA	NA	NA	NA	NA	NA	NA	NA	NA	NA	NA	NA	NA	NA	NA	NA
null_modules	results/stage10d_tech/STAGE10D_TECH_NULL_MODULE_RESULTS.tsv	776c43d27d133f5dfdbda19e2c071a2a95942d9a403a3e87ae0a43ef3f995826	NULL_MATCHED_M30_0593	30	ARHGAP45;CSK;CYHR1;DOCK8;DUS1L;EPB41;FAM207A;GALNT3;GNPTAB;HMG20B;HNRNPH3;HNRNPL;LYPLA2;MAP2K1;MAP7;MGAT4B;MSH3;NUDT16L1;PATJ;PDZK1IP1;PNKP;PPIE;RPP25L;SETD2;SLMAP;TRAF3IP3;TRIP12;UFM1;WIPF1;ZNF131	0.0710297626635379	0.0714285714285714	0.975371726153972	NA	NA	NA	NA	4	72	simulation_replicate	empirical null draw; no per-module interval	NA	NA	NA	NA	NA	NA	NA	NA	NA	NA	NA	NA	NA	NA	NA	NA	NA	NA	NA	NA	NA	NA	NA	NA	NA	NA	NA	NA
null_modules	results/stage10d_tech/STAGE10D_TECH_NULL_MODULE_RESULTS.tsv	776c43d27d133f5dfdbda19e2c071a2a95942d9a403a3e87ae0a43ef3f995826	NULL_MATCHED_M30_0594	30	ARHGAP45;CASP7;CSK;ESRRA;FAM200B;GALM;GALNT3;GALNT7;HCLS1;MAP2K1;MAP2K3;MAP7;MLLT6;MSH3;NCF1;PCGF5;POLE3;PPID;PSMB8-AS1;SF3B1;SLMAP;SMC1A;SPINT1-AS1;STARD3NL;SUPT5H;SYTL2;TMC6;TNFSF10;TRAF3IP3;TRIM2	0.0197389789494433	-0.0119047619047619	1.01635107001433	NA	NA	NA	NA	4	72	simulation_replicate	empirical null draw; no per-module interval	NA	NA	NA	NA	NA	NA	NA	NA	NA	NA	NA	NA	NA	NA	NA	NA	NA	NA	NA	NA	NA	NA	NA	NA	NA	NA	NA	NA
null_modules	results/stage10d_tech/STAGE10D_TECH_NULL_MODULE_RESULTS.tsv	776c43d27d133f5dfdbda19e2c071a2a95942d9a403a3e87ae0a43ef3f995826	NULL_MATCHED_M30_0595	30	ACADS;ARPP19;BICDL2;CCDC88B;CYHR1;DCAF11;DENND2D;DOCK8;ENOPH1;EXOSC1;FERMT1;GALNT3;GALNT7;GRK6;HSF1;IFT172;MAP2K3;MSH3;PPP1R18;PSMC3;RBM4;SETD2;SIRT7;STRBP;SUPT5H;SYPL1;SYTL2;SZRD1;TMC6;TRIP12	-0.0143835172670852	-0.0476190476190476	1.02478291670883	NA	NA	NA	NA	4	72	simulation_replicate	empirical null draw; no per-module interval	NA	NA	NA	NA	NA	NA	NA	NA	NA	NA	NA	NA	NA	NA	NA	NA	NA	NA	NA	NA	NA	NA	NA	NA	NA	NA	NA	NA
null_modules	results/stage10d_tech/STAGE10D_TECH_NULL_MODULE_RESULTS.tsv	776c43d27d133f5dfdbda19e2c071a2a95942d9a403a3e87ae0a43ef3f995826	NULL_MATCHED_M30_0596	30	ACADS;AFTPH;BST2;CASP7;COX19;CSK;DUS1L;ENOPH1;FAM207A;GNPAT;HNRNPH3;HNRNPL;IFT172;MAP2K1;ME2;MLLT6;MUC3A;NEDD9;PABPC4;PIP4K2A;PTPN4;SEPT1;SIRT7;SLMAP;SPEN;SPINT1-AS1;TMC6;TRAF3IP3;TWF1;UBN1	-0.10451819322833	-0.0952380952380953	1.04400041734817	NA	NA	NA	NA	4	72	simulation_replicate	empirical null draw; no per-module interval	NA	NA	NA	NA	NA	NA	NA	NA	NA	NA	NA	NA	NA	NA	NA	NA	NA	NA	NA	NA	NA	NA	NA	NA	NA	NA	NA	NA
null_modules	results/stage10d_tech/STAGE10D_TECH_NULL_MODULE_RESULTS.tsv	776c43d27d133f5dfdbda19e2c071a2a95942d9a403a3e87ae0a43ef3f995826	NULL_MATCHED_M30_0597	30	ANKRD44;ATF7IP;CACYBP;CHD7;DDIT4;DUS1L;EPB41;GALM;GNPAT;HCLS1;IFT172;ISG20;KMT5B;LCK;LYN;MUC3A;PNKP;PPID;PPP1R18;RTCA;SEPT1;SETD2;SIRT7;SMC1A;SPEN;SPINT1-AS1;SUPT5H;TBC1D10C;UBE2L6;YDJC	-0.063403923659455	-0.0833333333333333	1.01572939086166	NA	NA	NA	NA	4	72	simulation_replicate	empirical null draw; no per-module interval	NA	NA	NA	NA	NA	NA	NA	NA	NA	NA	NA	NA	NA	NA	NA	NA	NA	NA	NA	NA	NA	NA	NA	NA	NA	NA	NA	NA
null_modules	results/stage10d_tech/STAGE10D_TECH_NULL_MODULE_RESULTS.tsv	776c43d27d133f5dfdbda19e2c071a2a95942d9a403a3e87ae0a43ef3f995826	NULL_MATCHED_M30_0598	30	ASF1A;ATF7IP;BIRC2;CAB39;CCND1;CHCHD1;CHD7;CRBN;EBP;ENOPH1;EPB41;EXOSC1;HCLS1;HDHD3;MAP2K1;NGLY1;NUDT16L1;PCGF5;PNKP;PTPN4;PTPN7;RTCA;SETD2;SIRT7;SPINT1-AS1;STRBP;TRAF3IP3;TRAF4;YDJC;ZNF131	-0.0413012880906639	-0.0238095238095238	1.05548082928223	NA	NA	NA	NA	4	72	simulation_replicate	empirical null draw; no per-module interval	NA	NA	NA	NA	NA	NA	NA	NA	NA	NA	NA	NA	NA	NA	NA	NA	NA	NA	NA	NA	NA	NA	NA	NA	NA	NA	NA	NA
null_modules	results/stage10d_tech/STAGE10D_TECH_NULL_MODULE_RESULTS.tsv	776c43d27d133f5dfdbda19e2c071a2a95942d9a403a3e87ae0a43ef3f995826	NULL_MATCHED_M30_0599	30	AHCY;ARHGAP45;ATF7IP;C1orf131;CCDC88B;CCSER2;DUS1L;EEF1E1;EXOSC1;FAM207A;GALNT3;GNPAT;HCLS1;IKZF1;LSR;LYN;MAP2K1;MAP7;ME2;MUC3A;PATJ;PCGF5;PIP4K2A;PTPN7;RBBP7;SEPT1;SPEN;STARD3NL;SYTL2;TRIP12	0.00963098405192074	-0.0119047619047619	0.988565788326731	NA	NA	NA	NA	4	72	simulation_replicate	empirical null draw; no per-module interval	NA	NA	NA	NA	NA	NA	NA	NA	NA	NA	NA	NA	NA	NA	NA	NA	NA	NA	NA	NA	NA	NA	NA	NA	NA	NA	NA	NA
null_modules	results/stage10d_tech/STAGE10D_TECH_NULL_MODULE_RESULTS.tsv	776c43d27d133f5dfdbda19e2c071a2a95942d9a403a3e87ae0a43ef3f995826	NULL_MATCHED_M30_0600	30	ARHGAP45;ARL2BP;ASF1A;ATF7IP;CD3D;CHD7;COX19;CSK;DDR1;FYB1;GALNT3;IFI27L2;ITFG1;LDLRAD4;MAP2K3;MUC3A;PATJ;PCGF5;PIP4K2A;PLS1;PPP1R18;PTPN4;RTCA;SEPT1;SLC44A4;STARD3NL;STRBP;SUPT5H;SYTL2;UBN1	0.0649602459136077	0.0476190476190476	0.99342459916433	NA	NA	NA	NA	4	72	simulation_replicate	empirical null draw; no per-module interval	NA	NA	NA	NA	NA	NA	NA	NA	NA	NA	NA	NA	NA	NA	NA	NA	NA	NA	NA	NA	NA	NA	NA	NA	NA	NA	NA	NA
null_modules	results/stage10d_tech/STAGE10D_TECH_NULL_MODULE_RESULTS.tsv	776c43d27d133f5dfdbda19e2c071a2a95942d9a403a3e87ae0a43ef3f995826	NULL_MATCHED_M30_0601	30	AHCY;ARHGAP45;ASF1A;ATF7IP;COX17;CSK;CTDNEP1;DOCK8;FAM207A;GNPAT;HNRNPL;IFT172;IKZF1;KCNN4;LYN;LYPLA2;MAP7;MTCH2;NCF1;PCGF5;PLS1;RTCA;SETD2;SPEN;STRBP;SYTL2;TRIP12;UBALD2;WIPF1;XPO1	-0.00260804554074408	0.0238095238095238	1.0157413038242	NA	NA	NA	NA	4	72	simulation_replicate	empirical null draw; no per-module interval	NA	NA	NA	NA	NA	NA	NA	NA	NA	NA	NA	NA	NA	NA	NA	NA	NA	NA	NA	NA	NA	NA	NA	NA	NA	NA	NA	NA
null_modules	results/stage10d_tech/STAGE10D_TECH_NULL_MODULE_RESULTS.tsv	776c43d27d133f5dfdbda19e2c071a2a95942d9a403a3e87ae0a43ef3f995826	NULL_MATCHED_M30_0602	30	AAK1;ANKRD49;ASF1A;ATF7IP;BICDL2;BST2;CAB39;CASP7;CCDC88B;CEBPZOS;CHD7;CSK;CYHR1;DCAF11;DENND2D;EPS8L2;FAM207A;KCNN4;LDLRAD4;ME2;PPP1R18;PPP2R1A;PSMC2;PTPN4;SDC4;SETD2;SLMAP;SPEN;UBN1;YDJC	0.0729357024511486	0	1.01122349486961	NA	NA	NA	NA	4	72	simulation_replicate	empirical null draw; no per-module interval	NA	NA	NA	NA	NA	NA	NA	NA	NA	NA	NA	NA	NA	NA	NA	NA	NA	NA	NA	NA	NA	NA	NA	NA	NA	NA	NA	NA
null_modules	results/stage10d_tech/STAGE10D_TECH_NULL_MODULE_RESULTS.tsv	776c43d27d133f5dfdbda19e2c071a2a95942d9a403a3e87ae0a43ef3f995826	NULL_MATCHED_M30_0603	30	CAB39;CCDC88B;CDV3;CHD7;COX19;CSK;DDR1;ENOPH1;EPB41;GALNT7;GRK6;GTF2E2;HCLS1;HEBP2;KCNN4;LDLRAD4;MAP2K1;NGLY1;PATJ;PLS1;PPID;SEC22B;SIRT7;SPEN;SYTL2;TRAF4;UFD1;XIAP;YDJC;ZCCHC10	-0.16297342439908	-0.178571428571429	1.05947953445155	NA	NA	NA	NA	4	72	simulation_replicate	empirical null draw; no per-module interval	NA	NA	NA	NA	NA	NA	NA	NA	NA	NA	NA	NA	NA	NA	NA	NA	NA	NA	NA	NA	NA	NA	NA	NA	NA	NA	NA	NA
null_modules	results/stage10d_tech/STAGE10D_TECH_NULL_MODULE_RESULTS.tsv	776c43d27d133f5dfdbda19e2c071a2a95942d9a403a3e87ae0a43ef3f995826	NULL_MATCHED_M30_0604	30	ANKRD44;CAB39;CCDC88B;DCAF11;DDR1;DIAPH1;ENOPH1;GRK6;IKZF1;LYPLA2;MAP2K1;MAP7;MLLT6;MTCH2;NGLY1;NPEPPS;PATJ;PCGF5;PGLS;POLR2C;PPP1R18;PTPN7;SETD2;SLC38A1;SMCO4;STARD3NL;STRBP;TRAF4;UBN1;YDJC	-0.0741207306435499	-0.0833333333333333	1.0556921271578	NA	NA	NA	NA	4	72	simulation_replicate	empirical null draw; no per-module interval	NA	NA	NA	NA	NA	NA	NA	NA	NA	NA	NA	NA	NA	NA	NA	NA	NA	NA	NA	NA	NA	NA	NA	NA	NA	NA	NA	NA
null_modules	results/stage10d_tech/STAGE10D_TECH_NULL_MODULE_RESULTS.tsv	776c43d27d133f5dfdbda19e2c071a2a95942d9a403a3e87ae0a43ef3f995826	NULL_MATCHED_M30_0605	30	ANKRD44;ANKRD49;CCDC88B;CHD7;CSK;DOCK8;ENOPH1;GNPAT;GTF2E2;HNRNPL;ITFG1;LDLRAD4;MSH3;NCF1;PIP4K2A;PLAC8;PPID;PSMB8-AS1;PSMC2;PSMC3;RTCA;SPINT1-AS1;SUPT5H;TBC1D10C;TMC6;UBALD2;UBN1;YDJC;ZMYND8;ZNF131	-0.130044873593941	-0.0476190476190476	1.02009623899347	NA	NA	NA	NA	4	72	simulation_replicate	empirical null draw; no per-module interval	NA	NA	NA	NA	NA	NA	NA	NA	NA	NA	NA	NA	NA	NA	NA	NA	NA	NA	NA	NA	NA	NA	NA	NA	NA	NA	NA	NA
null_modules	results/stage10d_tech/STAGE10D_TECH_NULL_MODULE_RESULTS.tsv	776c43d27d133f5dfdbda19e2c071a2a95942d9a403a3e87ae0a43ef3f995826	NULL_MATCHED_M30_0606	30	BICDL2;BIK;CAB39;CHCHD1;CHD7;COX19;ENOPH1;FAM207A;GALNT7;GRK6;GTF2E2;HNRNPL;ITFG1;MAP2K1;MSH3;NKG7;NUDT16L1;PPID;SPINT1-AS1;STARD3NL;SUPT5H;SYTL2;TMC6;TRAF3IP3;TRAF4;TRIP12;UBXN6;VKORC1;YDJC;ZNF33A	-0.00523661847936193	0.0714285714285714	0.990637740231378	NA	NA	NA	NA	4	72	simulation_replicate	empirical null draw; no per-module interval	NA	NA	NA	NA	NA	NA	NA	NA	NA	NA	NA	NA	NA	NA	NA	NA	NA	NA	NA	NA	NA	NA	NA	NA	NA	NA	NA	NA
null_modules	results/stage10d_tech/STAGE10D_TECH_NULL_MODULE_RESULTS.tsv	776c43d27d133f5dfdbda19e2c071a2a95942d9a403a3e87ae0a43ef3f995826	NULL_MATCHED_M30_0607	30	AFTPH;C6orf62;CAB39;CASP7;CHD7;DCAF11;DENND2D;EPB41;FAM207A;GALNT7;HCLS1;KMT5B;KXD1;LYN;LYPLA2;MAP2K1;MSH3;PCGF5;PGLS;PSMB8-AS1;RTN3;SIRT7;SMCO4;SPINT1-AS1;STARD3NL;SUPT5H;SYNRG;TMPRSS2;YDJC;ZNF148	-0.0180396818866705	-0.0476190476190476	0.998500448650712	NA	NA	NA	NA	4	72	simulation_replicate	empirical null draw; no per-module interval	NA	NA	NA	NA	NA	NA	NA	NA	NA	NA	NA	NA	NA	NA	NA	NA	NA	NA	NA	NA	NA	NA	NA	NA	NA	NA	NA	NA
null_modules	results/stage10d_tech/STAGE10D_TECH_NULL_MODULE_RESULTS.tsv	776c43d27d133f5dfdbda19e2c071a2a95942d9a403a3e87ae0a43ef3f995826	NULL_MATCHED_M30_0608	30	AIP;ANKRD49;ASF1A;CASP7;CLDND1;EIF4A3;ENOPH1;EPS8L2;FAM207A;GRK6;LYN;MAP2K1;MAP2K3;NFAT5;PATJ;PCGF5;PNKP;PPP1R18;RTCA;SETD2;SF3B2;SLMAP;SPEN;SPINT1-AS1;TBC1D10C;TRAF3IP3;UBN1;WIPF1;XRCC5;YDJC	0.0281470752081243	0.0357142857142857	1.00053940987366	NA	NA	NA	NA	4	72	simulation_replicate	empirical null draw; no per-module interval	NA	NA	NA	NA	NA	NA	NA	NA	NA	NA	NA	NA	NA	NA	NA	NA	NA	NA	NA	NA	NA	NA	NA	NA	NA	NA	NA	NA
null_modules	results/stage10d_tech/STAGE10D_TECH_NULL_MODULE_RESULTS.tsv	776c43d27d133f5dfdbda19e2c071a2a95942d9a403a3e87ae0a43ef3f995826	NULL_MATCHED_M30_0609	30	CERS6;CHD7;DENND2D;GALM;GALNT3;GNPAT;IFT172;KCNN4;KMT5B;MAP2K1;ME2;MSH3;MUC3A;PABPC4;PCGF5;PPP1R18;PTPN7;RTCA;RTN3;SEPT1;SIRT7;STRBP;TBC1D10C;TMC6;TNPO1;TRAF4;TSN;YDJC;ZBTB20;ZNF131	-0.079363026704195	-0.0476190476190476	1.0150434512061	NA	NA	NA	NA	4	72	simulation_replicate	empirical null draw; no per-module interval	NA	NA	NA	NA	NA	NA	NA	NA	NA	NA	NA	NA	NA	NA	NA	NA	NA	NA	NA	NA	NA	NA	NA	NA	NA	NA	NA	NA
null_modules	results/stage10d_tech/STAGE10D_TECH_NULL_MODULE_RESULTS.tsv	776c43d27d133f5dfdbda19e2c071a2a95942d9a403a3e87ae0a43ef3f995826	NULL_MATCHED_M30_0610	30	AFTPH;ANKRD49;ARPC4;CCDC88B;CHD7;CYHR1;ENOPH1;FAM207A;HCLS1;LSM10;MAP2K1;ME2;MYADM;NCF1;NGLY1;PCGF5;PDZD8;PLS1;PTPN4;PTPN7;SIRT7;SLC22A18;SLMAP;SPEN;SUPT5H;TCEA3;TRIP12;UBN1;USP3;WIPI2	-0.12541390189574	-0.0833333333333333	1.03573488516169	NA	NA	NA	NA	4	72	simulation_replicate	empirical null draw; no per-module interval	NA	NA	NA	NA	NA	NA	NA	NA	NA	NA	NA	NA	NA	NA	NA	NA	NA	NA	NA	NA	NA	NA	NA	NA	NA	NA	NA	NA
null_modules	results/stage10d_tech/STAGE10D_TECH_NULL_MODULE_RESULTS.tsv	776c43d27d133f5dfdbda19e2c071a2a95942d9a403a3e87ae0a43ef3f995826	NULL_MATCHED_M30_0611	30	CCDC88B;COX19;DOCK8;EPB41;ERP44;FAM207A;GALM;GALNT3;KMT5B;MAP2K1;MAP7;ME2;MSH3;MUC3A;MYO10;NCF1;NORAD;NUBP2;PCGF5;PIP4K2A;PLS1;PNKP;PPP1R18;RPP25L;RTCA;TCEA3;TRIP12;WASL;XPO1;YDJC	0.0199566568798098	0.0119047619047619	0.986315830602155	NA	NA	NA	NA	4	72	simulation_replicate	empirical null draw; no per-module interval	NA	NA	NA	NA	NA	NA	NA	NA	NA	NA	NA	NA	NA	NA	NA	NA	NA	NA	NA	NA	NA	NA	NA	NA	NA	NA	NA	NA
null_modules	results/stage10d_tech/STAGE10D_TECH_NULL_MODULE_RESULTS.tsv	776c43d27d133f5dfdbda19e2c071a2a95942d9a403a3e87ae0a43ef3f995826	NULL_MATCHED_M30_0612	30	AAK1;BICDL2;BLVRB;CHD7;CUEDC2;EXOSC1;GRK6;GTF2E2;HCLS1;IKZF1;KCNN4;KMT5B;MAP2K1;MAP2K3;MAP7;MUC3A;NKG7;NPM3;PIP4K2A;PPID;RPP25L;RTCA;SEPT1;SPINT1-AS1;SYTL2;TDP2;TRAF4;UBN1;WIPF1;ZNF131	0.0570134730040509	0.0595238095238095	1.01436611232108	NA	NA	NA	NA	4	72	simulation_replicate	empirical null draw; no per-module interval	NA	NA	NA	NA	NA	NA	NA	NA	NA	NA	NA	NA	NA	NA	NA	NA	NA	NA	NA	NA	NA	NA	NA	NA	NA	NA	NA	NA
null_modules	results/stage10d_tech/STAGE10D_TECH_NULL_MODULE_RESULTS.tsv	776c43d27d133f5dfdbda19e2c071a2a95942d9a403a3e87ae0a43ef3f995826	NULL_MATCHED_M30_0613	30	ANKRD44;CSK;DCAF11;DDR1;GALM;GALNT3;GALNT7;GRK6;HCLS1;IFT172;LYPLA2;MLLT6;MUC3A;MYADM;MYO10;MYO1C;NDUFV1;PATJ;PNKP;RNPEPL1;SIRT7;SPINT1-AS1;SYTL2;TBC1D10C;TMC6;TOB1;TRIM38;TRIP12;WIPF1;ZNF131	0.0193905063998589	0.0357142857142857	0.993923359275797	NA	NA	NA	NA	4	72	simulation_replicate	empirical null draw; no per-module interval	NA	NA	NA	NA	NA	NA	NA	NA	NA	NA	NA	NA	NA	NA	NA	NA	NA	NA	NA	NA	NA	NA	NA	NA	NA	NA	NA	NA
null_modules	results/stage10d_tech/STAGE10D_TECH_NULL_MODULE_RESULTS.tsv	776c43d27d133f5dfdbda19e2c071a2a95942d9a403a3e87ae0a43ef3f995826	NULL_MATCHED_M30_0614	30	AFTPH;ANKRD44;APOPT1;ARHGAP45;ATF7IP;BICDL2;CAB39;CDV3;COPS4;CYTIP;DUS1L;EPB41;IAH1;KCNN4;LLPH;MAP2K3;NUDT16L1;PCGF5;PNKP;PTPN4;RPP25L;SF3B1;SIRT7;SPINT1-AS1;STARD3NL;STRBP;SUPT5H;TBC1D10C;TMC6;TRAF3IP3	0.0065215659858563	0.0476190476190476	1.00694580778177	NA	NA	NA	NA	4	72	simulation_replicate	empirical null draw; no per-module interval	NA	NA	NA	NA	NA	NA	NA	NA	NA	NA	NA	NA	NA	NA	NA	NA	NA	NA	NA	NA	NA	NA	NA	NA	NA	NA	NA	NA
null_modules	results/stage10d_tech/STAGE10D_TECH_NULL_MODULE_RESULTS.tsv	776c43d27d133f5dfdbda19e2c071a2a95942d9a403a3e87ae0a43ef3f995826	NULL_MATCHED_M30_0615	30	AFTPH;ANKRD44;ANKRD49;ARHGAP45;CSK;DOCK8;ENOPH1;FAM207A;GALNT7;GORASP2;HCLS1;HIKESHI;IKZF1;KXD1;LYN;MUC3A;NUDT16L1;PCBD1;PIP4K2A;PLS1;PNKP;PPID;PPP1R18;SETD2;SIRT7;TRAF4;TRPM4;TSTA3;YDJC;ZNF131	-0.117027334690779	-0.0833333333333333	1.06386662180016	NA	NA	NA	NA	4	72	simulation_replicate	empirical null draw; no per-module interval	NA	NA	NA	NA	NA	NA	NA	NA	NA	NA	NA	NA	NA	NA	NA	NA	NA	NA	NA	NA	NA	NA	NA	NA	NA	NA	NA	NA
null_modules	results/stage10d_tech/STAGE10D_TECH_NULL_MODULE_RESULTS.tsv	776c43d27d133f5dfdbda19e2c071a2a95942d9a403a3e87ae0a43ef3f995826	NULL_MATCHED_M30_0616	30	ANKRD44;ARHGAP45;ASF1A;COX19;CSK;DUS1L;EPB41;FAM207A;GALNT3;GPSM3;GSPT1;HNRNPL;IFT172;KMT5B;LDLRAD4;LYN;MAP2K3;MUM1;NGLY1;PARL;PNKP;POLR2H;PPP1R18;RTCA;SLMAP;SPINT1-AS1;STARD3NL;WIPF1;YDJC;ZC3H15	-0.0406883297274951	-0.0476190476190476	1.00860802476625	NA	NA	NA	NA	4	72	simulation_replicate	empirical null draw; no per-module interval	NA	NA	NA	NA	NA	NA	NA	NA	NA	NA	NA	NA	NA	NA	NA	NA	NA	NA	NA	NA	NA	NA	NA	NA	NA	NA	NA	NA
null_modules	results/stage10d_tech/STAGE10D_TECH_NULL_MODULE_RESULTS.tsv	776c43d27d133f5dfdbda19e2c071a2a95942d9a403a3e87ae0a43ef3f995826	NULL_MATCHED_M30_0617	30	AFTPH;ANKRD44;ARHGAP45;ATF7IP;CHD7;CLEC2D;DENND2D;EPS8L2;GALM;GRK6;HSPA9;IFT172;MAN1A2;MAP2K1;MAP2K3;MRPS36;MSH3;OLA1;PCGF5;PIP4K2A;PPID;PTPN7;RTCA;SETD2;STRBP;TRAF3IP3;UBE2L6;UBN1;USP3;ZNF131	0.0162496474725828	0.0595238095238095	0.991031232680145	NA	NA	NA	NA	4	72	simulation_replicate	empirical null draw; no per-module interval	NA	NA	NA	NA	NA	NA	NA	NA	NA	NA	NA	NA	NA	NA	NA	NA	NA	NA	NA	NA	NA	NA	NA	NA	NA	NA	NA	NA
null_modules	results/stage10d_tech/STAGE10D_TECH_NULL_MODULE_RESULTS.tsv	776c43d27d133f5dfdbda19e2c071a2a95942d9a403a3e87ae0a43ef3f995826	NULL_MATCHED_M30_0618	30	AFTPH;ANKRD49;BICDL2;BIK;BOLA3;CAB39;CASP7;COX19;CSK;DOCK8;FAM207A;GNPAT;HCLS1;IFT172;LDLRAD4;LSM8;LYN;MUC3A;NCF1;PIP4K2A;POLR2C;PPID;PTPRC;RIF1;RTCA;SUPT5H;TRAF4;TRIP12;USP3;YDJC	-0.0267751260855355	-0.0833333333333333	1.03275003162941	NA	NA	NA	NA	4	72	simulation_replicate	empirical null draw; no per-module interval	NA	NA	NA	NA	NA	NA	NA	NA	NA	NA	NA	NA	NA	NA	NA	NA	NA	NA	NA	NA	NA	NA	NA	NA	NA	NA	NA	NA
null_modules	results/stage10d_tech/STAGE10D_TECH_NULL_MODULE_RESULTS.tsv	776c43d27d133f5dfdbda19e2c071a2a95942d9a403a3e87ae0a43ef3f995826	NULL_MATCHED_M30_0619	30	AFTPH;ASF1A;ATF7IP;BICDL2;CASP7;CHD7;CSK;CYHR1;DENND2D;EPS8L2;GALNT3;HCLS1;HIKESHI;MAP2K3;MAP7;MLLT6;NCF1;NGLY1;PIP4K2A;PPP1R18;PPP2R1A;PSMA5;PTPN7;RPP25L;SEPT1;SYTL2;TMC6;TMEM30A;TOMM5;TSPAN15	-0.0505522645053791	-0.0952380952380953	1.02321990458622	NA	NA	NA	NA	4	72	simulation_replicate	empirical null draw; no per-module interval	NA	NA	NA	NA	NA	NA	NA	NA	NA	NA	NA	NA	NA	NA	NA	NA	NA	NA	NA	NA	NA	NA	NA	NA	NA	NA	NA	NA
null_modules	results/stage10d_tech/STAGE10D_TECH_NULL_MODULE_RESULTS.tsv	776c43d27d133f5dfdbda19e2c071a2a95942d9a403a3e87ae0a43ef3f995826	NULL_MATCHED_M30_0620	30	ANKRD49;ARHGAP45;ASF1A;CLPTM1L;CSK;DENND2D;DOCK8;ENOPH1;EPB41;EPS8L2;GALNT3;GIPC1;GTF2E2;HCLS1;HNRNPL;IKZF1;IST1;LYPLA2;MAP7;ME2;MRPS36;NUCB2;PSMB8-AS1;PTPN4;RPP25L;SETD2;SIRT7;TRIP12;TSPAN15;XIAP	0.0336894325747828	0.0238095238095238	1.03377089796216	NA	NA	NA	NA	4	72	simulation_replicate	empirical null draw; no per-module interval	NA	NA	NA	NA	NA	NA	NA	NA	NA	NA	NA	NA	NA	NA	NA	NA	NA	NA	NA	NA	NA	NA	NA	NA	NA	NA	NA	NA
null_modules	results/stage10d_tech/STAGE10D_TECH_NULL_MODULE_RESULTS.tsv	776c43d27d133f5dfdbda19e2c071a2a95942d9a403a3e87ae0a43ef3f995826	NULL_MATCHED_M30_0621	30	ARHGAP45;ARPP19;CHD7;COX19;CYHR1;DOCK8;ENOPH1;EPB41;GALNT3;HCLS1;HSPA9;LDLRAD4;LYPLA2;MAP7;MUC12;MUC3A;NCF1;NOP58;NUDT16L1;PLS1;RNPEPL1;RPP25L;SEPT1;SLMAP;SPEN;STARD3NL;TMC6;TRAF3IP3;VPS26A;YDJC	-0.0674313689351323	-0.0595238095238095	1.01936057653891	NA	NA	NA	NA	4	72	simulation_replicate	empirical null draw; no per-module interval	NA	NA	NA	NA	NA	NA	NA	NA	NA	NA	NA	NA	NA	NA	NA	NA	NA	NA	NA	NA	NA	NA	NA	NA	NA	NA	NA	NA
null_modules	results/stage10d_tech/STAGE10D_TECH_NULL_MODULE_RESULTS.tsv	776c43d27d133f5dfdbda19e2c071a2a95942d9a403a3e87ae0a43ef3f995826	NULL_MATCHED_M30_0622	30	ANKRD49;CAB39;CASP7;CSK;DOCK8;ENOPH1;GALM;GTF2E2;HNRNPH3;HNRNPL;ISG20;KMT5B;KXD1;LCK;LYPLA2;MUC12;NCF1;NSFL1C;PCGF5;PPID;PTPN4;PTPN7;RBM4;RPP25L;RTCA;SETD2;SPEN;SUPT5H;TRIP12;WIPF1	-0.0330979146138022	0	1.03555698987813	NA	NA	NA	NA	4	72	simulation_replicate	empirical null draw; no per-module interval	NA	NA	NA	NA	NA	NA	NA	NA	NA	NA	NA	NA	NA	NA	NA	NA	NA	NA	NA	NA	NA	NA	NA	NA	NA	NA	NA	NA
null_modules	results/stage10d_tech/STAGE10D_TECH_NULL_MODULE_RESULTS.tsv	776c43d27d133f5dfdbda19e2c071a2a95942d9a403a3e87ae0a43ef3f995826	NULL_MATCHED_M30_0623	30	ASF1A;BICDL2;CASP7;CCDC88B;CCT7;COX19;DOCK8;DUS1L;EXOSC1;GALNT7;GRK6;KCNN4;LDLRAD4;MAP3K2;MAP7;ME2;NGLY1;NR4A2;NUDT16L1;PTPN4;RPP25L;SEC22B;SPINT1-AS1;STRBP;SYTL2;TSN;UFM1;USH1C;USP3;YDJC	-0.00483725252863427	0.0476190476190476	1.01210928307509	NA	NA	NA	NA	4	72	simulation_replicate	empirical null draw; no per-module interval	NA	NA	NA	NA	NA	NA	NA	NA	NA	NA	NA	NA	NA	NA	NA	NA	NA	NA	NA	NA	NA	NA	NA	NA	NA	NA	NA	NA
null_modules	results/stage10d_tech/STAGE10D_TECH_NULL_MODULE_RESULTS.tsv	776c43d27d133f5dfdbda19e2c071a2a95942d9a403a3e87ae0a43ef3f995826	NULL_MATCHED_M30_0624	30	AFTPH;ANKRD49;ARHGAP45;BICDL2;BLCAP;CSK;DCAF11;DDR1;DENND2D;DUS1L;EIF4EBP1;EPS8L2;KCNN4;LYPLA2;MAP2K1;MAP2K3;MLLT6;NGLY1;NUDT16L1;PIP4K2A;PLS1;PNKD;PNKP;PPP1R18;SETD2;SLC39A7;STRBP;TNFSF10;USP47;WIPF1	-0.0249855335904526	0.0476190476190476	1.01535214525121	NA	NA	NA	NA	4	72	simulation_replicate	empirical null draw; no per-module interval	NA	NA	NA	NA	NA	NA	NA	NA	NA	NA	NA	NA	NA	NA	NA	NA	NA	NA	NA	NA	NA	NA	NA	NA	NA	NA	NA	NA
null_modules	results/stage10d_tech/STAGE10D_TECH_NULL_MODULE_RESULTS.tsv	776c43d27d133f5dfdbda19e2c071a2a95942d9a403a3e87ae0a43ef3f995826	NULL_MATCHED_M30_0625	30	ALDH9A1;ANKRD49;CHD7;CSK;CYHR1;DCAF11;DDR1;EPS8L2;FBXW5;GALM;GNPAT;GTF2E2;KCNN4;KMT5B;LINC01871;LYN;MAP2K1;NCF1;NGLY1;NUDT16L1;PCGF5;PGLS;PNKP;RPP25L;SF3B2;SIL1;TMC6;TRAF3IP3;TRAF4;WIPF1	0.121704313159058	0.0952380952380953	1.00911369412948	NA	NA	NA	NA	4	72	simulation_replicate	empirical null draw; no per-module interval	NA	NA	NA	NA	NA	NA	NA	NA	NA	NA	NA	NA	NA	NA	NA	NA	NA	NA	NA	NA	NA	NA	NA	NA	NA	NA	NA	NA
null_modules	results/stage10d_tech/STAGE10D_TECH_NULL_MODULE_RESULTS.tsv	776c43d27d133f5dfdbda19e2c071a2a95942d9a403a3e87ae0a43ef3f995826	NULL_MATCHED_M30_0626	30	ATF7IP;BICDL2;C12orf10;CASP7;CCDC88B;CHMP3;DDR1;EPB41;EPS8L2;HNRNPL;IFT172;LDLRAD4;LYPLA2;MAP7;PABPC4;PPP1R18;PSMB8-AS1;PTPN7;RPP25L;RTCA;RTN3;SEPT1;SETD2;SIRT7;SLC25A36;SPEN;SYTL2;TOMM5;USP3;ZFAND2B	-0.135605196131561	-0.154761904761905	1.02159413862044	NA	NA	NA	NA	4	72	simulation_replicate	empirical null draw; no per-module interval	NA	NA	NA	NA	NA	NA	NA	NA	NA	NA	NA	NA	NA	NA	NA	NA	NA	NA	NA	NA	NA	NA	NA	NA	NA	NA	NA	NA
null_modules	results/stage10d_tech/STAGE10D_TECH_NULL_MODULE_RESULTS.tsv	776c43d27d133f5dfdbda19e2c071a2a95942d9a403a3e87ae0a43ef3f995826	NULL_MATCHED_M30_0627	30	ACP1;AFTPH;ANKRD44;ANKRD49;BICDL2;CASP7;CHCHD1;CYHR1;DUS1L;EPS8L2;GALM;GALNT7;GNPAT;HNRNPL;IFT172;IKZF1;KCNN4;MALSU1;MLLT6;MUC3A;NGLY1;NKG7;PCGF5;PIP4K2A;PLS1;RNPEPL1;SPEN;SRPK2;TRAF3IP3;WIPF1	-0.0234392002777364	0	1.02294534101968	NA	NA	NA	NA	4	72	simulation_replicate	empirical null draw; no per-module interval	NA	NA	NA	NA	NA	NA	NA	NA	NA	NA	NA	NA	NA	NA	NA	NA	NA	NA	NA	NA	NA	NA	NA	NA	NA	NA	NA	NA
null_modules	results/stage10d_tech/STAGE10D_TECH_NULL_MODULE_RESULTS.tsv	776c43d27d133f5dfdbda19e2c071a2a95942d9a403a3e87ae0a43ef3f995826	NULL_MATCHED_M30_0628	30	ACAP1;AFTPH;DDR1;EPB41;FAM96A;GALM;GRK6;HNRNPL;ILF2;KCNN4;MUM1;NGLY1;NUDT16L1;PNKP;PPID;PSMB8-AS1;PTPN4;RPIA;RPP25L;SETD2;SIRT7;SLMAP;SPINT1-AS1;STARD3NL;SYTL2;TMC6;TRAF3IP3;TRIP12;TSTA3;ZNF131	-0.101625694239184	-0.0476190476190476	1.01251356734099	NA	NA	NA	NA	4	72	simulation_replicate	empirical null draw; no per-module interval	NA	NA	NA	NA	NA	NA	NA	NA	NA	NA	NA	NA	NA	NA	NA	NA	NA	NA	NA	NA	NA	NA	NA	NA	NA	NA	NA	NA
null_modules	results/stage10d_tech/STAGE10D_TECH_NULL_MODULE_RESULTS.tsv	776c43d27d133f5dfdbda19e2c071a2a95942d9a403a3e87ae0a43ef3f995826	NULL_MATCHED_M30_0629	30	AMN;ASF1A;COX19;DUS1L;ENOPH1;EPB41;FAM207A;GALNT7;GRK6;GTF2E2;KCNN4;LYPLA2;MBD4;ME2;MRPL21;MTIF3;PATJ;PGLS;PIP4K2A;PPID;PSMB8-AS1;PTPN7;RTCA;SEPT1;SPEN;SRPRB;SUPT5H;SYNRG;WIPF1;YDJC	0.00375149419065305	-0.0714285714285714	1.01551452921379	NA	NA	NA	NA	4	72	simulation_replicate	empirical null draw; no per-module interval	NA	NA	NA	NA	NA	NA	NA	NA	NA	NA	NA	NA	NA	NA	NA	NA	NA	NA	NA	NA	NA	NA	NA	NA	NA	NA	NA	NA
null_modules	results/stage10d_tech/STAGE10D_TECH_NULL_MODULE_RESULTS.tsv	776c43d27d133f5dfdbda19e2c071a2a95942d9a403a3e87ae0a43ef3f995826	NULL_MATCHED_M30_0630	30	ASF1A;CACYBP;COX19;CYHR1;DCAF11;DOCK8;ENOPH1;EXOSC1;FAM192A;GALNT3;HNRNPL;KCNN4;MUC3A;NGLY1;NQO1;PATJ;PCGF5;PNKP;PPID;PRPF38A;RNF145;SLC39A7;SLMAP;SPINT1-AS1;STARD3NL;STRBP;TBC1D10C;TMC6;TRIP12;YDJC	0.0811151803833687	0.0595238095238095	0.958350508231977	NA	NA	NA	NA	4	72	simulation_replicate	empirical null draw; no per-module interval	NA	NA	NA	NA	NA	NA	NA	NA	NA	NA	NA	NA	NA	NA	NA	NA	NA	NA	NA	NA	NA	NA	NA	NA	NA	NA	NA	NA
null_modules	results/stage10d_tech/STAGE10D_TECH_NULL_MODULE_RESULTS.tsv	776c43d27d133f5dfdbda19e2c071a2a95942d9a403a3e87ae0a43ef3f995826	NULL_MATCHED_M30_0631	30	AAK1;AK3;CHD7;DCAF11;DENND2D;DOCK8;EPB41;GALM;GRK6;HDHD3;HNRNPL;IFT172;IKZF1;KCNN4;KMT5B;MAP2K3;ME2;MRPS26;PLAC8;PNKP;PSMB8-AS1;RBM4;SEPT1;SIRT7;STRBP;SUPT5H;UBN1;WIPF1;XPO1;ZNF131	0.0491793725946981	0.0476190476190476	0.985529263992281	NA	NA	NA	NA	4	72	simulation_replicate	empirical null draw; no per-module interval	NA	NA	NA	NA	NA	NA	NA	NA	NA	NA	NA	NA	NA	NA	NA	NA	NA	NA	NA	NA	NA	NA	NA	NA	NA	NA	NA	NA
null_modules	results/stage10d_tech/STAGE10D_TECH_NULL_MODULE_RESULTS.tsv	776c43d27d133f5dfdbda19e2c071a2a95942d9a403a3e87ae0a43ef3f995826	NULL_MATCHED_M30_0632	30	AFTPH;AHCY;ANKRD49;CASP7;CD7;CRBN;CYHR1;EHF;GNPAT;GRK6;GTF2E2;HNRNPL;ICAM3;KMT5B;MAP2K1;MAP7;MLLT6;MUC3A;NGLY1;NUDT16L1;PCGF5;PIP4K2A;PLS1;PNKP;PPID;PPP1R18;PRPF40A;SUPT5H;TBC1D10C;UBN1	0.0254531660403267	0.0476190476190476	0.994099817877465	NA	NA	NA	NA	4	72	simulation_replicate	empirical null draw; no per-module interval	NA	NA	NA	NA	NA	NA	NA	NA	NA	NA	NA	NA	NA	NA	NA	NA	NA	NA	NA	NA	NA	NA	NA	NA	NA	NA	NA	NA
null_modules	results/stage10d_tech/STAGE10D_TECH_NULL_MODULE_RESULTS.tsv	776c43d27d133f5dfdbda19e2c071a2a95942d9a403a3e87ae0a43ef3f995826	NULL_MATCHED_M30_0633	30	CCDC88B;CHD7;CYHR1;DCAF11;DDIT4;DENND2D;DOCK8;GALNT7;GRK6;HCLS1;HEBP2;KRTCAP3;LONP2;MAP2K1;MLLT6;MUC3A;NGLY1;PAICS;PCGF5;PLS1;PPID;PPP1R18;PSMB8-AS1;PTPN4;RPA2;RPP25L;SEPT1;SIRT7;TWF1;WIPF1	-0.0838278008462962	-0.0595238095238095	1.04898723124639	NA	NA	NA	NA	4	72	simulation_replicate	empirical null draw; no per-module interval	NA	NA	NA	NA	NA	NA	NA	NA	NA	NA	NA	NA	NA	NA	NA	NA	NA	NA	NA	NA	NA	NA	NA	NA	NA	NA	NA	NA
null_modules	results/stage10d_tech/STAGE10D_TECH_NULL_MODULE_RESULTS.tsv	776c43d27d133f5dfdbda19e2c071a2a95942d9a403a3e87ae0a43ef3f995826	NULL_MATCHED_M30_0634	30	AFTPH;AKR1A1;ATF7IP;BICDL2;CASP7;CCDC88B;EPB41;EPS8L2;GALNT3;GALNT7;GSPT1;IKZF1;LYN;MAP2K1;MAP2K3;MAP7;ME2;MLLT6;OLA1;POLR2C;PPP1R18;SEPT1;SETD2;SPEN;STRBP;SUPT5H;TRAF3IP3;UBAC2;VPS13C;YDJC	-0.0206215569248499	0.0476190476190476	0.996601077690692	NA	NA	NA	NA	4	72	simulation_replicate	empirical null draw; no per-module interval	NA	NA	NA	NA	NA	NA	NA	NA	NA	NA	NA	NA	NA	NA	NA	NA	NA	NA	NA	NA	NA	NA	NA	NA	NA	NA	NA	NA
null_modules	results/stage10d_tech/STAGE10D_TECH_NULL_MODULE_RESULTS.tsv	776c43d27d133f5dfdbda19e2c071a2a95942d9a403a3e87ae0a43ef3f995826	NULL_MATCHED_M30_0635	30	ANKRD49;ATF7IP;CHD7;CSK;DDR1;DUS1L;EPB41;GORASP2;HNRNPL;IKZF1;KCNN4;LYPLA2;MLLT6;NCF1;NUDT16L1;PCGF5;PIP4K2A;PNKP;PPID;PPIL4;PPP1R18;PTPN7;RBBP7;SEC31A;SF3B2;SIRT7;SPINT1-AS1;STARD3NL;TRAF4;ZMYND8	-0.013652633720176	-0.0357142857142857	1.02949379637941	NA	NA	NA	NA	4	72	simulation_replicate	empirical null draw; no per-module interval	NA	NA	NA	NA	NA	NA	NA	NA	NA	NA	NA	NA	NA	NA	NA	NA	NA	NA	NA	NA	NA	NA	NA	NA	NA	NA	NA	NA
null_modules	results/stage10d_tech/STAGE10D_TECH_NULL_MODULE_RESULTS.tsv	776c43d27d133f5dfdbda19e2c071a2a95942d9a403a3e87ae0a43ef3f995826	NULL_MATCHED_M30_0636	30	AFTPH;ALKBH5;ATF7IP;CASP7;CYHR1;DENND2D;EPS8L2;GALNT3;GALNT7;HNRNPL;IKZF1;ISOC2;KCNN4;LLPH;MAP2K3;MAP7;MLLT6;MSH3;PCGF5;PLS1;PPP2R1A;PTPRC;RIF1;RPP25L;SPEN;SPINT1-AS1;TBC1D10C;TMC6;TRAF3IP3;TRIP12	0.00684556901314629	0.0119047619047619	1.02973888273827	NA	NA	NA	NA	4	72	simulation_replicate	empirical null draw; no per-module interval	NA	NA	NA	NA	NA	NA	NA	NA	NA	NA	NA	NA	NA	NA	NA	NA	NA	NA	NA	NA	NA	NA	NA	NA	NA	NA	NA	NA
null_modules	results/stage10d_tech/STAGE10D_TECH_NULL_MODULE_RESULTS.tsv	776c43d27d133f5dfdbda19e2c071a2a95942d9a403a3e87ae0a43ef3f995826	NULL_MATCHED_M30_0637	30	ACP1;ANKRD10;ANKRD44;ARHGAP45;BICDL2;CLDND1;COX19;CSNK1D;EPB41;EPS8L2;GALNT7;GNPAT;HCLS1;LDLRAD4;LYN;MAP2K1;MAP2K3;MAP7;NUCB2;PCGF5;PNKP;PRMT2;PTPN4;SETD2;SLMAP;SMIM12;SPINT1-AS1;STARD3NL;STRBP;SUPT5H	0.0293384071095984	0.0476190476190476	0.990366153618588	NA	NA	NA	NA	4	72	simulation_replicate	empirical null draw; no per-module interval	NA	NA	NA	NA	NA	NA	NA	NA	NA	NA	NA	NA	NA	NA	NA	NA	NA	NA	NA	NA	NA	NA	NA	NA	NA	NA	NA	NA
null_modules	results/stage10d_tech/STAGE10D_TECH_NULL_MODULE_RESULTS.tsv	776c43d27d133f5dfdbda19e2c071a2a95942d9a403a3e87ae0a43ef3f995826	NULL_MATCHED_M30_0638	30	AAK1;AFTPH;AMN;ANKRD44;BICDL2;CAB39;CCDC88B;CCT7;CHD7;CSK;DUS1L;EPS8L2;FKBP3;GALNT7;GSKIP;LYN;MSH3;NCF1;PATJ;PPID;PSMB8-AS1;PTPN4;PTPN7;RPP25L;SYTL2;TRAF3IP3;TRIM2;TRIP12;USP3;YDJC	0.00493507821997848	-0.0238095238095238	1.00834077466177	NA	NA	NA	NA	4	72	simulation_replicate	empirical null draw; no per-module interval	NA	NA	NA	NA	NA	NA	NA	NA	NA	NA	NA	NA	NA	NA	NA	NA	NA	NA	NA	NA	NA	NA	NA	NA	NA	NA	NA	NA
null_modules	results/stage10d_tech/STAGE10D_TECH_NULL_MODULE_RESULTS.tsv	776c43d27d133f5dfdbda19e2c071a2a95942d9a403a3e87ae0a43ef3f995826	NULL_MATCHED_M30_0639	30	ANKRD44;ARHGAP45;ATF7IP;CCDC88B;DCAF11;DENND2D;EPS8L2;FBP1;GALM;GNPAT;HCLS1;IKZF1;MAP2K3;MLLT6;NGLY1;NRDC;NUDT16L1;PCGF5;PGLS;PPP1R18;PSMB8-AS1;SEPT1;SRPK2;SYTL2;TRAF3IP3;TRAF4;TSG101;UBN1;USP3;ZC3H15	0.00414040010907155	-0.0119047619047619	1.01753789658451	NA	NA	NA	NA	4	72	simulation_replicate	empirical null draw; no per-module interval	NA	NA	NA	NA	NA	NA	NA	NA	NA	NA	NA	NA	NA	NA	NA	NA	NA	NA	NA	NA	NA	NA	NA	NA	NA	NA	NA	NA
null_modules	results/stage10d_tech/STAGE10D_TECH_NULL_MODULE_RESULTS.tsv	776c43d27d133f5dfdbda19e2c071a2a95942d9a403a3e87ae0a43ef3f995826	NULL_MATCHED_M30_0640	30	ANKRD10;ANKRD44;BRI3BP;CCDC88B;CCT4;CHD7;COX19;CYHR1;DDR1;ENOPH1;EPS8L2;GALNT3;GALNT7;GNPAT;GORASP2;GRK6;LDLRAD4;LYN;MAP7;MLLT6;NORAD;PSMC2;RTCA;SEPT1;SLMAP;SPEN;SYTL2;TMC6;TRAF3IP3;TRIP12	0.0446862301656856	-0.0357142857142857	1.03361552311569	NA	NA	NA	NA	4	72	simulation_replicate	empirical null draw; no per-module interval	NA	NA	NA	NA	NA	NA	NA	NA	NA	NA	NA	NA	NA	NA	NA	NA	NA	NA	NA	NA	NA	NA	NA	NA	NA	NA	NA	NA
null_modules	results/stage10d_tech/STAGE10D_TECH_NULL_MODULE_RESULTS.tsv	776c43d27d133f5dfdbda19e2c071a2a95942d9a403a3e87ae0a43ef3f995826	NULL_MATCHED_M30_0641	30	AFTPH;ATF7IP;BICDL2;CETN2;CLIP1;COX19;CSK;CYHR1;DCAF11;ENOPH1;GNPAT;IFT172;IKZF1;KCNN4;KMT5B;LIPH;MAP1LC3B;MAP2K3;ME2;PLPP2;PLS1;RTCA;STARD3NL;SUPT5H;TRAF4;TRIP12;UBN1;VKORC1;YDJC;ZCCHC10	-0.0246785122362728	0.0238095238095238	1.01690082447541	NA	NA	NA	NA	4	72	simulation_replicate	empirical null draw; no per-module interval	NA	NA	NA	NA	NA	NA	NA	NA	NA	NA	NA	NA	NA	NA	NA	NA	NA	NA	NA	NA	NA	NA	NA	NA	NA	NA	NA	NA
null_modules	results/stage10d_tech/STAGE10D_TECH_NULL_MODULE_RESULTS.tsv	776c43d27d133f5dfdbda19e2c071a2a95942d9a403a3e87ae0a43ef3f995826	NULL_MATCHED_M30_0642	30	ARHGAP18;ARHGAP45;CAB39;CASP7;CD3G;CYHR1;DOCK8;EPB41;ERP44;GALNT7;GNPAT;LDLRAD4;LYN;LYPLA2;MUC12;MUC3A;NR4A2;NRDC;NUDT16L1;PIP4K2A;PPID;SEPT1;SLMAP;SPINT1-AS1;SYTL2;TBC1D10C;TMC6;TRAF4;UBN1;WIPF1	0.0647432280236853	0.0595238095238095	0.997481434571776	NA	NA	NA	NA	4	72	simulation_replicate	empirical null draw; no per-module interval	NA	NA	NA	NA	NA	NA	NA	NA	NA	NA	NA	NA	NA	NA	NA	NA	NA	NA	NA	NA	NA	NA	NA	NA	NA	NA	NA	NA
null_modules	results/stage10d_tech/STAGE10D_TECH_NULL_MODULE_RESULTS.tsv	776c43d27d133f5dfdbda19e2c071a2a95942d9a403a3e87ae0a43ef3f995826	NULL_MATCHED_M30_0643	30	ANKRD44;ANKRD49;ASF1A;ATF7IP;CASP7;CYHR1;DCAF11;GALNT7;HCLS1;HNRNPL;KCNN4;MAL2;MAP2K1;MAP2K3;MLLT6;NCF1;NGLY1;NUDT16L1;PCBD1;PPIE;PPP1R18;RBBP7;RTCA;SEC22B;SEPT1;SPINT1-AS1;TBC1D10C;TOMM5;UBQLN1;YDJC	-0.00022724525677423	0.0238095238095238	1.00311474928618	NA	NA	NA	NA	4	72	simulation_replicate	empirical null draw; no per-module interval	NA	NA	NA	NA	NA	NA	NA	NA	NA	NA	NA	NA	NA	NA	NA	NA	NA	NA	NA	NA	NA	NA	NA	NA	NA	NA	NA	NA
null_modules	results/stage10d_tech/STAGE10D_TECH_NULL_MODULE_RESULTS.tsv	776c43d27d133f5dfdbda19e2c071a2a95942d9a403a3e87ae0a43ef3f995826	NULL_MATCHED_M30_0644	30	AFTPH;ASF1A;ATF7IP;BLVRB;CENPV;CHD7;CXXC5;CYHR1;DDR1;DENND2D;EPB41;GALM;GSKIP;IFT172;IKZF1;MAP2K1;MGAT4B;MLLT6;PCGF5;PLS1;PPID;PRPF40A;RTCA;SEPT1;SIRT7;SLMAP;STARD3NL;STRBP;TMC6;UBN1	-0.0233132974316633	-0.0238095238095238	1.02579757127174	NA	NA	NA	NA	4	72	simulation_replicate	empirical null draw; no per-module interval	NA	NA	NA	NA	NA	NA	NA	NA	NA	NA	NA	NA	NA	NA	NA	NA	NA	NA	NA	NA	NA	NA	NA	NA	NA	NA	NA	NA
null_modules	results/stage10d_tech/STAGE10D_TECH_NULL_MODULE_RESULTS.tsv	776c43d27d133f5dfdbda19e2c071a2a95942d9a403a3e87ae0a43ef3f995826	NULL_MATCHED_M30_0645	30	AFTPH;ATF7IP;BICDL2;BLVRB;CASP7;CEBPZOS;COMT;DDR1;DOCK8;ENOPH1;IKZF1;KMT5B;LYN;MAP2K1;MUC3A;NAPRT;NGLY1;NRDC;NUDT16L1;PIP4K2A;PNKP;SLMAP;SMIM12;STRBP;TMC6;TRAF4;USP3;YIPF2;ZFAND2B;ZNF131	-0.0149159754664437	-0.0119047619047619	0.994744994171053	NA	NA	NA	NA	4	72	simulation_replicate	empirical null draw; no per-module interval	NA	NA	NA	NA	NA	NA	NA	NA	NA	NA	NA	NA	NA	NA	NA	NA	NA	NA	NA	NA	NA	NA	NA	NA	NA	NA	NA	NA
null_modules	results/stage10d_tech/STAGE10D_TECH_NULL_MODULE_RESULTS.tsv	776c43d27d133f5dfdbda19e2c071a2a95942d9a403a3e87ae0a43ef3f995826	NULL_MATCHED_M30_0646	30	ABI1;ACP1;AFTPH;BICDL2;CASP7;CYHR1;DENND2D;DNAJC21;DOCK8;DUS1L;EXOSC1;FAM207A;GALNT3;GALNT7;GRK6;IKZF1;KRTCAP3;LSR;ME2;NCF1;PNKP;POLE3;PSMB8-AS1;RPP25L;SUPT5H;SYTL2;TBC1D10C;YDJC;ZG16B;ZNF131	0.0692351049115132	0	0.98604183377601	NA	NA	NA	NA	4	72	simulation_replicate	empirical null draw; no per-module interval	NA	NA	NA	NA	NA	NA	NA	NA	NA	NA	NA	NA	NA	NA	NA	NA	NA	NA	NA	NA	NA	NA	NA	NA	NA	NA	NA	NA
null_modules	results/stage10d_tech/STAGE10D_TECH_NULL_MODULE_RESULTS.tsv	776c43d27d133f5dfdbda19e2c071a2a95942d9a403a3e87ae0a43ef3f995826	NULL_MATCHED_M30_0647	30	ARHGAP45;ARPC4;ARPP19;BICDL2;CSK;EHF;FAM207A;GALNT3;HNRNPH2;IFT172;KCNN4;KMT5B;LDLRAD4;LYN;LYPLA2;ME2;NCF1;NGLY1;PLS1;PNKP;PPP1R18;PTPN7;RTCA;SEPT1;SIRT7;SYTL2;TBC1D10C;TNRC6B;TRAF4;XPO1	0.0562644034343315	0.0357142857142857	0.990161551918102	NA	NA	NA	NA	4	72	simulation_replicate	empirical null draw; no per-module interval	NA	NA	NA	NA	NA	NA	NA	NA	NA	NA	NA	NA	NA	NA	NA	NA	NA	NA	NA	NA	NA	NA	NA	NA	NA	NA	NA	NA
null_modules	results/stage10d_tech/STAGE10D_TECH_NULL_MODULE_RESULTS.tsv	776c43d27d133f5dfdbda19e2c071a2a95942d9a403a3e87ae0a43ef3f995826	NULL_MATCHED_M30_0648	30	ANKRD44;ANKRD49;CASP7;CCDC88B;CYHR1;CYTIP;DDR1;DOCK8;EPB41;EPS8L2;HSF1;LDLRAD4;LYN;MAP2K1;MLLT6;MUC3A;NUDT16L1;PCGF5;PIP4K2A;PPID;PSMC5;PTPN7;SEC31A;SF3B2;SIRT7;SLMAP;TMC6;UBXN6;USP3;ZNF131	-0.0227435959005666	-0.0595238095238095	1.03888054338098	NA	NA	NA	NA	4	72	simulation_replicate	empirical null draw; no per-module interval	NA	NA	NA	NA	NA	NA	NA	NA	NA	NA	NA	NA	NA	NA	NA	NA	NA	NA	NA	NA	NA	NA	NA	NA	NA	NA	NA	NA
null_modules	results/stage10d_tech/STAGE10D_TECH_NULL_MODULE_RESULTS.tsv	776c43d27d133f5dfdbda19e2c071a2a95942d9a403a3e87ae0a43ef3f995826	NULL_MATCHED_M30_0649	30	ASF1A;ATP6V1E1;CAB39;CHMP3;COX19;CUEDC2;DDR1;DENND2D;DOCK8;ENOPH1;EPB41;EPS8L2;EXOSC1;GALM;GALNT7;GRK6;HNRNPL;IFT172;LDLRAD4;LYN;ME2;MRPL52;NCF1;NUDT16L1;PNKP;PPIL4;PTPN4;RBM26;TRAF4;WIPF1	0.0779487184410921	0.0952380952380953	1.01897575289086	NA	NA	NA	NA	4	72	simulation_replicate	empirical null draw; no per-module interval	NA	NA	NA	NA	NA	NA	NA	NA	NA	NA	NA	NA	NA	NA	NA	NA	NA	NA	NA	NA	NA	NA	NA	NA	NA	NA	NA	NA
null_modules	results/stage10d_tech/STAGE10D_TECH_NULL_MODULE_RESULTS.tsv	776c43d27d133f5dfdbda19e2c071a2a95942d9a403a3e87ae0a43ef3f995826	NULL_MATCHED_M30_0650	30	AKR1A1;BICDL2;CSK;DOCK8;DPY30;DUS1L;EIF4E2;EPB41;GALM;GALNT3;IMMT;MAP2K3;MBD4;OXR1;PARP14;PIP4K2A;PNKP;PPID;RTCA;SIRT7;SLMAP;SPEN;SPINT1-AS1;TBC1D10C;TRAF3IP3;TRIP12;UBN1;USP3;WIPF1;ZNF131	0.0382574476465689	0.0714285714285714	0.990967129398717	NA	NA	NA	NA	4	72	simulation_replicate	empirical null draw; no per-module interval	NA	NA	NA	NA	NA	NA	NA	NA	NA	NA	NA	NA	NA	NA	NA	NA	NA	NA	NA	NA	NA	NA	NA	NA	NA	NA	NA	NA
null_modules	results/stage10d_tech/STAGE10D_TECH_NULL_MODULE_RESULTS.tsv	776c43d27d133f5dfdbda19e2c071a2a95942d9a403a3e87ae0a43ef3f995826	NULL_MATCHED_M30_0651	30	ANXA3;BIRC2;CASP7;CSK;DENND2D;FAM207A;GALNT7;LYN;MAP2K1;MUC3A;NGLY1;PATJ;PIP4K2A;PLS1;POLR2C;PPP1R18;PSMB8-AS1;PTPN4;RPP25L;SEPT1;SETD2;SF3B2;SIRT7;TM9SF2;TMC6;TRIP12;UBE2H;UBN1;USP3;ZNF131	-0.0524065791312772	-0.0595238095238095	1.02048219184907	NA	NA	NA	NA	4	72	simulation_replicate	empirical null draw; no per-module interval	NA	NA	NA	NA	NA	NA	NA	NA	NA	NA	NA	NA	NA	NA	NA	NA	NA	NA	NA	NA	NA	NA	NA	NA	NA	NA	NA	NA
null_modules	results/stage10d_tech/STAGE10D_TECH_NULL_MODULE_RESULTS.tsv	776c43d27d133f5dfdbda19e2c071a2a95942d9a403a3e87ae0a43ef3f995826	NULL_MATCHED_M30_0652	30	ANKRD49;ASF1A;BST2;CCND1;CHD7;CYHR1;DDR1;EEF1E1;EPB41;EPS8L2;FAM96A;GALNT3;GNPAT;GRK6;HCLS1;IKZF1;LDLRAD4;LINC01871;LYN;MAP7;PPP1R18;PSMB8-AS1;RTCA;SEPT1;SIRT7;SPINT1-AS1;STARD3NL;SUPT5H;VPS13C;ZNF131	0.0169668905484255	0.0238095238095238	0.998024723175691	NA	NA	NA	NA	4	72	simulation_replicate	empirical null draw; no per-module interval	NA	NA	NA	NA	NA	NA	NA	NA	NA	NA	NA	NA	NA	NA	NA	NA	NA	NA	NA	NA	NA	NA	NA	NA	NA	NA	NA	NA
null_modules	results/stage10d_tech/STAGE10D_TECH_NULL_MODULE_RESULTS.tsv	776c43d27d133f5dfdbda19e2c071a2a95942d9a403a3e87ae0a43ef3f995826	NULL_MATCHED_M30_0653	30	ARHGAP45;CAB39;CARHSP1;CHD7;COX19;DOCK8;ENOPH1;FAM207A;GALNT7;GTF2E2;ITFG1;KCNN4;KMT5B;LIPH;MAP2K1;MAP2K3;NCF1;NORAD;PCGF5;PSMB8-AS1;RBM26;SEC31A;SIRT7;SLMAP;STRBP;TRAF4;TRIP12;UBALD2;USP3;WIPF1	-0.0641637013003659	-0.0476190476190476	1.04301172215209	NA	NA	NA	NA	4	72	simulation_replicate	empirical null draw; no per-module interval	NA	NA	NA	NA	NA	NA	NA	NA	NA	NA	NA	NA	NA	NA	NA	NA	NA	NA	NA	NA	NA	NA	NA	NA	NA	NA	NA	NA
null_modules	results/stage10d_tech/STAGE10D_TECH_NULL_MODULE_RESULTS.tsv	776c43d27d133f5dfdbda19e2c071a2a95942d9a403a3e87ae0a43ef3f995826	NULL_MATCHED_M30_0654	30	BIRC2;CAB39;COX19;CSK;CYHR1;DCAF11;ENOPH1;EPS8L2;GNPAT;HCLS1;HNRNPL;IFT172;IST1;KMT5B;LDLRAD4;LSM8;LYPLA2;MAP7;MUC3A;PCGF5;POLR2K;PTPN7;RTCA;SETD2;SPINT1-AS1;TRAF4;TRBC2;UBQLN1;USP3;YDJC	-0.0119067851877964	-0.0833333333333333	1.02081174128367	NA	NA	NA	NA	4	72	simulation_replicate	empirical null draw; no per-module interval	NA	NA	NA	NA	NA	NA	NA	NA	NA	NA	NA	NA	NA	NA	NA	NA	NA	NA	NA	NA	NA	NA	NA	NA	NA	NA	NA	NA
null_modules	results/stage10d_tech/STAGE10D_TECH_NULL_MODULE_RESULTS.tsv	776c43d27d133f5dfdbda19e2c071a2a95942d9a403a3e87ae0a43ef3f995826	NULL_MATCHED_M30_0655	30	ANKRD44;ARHGAP45;BICDL2;CAB39;CASP7;CHMP3;DDR1;GALNT7;KMT5B;MAP7;MLLT6;MSH3;NCF1;NUDT16L1;OLA1;PAFAH1B2;PNKP;PPP1R18;PTPN4;RBM26;RPP25L;SEPT1;STRBP;TBC1D10C;TMC6;TMEM106C;TRAF3IP3;UBN1;USP3;WBP11	0.034010917501615	0.0238095238095238	1.00648588389547	NA	NA	NA	NA	4	72	simulation_replicate	empirical null draw; no per-module interval	NA	NA	NA	NA	NA	NA	NA	NA	NA	NA	NA	NA	NA	NA	NA	NA	NA	NA	NA	NA	NA	NA	NA	NA	NA	NA	NA	NA
null_modules	results/stage10d_tech/STAGE10D_TECH_NULL_MODULE_RESULTS.tsv	776c43d27d133f5dfdbda19e2c071a2a95942d9a403a3e87ae0a43ef3f995826	NULL_MATCHED_M30_0656	30	BICDL2;CASP7;COPS4;CSK;CTDNEP1;DENND2D;ENOPH1;EPS8L2;FAM207A;GTF2E2;HCLS1;HMG20B;HNRNPL;IFT172;KCNN4;LDLRAD4;LRPAP1;MAP2K3;MAP7;MSH3;NDUFA10;PATJ;POLR2H;PPID;PPP1R18;RTCA;TRIP12;UBN1;UNC50;USP3	0.0207176920039486	-0.0119047619047619	1.00392357904849	NA	NA	NA	NA	4	72	simulation_replicate	empirical null draw; no per-module interval	NA	NA	NA	NA	NA	NA	NA	NA	NA	NA	NA	NA	NA	NA	NA	NA	NA	NA	NA	NA	NA	NA	NA	NA	NA	NA	NA	NA
null_modules	results/stage10d_tech/STAGE10D_TECH_NULL_MODULE_RESULTS.tsv	776c43d27d133f5dfdbda19e2c071a2a95942d9a403a3e87ae0a43ef3f995826	NULL_MATCHED_M30_0657	30	ANKRD44;ARPC4;ASF1A;BCL11A;CAB39;COPS4;CTDNEP1;CYHR1;DCAF11;DOCK8;GALNT3;GALNT7;GTF2E2;IFT172;ILF2;KMT5B;MAP7;MUC1;NCF1;PATJ;PCGF5;PNKP;PPID;PTPN7;RPP25L;TIMMDC1;TMC6;TRAF4;UBN1;WIPF1	0.0415172081520887	0.0357142857142857	1.02072108568003	NA	NA	NA	NA	4	72	simulation_replicate	empirical null draw; no per-module interval	NA	NA	NA	NA	NA	NA	NA	NA	NA	NA	NA	NA	NA	NA	NA	NA	NA	NA	NA	NA	NA	NA	NA	NA	NA	NA	NA	NA
null_modules	results/stage10d_tech/STAGE10D_TECH_NULL_MODULE_RESULTS.tsv	776c43d27d133f5dfdbda19e2c071a2a95942d9a403a3e87ae0a43ef3f995826	NULL_MATCHED_M30_0658	30	AFF4;ASF1A;CD7;CHD7;DOCK8;DUS1L;ENOPH1;GALNT7;GNPAT;GOLGB1;LDLRAD4;LYN;MAP7;ME2;MLLT6;MUC3A;NGLY1;PPID;PPP1R18;PTPN4;PTPN7;RSU1;RTCA;SIRT7;SPEN;SPOP;SUPT5H;TRAF4;TSG101;ZNF131	0.0282568775209599	0.0119047619047619	0.976917020983571	NA	NA	NA	NA	4	72	simulation_replicate	empirical null draw; no per-module interval	NA	NA	NA	NA	NA	NA	NA	NA	NA	NA	NA	NA	NA	NA	NA	NA	NA	NA	NA	NA	NA	NA	NA	NA	NA	NA	NA	NA
null_modules	results/stage10d_tech/STAGE10D_TECH_NULL_MODULE_RESULTS.tsv	776c43d27d133f5dfdbda19e2c071a2a95942d9a403a3e87ae0a43ef3f995826	NULL_MATCHED_M30_0659	30	AFTPH;ARHGAP45;CAB39;CHD7;COX19;CYHR1;DCAF11;DOCK8;EMG1;ENOPH1;GALM;IFT172;LYN;MAP7;MUC3A;NORAD;NUCB2;PATJ;PCGF5;PDZK1IP1;PPP1R16A;PPP1R18;SIRT7;SPEN;STARD3NL;SUPT5H;TBC1D10C;TMC6;WBP11;WIPF1	0.0546206314780238	0	0.977528052193394	NA	NA	NA	NA	4	72	simulation_replicate	empirical null draw; no per-module interval	NA	NA	NA	NA	NA	NA	NA	NA	NA	NA	NA	NA	NA	NA	NA	NA	NA	NA	NA	NA	NA	NA	NA	NA	NA	NA	NA	NA
null_modules	results/stage10d_tech/STAGE10D_TECH_NULL_MODULE_RESULTS.tsv	776c43d27d133f5dfdbda19e2c071a2a95942d9a403a3e87ae0a43ef3f995826	NULL_MATCHED_M30_0660	30	AAK1;AFTPH;CASP7;CUEDC2;DCAF11;DENND2D;DOCK8;DPP7;GALNT3;GALNT7;GNPAT;GTF2E2;HNRNPL;IKZF1;KMT5B;LDLRAD4;MAP7;MYH14;PIP4K2A;PNKP;PSMB8-AS1;RTN3;SEPT1;STRBP;SUPT5H;TMC6;TOB1;UBN1;YDJC;ZNF131	0.0049673502308809	0.0476190476190476	1.00924132585312	NA	NA	NA	NA	4	72	simulation_replicate	empirical null draw; no per-module interval	NA	NA	NA	NA	NA	NA	NA	NA	NA	NA	NA	NA	NA	NA	NA	NA	NA	NA	NA	NA	NA	NA	NA	NA	NA	NA	NA	NA
null_modules	results/stage10d_tech/STAGE10D_TECH_NULL_MODULE_RESULTS.tsv	776c43d27d133f5dfdbda19e2c071a2a95942d9a403a3e87ae0a43ef3f995826	NULL_MATCHED_M30_0661	30	AAK1;ANKRD44;ANXA3;ARHGAP18;ATF7IP;CAB39;CCDC88B;CHD7;COX19;DDR1;FAM207A;GALNT7;GNPAT;HMG20B;HNRNPL;MAP2K3;MAP7;ME2;MUC3A;NGLY1;PCGF5;RBBP7;RTCA;SETD2;STARD3NL;SYTL2;TBC1D10C;TSTA3;WIPF1;YDJC	-0.0527470563806786	-0.0952380952380953	1.0185692956944	NA	NA	NA	NA	4	72	simulation_replicate	empirical null draw; no per-module interval	NA	NA	NA	NA	NA	NA	NA	NA	NA	NA	NA	NA	NA	NA	NA	NA	NA	NA	NA	NA	NA	NA	NA	NA	NA	NA	NA	NA
null_modules	results/stage10d_tech/STAGE10D_TECH_NULL_MODULE_RESULTS.tsv	776c43d27d133f5dfdbda19e2c071a2a95942d9a403a3e87ae0a43ef3f995826	NULL_MATCHED_M30_0662	30	ATF7IP;AUP1;CAB39;CASP7;CSNK1D;CYHR1;DOCK8;DUS1L;EPS8L2;GALM;GTF2E2;IMPA2;MAP2K3;MLLT6;NCF1;NR4A2;PATJ;PSMB8-AS1;PTPN7;SEPT1;SIRT7;SLC22A18;SLMAP;STARD3NL;STRBP;TOMM5;TRAF3IP3;UBE2B;UBN1;USP3	-0.0280356409772216	-0.0119047619047619	1.02058295264049	NA	NA	NA	NA	4	72	simulation_replicate	empirical null draw; no per-module interval	NA	NA	NA	NA	NA	NA	NA	NA	NA	NA	NA	NA	NA	NA	NA	NA	NA	NA	NA	NA	NA	NA	NA	NA	NA	NA	NA	NA
null_modules	results/stage10d_tech/STAGE10D_TECH_NULL_MODULE_RESULTS.tsv	776c43d27d133f5dfdbda19e2c071a2a95942d9a403a3e87ae0a43ef3f995826	NULL_MATCHED_M30_0663	30	AFTPH;ASF1A;C12orf10;CYHR1;DENND2D;ENOPH1;EPB41;GALNT3;GOLM1;GRK6;GTF2E2;IFT172;ISOC2;MAP2K1;MAP7;ME2;MLLT6;MUC12;MUC3A;NGLY1;NUDT16L1;PCGF5;PTPN4;SETD2;SYTL2;UBQLN1;UBXN6;WIPF1;YDJC;ZNF131	0.0951452403822632	0.0476190476190476	1.01491300955174	NA	NA	NA	NA	4	72	simulation_replicate	empirical null draw; no per-module interval	NA	NA	NA	NA	NA	NA	NA	NA	NA	NA	NA	NA	NA	NA	NA	NA	NA	NA	NA	NA	NA	NA	NA	NA	NA	NA	NA	NA
null_modules	results/stage10d_tech/STAGE10D_TECH_NULL_MODULE_RESULTS.tsv	776c43d27d133f5dfdbda19e2c071a2a95942d9a403a3e87ae0a43ef3f995826	NULL_MATCHED_M30_0664	30	AAK1;ANKRD49;ASF1A;CASP7;FAM207A;FKBP4;GALM;GNPAT;GRK6;GTF2E2;IKZF1;KCNN4;KMT5B;MAP2K1;MLLT6;NPM3;PGLS;PPID;PPP1R18;PTPN4;PTPN7;QSOX1;RTCA;SEPT1;SIRT7;SPEN;SPINT1-AS1;UBN1;USP47;WIPF1	-0.0478333639619698	-0.0238095238095238	1.01455443285507	NA	NA	NA	NA	4	72	simulation_replicate	empirical null draw; no per-module interval	NA	NA	NA	NA	NA	NA	NA	NA	NA	NA	NA	NA	NA	NA	NA	NA	NA	NA	NA	NA	NA	NA	NA	NA	NA	NA	NA	NA
null_modules	results/stage10d_tech/STAGE10D_TECH_NULL_MODULE_RESULTS.tsv	776c43d27d133f5dfdbda19e2c071a2a95942d9a403a3e87ae0a43ef3f995826	NULL_MATCHED_M30_0665	30	ANKRD44;ASF1A;CASP7;CLDND1;COX19;DDR1;EPS8L2;EWSR1;FAM200B;GRK6;GTF2E2;HCLS1;IFT172;LDLRAD4;LYN;MAP2K3;MAP7;ME2;MRPL16;MRPL52;MUC3A;PATJ;PLS1;PPID;PTPN4;TMEM30A;TRAF3IP3;TRIP12;YDJC;ZNF131	-0.0260117593001183	-0.0714285714285714	1.02044631483994	NA	NA	NA	NA	4	72	simulation_replicate	empirical null draw; no per-module interval	NA	NA	NA	NA	NA	NA	NA	NA	NA	NA	NA	NA	NA	NA	NA	NA	NA	NA	NA	NA	NA	NA	NA	NA	NA	NA	NA	NA
null_modules	results/stage10d_tech/STAGE10D_TECH_NULL_MODULE_RESULTS.tsv	776c43d27d133f5dfdbda19e2c071a2a95942d9a403a3e87ae0a43ef3f995826	NULL_MATCHED_M30_0666	30	ANKRD49;ASF1A;CCDC88B;COPS4;CYHR1;DCAF11;DCTN6;DDR1;EPS8L2;FAM207A;GIPC1;HMG20B;HNRNPL;IVNS1ABP;LYPLA2;MLLT6;PATJ;PIP4K2A;POLR2K;PSMB8-AS1;PTPN4;PTPN7;RBBP7;RPP25L;SEPT1;SIRT7;SPEN;STRBP;TBC1D10C;UBN1	0.022166871092232	0	1.00802555261208	NA	NA	NA	NA	4	72	simulation_replicate	empirical null draw; no per-module interval	NA	NA	NA	NA	NA	NA	NA	NA	NA	NA	NA	NA	NA	NA	NA	NA	NA	NA	NA	NA	NA	NA	NA	NA	NA	NA	NA	NA
null_modules	results/stage10d_tech/STAGE10D_TECH_NULL_MODULE_RESULTS.tsv	776c43d27d133f5dfdbda19e2c071a2a95942d9a403a3e87ae0a43ef3f995826	NULL_MATCHED_M30_0667	30	AIP;CASP7;CCDC88B;COX19;DCAF11;DENND2D;ENOPH1;GALNT7;GSKIP;GTF2E2;IFT172;KMT5B;LSR;MAP7;ME2;MLLT6;MSH3;MUC3A;NUDT16L1;NUDT5;PLS1;PNKP;POP5;PPP1R18;PTPN4;PTPN7;RTCA;SLMAP;SUCLG2;YDJC	0.0175359308103474	0.0119047619047619	1.0218859579145	NA	NA	NA	NA	4	72	simulation_replicate	empirical null draw; no per-module interval	NA	NA	NA	NA	NA	NA	NA	NA	NA	NA	NA	NA	NA	NA	NA	NA	NA	NA	NA	NA	NA	NA	NA	NA	NA	NA	NA	NA
null_modules	results/stage10d_tech/STAGE10D_TECH_NULL_MODULE_RESULTS.tsv	776c43d27d133f5dfdbda19e2c071a2a95942d9a403a3e87ae0a43ef3f995826	NULL_MATCHED_M30_0668	30	ANKRD44;ASF1A;ASS1;BICDL2;CLIP1;COX19;CYHR1;DDR1;DENND2D;DHPS;DUS1L;EPB41;EPS8L2;GALM;GRK6;HCLS1;KCNN4;MAP2K1;MAP2K3;NGLY1;PDZD8;PIP4K2A;PSMB8-AS1;PTPRC;RBPJ;RPP25L;STARD3NL;TMC6;TRAF3IP3;ZNF131	0.00792807404057744	0.0476190476190476	0.987474540375521	NA	NA	NA	NA	4	72	simulation_replicate	empirical null draw; no per-module interval	NA	NA	NA	NA	NA	NA	NA	NA	NA	NA	NA	NA	NA	NA	NA	NA	NA	NA	NA	NA	NA	NA	NA	NA	NA	NA	NA	NA
null_modules	results/stage10d_tech/STAGE10D_TECH_NULL_MODULE_RESULTS.tsv	776c43d27d133f5dfdbda19e2c071a2a95942d9a403a3e87ae0a43ef3f995826	NULL_MATCHED_M30_0669	30	ABHD11;ARHGAP45;ATF7IP;BICDL2;COX19;DOCK8;FAM207A;GSKIP;HCLS1;IFT172;LYN;MAP7;ME2;MLLT6;MSH3;MUC3A;NCF1;NGLY1;NQO1;NUDT16L1;PCGF5;PPP4C;RPP25L;SETD2;STX4;TMC6;TRPM4;UBN1;USP3;WIPF1	-0.10804331765877	-0.107142857142857	1.02282955741295	NA	NA	NA	NA	4	72	simulation_replicate	empirical null draw; no per-module interval	NA	NA	NA	NA	NA	NA	NA	NA	NA	NA	NA	NA	NA	NA	NA	NA	NA	NA	NA	NA	NA	NA	NA	NA	NA	NA	NA	NA
null_modules	results/stage10d_tech/STAGE10D_TECH_NULL_MODULE_RESULTS.tsv	776c43d27d133f5dfdbda19e2c071a2a95942d9a403a3e87ae0a43ef3f995826	NULL_MATCHED_M30_0670	30	ARHGAP45;BICDL2;COX19;CSK;GNPAT;GRPEL1;GTF2E2;HCLS1;IKZF1;LDLRAD4;LYN;LYPLA2;MAP7;MLLT6;NCF1;PIP4K2A;PLPP2;PLS1;PPCS;PPID;PPP4C;RTCA;SAFB2;SEPT1;SPEN;SPINT1-AS1;STRBP;TRAF3IP3;UBXN6;USP3	-0.00904957450650035	0.0119047619047619	1.02398774309116	NA	NA	NA	NA	4	72	simulation_replicate	empirical null draw; no per-module interval	NA	NA	NA	NA	NA	NA	NA	NA	NA	NA	NA	NA	NA	NA	NA	NA	NA	NA	NA	NA	NA	NA	NA	NA	NA	NA	NA	NA
null_modules	results/stage10d_tech/STAGE10D_TECH_NULL_MODULE_RESULTS.tsv	776c43d27d133f5dfdbda19e2c071a2a95942d9a403a3e87ae0a43ef3f995826	NULL_MATCHED_M30_0671	30	AKR1A1;ANXA3;ARHGAP45;ATF7IP;CASP7;CCDC88B;CD3G;CLIP1;CLPTM1L;DOCK8;EEF1E1;EPS8L2;GALNT7;HNRNPL;IKZF1;KCNN4;LYPLA2;MLLT6;MSH3;MUC12;PPP1R18;PTPN7;RPP25L;SEPT1;SLMAP;STRBP;SUPT5H;TRAF3IP3;TRIP12;ZNF131	-0.0677124413942261	-0.0119047619047619	1.03765728771262	NA	NA	NA	NA	4	72	simulation_replicate	empirical null draw; no per-module interval	NA	NA	NA	NA	NA	NA	NA	NA	NA	NA	NA	NA	NA	NA	NA	NA	NA	NA	NA	NA	NA	NA	NA	NA	NA	NA	NA	NA
null_modules	results/stage10d_tech/STAGE10D_TECH_NULL_MODULE_RESULTS.tsv	776c43d27d133f5dfdbda19e2c071a2a95942d9a403a3e87ae0a43ef3f995826	NULL_MATCHED_M30_0672	30	ARHGAP45;ATF7IP;CASP7;CYHR1;DCAF11;DDR1;DNAJC21;DOCK8;FAM207A;GALNT7;GIPC1;GNPAT;KCNN4;MAP2K3;MUC12;MUC3A;NDUFA10;NGLY1;PIP4K2A;PPP4R3B;PTPN4;PTPN7;SETD2;SIRT7;SPINT1-AS1;STARD3NL;SYTL2;USP3;YDJC;ZCCHC10	-0.0492225155744562	-0.0119047619047619	1.03354843375586	NA	NA	NA	NA	4	72	simulation_replicate	empirical null draw; no per-module interval	NA	NA	NA	NA	NA	NA	NA	NA	NA	NA	NA	NA	NA	NA	NA	NA	NA	NA	NA	NA	NA	NA	NA	NA	NA	NA	NA	NA
null_modules	results/stage10d_tech/STAGE10D_TECH_NULL_MODULE_RESULTS.tsv	776c43d27d133f5dfdbda19e2c071a2a95942d9a403a3e87ae0a43ef3f995826	NULL_MATCHED_M30_0673	30	ARHGAP45;ARPC4;CCDC88B;CCND1;CHD7;DCAF11;DDB1;DDR1;DENND2D;DOCK8;GALM;GRPEL1;GYPC;HNRNPL;LSM10;MSH3;PATJ;PIP4K2A;PLS1;PPP1R18;PTPN4;RTCA;SPEN;SPINT1-AS1;STARD3NL;SUPT5H;SYTL2;TMC6;TRAF3IP3;TRIP12	0.0579366441982983	0.0238095238095238	0.997607552952358	NA	NA	NA	NA	4	72	simulation_replicate	empirical null draw; no per-module interval	NA	NA	NA	NA	NA	NA	NA	NA	NA	NA	NA	NA	NA	NA	NA	NA	NA	NA	NA	NA	NA	NA	NA	NA	NA	NA	NA	NA
null_modules	results/stage10d_tech/STAGE10D_TECH_NULL_MODULE_RESULTS.tsv	776c43d27d133f5dfdbda19e2c071a2a95942d9a403a3e87ae0a43ef3f995826	NULL_MATCHED_M30_0674	30	AFTPH;ARHGAP45;ATF7IP;BIN1;COX19;CYTIP;DCAF11;DENND2D;DOCK8;DUS1L;EPS8L2;FKBP4;GTF2E2;HCLS1;LDLRAD4;MAP7;NUDT16L1;PNKP;PTPN7;SEPT1;SETD2;SLMAP;SPEN;SPINT1-AS1;STARD3NL;TCEAL9;UBN1;USP1;USP3;VGLL4	-0.0893399992337776	-0.0714285714285714	1.03977032581569	NA	NA	NA	NA	4	72	simulation_replicate	empirical null draw; no per-module interval	NA	NA	NA	NA	NA	NA	NA	NA	NA	NA	NA	NA	NA	NA	NA	NA	NA	NA	NA	NA	NA	NA	NA	NA	NA	NA	NA	NA
null_modules	results/stage10d_tech/STAGE10D_TECH_NULL_MODULE_RESULTS.tsv	776c43d27d133f5dfdbda19e2c071a2a95942d9a403a3e87ae0a43ef3f995826	NULL_MATCHED_M30_0675	30	AFTPH;ASF1A;ATF7IP;CAB39;CCNC;CHCHD1;CHD7;CYHR1;DENND2D;ENOPH1;GNPAT;GTF2E2;HCLS1;IFT172;MAP2K3;MAP7;MLLT6;MSH3;NUCB2;PNKP;PPID;PTPN7;RUVBL2;SIRT7;SLMAP;SYTL2;TECR;USP22;USP3;ZNF131	-0.00751696899264063	-0.0714285714285714	1.01365841999206	NA	NA	NA	NA	4	72	simulation_replicate	empirical null draw; no per-module interval	NA	NA	NA	NA	NA	NA	NA	NA	NA	NA	NA	NA	NA	NA	NA	NA	NA	NA	NA	NA	NA	NA	NA	NA	NA	NA	NA	NA
null_modules	results/stage10d_tech/STAGE10D_TECH_NULL_MODULE_RESULTS.tsv	776c43d27d133f5dfdbda19e2c071a2a95942d9a403a3e87ae0a43ef3f995826	NULL_MATCHED_M30_0676	30	CSK;DDR1;DENND2D;DOCK8;DPP7;EPB41;GALM;GNAI2;GRK6;IKZF1;LDLRAD4;MAP2K3;MSH3;MUC12;NUDT16L1;PATJ;PNKP;PPID;PPP1R18;RTCA;SETD2;SMCO4;SPINT1-AS1;STRBP;SUPT5H;SYTL2;TNPO1;TRIP12;TST;USP3	0.0546413070805059	0	0.98509263473804	NA	NA	NA	NA	4	72	simulation_replicate	empirical null draw; no per-module interval	NA	NA	NA	NA	NA	NA	NA	NA	NA	NA	NA	NA	NA	NA	NA	NA	NA	NA	NA	NA	NA	NA	NA	NA	NA	NA	NA	NA
null_modules	results/stage10d_tech/STAGE10D_TECH_NULL_MODULE_RESULTS.tsv	776c43d27d133f5dfdbda19e2c071a2a95942d9a403a3e87ae0a43ef3f995826	NULL_MATCHED_M30_0677	30	ARHGAP45;ATF7IP;BST2;CAB39;CASP7;CYHR1;DENND2D;DOCK8;EPS8L2;GALNT7;GNPAT;GOLM1;GTF2E2;HNRNPL;LDLRAD4;LUC7L2;ME2;MSH3;NUDT16L1;PCGF5;PDZK1IP1;PLS1;PSMB8-AS1;SDC1;SEPT1;SETD2;SLMAP;TMC6;UBN1;VGLL4	-0.134846950439463	-0.130952380952381	1.03297728368267	NA	NA	NA	NA	4	72	simulation_replicate	empirical null draw; no per-module interval	NA	NA	NA	NA	NA	NA	NA	NA	NA	NA	NA	NA	NA	NA	NA	NA	NA	NA	NA	NA	NA	NA	NA	NA	NA	NA	NA	NA
null_modules	results/stage10d_tech/STAGE10D_TECH_NULL_MODULE_RESULTS.tsv	776c43d27d133f5dfdbda19e2c071a2a95942d9a403a3e87ae0a43ef3f995826	NULL_MATCHED_M30_0678	30	ARHGAP45;BICDL2;COX19;GALM;GTF2E2;HNRNPL;IFI27L2;IKZF1;MAP2K1;ME2;MTCH2;MUM1;NCF1;NUDT16L1;PATJ;PDZK1IP1;PIP4K2A;PPID;PTPN4;SETD2;SPEN;SPINT1-AS1;SRPRB;TBC1D10C;TMC6;TRAF3IP3;TRAF4;YDJC;YIPF2;ZNF131	-0.0348113922968783	-0.0476190476190476	1.01888471169663	NA	NA	NA	NA	4	72	simulation_replicate	empirical null draw; no per-module interval	NA	NA	NA	NA	NA	NA	NA	NA	NA	NA	NA	NA	NA	NA	NA	NA	NA	NA	NA	NA	NA	NA	NA	NA	NA	NA	NA	NA
null_modules	results/stage10d_tech/STAGE10D_TECH_NULL_MODULE_RESULTS.tsv	776c43d27d133f5dfdbda19e2c071a2a95942d9a403a3e87ae0a43ef3f995826	NULL_MATCHED_M30_0679	30	AGPAT2;ANKRD49;ARHGAP45;COX19;DDIT4;DOCK8;EPB41;EXOSC8;GALM;GALNT7;GNPAT;HNRNPL;IFT172;LYN;MAP2K3;MSH3;MUC3A;PLS1;PPID;RTCA;SDC4;SETD2;SLMAP;SPINT1-AS1;STRBP;TBC1D10C;TMC6;TMEM106C;UBE2L6;YDJC	-0.013493145805694	0.0238095238095238	0.977965505794505	NA	NA	NA	NA	4	72	simulation_replicate	empirical null draw; no per-module interval	NA	NA	NA	NA	NA	NA	NA	NA	NA	NA	NA	NA	NA	NA	NA	NA	NA	NA	NA	NA	NA	NA	NA	NA	NA	NA	NA	NA
null_modules	results/stage10d_tech/STAGE10D_TECH_NULL_MODULE_RESULTS.tsv	776c43d27d133f5dfdbda19e2c071a2a95942d9a403a3e87ae0a43ef3f995826	NULL_MATCHED_M30_0680	30	ARHGAP45;ATF7IP;CASP7;CCSER2;CD2;CDK13;DENND2D;DPY30;EPB41;EPS8L2;EXOSC1;FAM207A;GALNT3;GGH;GNPAT;GRK6;HCLS1;LYN;MAP2K3;MTIF3;MZT1;NCF1;PCGF5;PIP4K2A;STARD3NL;STRBP;TRAF4;TRIP12;UBN1;YDJC	-0.00750882647061771	-0.0238095238095238	1.02718370242157	NA	NA	NA	NA	4	72	simulation_replicate	empirical null draw; no per-module interval	NA	NA	NA	NA	NA	NA	NA	NA	NA	NA	NA	NA	NA	NA	NA	NA	NA	NA	NA	NA	NA	NA	NA	NA	NA	NA	NA	NA
null_modules	results/stage10d_tech/STAGE10D_TECH_NULL_MODULE_RESULTS.tsv	776c43d27d133f5dfdbda19e2c071a2a95942d9a403a3e87ae0a43ef3f995826	NULL_MATCHED_M30_0681	30	ACP1;AFF4;ATF7IP;CYHR1;DCAF11;DDR1;DENND2D;EPB41;EPS8L2;EXOSC8;GALNT7;GOLM1;HNRNPL;IFT172;IKZF1;ME2;MLLT6;NCF1;NUDT16L1;PCGF5;PTPN4;SEPT1;SETD2;SIRT7;SYTL2;TDP2;TNPO1;UBN1;USP3;ZNF131	-0.0221301779675817	0.0357142857142857	1.04133183541928	NA	NA	NA	NA	4	72	simulation_replicate	empirical null draw; no per-module interval	NA	NA	NA	NA	NA	NA	NA	NA	NA	NA	NA	NA	NA	NA	NA	NA	NA	NA	NA	NA	NA	NA	NA	NA	NA	NA	NA	NA
null_modules	results/stage10d_tech/STAGE10D_TECH_NULL_MODULE_RESULTS.tsv	776c43d27d133f5dfdbda19e2c071a2a95942d9a403a3e87ae0a43ef3f995826	NULL_MATCHED_M30_0682	30	AAK1;ARHGAP45;BICDL2;CAB39;CCDC88B;CHD7;DUS1L;ENOPH1;FERMT1;GOLM1;GRPEL1;GTF2E2;KMT5B;LDLRAD4;LYPLA2;MAP2K1;MAP2K3;ME2;MUC3A;MZT1;PATJ;RPP25L;SIRT7;SPINT1-AS1;STRAP;TBC1D10C;TMC6;TMEM30A;TRIP12;USP3	0.0407573623409401	-0.0595238095238095	0.973194133816028	NA	NA	NA	NA	4	72	simulation_replicate	empirical null draw; no per-module interval	NA	NA	NA	NA	NA	NA	NA	NA	NA	NA	NA	NA	NA	NA	NA	NA	NA	NA	NA	NA	NA	NA	NA	NA	NA	NA	NA	NA
null_modules	results/stage10d_tech/STAGE10D_TECH_NULL_MODULE_RESULTS.tsv	776c43d27d133f5dfdbda19e2c071a2a95942d9a403a3e87ae0a43ef3f995826	NULL_MATCHED_M30_0683	30	AFF4;ARHGAP45;ASF1A;ATF7IP;AUP1;CASP7;CD37;CHD7;DOCK8;EEF1E1;EPB41;GALNT7;IFT172;KMT5B;MAP2K1;ME2;PARP14;PATJ;PCGF5;PSMB8-AS1;RPP25L;SEPT1;SPINT1-AS1;STARD3NL;TMC6;TNPO1;TRAF3IP3;UBN1;WIPF1;YY1	-0.0570810525321624	-0.0714285714285714	1.00964394230013	NA	NA	NA	NA	4	72	simulation_replicate	empirical null draw; no per-module interval	NA	NA	NA	NA	NA	NA	NA	NA	NA	NA	NA	NA	NA	NA	NA	NA	NA	NA	NA	NA	NA	NA	NA	NA	NA	NA	NA	NA
null_modules	results/stage10d_tech/STAGE10D_TECH_NULL_MODULE_RESULTS.tsv	776c43d27d133f5dfdbda19e2c071a2a95942d9a403a3e87ae0a43ef3f995826	NULL_MATCHED_M30_0684	30	AFTPH;ARHGAP45;ASF1A;BICDL2;CAB39;CD7;CHD7;CSK;DOCK8;EPS8L2;GALM;GALNT3;GALNT7;GTF2E2;MAP2K1;MAP2K2;MUC3A;NGLY1;PAFAH1B2;PATJ;PCSK7;PPID;PTPN4;PTPN7;SETD2;SMC1A;STRBP;TRIP12;USP3;USP47	0.0115159648086713	-0.0357142857142857	1.04426872696166	NA	NA	NA	NA	4	72	simulation_replicate	empirical null draw; no per-module interval	NA	NA	NA	NA	NA	NA	NA	NA	NA	NA	NA	NA	NA	NA	NA	NA	NA	NA	NA	NA	NA	NA	NA	NA	NA	NA	NA	NA
null_modules	results/stage10d_tech/STAGE10D_TECH_NULL_MODULE_RESULTS.tsv	776c43d27d133f5dfdbda19e2c071a2a95942d9a403a3e87ae0a43ef3f995826	NULL_MATCHED_M30_0685	30	AFTPH;ANKRD49;ARHGAP45;BICDL2;BOLA3;CASP7;COX19;DENND2D;FAM207A;GNPAT;GTF2E2;HCLS1;HNRNPL;LONP2;MAP7;ME2;PCGF5;PTPN4;PTPN6;PTPN7;RARS;RPP25L;SIRT7;SPINT1-AS1;SUCLG2;SYTL2;TRAF4;UFM1;WIPF1;ZNF131	-0.0569424617320844	-0.0238095238095238	1.02873651336498	NA	NA	NA	NA	4	72	simulation_replicate	empirical null draw; no per-module interval	NA	NA	NA	NA	NA	NA	NA	NA	NA	NA	NA	NA	NA	NA	NA	NA	NA	NA	NA	NA	NA	NA	NA	NA	NA	NA	NA	NA
null_modules	results/stage10d_tech/STAGE10D_TECH_NULL_MODULE_RESULTS.tsv	776c43d27d133f5dfdbda19e2c071a2a95942d9a403a3e87ae0a43ef3f995826	NULL_MATCHED_M30_0686	30	AGPAT2;ARHGAP18;ARHGAP45;ATF7IP;CHMP3;COX19;DCAF11;DENND2D;DOCK8;FAM207A;GALM;HNRNPL;IFT172;ME2;NDUFAF3;PATJ;POP5;PPP1R18;PTPN7;RAB5A;RPP25L;RTCA;SEPT1;SIRT7;STRBP;SYTL2;TRAF3IP3;UBN1;USP3;WIPF1	-0.00312645773548078	-0.0119047619047619	1.01501683302615	NA	NA	NA	NA	4	72	simulation_replicate	empirical null draw; no per-module interval	NA	NA	NA	NA	NA	NA	NA	NA	NA	NA	NA	NA	NA	NA	NA	NA	NA	NA	NA	NA	NA	NA	NA	NA	NA	NA	NA	NA
null_modules	results/stage10d_tech/STAGE10D_TECH_NULL_MODULE_RESULTS.tsv	776c43d27d133f5dfdbda19e2c071a2a95942d9a403a3e87ae0a43ef3f995826	NULL_MATCHED_M30_0687	30	AGPAT2;ANKRD44;ANKRD49;ATIC;BIRC2;CEP57;DYNC1H1;EPS8L2;FAM207A;GALNT3;GRK6;KCNN4;LYN;MAP7;MUC3A;NGLY1;PCGF5;PLS1;PTPN4;RPA2;RPP25L;RTCA;SIRT7;SLMAP;STARD3NL;STRBP;SUCLG1;SYTL2;UBN1;USP3	0.0478176945469038	0.0595238095238095	1.00995190833016	NA	NA	NA	NA	4	72	simulation_replicate	empirical null draw; no per-module interval	NA	NA	NA	NA	NA	NA	NA	NA	NA	NA	NA	NA	NA	NA	NA	NA	NA	NA	NA	NA	NA	NA	NA	NA	NA	NA	NA	NA
null_modules	results/stage10d_tech/STAGE10D_TECH_NULL_MODULE_RESULTS.tsv	776c43d27d133f5dfdbda19e2c071a2a95942d9a403a3e87ae0a43ef3f995826	NULL_MATCHED_M30_0688	30	ALKBH5;ANKRD44;ASF1A;CAB39;DCAF11;DDX39A;DIAPH1;DOCK8;ENOPH1;EPB41;FKBP3;GALM;GRK6;HNRNPL;MALSU1;MAP2K3;NCF1;NOP58;PATJ;RPP25L;RTCA;SETD2;SIRT7;SPEN;STARD3NL;STRBP;SUPT5H;TRAF4;YDJC;ZC3H15	-0.0998244323294238	-0.0714285714285714	1.00257737205391	NA	NA	NA	NA	4	72	simulation_replicate	empirical null draw; no per-module interval	NA	NA	NA	NA	NA	NA	NA	NA	NA	NA	NA	NA	NA	NA	NA	NA	NA	NA	NA	NA	NA	NA	NA	NA	NA	NA	NA	NA
null_modules	results/stage10d_tech/STAGE10D_TECH_NULL_MODULE_RESULTS.tsv	776c43d27d133f5dfdbda19e2c071a2a95942d9a403a3e87ae0a43ef3f995826	NULL_MATCHED_M30_0689	30	AGR3;ANKRD44;CAB39;CASP7;CHD7;COX19;DENND2D;EXOSC1;GALNT7;IKZF1;KMT5B;LYPLA2;MAP2K1;MLLT6;MSH3;NCF1;NUBP2;NUDT14;PATJ;PCGF5;PPID;PPP1R11;PSMB8-AS1;PTPN4;PTPN7;SPINT1-AS1;TMC6;UCHL3;WIPF1;ZC3H15	0.0361247360592107	0.0476190476190476	1.01519144191754	NA	NA	NA	NA	4	72	simulation_replicate	empirical null draw; no per-module interval	NA	NA	NA	NA	NA	NA	NA	NA	NA	NA	NA	NA	NA	NA	NA	NA	NA	NA	NA	NA	NA	NA	NA	NA	NA	NA	NA	NA
null_modules	results/stage10d_tech/STAGE10D_TECH_NULL_MODULE_RESULTS.tsv	776c43d27d133f5dfdbda19e2c071a2a95942d9a403a3e87ae0a43ef3f995826	NULL_MATCHED_M30_0690	30	ANKRD49;ARHGAP45;DDR1;DOCK8;EPS8L2;GALM;HSPA9;IFT172;IPO7;KXD1;MAP2K1;MAP2K3;ME2;MRPS11;PLS1;PPP1R18;PTPN4;PTPN7;RTCA;SEPT1;SLC39A4;SLMAP;SPEN;STARD3NL;SUPT5H;TRAF3IP3;UBN1;VKORC1;YDJC;ZNF131	-0.0509230393041953	-0.0714285714285714	1.01082988136637	NA	NA	NA	NA	4	72	simulation_replicate	empirical null draw; no per-module interval	NA	NA	NA	NA	NA	NA	NA	NA	NA	NA	NA	NA	NA	NA	NA	NA	NA	NA	NA	NA	NA	NA	NA	NA	NA	NA	NA	NA
null_modules	results/stage10d_tech/STAGE10D_TECH_NULL_MODULE_RESULTS.tsv	776c43d27d133f5dfdbda19e2c071a2a95942d9a403a3e87ae0a43ef3f995826	NULL_MATCHED_M30_0691	30	ANKRD49;ARHGAP45;BICDL2;CAB39;CHD7;COX19;DOCK8;EIF1AY;FAM207A;FBP1;GALM;GTF2E2;HCLS1;KCNN4;KMT5B;LYPLA2;MAP7;MLLT6;MUC3A;MYO10;NCF1;NEDD9;PPP1R18;PSMB8-AS1;PTPN7;SLC38A1;STARD3NL;TNRC6B;TRAF4;ZC3H15	0.0177105799781	0.0119047619047619	1.01968188319418	NA	NA	NA	NA	4	72	simulation_replicate	empirical null draw; no per-module interval	NA	NA	NA	NA	NA	NA	NA	NA	NA	NA	NA	NA	NA	NA	NA	NA	NA	NA	NA	NA	NA	NA	NA	NA	NA	NA	NA	NA
null_modules	results/stage10d_tech/STAGE10D_TECH_NULL_MODULE_RESULTS.tsv	776c43d27d133f5dfdbda19e2c071a2a95942d9a403a3e87ae0a43ef3f995826	NULL_MATCHED_M30_0692	30	AAK1;ANKRD49;ARHGAP45;ASF1A;ATF7IP;CAB39;CSK;DDR1;DDX39A;DUS1L;ENOPH1;ERP44;GALNT7;GPSM3;HCLS1;HNRNPL;IFT172;KMT5B;MAP2K1;MRPL21;MSH3;NGLY1;PPID;SEPT1;SLMAP;SPINT1-AS1;STARD3NL;SYTL2;TMC6;ZC3H15	-0.066043074006632	-0.0714285714285714	1.02326422163193	NA	NA	NA	NA	4	72	simulation_replicate	empirical null draw; no per-module interval	NA	NA	NA	NA	NA	NA	NA	NA	NA	NA	NA	NA	NA	NA	NA	NA	NA	NA	NA	NA	NA	NA	NA	NA	NA	NA	NA	NA
null_modules	results/stage10d_tech/STAGE10D_TECH_NULL_MODULE_RESULTS.tsv	776c43d27d133f5dfdbda19e2c071a2a95942d9a403a3e87ae0a43ef3f995826	NULL_MATCHED_M30_0693	30	ANKRD49;ARHGAP45;ATF7IP;BLCAP;CCDC88B;CCSER2;CDC42EP5;CMBL;EPS8L2;GALM;IFT172;IFT20;LDLRAD4;LYN;LYPLA2;MAP2K1;MYADM;NGLY1;NUDT16L1;PLS1;PSMB8-AS1;RPP25L;RTCA;SLC22A18;SLMAP;TMC6;USP3;YDJC;ZNF131;ZNF33A	0.0211249922163624	-0.0476190476190476	1.01503722154153	NA	NA	NA	NA	4	72	simulation_replicate	empirical null draw; no per-module interval	NA	NA	NA	NA	NA	NA	NA	NA	NA	NA	NA	NA	NA	NA	NA	NA	NA	NA	NA	NA	NA	NA	NA	NA	NA	NA	NA	NA
null_modules	results/stage10d_tech/STAGE10D_TECH_NULL_MODULE_RESULTS.tsv	776c43d27d133f5dfdbda19e2c071a2a95942d9a403a3e87ae0a43ef3f995826	NULL_MATCHED_M30_0694	30	AFTPH;ARHGAP45;ARPP19;ASF1A;ATF7IP;CCDC88B;CYHR1;DDR1;DUS1L;ENOPH1;FAM96A;GALM;GNPAT;HNRNPL;IKZF1;IST1;KCNN4;KMT5B;MAP2K3;MAP7;PKP2;PRSS3;PTPN7;STARD3NL;STRAP;SUPT5H;TRAF3IP3;TRAF4;WIPF1;YDJC	-0.0761896389567449	-0.0357142857142857	1.02642159238017	NA	NA	NA	NA	4	72	simulation_replicate	empirical null draw; no per-module interval	NA	NA	NA	NA	NA	NA	NA	NA	NA	NA	NA	NA	NA	NA	NA	NA	NA	NA	NA	NA	NA	NA	NA	NA	NA	NA	NA	NA
null_modules	results/stage10d_tech/STAGE10D_TECH_NULL_MODULE_RESULTS.tsv	776c43d27d133f5dfdbda19e2c071a2a95942d9a403a3e87ae0a43ef3f995826	NULL_MATCHED_M30_0695	30	AFTPH;ANKRD49;ASF1A;CASP7;CDC42EP5;DDR1;DENND2D;IST1;LYN;LYPLA2;MAP2K1;MAP2K3;MLLT6;MUC3A;NGLY1;PIP4K2A;PLS1;PPID;PPP1R18;PTPN4;RPP25L;RTCA;TBC1D10C;TMC6;TRAF4;TRBC2;TSPAN15;VKORC1;WIPI2;ZNF33A	-0.0282395750033324	0.0357142857142857	1.02184474319011	NA	NA	NA	NA	4	72	simulation_replicate	empirical null draw; no per-module interval	NA	NA	NA	NA	NA	NA	NA	NA	NA	NA	NA	NA	NA	NA	NA	NA	NA	NA	NA	NA	NA	NA	NA	NA	NA	NA	NA	NA
null_modules	results/stage10d_tech/STAGE10D_TECH_NULL_MODULE_RESULTS.tsv	776c43d27d133f5dfdbda19e2c071a2a95942d9a403a3e87ae0a43ef3f995826	NULL_MATCHED_M30_0696	30	ASF1A;ATF7IP;CASP7;CYHR1;DENND2D;DUS1L;EPB41;GALNT3;GNPAT;GTF2E2;HNRNPL;HSF1;KMT5B;MAP2K3;ME2;NUDT16L1;PCGF5;PON2;PPP1R18;PTPN6;RTCA;SETD2;STARD3NL;SUPT5H;TNFSF10;TRAF3IP3;UBN1;UNC50;YY1;ZNF131	0.0476227140107214	-0.0119047619047619	1.00535919884405	NA	NA	NA	NA	4	72	simulation_replicate	empirical null draw; no per-module interval	NA	NA	NA	NA	NA	NA	NA	NA	NA	NA	NA	NA	NA	NA	NA	NA	NA	NA	NA	NA	NA	NA	NA	NA	NA	NA	NA	NA
null_modules	results/stage10d_tech/STAGE10D_TECH_NULL_MODULE_RESULTS.tsv	776c43d27d133f5dfdbda19e2c071a2a95942d9a403a3e87ae0a43ef3f995826	NULL_MATCHED_M30_0697	30	AFTPH;ASF1A;ATF7IP;BICDL2;CAB39;CASP7;CXXC5;CYHR1;DCAF11;DDR1;DUS1L;ENOPH1;FAM207A;GNPAT;GRK6;IFT172;KCNN4;MAP2K3;NGLY1;PCGF5;PHLDA2;PIP4K2A;POLR2C;SMC1A;SPINT1-AS1;STARD3NL;TBC1D10C;UBAC2;USP3;VKORC1	0.0979630906336769	0.0476190476190476	0.963628946218486	NA	NA	NA	NA	4	72	simulation_replicate	empirical null draw; no per-module interval	NA	NA	NA	NA	NA	NA	NA	NA	NA	NA	NA	NA	NA	NA	NA	NA	NA	NA	NA	NA	NA	NA	NA	NA	NA	NA	NA	NA
null_modules	results/stage10d_tech/STAGE10D_TECH_NULL_MODULE_RESULTS.tsv	776c43d27d133f5dfdbda19e2c071a2a95942d9a403a3e87ae0a43ef3f995826	NULL_MATCHED_M30_0698	30	ABHD17A;AFTPH;ASF1A;BCL11A;CASP7;CMBL;CSK;CYHR1;EIF1AY;ENOPH1;GALM;GNPAT;HSPA9;IKZF1;LYPLA2;MAP2K1;MLLT6;NCF1;PPP4C;PRPF38A;PSMB8-AS1;RPP25L;RTCA;STRBP;TMC6;TRAF3IP3;TRIP12;WIPF1;YDJC;ZNF131	0.0555392450305518	0.0833333333333333	1.00370694340217	NA	NA	NA	NA	4	72	simulation_replicate	empirical null draw; no per-module interval	NA	NA	NA	NA	NA	NA	NA	NA	NA	NA	NA	NA	NA	NA	NA	NA	NA	NA	NA	NA	NA	NA	NA	NA	NA	NA	NA	NA
null_modules	results/stage10d_tech/STAGE10D_TECH_NULL_MODULE_RESULTS.tsv	776c43d27d133f5dfdbda19e2c071a2a95942d9a403a3e87ae0a43ef3f995826	NULL_MATCHED_M30_0699	30	ABCC3;AFTPH;ANKRD49;BICDL2;DDR1;EPS8L2;GALNT3;HNRNPL;IKZF1;KCNN4;KMT5B;ME2;MLLT6;MSH3;NOSIP;PCGF5;PLS1;PPID;PPP4R3B;PTPN4;PTPN7;PTS;RTCA;SETD2;SIRT7;STARD3NL;TNRC6B;UBN1;VCP;YDJC	-0.0704062038932364	-0.0952380952380953	1.04439425828597	NA	NA	NA	NA	4	72	simulation_replicate	empirical null draw; no per-module interval	NA	NA	NA	NA	NA	NA	NA	NA	NA	NA	NA	NA	NA	NA	NA	NA	NA	NA	NA	NA	NA	NA	NA	NA	NA	NA	NA	NA
null_modules	results/stage10d_tech/STAGE10D_TECH_NULL_MODULE_RESULTS.tsv	776c43d27d133f5dfdbda19e2c071a2a95942d9a403a3e87ae0a43ef3f995826	NULL_MATCHED_M30_0700	30	ARHGAP45;CASP7;CUEDC2;DUS1L;EHF;EPS8L2;GALM;GALNT7;GNPAT;GTF2E2;IFNAR1;IKZF1;LPP;MAP2K1;MAP2K3;MSH3;NCF1;NUDT16L1;PCGF5;PLS1;PSMB8-AS1;PTPN7;PTPRC;RBM4;RPP25L;SIRT7;SLMAP;TDP2;USP3;YDJC	-0.0795466835769774	-0.0238095238095238	1.02926353348978	NA	NA	NA	NA	4	72	simulation_replicate	empirical null draw; no per-module interval	NA	NA	NA	NA	NA	NA	NA	NA	NA	NA	NA	NA	NA	NA	NA	NA	NA	NA	NA	NA	NA	NA	NA	NA	NA	NA	NA	NA
null_modules	results/stage10d_tech/STAGE10D_TECH_NULL_MODULE_RESULTS.tsv	776c43d27d133f5dfdbda19e2c071a2a95942d9a403a3e87ae0a43ef3f995826	NULL_MATCHED_M30_0701	30	ATF7IP;DCAF11;ENOPH1;EPS8L2;GALNT7;HCLS1;HNRNPL;HSPA9;KMT5B;LDLRAD4;MLLT6;MUC3A;NCF1;NQO1;NUDT16L1;OTULINL;PATJ;PIP4K2A;PLS1;PTPN7;RBM4;RNF145;RTCA;SMC1A;SPINT1-AS1;TMC6;TRAF4;UBN1;WIPI2;YDJC	-0.0397940892948733	-0.0357142857142857	1.01231752970227	NA	NA	NA	NA	4	72	simulation_replicate	empirical null draw; no per-module interval	NA	NA	NA	NA	NA	NA	NA	NA	NA	NA	NA	NA	NA	NA	NA	NA	NA	NA	NA	NA	NA	NA	NA	NA	NA	NA	NA	NA
null_modules	results/stage10d_tech/STAGE10D_TECH_NULL_MODULE_RESULTS.tsv	776c43d27d133f5dfdbda19e2c071a2a95942d9a403a3e87ae0a43ef3f995826	NULL_MATCHED_M30_0702	30	AFTPH;ANKRD49;ARHGAP45;CASP7;COX19;DENND2D;EPB41;GALM;GPR160;GRPEL1;HCLS1;HNRNPL;KXD1;LSP1;LYPLA2;MAP2K1;MAP7;MUC12;NRDC;PLS1;PNKP;PPP1R18;PTPN7;RPP25L;SPEN;STRBP;SUPT5H;TBC1D10C;TRAF4;UBN1	-0.0587366827793222	-0.0476190476190476	1.02738684233203	NA	NA	NA	NA	4	72	simulation_replicate	empirical null draw; no per-module interval	NA	NA	NA	NA	NA	NA	NA	NA	NA	NA	NA	NA	NA	NA	NA	NA	NA	NA	NA	NA	NA	NA	NA	NA	NA	NA	NA	NA
null_modules	results/stage10d_tech/STAGE10D_TECH_NULL_MODULE_RESULTS.tsv	776c43d27d133f5dfdbda19e2c071a2a95942d9a403a3e87ae0a43ef3f995826	NULL_MATCHED_M30_0703	30	ANKRD49;CASP7;CCND1;CDK6;COX19;DCAF11;DOCK8;ENOPH1;FKBP3;FTX;GPA33;LDLRAD4;LSM12;LYN;MAP7;MLLT6;NCF1;NUDT16L1;PATJ;PNKP;RPP25L;SETD2;SPEN;SPINT1-AS1;STARD3NL;STRBP;TBC1D10C;TRIP12;UBN1;USP3	0.0481822697066658	0.0833333333333333	0.992201231595649	NA	NA	NA	NA	4	72	simulation_replicate	empirical null draw; no per-module interval	NA	NA	NA	NA	NA	NA	NA	NA	NA	NA	NA	NA	NA	NA	NA	NA	NA	NA	NA	NA	NA	NA	NA	NA	NA	NA	NA	NA
null_modules	results/stage10d_tech/STAGE10D_TECH_NULL_MODULE_RESULTS.tsv	776c43d27d133f5dfdbda19e2c071a2a95942d9a403a3e87ae0a43ef3f995826	NULL_MATCHED_M30_0704	30	ARHGAP45;BICDL2;CAB39;CCDC88B;CTDSP1;DENND2D;DOCK8;EXOSC1;FAM207A;GALM;GOLM1;IKZF1;KMT5B;LONP2;LYN;MAP2K3;MUC3A;MYO10;NOSIP;NUDT16L1;PATJ;PFDN2;PSMB8-AS1;PTPN7;SEPT1;STRBP;SYTL2;TMC6;USP47;YDJC	0.0100365798108856	0.0119047619047619	0.99714835281571	NA	NA	NA	NA	4	72	simulation_replicate	empirical null draw; no per-module interval	NA	NA	NA	NA	NA	NA	NA	NA	NA	NA	NA	NA	NA	NA	NA	NA	NA	NA	NA	NA	NA	NA	NA	NA	NA	NA	NA	NA
null_modules	results/stage10d_tech/STAGE10D_TECH_NULL_MODULE_RESULTS.tsv	776c43d27d133f5dfdbda19e2c071a2a95942d9a403a3e87ae0a43ef3f995826	NULL_MATCHED_M30_0705	30	ABCC3;CASP7;CETN2;CHD7;CLNS1A;COPS4;DCTN6;DDR1;EBPL;ENOPH1;EPB41;FAM207A;LYN;MAP2K1;MAP2K3;MSH3;NCF1;NGLY1;PDZK1IP1;PTPN7;RTCA;SEPT1;SIRT7;SLMAP;STRBP;SUPT5H;SYTL2;UBN1;USP3;ZNF131	-0.142447602594461	-0.154761904761905	1.0179560611382	NA	NA	NA	NA	4	72	simulation_replicate	empirical null draw; no per-module interval	NA	NA	NA	NA	NA	NA	NA	NA	NA	NA	NA	NA	NA	NA	NA	NA	NA	NA	NA	NA	NA	NA	NA	NA	NA	NA	NA	NA
null_modules	results/stage10d_tech/STAGE10D_TECH_NULL_MODULE_RESULTS.tsv	776c43d27d133f5dfdbda19e2c071a2a95942d9a403a3e87ae0a43ef3f995826	NULL_MATCHED_M30_0706	30	AFTPH;ANKRD44;ATF7IP;CAB39;CCSER2;CD37;CLPTM1L;CYHR1;DUS1L;EZR;FAM207A;GNPAT;HCLS1;LDLRAD4;LYN;MUC12;MUC3A;NCF1;PATJ;PNKP;PSMB8-AS1;PTPN4;SYTL2;TFDP1;TMC6;TRAF3IP3;TRAF4;TRIP12;UBE2H;YDJC	0.0305983857279956	-0.0357142857142857	1.00246053086457	NA	NA	NA	NA	4	72	simulation_replicate	empirical null draw; no per-module interval	NA	NA	NA	NA	NA	NA	NA	NA	NA	NA	NA	NA	NA	NA	NA	NA	NA	NA	NA	NA	NA	NA	NA	NA	NA	NA	NA	NA
null_modules	results/stage10d_tech/STAGE10D_TECH_NULL_MODULE_RESULTS.tsv	776c43d27d133f5dfdbda19e2c071a2a95942d9a403a3e87ae0a43ef3f995826	NULL_MATCHED_M30_0707	30	ACADS;AFTPH;ARHGAP45;ATF7IP;CHD7;CLPTM1L;CXXC5;DDR1;ENOPH1;GALM;GRK6;GTF2E2;MAP2K3;MRPS36;NUDT16L1;PATJ;PNKP;PPP1R18;PTPN7;PTS;SETD2;SIL1;SLMAP;SUPT5H;TRAF3IP3;UBN1;USP3;WIPF1;YDJC;ZC3H15	-0.0212207260598997	-0.0238095238095238	1.02031416828083	NA	NA	NA	NA	4	72	simulation_replicate	empirical null draw; no per-module interval	NA	NA	NA	NA	NA	NA	NA	NA	NA	NA	NA	NA	NA	NA	NA	NA	NA	NA	NA	NA	NA	NA	NA	NA	NA	NA	NA	NA
null_modules	results/stage10d_tech/STAGE10D_TECH_NULL_MODULE_RESULTS.tsv	776c43d27d133f5dfdbda19e2c071a2a95942d9a403a3e87ae0a43ef3f995826	NULL_MATCHED_M30_0708	30	AFTPH;ANKRD44;ASF1A;ATF7IP;CD37;CHD7;COX19;DCAF11;DDR1;ENOPH1;FAM207A;FASTK;HNRNPL;IKZF1;KLF13;MSH3;NQO1;PIP4K2A;PNKP;PPP1R18;PSMB8-AS1;PTPN4;PTPN7;SF3B1;SYTL2;TMEM33;TRAF3IP3;TRAF4;TRIP12;YDJC	0.0670040081980444	0.0119047619047619	1.00178852970818	NA	NA	NA	NA	4	72	simulation_replicate	empirical null draw; no per-module interval	NA	NA	NA	NA	NA	NA	NA	NA	NA	NA	NA	NA	NA	NA	NA	NA	NA	NA	NA	NA	NA	NA	NA	NA	NA	NA	NA	NA
null_modules	results/stage10d_tech/STAGE10D_TECH_NULL_MODULE_RESULTS.tsv	776c43d27d133f5dfdbda19e2c071a2a95942d9a403a3e87ae0a43ef3f995826	NULL_MATCHED_M30_0709	30	AFTPH;ANKRD44;ANKRD49;CAB39;CASP7;CHD7;COX19;CSK;EPB41;GALNT7;GRK6;IFT20;LINC01871;MAP2K2;ME2;MLLT6;MUC3A;NUDT16L1;PPID;PPP1R18;PTPN4;RPP25L;SF3B1;SPEN;TMC6;TNPO1;TRAF4;UBN1;USP3;ZC3H15	-0.0308851303083373	-0.0476190476190476	1.03916979468937	NA	NA	NA	NA	4	72	simulation_replicate	empirical null draw; no per-module interval	NA	NA	NA	NA	NA	NA	NA	NA	NA	NA	NA	NA	NA	NA	NA	NA	NA	NA	NA	NA	NA	NA	NA	NA	NA	NA	NA	NA
null_modules	results/stage10d_tech/STAGE10D_TECH_NULL_MODULE_RESULTS.tsv	776c43d27d133f5dfdbda19e2c071a2a95942d9a403a3e87ae0a43ef3f995826	NULL_MATCHED_M30_0710	30	ASF1A;ATF7IP;BICDL2;BOLA3;CASP7;COX19;DENND2D;EPB41;EPS8L2;ERP44;EZR;GALM;GALNT3;GALNT7;HNRNPL;IKZF1;LLPH;LYPLA2;MAP2K1;MLLT6;MSH3;PLS1;PPP1R18;RBM26;SDC4;SYTL2;TRAF4;TRIP12;USP3;ZNF131	0.0842157511492058	0.0595238095238095	1.0209913102603	NA	NA	NA	NA	4	72	simulation_replicate	empirical null draw; no per-module interval	NA	NA	NA	NA	NA	NA	NA	NA	NA	NA	NA	NA	NA	NA	NA	NA	NA	NA	NA	NA	NA	NA	NA	NA	NA	NA	NA	NA
null_modules	results/stage10d_tech/STAGE10D_TECH_NULL_MODULE_RESULTS.tsv	776c43d27d133f5dfdbda19e2c071a2a95942d9a403a3e87ae0a43ef3f995826	NULL_MATCHED_M30_0711	30	AFTPH;ANXA3;COX19;CYHR1;DCAF11;DDR1;EBPL;ENOPH1;GNPAT;GRK6;HCLS1;LDLRAD4;LSM8;LYN;MAP2K1;MLLT6;NCF1;PAICS;PATJ;PCGF5;PPID;PPP1R18;PSMB8-AS1;SEC22B;SIRT7;SMC1A;SPINT1-AS1;TRAF3IP3;USP3;WIPF1	-0.0493352474089733	-0.0476190476190476	1.04413500963221	NA	NA	NA	NA	4	72	simulation_replicate	empirical null draw; no per-module interval	NA	NA	NA	NA	NA	NA	NA	NA	NA	NA	NA	NA	NA	NA	NA	NA	NA	NA	NA	NA	NA	NA	NA	NA	NA	NA	NA	NA
null_modules	results/stage10d_tech/STAGE10D_TECH_NULL_MODULE_RESULTS.tsv	776c43d27d133f5dfdbda19e2c071a2a95942d9a403a3e87ae0a43ef3f995826	NULL_MATCHED_M30_0712	30	ANXA3;ATF7IP;ATIC;C12orf10;CHD7;COX19;DDR1;EBPL;EPB41;GALM;HCLS1;IKZF1;LYN;LYPLA2;MAP2K3;MDH1;ME2;MUC3A;NCF1;PIP4K2A;PPP1R18;PSMB8-AS1;PTPN7;RTCA;SIRT7;SLC39A7;SLMAP;SPEN;STRBP;TRIP12	-0.115953593335483	-0.0714285714285714	1.03025991139199	NA	NA	NA	NA	4	72	simulation_replicate	empirical null draw; no per-module interval	NA	NA	NA	NA	NA	NA	NA	NA	NA	NA	NA	NA	NA	NA	NA	NA	NA	NA	NA	NA	NA	NA	NA	NA	NA	NA	NA	NA
null_modules	results/stage10d_tech/STAGE10D_TECH_NULL_MODULE_RESULTS.tsv	776c43d27d133f5dfdbda19e2c071a2a95942d9a403a3e87ae0a43ef3f995826	NULL_MATCHED_M30_0713	30	ASF1A;ATF7IP;BOLA3;CCDC88B;CERS6;CSK;DCAF11;DOCK8;DUS1L;EBPL;ENOPH1;EPS8L2;HEBP2;HNRNPL;IFT172;KXD1;LYPLA2;MAP2K1;ME2;MSH3;PCGF5;PNKP;PSMB8-AS1;SPINT1-AS1;SPOP;STRBP;SUPT5H;TBC1D10C;TRAF3IP3;ZNF131	-0.0142154808246753	0	1.00864959827025	NA	NA	NA	NA	4	72	simulation_replicate	empirical null draw; no per-module interval	NA	NA	NA	NA	NA	NA	NA	NA	NA	NA	NA	NA	NA	NA	NA	NA	NA	NA	NA	NA	NA	NA	NA	NA	NA	NA	NA	NA
null_modules	results/stage10d_tech/STAGE10D_TECH_NULL_MODULE_RESULTS.tsv	776c43d27d133f5dfdbda19e2c071a2a95942d9a403a3e87ae0a43ef3f995826	NULL_MATCHED_M30_0714	30	ARPP19;BIRC2;CSK;DDR1;DOCK8;ENOPH1;EPB41;FAM207A;GALNT7;HCLS1;IFT172;IKZF1;LYPLA2;MAP7;ME2;MLLT6;NDUFA10;NGLY1;PATJ;PCGF5;PNKP;PSMC5;PTPN7;SEC31A;SPEN;STRBP;TBC1D10C;TSPAN15;WIPF1;YDJC	-0.0196951487578293	-0.0476190476190476	1.02203625472737	NA	NA	NA	NA	4	72	simulation_replicate	empirical null draw; no per-module interval	NA	NA	NA	NA	NA	NA	NA	NA	NA	NA	NA	NA	NA	NA	NA	NA	NA	NA	NA	NA	NA	NA	NA	NA	NA	NA	NA	NA
null_modules	results/stage10d_tech/STAGE10D_TECH_NULL_MODULE_RESULTS.tsv	776c43d27d133f5dfdbda19e2c071a2a95942d9a403a3e87ae0a43ef3f995826	NULL_MATCHED_M30_0715	30	ANKRD44;BICDL2;CCDC88B;CYHR1;DCAF11;GTF2E2;KMT5B;LYN;LYPLA2;ME2;MUC3A;NCF1;NUDT14;PCGF5;PLS1;PPID;PPP2R2A;SEPT1;SF3B1;SIRT7;SLMAP;SPEN;SRPK2;STARD3NL;TBC1D10C;TRAF4;TRIP12;UCHL3;ZBTB20;ZNF131	-0.0113107979482179	0	0.998620398683802	NA	NA	NA	NA	4	72	simulation_replicate	empirical null draw; no per-module interval	NA	NA	NA	NA	NA	NA	NA	NA	NA	NA	NA	NA	NA	NA	NA	NA	NA	NA	NA	NA	NA	NA	NA	NA	NA	NA	NA	NA
null_modules	results/stage10d_tech/STAGE10D_TECH_NULL_MODULE_RESULTS.tsv	776c43d27d133f5dfdbda19e2c071a2a95942d9a403a3e87ae0a43ef3f995826	NULL_MATCHED_M30_0716	30	AFTPH;ARHGAP45;CCDC88B;CMBL;CRBN;DOCK8;ENOPH1;GALNT7;IKZF1;INTS6;KCNN4;LYN;MAP7;MLLT6;NCF1;PLAC8;PNKP;PPP1R18;PSMB8-AS1;PSMC3;PTPN4;SEPT1;SLMAP;STARD3NL;SUPT5H;SYTL2;TMC6;TRIP12;YIPF2;ZNF131	0.0417246539941611	0.0476190476190476	1.02687155626052	NA	NA	NA	NA	4	72	simulation_replicate	empirical null draw; no per-module interval	NA	NA	NA	NA	NA	NA	NA	NA	NA	NA	NA	NA	NA	NA	NA	NA	NA	NA	NA	NA	NA	NA	NA	NA	NA	NA	NA	NA
null_modules	results/stage10d_tech/STAGE10D_TECH_NULL_MODULE_RESULTS.tsv	776c43d27d133f5dfdbda19e2c071a2a95942d9a403a3e87ae0a43ef3f995826	NULL_MATCHED_M30_0717	30	ACP1;ARHGAP45;BIN1;CCDC88B;CHD7;DENND2D;DOCK8;ENOPH1;FAM207A;FYB1;GALM;GALNT3;GNPAT;GRK6;IKZF1;IVNS1ABP;LDLRAD4;MAP2K1;MAP7;NGLY1;PCGF5;POLR2H;PPP1R18;SEPT1;SLMAP;SPEN;TMC6;USP3;USP47;WIPF1	-0.00521459053446473	-0.0238095238095238	1.00298956466265	NA	NA	NA	NA	4	72	simulation_replicate	empirical null draw; no per-module interval	NA	NA	NA	NA	NA	NA	NA	NA	NA	NA	NA	NA	NA	NA	NA	NA	NA	NA	NA	NA	NA	NA	NA	NA	NA	NA	NA	NA
null_modules	results/stage10d_tech/STAGE10D_TECH_NULL_MODULE_RESULTS.tsv	776c43d27d133f5dfdbda19e2c071a2a95942d9a403a3e87ae0a43ef3f995826	NULL_MATCHED_M30_0718	30	ANKRD49;BICDL2;DCAF11;DDR1;DOCK8;FAM96A;GALNT7;GORASP2;GRK6;GTF2E2;HCLS1;HNRNPA1P48;IFT172;LYPLA2;MAP2K3;MAP7;NCF1;NUDT16L1;PCGF5;PIP4K2A;PLS1;PSMB9;PTPN4;RBPJ;STRBP;SUPT5H;TMC6;TRIP12;TWF1;UBN1	0.0556541605167685	0.0476190476190476	1.01323391341552	NA	NA	NA	NA	4	72	simulation_replicate	empirical null draw; no per-module interval	NA	NA	NA	NA	NA	NA	NA	NA	NA	NA	NA	NA	NA	NA	NA	NA	NA	NA	NA	NA	NA	NA	NA	NA	NA	NA	NA	NA
null_modules	results/stage10d_tech/STAGE10D_TECH_NULL_MODULE_RESULTS.tsv	776c43d27d133f5dfdbda19e2c071a2a95942d9a403a3e87ae0a43ef3f995826	NULL_MATCHED_M30_0719	30	AFTPH;ANKRD49;ATP6V1E1;CAB39;CASP7;CLNS1A;CSK;DUS1L;EPB41;FKBP3;GTF2E2;HCLS1;LDLRAD4;MALSU1;MAP2K1;MAP2K3;MLLT6;NGLY1;PCGF5;PIP4K2A;PPID;PPP1R18;RARS;RPP25L;SLC25A36;SPEN;STRBP;TMC6;TRAF4;WIPF1	-0.0561233245624063	-0.0714285714285714	1.00836196923252	NA	NA	NA	NA	4	72	simulation_replicate	empirical null draw; no per-module interval	NA	NA	NA	NA	NA	NA	NA	NA	NA	NA	NA	NA	NA	NA	NA	NA	NA	NA	NA	NA	NA	NA	NA	NA	NA	NA	NA	NA
null_modules	results/stage10d_tech/STAGE10D_TECH_NULL_MODULE_RESULTS.tsv	776c43d27d133f5dfdbda19e2c071a2a95942d9a403a3e87ae0a43ef3f995826	NULL_MATCHED_M30_0720	30	ANKRD49;ASF1A;DCAF11;ENOPH1;EXOSC1;FAM207A;GALNT7;GTF2E2;HCLS1;KMT5B;KXD1;LYN;MAP2K1;MDH1;ME2;MLLT6;MUC3A;NUCB2;PCGF5;PPID;PTPN4;PTPN7;RTCA;SETD2;SIL1;SIRT7;TDP2;TMEM63A;TRIP12;YDJC	-0.0224954231622672	0.0476190476190476	0.994737930335671	NA	NA	NA	NA	4	72	simulation_replicate	empirical null draw; no per-module interval	NA	NA	NA	NA	NA	NA	NA	NA	NA	NA	NA	NA	NA	NA	NA	NA	NA	NA	NA	NA	NA	NA	NA	NA	NA	NA	NA	NA
null_modules	results/stage10d_tech/STAGE10D_TECH_NULL_MODULE_RESULTS.tsv	776c43d27d133f5dfdbda19e2c071a2a95942d9a403a3e87ae0a43ef3f995826	NULL_MATCHED_M30_0721	30	ACADS;ASF1A;BICDL2;CAB39;CASP7;CCDC88B;CD37;CSK;CYHR1;DDR1;DUS1L;ENOPH1;FAM207A;GALNT3;GMDS;GNPAT;IKZF1;MAP7;MLLT6;MUC12;PATJ;PCGF5;PPP1R18;SEPT1;SMC1A;SPEN;SPINT1-AS1;USP47;WIPF1;ZNF131	-0.00692969566076053	0.0238095238095238	1.02252897480023	NA	NA	NA	NA	4	72	simulation_replicate	empirical null draw; no per-module interval	NA	NA	NA	NA	NA	NA	NA	NA	NA	NA	NA	NA	NA	NA	NA	NA	NA	NA	NA	NA	NA	NA	NA	NA	NA	NA	NA	NA
null_modules	results/stage10d_tech/STAGE10D_TECH_NULL_MODULE_RESULTS.tsv	776c43d27d133f5dfdbda19e2c071a2a95942d9a403a3e87ae0a43ef3f995826	NULL_MATCHED_M30_0722	30	ANKRD44;ANKRD49;CCDC88B;CDC42EP5;CEP57;CSK;DDR1;DUS1L;ENOPH1;FAM207A;FASTK;GALM;HCLS1;KCNN4;KMT5B;LDLRAD4;LYPLA2;MAP2K3;MAP7;MRPS36;NOP58;PTPN4;RPP25L;SETD2;SUPT5H;SYTL2;TMEM33;TRIP12;WIPF1;YDJC	-0.0134509337605735	-0.0119047619047619	1.01101848979086	NA	NA	NA	NA	4	72	simulation_replicate	empirical null draw; no per-module interval	NA	NA	NA	NA	NA	NA	NA	NA	NA	NA	NA	NA	NA	NA	NA	NA	NA	NA	NA	NA	NA	NA	NA	NA	NA	NA	NA	NA
null_modules	results/stage10d_tech/STAGE10D_TECH_NULL_MODULE_RESULTS.tsv	776c43d27d133f5dfdbda19e2c071a2a95942d9a403a3e87ae0a43ef3f995826	NULL_MATCHED_M30_0723	30	ADAR;ANKRD44;CASP7;CCDC88B;CLSTN1;CTDSP1;CYHR1;ENOPH1;FAM207A;GALNT7;IKZF1;KMT5B;LDLRAD4;LYPLA2;MAP7;MSH3;MUC3A;NCF1;PNKD;PNKP;PPP1R18;PSMB9;PTPN7;RPP25L;RTCA;SPEN;SPINT1-AS1;STRBP;TRIP12;USP1	-0.0287947104280661	-0.0238095238095238	1.03374587616859	NA	NA	NA	NA	4	72	simulation_replicate	empirical null draw; no per-module interval	NA	NA	NA	NA	NA	NA	NA	NA	NA	NA	NA	NA	NA	NA	NA	NA	NA	NA	NA	NA	NA	NA	NA	NA	NA	NA	NA	NA
null_modules	results/stage10d_tech/STAGE10D_TECH_NULL_MODULE_RESULTS.tsv	776c43d27d133f5dfdbda19e2c071a2a95942d9a403a3e87ae0a43ef3f995826	NULL_MATCHED_M30_0724	30	ARHGAP45;ASF1A;BICDL2;BLVRB;C1orf56;CAB39;DENND2D;GALNT7;GNPAT;GTF2E2;HCLS1;IAH1;KMT5B;LYPLA2;MRPL48;NCF1;NUDT16L1;PIP4K2A;PNKP;PPID;PTPN4;PTPN7;RTCA;SEPT1;SF3B1;SPEN;SPINT1-AS1;TMC6;WIPF1;ZG16B	0.0560379657324708	0.0476190476190476	0.995807573962502	NA	NA	NA	NA	4	72	simulation_replicate	empirical null draw; no per-module interval	NA	NA	NA	NA	NA	NA	NA	NA	NA	NA	NA	NA	NA	NA	NA	NA	NA	NA	NA	NA	NA	NA	NA	NA	NA	NA	NA	NA
null_modules	results/stage10d_tech/STAGE10D_TECH_NULL_MODULE_RESULTS.tsv	776c43d27d133f5dfdbda19e2c071a2a95942d9a403a3e87ae0a43ef3f995826	NULL_MATCHED_M30_0725	30	ANXA3;ASF1A;CASP7;CCT4;DCAF11;DDR1;DOCK8;GRK6;IKZF1;IST1;KCNN4;LYN;MAP7;MSH3;PHLDA2;PIP4K2A;PNKP;PPID;PTPN4;RTCA;SEPT1;SIRT7;SLMAP;STRBP;TBC1D10C;TMC6;UBN1;USP22;XIAP;YDJC	-0.0421977817695954	-0.0357142857142857	0.999461996348423	NA	NA	NA	NA	4	72	simulation_replicate	empirical null draw; no per-module interval	NA	NA	NA	NA	NA	NA	NA	NA	NA	NA	NA	NA	NA	NA	NA	NA	NA	NA	NA	NA	NA	NA	NA	NA	NA	NA	NA	NA
null_modules	results/stage10d_tech/STAGE10D_TECH_NULL_MODULE_RESULTS.tsv	776c43d27d133f5dfdbda19e2c071a2a95942d9a403a3e87ae0a43ef3f995826	NULL_MATCHED_M30_0726	30	AFTPH;ANKRD44;ATF7IP;DOCK8;ENOPH1;GALM;GALNT7;GNPAT;GRK6;KMT5B;LYPLA2;MAP2K1;MAP2K3;MARK3;ME2;MLLT6;PAICS;PLS1;PNKP;PPP1R18;PRPF40A;SEPT1;SETD2;SPINT1-AS1;TPRKB;TRIP12;TSTA3;TWF1;USP3;WIPF1	-0.034447746907953	-0.0357142857142857	1.02525843377544	NA	NA	NA	NA	4	72	simulation_replicate	empirical null draw; no per-module interval	NA	NA	NA	NA	NA	NA	NA	NA	NA	NA	NA	NA	NA	NA	NA	NA	NA	NA	NA	NA	NA	NA	NA	NA	NA	NA	NA	NA
null_modules	results/stage10d_tech/STAGE10D_TECH_NULL_MODULE_RESULTS.tsv	776c43d27d133f5dfdbda19e2c071a2a95942d9a403a3e87ae0a43ef3f995826	NULL_MATCHED_M30_0727	30	AFTPH;ANKRD10;ARHGAP45;ASF1A;CASP7;CCDC88B;CYHR1;ENOPH1;EPB41;EXOSC1;FAM207A;FYB1;HNRNPL;KMT5B;LYN;LYPLA2;ME2;MYO1C;NR4A2;PCGF5;PLS1;PPP1R18;PPP2R1A;RPP25L;SEPT1;SETD2;SIRT7;SPINT1-AS1;YDJC;ZC3H15	0.00669786710699024	0.0238095238095238	1.0252047818994	NA	NA	NA	NA	4	72	simulation_replicate	empirical null draw; no per-module interval	NA	NA	NA	NA	NA	NA	NA	NA	NA	NA	NA	NA	NA	NA	NA	NA	NA	NA	NA	NA	NA	NA	NA	NA	NA	NA	NA	NA
null_modules	results/stage10d_tech/STAGE10D_TECH_NULL_MODULE_RESULTS.tsv	776c43d27d133f5dfdbda19e2c071a2a95942d9a403a3e87ae0a43ef3f995826	NULL_MATCHED_M30_0728	30	ANKRD44;ARHGAP45;BIN1;CTDSP1;CYHR1;DCAF11;DDR1;GALM;GALNT3;GNPAT;GORASP2;GTF2E2;GYPC;IKZF1;LYN;ME2;MSH3;NCF1;PATJ;PPP1R18;SEPT1;SF3B2;SLC39A7;SPEN;SPINT1-AS1;STARD3NL;STRBP;SYTL2;TMC6;UBN1	0.0312665615059308	0.0714285714285714	1.01905318618416	NA	NA	NA	NA	4	72	simulation_replicate	empirical null draw; no per-module interval	NA	NA	NA	NA	NA	NA	NA	NA	NA	NA	NA	NA	NA	NA	NA	NA	NA	NA	NA	NA	NA	NA	NA	NA	NA	NA	NA	NA
null_modules	results/stage10d_tech/STAGE10D_TECH_NULL_MODULE_RESULTS.tsv	776c43d27d133f5dfdbda19e2c071a2a95942d9a403a3e87ae0a43ef3f995826	NULL_MATCHED_M30_0729	30	AFTPH;AGR3;ANKRD44;CASP7;DENND2D;DOCK8;EBP;ENOPH1;FAM207A;GRK6;IFT172;ISOC2;LDLRAD4;MAP2K1;MAP7;MLLT6;MRPL28;NCF1;NGLY1;OTULINL;PATJ;PIP4K2A;PNKP;PPP1R18;PSMB8-AS1;RTCA;SEPT1;TRAF3IP3;TSN;ZFAND2B	0.102947398465861	0.0714285714285714	0.987559479729861	NA	NA	NA	NA	4	72	simulation_replicate	empirical null draw; no per-module interval	NA	NA	NA	NA	NA	NA	NA	NA	NA	NA	NA	NA	NA	NA	NA	NA	NA	NA	NA	NA	NA	NA	NA	NA	NA	NA	NA	NA
null_modules	results/stage10d_tech/STAGE10D_TECH_NULL_MODULE_RESULTS.tsv	776c43d27d133f5dfdbda19e2c071a2a95942d9a403a3e87ae0a43ef3f995826	NULL_MATCHED_M30_0730	30	AFTPH;ATF7IP;BICDL2;CHD7;FASTK;GALM;GALNT3;GALNT7;GTF2E2;HNRNPA1P48;HSPA9;IFT172;KCNN4;ME2;MUC1;NCF1;NUDT16L1;PCSK7;PNKP;RPP25L;SPEN;SPINT1-AS1;STARD3NL;STX4;TBC1D10C;TMC6;TRAF3IP3;YDJC;ZNF131;ZNF33A	-0.0177657442677736	-0.0119047619047619	1.01598890201782	NA	NA	NA	NA	4	72	simulation_replicate	empirical null draw; no per-module interval	NA	NA	NA	NA	NA	NA	NA	NA	NA	NA	NA	NA	NA	NA	NA	NA	NA	NA	NA	NA	NA	NA	NA	NA	NA	NA	NA	NA
null_modules	results/stage10d_tech/STAGE10D_TECH_NULL_MODULE_RESULTS.tsv	776c43d27d133f5dfdbda19e2c071a2a95942d9a403a3e87ae0a43ef3f995826	NULL_MATCHED_M30_0731	30	ANKRD44;CCDC88B;CHD7;DCAF11;FAM207A;GTF2E2;IKZF1;IMPA2;LDLRAD4;LYPLA2;MAP2K1;MAP7;MLLT6;MRPS23;MSH3;PATJ;PDZK1IP1;PIP4K2A;PPP2R1A;PTPN4;RBM4;RTCA;SEC22B;SF3B2;SLMAP;SPEN;SPINT1-AS1;STRBP;TBC1D10C;TRIP12	-0.0396604912088449	-0.0714285714285714	0.988682256794119	NA	NA	NA	NA	4	72	simulation_replicate	empirical null draw; no per-module interval	NA	NA	NA	NA	NA	NA	NA	NA	NA	NA	NA	NA	NA	NA	NA	NA	NA	NA	NA	NA	NA	NA	NA	NA	NA	NA	NA	NA
null_modules	results/stage10d_tech/STAGE10D_TECH_NULL_MODULE_RESULTS.tsv	776c43d27d133f5dfdbda19e2c071a2a95942d9a403a3e87ae0a43ef3f995826	NULL_MATCHED_M30_0732	30	CCDC88B;CCNC;CCT4;CETN2;COX19;CTBP2;DDR1;DENND2D;GNPAT;GTF2E2;KMT5B;LDLRAD4;LYPLA2;MAP2K1;ME2;MLLT6;NUDT16L1;PPP1R16A;PSMB8-AS1;RBPJ;RPP25L;RTCA;SEPT1;SIRT7;SLMAP;SMIM12;SPEN;STARD3NL;TRAF4;TRIP12	-0.0774188217496008	-0.0952380952380953	1.0156658502113	NA	NA	NA	NA	4	72	simulation_replicate	empirical null draw; no per-module interval	NA	NA	NA	NA	NA	NA	NA	NA	NA	NA	NA	NA	NA	NA	NA	NA	NA	NA	NA	NA	NA	NA	NA	NA	NA	NA	NA	NA
null_modules	results/stage10d_tech/STAGE10D_TECH_NULL_MODULE_RESULTS.tsv	776c43d27d133f5dfdbda19e2c071a2a95942d9a403a3e87ae0a43ef3f995826	NULL_MATCHED_M30_0733	30	ANKRD44;ATF7IP;BICDL2;CCDC88B;COX19;CSK;CYHR1;DENND2D;EXOSC1;GALNT3;GALNT7;GRK6;HNRNPH2;IKZF1;LYN;MAP2K3;MAP7;MLLT6;PDZD8;PIP4K2A;PPM1G;PSMC5;PTPN7;RSU1;SLMAP;STARD3NL;TNPO1;TRAF3IP3;TRIP12;USP3	0.129127262982815	0.107142857142857	0.988731607940969	NA	NA	NA	NA	4	72	simulation_replicate	empirical null draw; no per-module interval	NA	NA	NA	NA	NA	NA	NA	NA	NA	NA	NA	NA	NA	NA	NA	NA	NA	NA	NA	NA	NA	NA	NA	NA	NA	NA	NA	NA
null_modules	results/stage10d_tech/STAGE10D_TECH_NULL_MODULE_RESULTS.tsv	776c43d27d133f5dfdbda19e2c071a2a95942d9a403a3e87ae0a43ef3f995826	NULL_MATCHED_M30_0734	30	ASF1A;CAB39;CHD7;COX19;CSK;DCAF11;DDR1;FAM207A;GNPAT;GTF2E2;IFT172;IKZF1;KMT5B;MAP2K3;MSH3;NCF1;NPEPPS;PLS1;PNKD;PNKP;PPID;RTCA;SEC22B;SEPT1;SETD2;SF3B1;SLC38A1;SORL1;TBC1D10C;TRAF3IP3	-0.00881033053081716	-0.0357142857142857	1.00884770689315	NA	NA	NA	NA	4	72	simulation_replicate	empirical null draw; no per-module interval	NA	NA	NA	NA	NA	NA	NA	NA	NA	NA	NA	NA	NA	NA	NA	NA	NA	NA	NA	NA	NA	NA	NA	NA	NA	NA	NA	NA
null_modules	results/stage10d_tech/STAGE10D_TECH_NULL_MODULE_RESULTS.tsv	776c43d27d133f5dfdbda19e2c071a2a95942d9a403a3e87ae0a43ef3f995826	NULL_MATCHED_M30_0735	30	CASP7;CCDC88B;CCNC;CHD7;COX19;DENND2D;DUS1L;ENOPH1;GALM;GALNT3;GRK6;GTF2E2;HCLS1;IFT172;IKZF1;IST1;MAP7;PLS1;PNKP;PSMC3;PTPN4;RTCA;SMCO4;SUPT5H;TMC6;TNRC6B;TRBC2;TRIP12;USP3;YDJC	-0.0238928190717832	-0.0595238095238095	1.02027649843733	NA	NA	NA	NA	4	72	simulation_replicate	empirical null draw; no per-module interval	NA	NA	NA	NA	NA	NA	NA	NA	NA	NA	NA	NA	NA	NA	NA	NA	NA	NA	NA	NA	NA	NA	NA	NA	NA	NA	NA	NA
null_modules	results/stage10d_tech/STAGE10D_TECH_NULL_MODULE_RESULTS.tsv	776c43d27d133f5dfdbda19e2c071a2a95942d9a403a3e87ae0a43ef3f995826	NULL_MATCHED_M30_0736	30	ABI1;ANKRD49;ASF1A;ATF7IP;CAB39;CSK;DENND2D;DOCK8;EIF3J;EIF4A3;GALM;GALNT7;GNPAT;GRK6;GRPEL1;IFT172;IKZF1;KCNN4;NGLY1;PLS1;PPID;RTN3;SIL1;SIRT7;SPINT1-AS1;STRBP;SUPT5H;TMC6;UBN1;YDJC	-0.00324464446139633	0.0119047619047619	0.987143193661663	NA	NA	NA	NA	4	72	simulation_replicate	empirical null draw; no per-module interval	NA	NA	NA	NA	NA	NA	NA	NA	NA	NA	NA	NA	NA	NA	NA	NA	NA	NA	NA	NA	NA	NA	NA	NA	NA	NA	NA	NA
null_modules	results/stage10d_tech/STAGE10D_TECH_NULL_MODULE_RESULTS.tsv	776c43d27d133f5dfdbda19e2c071a2a95942d9a403a3e87ae0a43ef3f995826	NULL_MATCHED_M30_0737	30	ANKRD49;CASP7;CTDNEP1;CXXC5;CYHR1;DCAF11;DDR1;DOCK8;EXOSC1;GALNT7;GTF2E2;IFT172;LDLRAD4;MAN1A2;MSH3;NUDT16L1;PATJ;PLS1;PNKP;PPID;PSMB8-AS1;PSMC3;PTPN4;RTN3;SEPT1;SIRT7;SPINT1-AS1;TRAF3IP3;USP22;ZNF131	-0.0193867866893462	-0.0238095238095238	0.994790570163088	NA	NA	NA	NA	4	72	simulation_replicate	empirical null draw; no per-module interval	NA	NA	NA	NA	NA	NA	NA	NA	NA	NA	NA	NA	NA	NA	NA	NA	NA	NA	NA	NA	NA	NA	NA	NA	NA	NA	NA	NA
null_modules	results/stage10d_tech/STAGE10D_TECH_NULL_MODULE_RESULTS.tsv	776c43d27d133f5dfdbda19e2c071a2a95942d9a403a3e87ae0a43ef3f995826	NULL_MATCHED_M30_0738	30	AFTPH;ARHGAP45;ASF1A;CHD7;DCAF11;EPS8L2;FKBP3;HNRNPL;KCNN4;LYN;LYPLA2;MAP1LC3B;MAP7;MLLT6;MUC3A;NCF1;PABPC4;PATJ;PNKP;RPP25L;SLMAP;SORL1;SPEN;SYTL2;TMC6;TOP2B;TRIP12;WBP11;WIPF1;YDJC	-0.00953209681583602	0.0357142857142857	1.01553131424076	NA	NA	NA	NA	4	72	simulation_replicate	empirical null draw; no per-module interval	NA	NA	NA	NA	NA	NA	NA	NA	NA	NA	NA	NA	NA	NA	NA	NA	NA	NA	NA	NA	NA	NA	NA	NA	NA	NA	NA	NA
null_modules	results/stage10d_tech/STAGE10D_TECH_NULL_MODULE_RESULTS.tsv	776c43d27d133f5dfdbda19e2c071a2a95942d9a403a3e87ae0a43ef3f995826	NULL_MATCHED_M30_0739	30	ASF1A;CARHSP1;CBWD5;CLIP1;CSK;DOCK8;EIF1AY;ENOPH1;GALM;GALNT3;GALNT7;GTF2E2;IKZF1;LDLRAD4;LYPLA2;MAP2K2;MLLT6;MUC3A;NCF1;NUDT16L1;PATJ;PPID;PSMB8-AS1;RBM4;SF3B1;SLMAP;SUPT5H;SYTL2;TRAF4;TRIP12	-0.0101693636982619	0	1.02395621554151	NA	NA	NA	NA	4	72	simulation_replicate	empirical null draw; no per-module interval	NA	NA	NA	NA	NA	NA	NA	NA	NA	NA	NA	NA	NA	NA	NA	NA	NA	NA	NA	NA	NA	NA	NA	NA	NA	NA	NA	NA
null_modules	results/stage10d_tech/STAGE10D_TECH_NULL_MODULE_RESULTS.tsv	776c43d27d133f5dfdbda19e2c071a2a95942d9a403a3e87ae0a43ef3f995826	NULL_MATCHED_M30_0740	30	ANKRD49;CCDC88B;CETN2;CSK;EPS8L2;EXOSC1;FTX;GALNT3;GALNT7;GRK6;GTF2E2;HCLS1;IFT172;KCNN4;LDLRAD4;LYN;MUC3A;NGLY1;NUDT16L1;PATJ;SEPT1;SF3B1;SIRT7;SMCO4;SPINT1-AS1;TECR;TRAF4;USP3;WIPI2;YDJC	-0.0401463030909148	-0.0476190476190476	1.04792746506675	NA	NA	NA	NA	4	72	simulation_replicate	empirical null draw; no per-module interval	NA	NA	NA	NA	NA	NA	NA	NA	NA	NA	NA	NA	NA	NA	NA	NA	NA	NA	NA	NA	NA	NA	NA	NA	NA	NA	NA	NA
null_modules	results/stage10d_tech/STAGE10D_TECH_NULL_MODULE_RESULTS.tsv	776c43d27d133f5dfdbda19e2c071a2a95942d9a403a3e87ae0a43ef3f995826	NULL_MATCHED_M30_0741	30	ARHGAP45;COX19;DDR1;DUS1L;ENOPH1;ESRRA;FAM96A;GALNT3;HCLS1;HLA-DQB1;HNRNPL;IFT172;KCNN4;KLF13;LYN;MAP2K3;MUC3A;NGLY1;PIP4K2A;PLS1;PPID;PPP4C;PSMB8-AS1;TMC6;TMEM30A;TRAF3IP3;UBN1;USP3;ZFAND2B;ZNF131	-0.0158216198317192	0.0476190476190476	1.00382311656025	NA	NA	NA	NA	4	72	simulation_replicate	empirical null draw; no per-module interval	NA	NA	NA	NA	NA	NA	NA	NA	NA	NA	NA	NA	NA	NA	NA	NA	NA	NA	NA	NA	NA	NA	NA	NA	NA	NA	NA	NA
null_modules	results/stage10d_tech/STAGE10D_TECH_NULL_MODULE_RESULTS.tsv	776c43d27d133f5dfdbda19e2c071a2a95942d9a403a3e87ae0a43ef3f995826	NULL_MATCHED_M30_0742	30	ASF1A;ATF7IP;C6orf62;CASP7;CCT4;CYHR1;ENOPH1;GALM;GALNT3;HNRNPL;IFNAR1;IKZF1;LYN;LYPLA2;ME2;NCF1;NUDT16L1;PCGF5;PLS1;PNKP;RAB5A;RTN3;SETD2;SPEN;STARD3NL;TBC1D10C;TMC6;TRAF4;TRIP12;UBAC2	0.023151275539098	0.0119047619047619	1.00386578028208	NA	NA	NA	NA	4	72	simulation_replicate	empirical null draw; no per-module interval	NA	NA	NA	NA	NA	NA	NA	NA	NA	NA	NA	NA	NA	NA	NA	NA	NA	NA	NA	NA	NA	NA	NA	NA	NA	NA	NA	NA
null_modules	results/stage10d_tech/STAGE10D_TECH_NULL_MODULE_RESULTS.tsv	776c43d27d133f5dfdbda19e2c071a2a95942d9a403a3e87ae0a43ef3f995826	NULL_MATCHED_M30_0743	30	ANKRD44;CASP7;CETN2;CHD7;COX19;CUEDC2;DCAF11;DDR1;DOCK8;EPS8L2;GNPAT;GRK6;IFT172;IKZF1;LDLRAD4;LYN;LYPLA2;ME2;MLLT6;NGLY1;NUDT16L1;PNKP;PTPRC;SETD2;SYTL2;TDP2;TM9SF2;TRAF3IP3;USP3;YIPF2	0.053945731732652	0.119047619047619	1.00709876422273	NA	NA	NA	NA	4	72	simulation_replicate	empirical null draw; no per-module interval	NA	NA	NA	NA	NA	NA	NA	NA	NA	NA	NA	NA	NA	NA	NA	NA	NA	NA	NA	NA	NA	NA	NA	NA	NA	NA	NA	NA
null_modules	results/stage10d_tech/STAGE10D_TECH_NULL_MODULE_RESULTS.tsv	776c43d27d133f5dfdbda19e2c071a2a95942d9a403a3e87ae0a43ef3f995826	NULL_MATCHED_M30_0744	30	AFTPH;ASF1A;ATF7IP;CAB39;CASP7;CHD7;COX19;DDR1;EPS8L2;GRK6;HCLS1;IKZF1;INTS6;KCNN4;LONP2;LYN;ME2;MUC3A;NCF1;NGLY1;PATJ;PPM1G;PPP1R16A;PSMA5;PSMB8-AS1;PTPN7;SLMAP;STARD3NL;TPRKB;UBN1	-0.0505078996109496	-0.0714285714285714	1.01007547831009	NA	NA	NA	NA	4	72	simulation_replicate	empirical null draw; no per-module interval	NA	NA	NA	NA	NA	NA	NA	NA	NA	NA	NA	NA	NA	NA	NA	NA	NA	NA	NA	NA	NA	NA	NA	NA	NA	NA	NA	NA
null_modules	results/stage10d_tech/STAGE10D_TECH_NULL_MODULE_RESULTS.tsv	776c43d27d133f5dfdbda19e2c071a2a95942d9a403a3e87ae0a43ef3f995826	NULL_MATCHED_M30_0745	30	AFTPH;ANKRD49;ARPP19;C5orf24;CCDC88B;DCAF11;DENND2D;DOCK8;GNPAT;GSPT1;HCLS1;LDLRAD4;MAP2K1;MAP2K3;ME2;NOP58;NUCB2;NUDT16L1;PIP4K2A;PKP2;PNKP;SEPT1;SMIM12;SPEN;SPINT1-AS1;SYTL2;TMC6;TRAF3IP3;TRAF4;UBN1	-0.105291133390535	-0.0833333333333333	1.03057525947787	NA	NA	NA	NA	4	72	simulation_replicate	empirical null draw; no per-module interval	NA	NA	NA	NA	NA	NA	NA	NA	NA	NA	NA	NA	NA	NA	NA	NA	NA	NA	NA	NA	NA	NA	NA	NA	NA	NA	NA	NA
null_modules	results/stage10d_tech/STAGE10D_TECH_NULL_MODULE_RESULTS.tsv	776c43d27d133f5dfdbda19e2c071a2a95942d9a403a3e87ae0a43ef3f995826	NULL_MATCHED_M30_0746	30	ARHGAP45;ASF1A;CAB39;CASP7;CYHR1;DCAF11;FAM207A;HCLS1;IFT172;IPO7;KMT5B;LDLRAD4;LYN;MAP2K1;ME2;MRPL16;NGLY1;PATJ;PIP4K2A;PPCS;PPID;PPP1R18;PTPN7;SLMAP;STRBP;TNPO1;USP3;USP48;YDJC;YY1	-0.0376743396510153	-0.0357142857142857	1.00265446946567	NA	NA	NA	NA	4	72	simulation_replicate	empirical null draw; no per-module interval	NA	NA	NA	NA	NA	NA	NA	NA	NA	NA	NA	NA	NA	NA	NA	NA	NA	NA	NA	NA	NA	NA	NA	NA	NA	NA	NA	NA
null_modules	results/stage10d_tech/STAGE10D_TECH_NULL_MODULE_RESULTS.tsv	776c43d27d133f5dfdbda19e2c071a2a95942d9a403a3e87ae0a43ef3f995826	NULL_MATCHED_M30_0747	30	ANKRD44;ANKRD49;ATP6AP2;CCDC88B;CSK;DOCK8;FERMT1;GALNT3;GNPAT;GPA33;GRK6;GTF2E2;HLA-DQB1;KMT5B;LYPLA2;MAP2K1;MUC3A;NGLY1;NUDT16L1;PCGF5;PTPN4;SEPT1;SPEN;SYTL2;TBC1D10C;TRIP12;UBXN6;USP3;WIPF1;XIAP	0.0369469417642413	0.0357142857142857	1.00326463548796	NA	NA	NA	NA	4	72	simulation_replicate	empirical null draw; no per-module interval	NA	NA	NA	NA	NA	NA	NA	NA	NA	NA	NA	NA	NA	NA	NA	NA	NA	NA	NA	NA	NA	NA	NA	NA	NA	NA	NA	NA
null_modules	results/stage10d_tech/STAGE10D_TECH_NULL_MODULE_RESULTS.tsv	776c43d27d133f5dfdbda19e2c071a2a95942d9a403a3e87ae0a43ef3f995826	NULL_MATCHED_M30_0748	30	ANKRD49;ATF7IP;BICDL2;CAB39;CHD7;CYHR1;DCAF11;DNAJC2;ENOPH1;FKBP4;GALNT3;GALNT7;GNPAT;HCLS1;HDHD3;IFT172;IKZF1;KCNN4;LONP2;LRPAP1;MAP2K1;NORAD;PCGF5;PTPN7;SETD2;SIRT7;SLMAP;STARD3NL;YDJC;ZNF131	0.0322003763008235	0.0357142857142857	0.982636533696734	NA	NA	NA	NA	4	72	simulation_replicate	empirical null draw; no per-module interval	NA	NA	NA	NA	NA	NA	NA	NA	NA	NA	NA	NA	NA	NA	NA	NA	NA	NA	NA	NA	NA	NA	NA	NA	NA	NA	NA	NA
null_modules	results/stage10d_tech/STAGE10D_TECH_NULL_MODULE_RESULTS.tsv	776c43d27d133f5dfdbda19e2c071a2a95942d9a403a3e87ae0a43ef3f995826	NULL_MATCHED_M30_0749	30	ANXA3;ASF1A;BICDL2;CAB39;CHD7;DCAF11;DDR1;EPS8L2;FAM207A;HCLS1;HNRNPL;IFT172;IKZF1;KCNN4;KMT5B;LDLRAD4;LYN;MAP2K1;MAP7;MGAT4B;MTIF3;PHLDA2;SEPT1;SIRT7;SUPT5H;TRAF4;UBALD2;UBN1;USP3;VGLL4	-0.0972442946991917	-0.0833333333333333	1.03221249026602	NA	NA	NA	NA	4	72	simulation_replicate	empirical null draw; no per-module interval	NA	NA	NA	NA	NA	NA	NA	NA	NA	NA	NA	NA	NA	NA	NA	NA	NA	NA	NA	NA	NA	NA	NA	NA	NA	NA	NA	NA
null_modules	results/stage10d_tech/STAGE10D_TECH_NULL_MODULE_RESULTS.tsv	776c43d27d133f5dfdbda19e2c071a2a95942d9a403a3e87ae0a43ef3f995826	NULL_MATCHED_M30_0750	30	AFTPH;ANKRD44;ANKRD49;ARHGAP45;ASF1A;BICDL2;CCDC88B;CEBPZOS;DDB1;DENND2D;EBP;ENOPH1;EPB41;FAM207A;FKBP3;FYB1;GALNT3;GRK6;ISG20;KCNN4;KMT5B;MSH3;MUC3A;PATJ;PTPN4;PTPN7;RTCA;SETD2;TRIP12;USP3	0.0672571503466849	0.0476190476190476	1.00626836504797	NA	NA	NA	NA	4	72	simulation_replicate	empirical null draw; no per-module interval	NA	NA	NA	NA	NA	NA	NA	NA	NA	NA	NA	NA	NA	NA	NA	NA	NA	NA	NA	NA	NA	NA	NA	NA	NA	NA	NA	NA
null_modules	results/stage10d_tech/STAGE10D_TECH_NULL_MODULE_RESULTS.tsv	776c43d27d133f5dfdbda19e2c071a2a95942d9a403a3e87ae0a43ef3f995826	NULL_MATCHED_M30_0751	30	AFTPH;CCDC88B;COX19;CSK;DDR1;DOCK8;DPP7;DUS1L;EPS8L2;EXOSC4;GTF2E2;HCLS1;IKZF1;KMT5B;LSR;MAP2K1;MZT1;NOSIP;NPEPPS;NRDC;NUDT16L1;PATJ;PNKP;RPP25L;RTCA;SEPT1;SETD2;SIRT7;SPINT1-AS1;TBC1D10C	-0.106223340733139	-0.154761904761905	1.04874730667781	NA	NA	NA	NA	4	72	simulation_replicate	empirical null draw; no per-module interval	NA	NA	NA	NA	NA	NA	NA	NA	NA	NA	NA	NA	NA	NA	NA	NA	NA	NA	NA	NA	NA	NA	NA	NA	NA	NA	NA	NA
null_modules	results/stage10d_tech/STAGE10D_TECH_NULL_MODULE_RESULTS.tsv	776c43d27d133f5dfdbda19e2c071a2a95942d9a403a3e87ae0a43ef3f995826	NULL_MATCHED_M30_0752	30	ANKRD49;CAB39;CASP7;CDV3;COX19;DOCK8;ENOPH1;EPB41;FAM107B;GOLM1;GTF2E2;HAGH;IPO7;LDLRAD4;MLLT6;MUC1;NCF1;NUDT16L1;PATJ;PPP1R18;PTPN7;SEPT1;SPEN;SPINT1-AS1;SUPT5H;TBC1D10C;TMC6;TRAF4;USP3;YDJC	-0.0783170627145683	-0.0833333333333333	1.03210022609485	NA	NA	NA	NA	4	72	simulation_replicate	empirical null draw; no per-module interval	NA	NA	NA	NA	NA	NA	NA	NA	NA	NA	NA	NA	NA	NA	NA	NA	NA	NA	NA	NA	NA	NA	NA	NA	NA	NA	NA	NA
null_modules	results/stage10d_tech/STAGE10D_TECH_NULL_MODULE_RESULTS.tsv	776c43d27d133f5dfdbda19e2c071a2a95942d9a403a3e87ae0a43ef3f995826	NULL_MATCHED_M30_0753	30	ANKRD49;ARHGAP45;CASP7;CHD7;COX19;DUS1L;ENOPH1;EPB41;EXOSC1;FAM120A;GPR160;IFNAR1;KMT5B;MAP7;ME2;MLLT6;NGLY1;PATJ;PIP4K2A;PPID;PSMB8-AS1;RPP25L;SEPT6;SETD2;SLMAP;STRBP;SYTL2;TMEM106C;UBN1;XPO1	0.032942921974814	0.0119047619047619	0.985309354667099	NA	NA	NA	NA	4	72	simulation_replicate	empirical null draw; no per-module interval	NA	NA	NA	NA	NA	NA	NA	NA	NA	NA	NA	NA	NA	NA	NA	NA	NA	NA	NA	NA	NA	NA	NA	NA	NA	NA	NA	NA
null_modules	results/stage10d_tech/STAGE10D_TECH_NULL_MODULE_RESULTS.tsv	776c43d27d133f5dfdbda19e2c071a2a95942d9a403a3e87ae0a43ef3f995826	NULL_MATCHED_M30_0754	30	AFTPH;AUP1;CAB39;CASP7;DCAF11;DOCK8;ENOPH1;EZR;GALNT3;GNPAT;IFT172;LSM12;MAP2K1;MAP2K3;ME2;MRPL48;NUDT16L1;PIP4K2A;PLS1;PNKP;PPID;PTPN7;SEPT6;SIRT7;SPINT1-AS1;STRBP;SUPT5H;TOB1;TRIP12;UBN1	-0.00884679015540085	0	0.984049758122768	NA	NA	NA	NA	4	72	simulation_replicate	empirical null draw; no per-module interval	NA	NA	NA	NA	NA	NA	NA	NA	NA	NA	NA	NA	NA	NA	NA	NA	NA	NA	NA	NA	NA	NA	NA	NA	NA	NA	NA	NA
null_modules	results/stage10d_tech/STAGE10D_TECH_NULL_MODULE_RESULTS.tsv	776c43d27d133f5dfdbda19e2c071a2a95942d9a403a3e87ae0a43ef3f995826	NULL_MATCHED_M30_0755	30	ASF1A;BICDL2;COX19;CUEDC2;DCAF11;DUS1L;EBP;EPB41;EPS8L2;EXOSC1;FBP1;GALNT3;HNRNPL;IFT172;KMT5B;LYN;MAP2K1;MAP3K2;MRPL16;MUC3A;PPID;PPP1R18;PSMB8-AS1;RPP25L;RSU1;RTCA;SPINT1-AS1;WIPF1;YDJC;YY1	0.0915444029998578	0.0595238095238095	0.972407715221056	NA	NA	NA	NA	4	72	simulation_replicate	empirical null draw; no per-module interval	NA	NA	NA	NA	NA	NA	NA	NA	NA	NA	NA	NA	NA	NA	NA	NA	NA	NA	NA	NA	NA	NA	NA	NA	NA	NA	NA	NA
null_modules	results/stage10d_tech/STAGE10D_TECH_NULL_MODULE_RESULTS.tsv	776c43d27d133f5dfdbda19e2c071a2a95942d9a403a3e87ae0a43ef3f995826	NULL_MATCHED_M30_0756	30	AFTPH;ARHGAP45;ASF1A;ATF7IP;CAB39;CASP7;CCDC88B;CHD7;COX19;FAM207A;GALNT7;HNRNPH2;HNRNPL;LCK;MAP2K3;MLLT6;PPP1R18;PTPN4;PTS;SLC22A18;SPEN;SPINT1-AS1;STRAP;STRBP;SUCLG2;SYTL2;TBC1D10C;TRAF4;UBXN6;YDJC	-0.0732086837846631	-0.0357142857142857	1.02847261887223	NA	NA	NA	NA	4	72	simulation_replicate	empirical null draw; no per-module interval	NA	NA	NA	NA	NA	NA	NA	NA	NA	NA	NA	NA	NA	NA	NA	NA	NA	NA	NA	NA	NA	NA	NA	NA	NA	NA	NA	NA
null_modules	results/stage10d_tech/STAGE10D_TECH_NULL_MODULE_RESULTS.tsv	776c43d27d133f5dfdbda19e2c071a2a95942d9a403a3e87ae0a43ef3f995826	NULL_MATCHED_M30_0757	30	ASF1A;BLCAP;CCDC88B;DOCK8;DUS1L;EBP;EPS8L2;FAM207A;GALNT3;GNPAT;GRK6;GTF2E2;HNRNPL;IFT172;IKZF1;IST1;MYO1C;NUDT16L1;PDCD4;PTPN4;PTPN7;RTCA;SEPT1;SETD2;SIRT7;STRBP;SUPT5H;TRAF4;UCHL3;YDJC	-0.082784114089471	-0.119047619047619	1.03419543413207	NA	NA	NA	NA	4	72	simulation_replicate	empirical null draw; no per-module interval	NA	NA	NA	NA	NA	NA	NA	NA	NA	NA	NA	NA	NA	NA	NA	NA	NA	NA	NA	NA	NA	NA	NA	NA	NA	NA	NA	NA
null_modules	results/stage10d_tech/STAGE10D_TECH_NULL_MODULE_RESULTS.tsv	776c43d27d133f5dfdbda19e2c071a2a95942d9a403a3e87ae0a43ef3f995826	NULL_MATCHED_M30_0758	30	ACP1;ANKRD49;ASF1A;CAB39;DCAF11;DDR1;DOCK8;EPS8L2;FTX;GSKIP;GTF2E2;KCNN4;LDLRAD4;MAP2K1;MAP7;NCF1;NGLY1;PCGF5;PIP4K2A;PNKP;PTPN6;PTPN7;RBM26;STARD3NL;TMC6;TNFSF10;TRAF3IP3;TRAF4;UBN1;USP3	-0.0218371559171355	-0.0476190476190476	1.01751136538918	NA	NA	NA	NA	4	72	simulation_replicate	empirical null draw; no per-module interval	NA	NA	NA	NA	NA	NA	NA	NA	NA	NA	NA	NA	NA	NA	NA	NA	NA	NA	NA	NA	NA	NA	NA	NA	NA	NA	NA	NA
null_modules	results/stage10d_tech/STAGE10D_TECH_NULL_MODULE_RESULTS.tsv	776c43d27d133f5dfdbda19e2c071a2a95942d9a403a3e87ae0a43ef3f995826	NULL_MATCHED_M30_0759	30	ASF1A;ATF7IP;C5orf24;COX19;CSK;CYHR1;DDR1;DUS1L;EPB41;GNPAT;GTF2E2;IKZF1;ILF2;LDLRAD4;MAP7;MLLT6;PATJ;PNKP;PRSS3;RNPEPL1;SEPT1;SPEN;SPINT1-AS1;STRBP;SUPT5H;TMC6;TRBC2;VGLL4;WIPF1;ZNF33A	-0.0196374209049327	-0.0595238095238095	1.02703523705887	NA	NA	NA	NA	4	72	simulation_replicate	empirical null draw; no per-module interval	NA	NA	NA	NA	NA	NA	NA	NA	NA	NA	NA	NA	NA	NA	NA	NA	NA	NA	NA	NA	NA	NA	NA	NA	NA	NA	NA	NA
null_modules	results/stage10d_tech/STAGE10D_TECH_NULL_MODULE_RESULTS.tsv	776c43d27d133f5dfdbda19e2c071a2a95942d9a403a3e87ae0a43ef3f995826	NULL_MATCHED_M30_0760	30	AFTPH;ANKRD44;C5orf24;CAB39;CASP7;CD48;CD7;COX19;DENND2D;DHPS;GALM;GRK6;HCLS1;IKZF1;LDLRAD4;LYN;MAP2K1;MAP7;MLLT6;NGLY1;PCGF5;PIP4K2A;PON2;PPID;PSMB8-AS1;SETD2;STARD3NL;SUMO3;SYTL2;TRIP12	0.0295601222447334	0.0238095238095238	1.01765121911456	NA	NA	NA	NA	4	72	simulation_replicate	empirical null draw; no per-module interval	NA	NA	NA	NA	NA	NA	NA	NA	NA	NA	NA	NA	NA	NA	NA	NA	NA	NA	NA	NA	NA	NA	NA	NA	NA	NA	NA	NA
null_modules	results/stage10d_tech/STAGE10D_TECH_NULL_MODULE_RESULTS.tsv	776c43d27d133f5dfdbda19e2c071a2a95942d9a403a3e87ae0a43ef3f995826	NULL_MATCHED_M30_0761	30	ANKRD10;CAB39;CASP7;CCDC88B;CLNS1A;COX19;DCAF11;GALNT7;GFPT1;GRK6;GRPEL1;HCLS1;HNRNPL;IFT172;LYN;MAP7;MUC3A;PATJ;PCSK7;PIP4K2A;POLR2C;PPP1R18;SPEN;SPINT1-AS1;STRBP;SYTL2;TBC1D10C;TMC6;UBN1;USP3	0.00930044370319807	0.0476190476190476	0.994215447084472	NA	NA	NA	NA	4	72	simulation_replicate	empirical null draw; no per-module interval	NA	NA	NA	NA	NA	NA	NA	NA	NA	NA	NA	NA	NA	NA	NA	NA	NA	NA	NA	NA	NA	NA	NA	NA	NA	NA	NA	NA
null_modules	results/stage10d_tech/STAGE10D_TECH_NULL_MODULE_RESULTS.tsv	776c43d27d133f5dfdbda19e2c071a2a95942d9a403a3e87ae0a43ef3f995826	NULL_MATCHED_M30_0762	30	ANKRD44;ASF1A;BICDL2;CAB39;CHD7;CSK;CTDSP1;DCAF11;DUS1L;FAM207A;HNRNPL;IKZF1;LSP1;MAP2K3;ME2;MLLT6;MRPS36;MSH3;MUC3A;PLS1;PPID;PPP1R18;PTPN4;RARS;SEC31A;SEPT1;SPINT1-AS1;STRBP;UBN1;UNC50	0.0600412809809438	0.0952380952380953	0.989985268572538	NA	NA	NA	NA	4	72	simulation_replicate	empirical null draw; no per-module interval	NA	NA	NA	NA	NA	NA	NA	NA	NA	NA	NA	NA	NA	NA	NA	NA	NA	NA	NA	NA	NA	NA	NA	NA	NA	NA	NA	NA
null_modules	results/stage10d_tech/STAGE10D_TECH_NULL_MODULE_RESULTS.tsv	776c43d27d133f5dfdbda19e2c071a2a95942d9a403a3e87ae0a43ef3f995826	NULL_MATCHED_M30_0763	30	ARHGAP45;CAB39;CASP7;CTDSP1;CYHR1;DCAF11;DOCK8;EBPL;ENOPH1;EPS8L2;EXOSC8;FKBP3;GALM;GALNT3;GTF2E2;KCNN4;MAP2K1;NGLY1;PATJ;PNKP;PSMB8-AS1;PTPN7;RNF145;SEPT1;STRBP;TBC1D10C;TMC6;TMEM30A;UBN1;WIPF1	-0.0375234896478597	-0.0714285714285714	1.00456529881868	NA	NA	NA	NA	4	72	simulation_replicate	empirical null draw; no per-module interval	NA	NA	NA	NA	NA	NA	NA	NA	NA	NA	NA	NA	NA	NA	NA	NA	NA	NA	NA	NA	NA	NA	NA	NA	NA	NA	NA	NA
null_modules	results/stage10d_tech/STAGE10D_TECH_NULL_MODULE_RESULTS.tsv	776c43d27d133f5dfdbda19e2c071a2a95942d9a403a3e87ae0a43ef3f995826	NULL_MATCHED_M30_0764	30	ARHGAP45;BICDL2;CCDC88B;COX19;CSK;CUEDC2;DDR1;DOCK8;EPS8L2;GALNT3;LDLRAD4;LYPLA2;MAP2K1;MAP2K3;MAP7;NCF1;NR4A2;PLS1;PNKP;PPCS;PSMB8-AS1;RTCA;STARD3NL;STRBP;SUPT5H;TIMMDC1;TMEM33;TRIP12;UFM1;WIPF1	-0.00814075707601446	0	1.01374766784424	NA	NA	NA	NA	4	72	simulation_replicate	empirical null draw; no per-module interval	NA	NA	NA	NA	NA	NA	NA	NA	NA	NA	NA	NA	NA	NA	NA	NA	NA	NA	NA	NA	NA	NA	NA	NA	NA	NA	NA	NA
null_modules	results/stage10d_tech/STAGE10D_TECH_NULL_MODULE_RESULTS.tsv	776c43d27d133f5dfdbda19e2c071a2a95942d9a403a3e87ae0a43ef3f995826	NULL_MATCHED_M30_0765	30	ARHGAP45;CAB39;CD37;CETN2;CHD7;CLEC2D;DENND2D;EPS8L2;FAM207A;GALNT7;GNPAT;HM13;ITFG1;KCNN4;LRPAP1;MAP2K3;MSH3;NCF1;NGLY1;PPID;PTPN7;RPP25L;RTCA;SETD2;SLMAP;SPINT1-AS1;SUPT5H;TMC6;TMPRSS2;UBN1	-0.0475852443721055	-0.0952380952380953	1.01227423060475	NA	NA	NA	NA	4	72	simulation_replicate	empirical null draw; no per-module interval	NA	NA	NA	NA	NA	NA	NA	NA	NA	NA	NA	NA	NA	NA	NA	NA	NA	NA	NA	NA	NA	NA	NA	NA	NA	NA	NA	NA
null_modules	results/stage10d_tech/STAGE10D_TECH_NULL_MODULE_RESULTS.tsv	776c43d27d133f5dfdbda19e2c071a2a95942d9a403a3e87ae0a43ef3f995826	NULL_MATCHED_M30_0766	30	ASS1;BICDL2;CAB39;CDK13;CHD7;CYHR1;DUS1L;EPS8L2;FAM207A;GALNT7;GRK6;GTF2A2;GTF2E2;LYN;LYPLA2;MAP7;NCF1;PRPF38A;RPP25L;SEPT1;SPINT1-AS1;STRBP;SUPT5H;SYTL2;TBC1D10C;TRAF3IP3;TRAF4;TSTA3;USP22;WIPF1	0.0373294651851352	0.0238095238095238	1.00301604935893	NA	NA	NA	NA	4	72	simulation_replicate	empirical null draw; no per-module interval	NA	NA	NA	NA	NA	NA	NA	NA	NA	NA	NA	NA	NA	NA	NA	NA	NA	NA	NA	NA	NA	NA	NA	NA	NA	NA	NA	NA
null_modules	results/stage10d_tech/STAGE10D_TECH_NULL_MODULE_RESULTS.tsv	776c43d27d133f5dfdbda19e2c071a2a95942d9a403a3e87ae0a43ef3f995826	NULL_MATCHED_M30_0767	30	AFTPH;ANKRD49;ARHGAP45;ATIC;BICDL2;BIN1;CHD7;COX19;DCAF11;DENND2D;GALNT3;GALNT7;GTF2E2;HNRNPL;MAP2K3;MARK3;MLLT6;MUC3A;NUDT16L1;PIP4K2A;SEPT1;SPINT1-AS1;SPTAN1;SPTBN1;STRBP;SUPT5H;SYTL2;TRIP12;UBN1;UBXN6	-0.00427307561119339	0.0119047619047619	1.03527305183026	NA	NA	NA	NA	4	72	simulation_replicate	empirical null draw; no per-module interval	NA	NA	NA	NA	NA	NA	NA	NA	NA	NA	NA	NA	NA	NA	NA	NA	NA	NA	NA	NA	NA	NA	NA	NA	NA	NA	NA	NA
null_modules	results/stage10d_tech/STAGE10D_TECH_NULL_MODULE_RESULTS.tsv	776c43d27d133f5dfdbda19e2c071a2a95942d9a403a3e87ae0a43ef3f995826	NULL_MATCHED_M30_0768	30	AFTPH;ARHGAP45;ASF1A;CAB39;CASP7;CHD7;COX19;CYHR1;DCAF11;EPB41;EPS8L2;IKZF1;MSH3;NCF1;NGLY1;NUBP2;NUDT16L1;PATJ;PNKP;PTPRC;PTS;RPP25L;SPEN;STARD3NL;TRIM2;UBN1;UFM1;USP48;WIPF1;YDJC	0.00491353143345274	-0.0595238095238095	1.02121633025616	NA	NA	NA	NA	4	72	simulation_replicate	empirical null draw; no per-module interval	NA	NA	NA	NA	NA	NA	NA	NA	NA	NA	NA	NA	NA	NA	NA	NA	NA	NA	NA	NA	NA	NA	NA	NA	NA	NA	NA	NA
null_modules	results/stage10d_tech/STAGE10D_TECH_NULL_MODULE_RESULTS.tsv	776c43d27d133f5dfdbda19e2c071a2a95942d9a403a3e87ae0a43ef3f995826	NULL_MATCHED_M30_0769	30	AFTPH;ANKRD10;ARHGAP45;ASF1A;CD3D;CHD7;CYHR1;DDR1;ENOPH1;EPB41;GALNT7;HMG20B;HNRNPL;KCNN4;LYN;PNKP;PPID;PSMB8-AS1;PTPN7;RNF13;RPP25L;RTCA;SEPT1;SF3B1;SLC22A18;SYTL2;TIMMDC1;TMC6;TRAF3IP3;WIPF1	0.105770717601931	0.0833333333333333	0.975709982118067	NA	NA	NA	NA	4	72	simulation_replicate	empirical null draw; no per-module interval	NA	NA	NA	NA	NA	NA	NA	NA	NA	NA	NA	NA	NA	NA	NA	NA	NA	NA	NA	NA	NA	NA	NA	NA	NA	NA	NA	NA
null_modules	results/stage10d_tech/STAGE10D_TECH_NULL_MODULE_RESULTS.tsv	776c43d27d133f5dfdbda19e2c071a2a95942d9a403a3e87ae0a43ef3f995826	NULL_MATCHED_M30_0770	30	AFTPH;ASF1A;CAB39;CASP7;CDV3;CSK;DCAF11;DENND2D;DOCK8;EPB41;GALNT7;GPA33;HCLS1;IVNS1ABP;LDLRAD4;MAP1LC3B;MAP7;MUC3A;NOP58;NUDT16L1;PATJ;PTPN4;SBNO1;SIRT7;STARD3NL;SUPT5H;TRAF4;WIPF1;YDJC;ZNF131	-0.00273490555433147	-0.0238095238095238	0.998304648884751	NA	NA	NA	NA	4	72	simulation_replicate	empirical null draw; no per-module interval	NA	NA	NA	NA	NA	NA	NA	NA	NA	NA	NA	NA	NA	NA	NA	NA	NA	NA	NA	NA	NA	NA	NA	NA	NA	NA	NA	NA
null_modules	results/stage10d_tech/STAGE10D_TECH_NULL_MODULE_RESULTS.tsv	776c43d27d133f5dfdbda19e2c071a2a95942d9a403a3e87ae0a43ef3f995826	NULL_MATCHED_M30_0771	30	AFTPH;CCDC88B;COX19;DOCK8;ERP44;FAM207A;GNPAT;GPSM3;IFT172;KMT5B;LDLRAD4;LLPH;LYPLA2;MRPS36;MSH3;NCF1;NUDT16L1;PABPC4;PATJ;PCGF5;PNKP;POLR2C;PTPN4;SEPT1;SETD2;SPEN;STRBP;TMC6;TRAF4;WIPF1	-0.0365709585324748	-0.0476190476190476	1.0166378473624	NA	NA	NA	NA	4	72	simulation_replicate	empirical null draw; no per-module interval	NA	NA	NA	NA	NA	NA	NA	NA	NA	NA	NA	NA	NA	NA	NA	NA	NA	NA	NA	NA	NA	NA	NA	NA	NA	NA	NA	NA
null_modules	results/stage10d_tech/STAGE10D_TECH_NULL_MODULE_RESULTS.tsv	776c43d27d133f5dfdbda19e2c071a2a95942d9a403a3e87ae0a43ef3f995826	NULL_MATCHED_M30_0772	30	ANKRD44;ANKRD49;ARHGAP45;CAB39;CASP7;CLNS1A;COPA;DDR1;FAM207A;GALNT7;GTF2E2;HCLS1;HNRNPL;IFT20;LYPLA2;MAP2K1;PCGF5;PLS1;PPIL4;PPP1R18;PPP2R1A;PSMB8-AS1;SBNO1;SEPT1;SPEN;SPINT1-AS1;TBC1D10C;UBN1;USP3;ZNF131	0.00725793676160969	0	1.0291512136157	NA	NA	NA	NA	4	72	simulation_replicate	empirical null draw; no per-module interval	NA	NA	NA	NA	NA	NA	NA	NA	NA	NA	NA	NA	NA	NA	NA	NA	NA	NA	NA	NA	NA	NA	NA	NA	NA	NA	NA	NA
null_modules	results/stage10d_tech/STAGE10D_TECH_NULL_MODULE_RESULTS.tsv	776c43d27d133f5dfdbda19e2c071a2a95942d9a403a3e87ae0a43ef3f995826	NULL_MATCHED_M30_0773	30	ABHD17A;AFTPH;ANKRD49;ATF7IP;BICDL2;CDC42EP5;COX19;DDR1;FAM207A;HCLS1;HDHD3;IKZF1;KXD1;LLPH;LYPLA2;MAP2K1;MAP2K3;NGLY1;PATJ;PSMB8-AS1;PSMB9;SEPT1;SETD2;SIRT7;SLMAP;SPEN;TBC1D10C;TRAF3IP3;TRIM2;TRIP12	-0.133298901026114	-0.119047619047619	1.02671960759115	NA	NA	NA	NA	4	72	simulation_replicate	empirical null draw; no per-module interval	NA	NA	NA	NA	NA	NA	NA	NA	NA	NA	NA	NA	NA	NA	NA	NA	NA	NA	NA	NA	NA	NA	NA	NA	NA	NA	NA	NA
null_modules	results/stage10d_tech/STAGE10D_TECH_NULL_MODULE_RESULTS.tsv	776c43d27d133f5dfdbda19e2c071a2a95942d9a403a3e87ae0a43ef3f995826	NULL_MATCHED_M30_0774	30	ANKRD49;BICDL2;CCDC88B;COX19;CTBP2;CYHR1;DDB1;DOCK8;GTF2E2;HNRNPL;MAP2K1;MSH3;MUC3A;PATJ;PIP4K2A;PLS1;PNKP;PTPN4;PTPN7;PXMP2;RPP25L;RTCA;SEPT1;SPINT1-AS1;STARD3NL;TRIP12;UBE2H;UBN1;VCP;ZC3H15	0.067335180006673	0.0238095238095238	1.00725583395808	NA	NA	NA	NA	4	72	simulation_replicate	empirical null draw; no per-module interval	NA	NA	NA	NA	NA	NA	NA	NA	NA	NA	NA	NA	NA	NA	NA	NA	NA	NA	NA	NA	NA	NA	NA	NA	NA	NA	NA	NA
null_modules	results/stage10d_tech/STAGE10D_TECH_NULL_MODULE_RESULTS.tsv	776c43d27d133f5dfdbda19e2c071a2a95942d9a403a3e87ae0a43ef3f995826	NULL_MATCHED_M30_0775	30	ABHD17A;ANKRD44;ATF7IP;CAB39;CD3D;CSK;CUEDC2;DOCK8;EVI2B;FAM207A;GALM;GALNT3;GNPAT;GTF2E2;HNRNPL;IKZF1;KCNN4;MAP7;MUC12;PPP1R18;PTPN4;RAB5A;RPP25L;RTCA;SETD2;SPINT1-AS1;STRBP;TOB1;TRAF3IP3;WIPF1	-0.0164935754754958	-0.0357142857142857	1.01738673490551	NA	NA	NA	NA	4	72	simulation_replicate	empirical null draw; no per-module interval	NA	NA	NA	NA	NA	NA	NA	NA	NA	NA	NA	NA	NA	NA	NA	NA	NA	NA	NA	NA	NA	NA	NA	NA	NA	NA	NA	NA
null_modules	results/stage10d_tech/STAGE10D_TECH_NULL_MODULE_RESULTS.tsv	776c43d27d133f5dfdbda19e2c071a2a95942d9a403a3e87ae0a43ef3f995826	NULL_MATCHED_M30_0776	30	ATF7IP;CHD7;CTBP2;DUS1L;EPS8L2;FAM192A;FAM207A;GALM;GALNT3;GALNT7;GNPAT;HCLS1;IMMT;KMT5B;LYN;MAP2K1;MAP2K3;MAP7;MDH1;MRPS23;NCF1;NUDT16L1;PTPN7;RTCA;SEPT1;SETD2;SYTL2;TMEM106C;TRAF3IP3;YDJC	0.0374644381173763	0.0238095238095238	0.993349587122897	NA	NA	NA	NA	4	72	simulation_replicate	empirical null draw; no per-module interval	NA	NA	NA	NA	NA	NA	NA	NA	NA	NA	NA	NA	NA	NA	NA	NA	NA	NA	NA	NA	NA	NA	NA	NA	NA	NA	NA	NA
null_modules	results/stage10d_tech/STAGE10D_TECH_NULL_MODULE_RESULTS.tsv	776c43d27d133f5dfdbda19e2c071a2a95942d9a403a3e87ae0a43ef3f995826	NULL_MATCHED_M30_0777	30	ANKRD44;BICDL2;CEP57;CLIP1;COX17;DOCK8;EPS8L2;FAM207A;GALM;GNPAT;HCLS1;HNRNPL;KMT5B;LYPLA2;MAP2K3;MLLT6;NCF1;NKG7;PAFAH1B2;PCGF5;PIP4K2A;PPID;PTPN4;SEPT1;STRBP;SUPT5H;TMC6;TRAF3IP3;UFD1;YDJC	-0.013302997519596	-0.0595238095238095	1.00219681364061	NA	NA	NA	NA	4	72	simulation_replicate	empirical null draw; no per-module interval	NA	NA	NA	NA	NA	NA	NA	NA	NA	NA	NA	NA	NA	NA	NA	NA	NA	NA	NA	NA	NA	NA	NA	NA	NA	NA	NA	NA
null_modules	results/stage10d_tech/STAGE10D_TECH_NULL_MODULE_RESULTS.tsv	776c43d27d133f5dfdbda19e2c071a2a95942d9a403a3e87ae0a43ef3f995826	NULL_MATCHED_M30_0778	30	ACSL3;ANKRD49;ARHGAP45;CYHR1;DCAF11;DUS1L;FAM3C;GALNT3;GMDS;GNPAT;GRK6;GTF2E2;IKZF1;KCNN4;KMT5B;LDLRAD4;LYN;MAP2K3;MRPL16;MSH3;MZT1;NCF1;PLS1;PTPN7;RBM26;SDC4;SEPT1;SPINT1-AS1;STARD3NL;SUPT5H	0.0480913972252684	0.0595238095238095	0.99395201680242	NA	NA	NA	NA	4	72	simulation_replicate	empirical null draw; no per-module interval	NA	NA	NA	NA	NA	NA	NA	NA	NA	NA	NA	NA	NA	NA	NA	NA	NA	NA	NA	NA	NA	NA	NA	NA	NA	NA	NA	NA
null_modules	results/stage10d_tech/STAGE10D_TECH_NULL_MODULE_RESULTS.tsv	776c43d27d133f5dfdbda19e2c071a2a95942d9a403a3e87ae0a43ef3f995826	NULL_MATCHED_M30_0779	30	AFTPH;AKR1A1;ARHGAP45;ARL2BP;BICDL2;COX19;DUS1L;FAM207A;GALM;GNPAT;HCLS1;HNRNPL;KCNN4;KMT5B;LDLRAD4;MAP2K1;MAP7;ME2;MLLT6;NCF1;PAICS;PTPN7;SEPT1;SIL1;SLC38A1;SMIM12;SPINT1-AS1;SYTL2;TMEM167A;TRAF4	-0.0376301563294014	-0.0714285714285714	1.0217260098571	NA	NA	NA	NA	4	72	simulation_replicate	empirical null draw; no per-module interval	NA	NA	NA	NA	NA	NA	NA	NA	NA	NA	NA	NA	NA	NA	NA	NA	NA	NA	NA	NA	NA	NA	NA	NA	NA	NA	NA	NA
null_modules	results/stage10d_tech/STAGE10D_TECH_NULL_MODULE_RESULTS.tsv	776c43d27d133f5dfdbda19e2c071a2a95942d9a403a3e87ae0a43ef3f995826	NULL_MATCHED_M30_0780	30	BICDL2;CCDC88B;CHD7;COX19;CSK;DOCK8;ENOPH1;EPB41;GALNT7;GNAI2;GNPAT;HNRNPL;HSPA9;IFT172;MLLT6;NCF1;PATJ;PCGF5;PLS1;PNKP;POLR2C;PPID;PTPN4;RPP25L;RTCA;SNRPN;SPEN;TNFSF10;ZG16B;ZNF131	0.01281145402521	-0.0476190476190476	1.00530805988991	NA	NA	NA	NA	4	72	simulation_replicate	empirical null draw; no per-module interval	NA	NA	NA	NA	NA	NA	NA	NA	NA	NA	NA	NA	NA	NA	NA	NA	NA	NA	NA	NA	NA	NA	NA	NA	NA	NA	NA	NA
null_modules	results/stage10d_tech/STAGE10D_TECH_NULL_MODULE_RESULTS.tsv	776c43d27d133f5dfdbda19e2c071a2a95942d9a403a3e87ae0a43ef3f995826	NULL_MATCHED_M30_0781	30	ATF7IP;CD48;CYHR1;DDR1;EXOSC8;GALNT3;GALNT7;GTF2E2;HCLS1;HNRNPL;KCNN4;KMT5B;LDLRAD4;MAP2K1;MAP2K3;NCF1;NDUFA10;RPP25L;SPEN;STRBP;SUPT5H;TRAF3IP3;TRIP12;UBN1;UCHL3;USP3;VGLL4;WIPF1;YDJC;ZBTB20	-0.0926860977618296	-0.142857142857143	1.03625044213023	NA	NA	NA	NA	4	72	simulation_replicate	empirical null draw; no per-module interval	NA	NA	NA	NA	NA	NA	NA	NA	NA	NA	NA	NA	NA	NA	NA	NA	NA	NA	NA	NA	NA	NA	NA	NA	NA	NA	NA	NA
null_modules	results/stage10d_tech/STAGE10D_TECH_NULL_MODULE_RESULTS.tsv	776c43d27d133f5dfdbda19e2c071a2a95942d9a403a3e87ae0a43ef3f995826	NULL_MATCHED_M30_0782	30	ARHGAP45;CASP7;COX19;CSK;CYHR1;DDR1;DENND2D;EPB41;FAM107B;IFT172;INTS6;LDLRAD4;LYPLA2;MAP2K1;NUCB2;NUDT16L1;OLA1;PATJ;PCGF5;PNKP;PSMB8-AS1;PTPN7;RTCA;RTN3;SLC25A36;STRBP;SYTL2;UBN1;YDJC;ZNF131	-0.0536866727897795	-0.0595238095238095	1.02073168523645	NA	NA	NA	NA	4	72	simulation_replicate	empirical null draw; no per-module interval	NA	NA	NA	NA	NA	NA	NA	NA	NA	NA	NA	NA	NA	NA	NA	NA	NA	NA	NA	NA	NA	NA	NA	NA	NA	NA	NA	NA
null_modules	results/stage10d_tech/STAGE10D_TECH_NULL_MODULE_RESULTS.tsv	776c43d27d133f5dfdbda19e2c071a2a95942d9a403a3e87ae0a43ef3f995826	NULL_MATCHED_M30_0783	30	CASP7;CCDC88B;CSK;CYHR1;DENND2D;DUS1L;EXOSC1;FTX;GALNT3;HNRNPL;IFT172;IKZF1;KCNN4;MSH3;POLR2C;PPP1R18;PSMB8-AS1;PTPN7;RBBP7;RTCA;SEPT1;SPEN;STRBP;TNRC6B;TRAF4;UBN1;USP22;USP3;WIPF1;XIAP	-0.0256542898099012	0	1.04748739515722	NA	NA	NA	NA	4	72	simulation_replicate	empirical null draw; no per-module interval	NA	NA	NA	NA	NA	NA	NA	NA	NA	NA	NA	NA	NA	NA	NA	NA	NA	NA	NA	NA	NA	NA	NA	NA	NA	NA	NA	NA
null_modules	results/stage10d_tech/STAGE10D_TECH_NULL_MODULE_RESULTS.tsv	776c43d27d133f5dfdbda19e2c071a2a95942d9a403a3e87ae0a43ef3f995826	NULL_MATCHED_M30_0784	30	CASP7;COX19;DCAF11;DENND2D;DOCK8;EPB41;EPS8L2;FKBP3;GALM;HNRNPL;IFT172;IKZF1;IST1;KMT5B;LDLRAD4;LYN;PATJ;PCGF5;PNKP;PPID;PPP1R18;PTPRC;RTCA;STARD3NL;TRAF4;TRIP12;UFD1;WASL;WBP11;WIPF1	0.0526576253772556	0.0714285714285714	1.00153211855511	NA	NA	NA	NA	4	72	simulation_replicate	empirical null draw; no per-module interval	NA	NA	NA	NA	NA	NA	NA	NA	NA	NA	NA	NA	NA	NA	NA	NA	NA	NA	NA	NA	NA	NA	NA	NA	NA	NA	NA	NA
null_modules	results/stage10d_tech/STAGE10D_TECH_NULL_MODULE_RESULTS.tsv	776c43d27d133f5dfdbda19e2c071a2a95942d9a403a3e87ae0a43ef3f995826	NULL_MATCHED_M30_0785	30	ANKRD44;ANKRD49;ARHGAP45;CAB39;CASP7;CERS6;CHD7;CLIP1;DDR1;FAM3C;GNPAT;GTF2E2;HCLS1;HNRNPL;KMT5B;LYN;MAP2K3;MSH3;MUC3A;PATJ;PCGF5;PFDN2;PIP4K2A;PSMB8-AS1;PTPN7;SPEN;SPTAN1;TBC1D10C;TRAF3IP3;TWF2	-0.0330160679491462	0	1.01426010377555	NA	NA	NA	NA	4	72	simulation_replicate	empirical null draw; no per-module interval	NA	NA	NA	NA	NA	NA	NA	NA	NA	NA	NA	NA	NA	NA	NA	NA	NA	NA	NA	NA	NA	NA	NA	NA	NA	NA	NA	NA
null_modules	results/stage10d_tech/STAGE10D_TECH_NULL_MODULE_RESULTS.tsv	776c43d27d133f5dfdbda19e2c071a2a95942d9a403a3e87ae0a43ef3f995826	NULL_MATCHED_M30_0786	30	ANKRD10;ANKRD44;ARHGAP45;ATF7IP;BICDL2;CCDC88B;COMT;CYHR1;DDR1;IFT172;IKZF1;LYN;LYPLA2;MAP2K1;MAP7;MUC1;MUC3A;NDUFA10;PLS1;PPID;PTPN7;RPP25L;SEC22B;SPEN;SPINT1-AS1;STRBP;TMC6;TMPRSS2;USP48;YDJC	-0.0520769983533412	-0.0833333333333333	1.04563773483927	NA	NA	NA	NA	4	72	simulation_replicate	empirical null draw; no per-module interval	NA	NA	NA	NA	NA	NA	NA	NA	NA	NA	NA	NA	NA	NA	NA	NA	NA	NA	NA	NA	NA	NA	NA	NA	NA	NA	NA	NA
null_modules	results/stage10d_tech/STAGE10D_TECH_NULL_MODULE_RESULTS.tsv	776c43d27d133f5dfdbda19e2c071a2a95942d9a403a3e87ae0a43ef3f995826	NULL_MATCHED_M30_0787	30	AFTPH;BICDL2;CAB39;CCDC88B;DCAF11;DDR1;DENND2D;ENOPH1;GALM;GALNT3;GALNT7;KCNN4;MAP2K1;ME2;MRPS11;MUC3A;NGLY1;NKG7;PDCD4;PLS1;PNKP;PPID;PPP2R2A;SEC22B;SYTL2;TRAF3IP3;TRAF4;TRBC2;USP3;WIPF1	-0.0276636554360892	-0.0357142857142857	1.02090456064441	NA	NA	NA	NA	4	72	simulation_replicate	empirical null draw; no per-module interval	NA	NA	NA	NA	NA	NA	NA	NA	NA	NA	NA	NA	NA	NA	NA	NA	NA	NA	NA	NA	NA	NA	NA	NA	NA	NA	NA	NA
null_modules	results/stage10d_tech/STAGE10D_TECH_NULL_MODULE_RESULTS.tsv	776c43d27d133f5dfdbda19e2c071a2a95942d9a403a3e87ae0a43ef3f995826	NULL_MATCHED_M30_0788	30	ANKRD44;ANKRD49;CTDNEP1;DDR1;DUS1L;FAM207A;GALNT7;HNRNPA1P48;HNRNPL;LDLRAD4;ME2;MRPL52;MSH3;MUC3A;PATJ;PIP4K2A;PNKP;PPID;PPP1R18;PRMT2;PTPN7;SIRT7;SMIM12;SPINT1-AS1;STRBP;SUPT5H;TBC1D10C;TM9SF2;VGLL4;WIPF1	-0.0895054194275632	-0.0952380952380953	1.04062236968008	NA	NA	NA	NA	4	72	simulation_replicate	empirical null draw; no per-module interval	NA	NA	NA	NA	NA	NA	NA	NA	NA	NA	NA	NA	NA	NA	NA	NA	NA	NA	NA	NA	NA	NA	NA	NA	NA	NA	NA	NA
null_modules	results/stage10d_tech/STAGE10D_TECH_NULL_MODULE_RESULTS.tsv	776c43d27d133f5dfdbda19e2c071a2a95942d9a403a3e87ae0a43ef3f995826	NULL_MATCHED_M30_0789	30	AGR3;CASP7;CHD7;DCAF11;EPB41;EPS8L2;HNRNPH3;KCNN4;KMT5B;MAP2K1;MAP7;ME2;NCF1;NUDT16L1;PATJ;PCGF5;PLS1;RPP25L;RSU1;STRBP;SYTL2;TMC6;TRAF3IP3;TRIP12;UFD1;USP3;USP48;WIPF1;WIPI2;YDJC	0.0469649640217024	0.0476190476190476	1.03142331884362	NA	NA	NA	NA	4	72	simulation_replicate	empirical null draw; no per-module interval	NA	NA	NA	NA	NA	NA	NA	NA	NA	NA	NA	NA	NA	NA	NA	NA	NA	NA	NA	NA	NA	NA	NA	NA	NA	NA	NA	NA
null_modules	results/stage10d_tech/STAGE10D_TECH_NULL_MODULE_RESULTS.tsv	776c43d27d133f5dfdbda19e2c071a2a95942d9a403a3e87ae0a43ef3f995826	NULL_MATCHED_M30_0790	30	ATF7IP;CETN2;CHD7;CTDSP1;DUS1L;ENOPH1;EPB41;EPS8L2;GALNT7;GRK6;HNRNPL;IFT172;IKZF1;LPP;MAP7;PON2;PPID;PPP1R18;PRPF38A;PSMB8-AS1;PSMC5;SPEN;STARD3NL;STRBP;SUPT5H;TMC6;TRAF3IP3;TRAF4;UBN1;WIPF1	-0.0178207370173909	-0.0119047619047619	1.03790189364443	NA	NA	NA	NA	4	72	simulation_replicate	empirical null draw; no per-module interval	NA	NA	NA	NA	NA	NA	NA	NA	NA	NA	NA	NA	NA	NA	NA	NA	NA	NA	NA	NA	NA	NA	NA	NA	NA	NA	NA	NA
null_modules	results/stage10d_tech/STAGE10D_TECH_NULL_MODULE_RESULTS.tsv	776c43d27d133f5dfdbda19e2c071a2a95942d9a403a3e87ae0a43ef3f995826	NULL_MATCHED_M30_0791	30	ACAP1;ANKRD49;ATF7IP;COX19;DCAF11;DUS1L;EBP;EPS8L2;GALNT3;IFT172;KMT5B;LSM10;LYN;LYPLA2;ME2;MRPL48;MSH3;NGLY1;NUDT16L1;PCBD1;PCGF5;PNKP;PPID;PTPN4;RTCA;SLMAP;TBC1D10C;TDP2;TRAF3IP3;UBN1	0.119161410625367	0.119047619047619	0.99874279230141	NA	NA	NA	NA	4	72	simulation_replicate	empirical null draw; no per-module interval	NA	NA	NA	NA	NA	NA	NA	NA	NA	NA	NA	NA	NA	NA	NA	NA	NA	NA	NA	NA	NA	NA	NA	NA	NA	NA	NA	NA
null_modules	results/stage10d_tech/STAGE10D_TECH_NULL_MODULE_RESULTS.tsv	776c43d27d133f5dfdbda19e2c071a2a95942d9a403a3e87ae0a43ef3f995826	NULL_MATCHED_M30_0792	30	ANKRD44;ARHGAP45;ASF1A;CEBPZOS;CHD7;COA3;COX19;CYHR1;DCAF11;DOCK8;EIF4EBP1;EPS8L2;FAM207A;GALNT7;GNPAT;GRK6;HNRNPL;LYN;MAP2K3;MRPL48;PCSK7;PPID;PPP1R18;RASSF7;RPP25L;SETD2;SLMAP;SPINT1-AS1;TMC6;ZNF33A	0.0675406750046158	0.0119047619047619	1.00186454115369	NA	NA	NA	NA	4	72	simulation_replicate	empirical null draw; no per-module interval	NA	NA	NA	NA	NA	NA	NA	NA	NA	NA	NA	NA	NA	NA	NA	NA	NA	NA	NA	NA	NA	NA	NA	NA	NA	NA	NA	NA
null_modules	results/stage10d_tech/STAGE10D_TECH_NULL_MODULE_RESULTS.tsv	776c43d27d133f5dfdbda19e2c071a2a95942d9a403a3e87ae0a43ef3f995826	NULL_MATCHED_M30_0793	30	ANKRD44;ARHGAP45;ASF1A;CHD7;COPA;CSK;DENND2D;FAM207A;GALNT3;HCLS1;KMT5B;KXD1;LDLRAD4;MAP2K3;MDH1;MLLT6;MUC3A;NGLY1;PARL;PIP4K2A;PLS1;RASSF7;RTCA;SIRT7;SLMAP;STARD3NL;STRBP;TSTA3;WIPF1;YDJC	-0.0409296063931465	-0.0238095238095238	1.01886794601451	NA	NA	NA	NA	4	72	simulation_replicate	empirical null draw; no per-module interval	NA	NA	NA	NA	NA	NA	NA	NA	NA	NA	NA	NA	NA	NA	NA	NA	NA	NA	NA	NA	NA	NA	NA	NA	NA	NA	NA	NA
null_modules	results/stage10d_tech/STAGE10D_TECH_NULL_MODULE_RESULTS.tsv	776c43d27d133f5dfdbda19e2c071a2a95942d9a403a3e87ae0a43ef3f995826	NULL_MATCHED_M30_0794	30	ACAP1;ANKRD49;ARHGAP45;ASF1A;DENND2D;EIF4A3;EPB41;FAM207A;GALM;GRK6;HCLS1;HNRNPL;KMT5B;LYPLA2;MAP7;ME2;MRPL48;NCF1;PPP1R18;SPEN;SPINT1-AS1;SYTL2;TBC1D10C;TMC6;TRAF4;VCP;XIAP;XRCC5;YDJC;ZNF131	0.081770491079138	0.0952380952380953	0.984911623406405	NA	NA	NA	NA	4	72	simulation_replicate	empirical null draw; no per-module interval	NA	NA	NA	NA	NA	NA	NA	NA	NA	NA	NA	NA	NA	NA	NA	NA	NA	NA	NA	NA	NA	NA	NA	NA	NA	NA	NA	NA
null_modules	results/stage10d_tech/STAGE10D_TECH_NULL_MODULE_RESULTS.tsv	776c43d27d133f5dfdbda19e2c071a2a95942d9a403a3e87ae0a43ef3f995826	NULL_MATCHED_M30_0795	30	ANKRD49;ATF7IP;C12orf10;CASP7;DDR1;DENND2D;DOCK8;GALNT7;GNPAT;HNRNPL;IDH1;IKZF1;IST1;KCNN4;LSP1;LYPLA2;ME2;PATJ;PCGF5;PDZD8;RTCA;SIRT7;SLMAP;STARD3NL;TNFSF10;TRAF4;USP3;YDJC;ZNF131;ZNF33A	0.0266437647562169	-0.0119047619047619	1.01616377461753	NA	NA	NA	NA	4	72	simulation_replicate	empirical null draw; no per-module interval	NA	NA	NA	NA	NA	NA	NA	NA	NA	NA	NA	NA	NA	NA	NA	NA	NA	NA	NA	NA	NA	NA	NA	NA	NA	NA	NA	NA
null_modules	results/stage10d_tech/STAGE10D_TECH_NULL_MODULE_RESULTS.tsv	776c43d27d133f5dfdbda19e2c071a2a95942d9a403a3e87ae0a43ef3f995826	NULL_MATCHED_M30_0796	30	ACADS;ASF1A;BICDL2;CCDC88B;COX19;CRBN;CYHR1;DDR1;EPB41;FAM207A;GALM;GALNT3;GALNT7;GTF2E2;IFT172;KMT5B;LYN;NGLY1;PABPC4;PATJ;PCGF5;PPP1R18;SLMAP;SUCLG2;TSN;USP3;WIPF1;XRCC5;YDJC;ZNF131	-0.0192768559953652	0	1.01504287427146	NA	NA	NA	NA	4	72	simulation_replicate	empirical null draw; no per-module interval	NA	NA	NA	NA	NA	NA	NA	NA	NA	NA	NA	NA	NA	NA	NA	NA	NA	NA	NA	NA	NA	NA	NA	NA	NA	NA	NA	NA
null_modules	results/stage10d_tech/STAGE10D_TECH_NULL_MODULE_RESULTS.tsv	776c43d27d133f5dfdbda19e2c071a2a95942d9a403a3e87ae0a43ef3f995826	NULL_MATCHED_M30_0797	30	ASF1A;ATF7IP;BICDL2;CAB39;CACYBP;CCDC88B;COX19;DDR1;DENND2D;FASTK;GALM;GOPC;GTF2E2;IFT172;KCNN4;KMT5B;LSM8;MAP2K2;MUC3A;PIP4K2A;PNKP;PPP1R18;SLMAP;SPINT1-AS1;SUPT5H;TBC1D10C;TMC6;TRAF4;UBQLN1;WIPF1	-0.0225497062698897	0	0.996194717319556	NA	NA	NA	NA	4	72	simulation_replicate	empirical null draw; no per-module interval	NA	NA	NA	NA	NA	NA	NA	NA	NA	NA	NA	NA	NA	NA	NA	NA	NA	NA	NA	NA	NA	NA	NA	NA	NA	NA	NA	NA
null_modules	results/stage10d_tech/STAGE10D_TECH_NULL_MODULE_RESULTS.tsv	776c43d27d133f5dfdbda19e2c071a2a95942d9a403a3e87ae0a43ef3f995826	NULL_MATCHED_M30_0798	30	ANKRD44;BICDL2;BOLA3;BST2;CCDC88B;COX19;DOCK8;EPS8L2;FAM192A;GALM;GNPAT;IFNAR1;KMT5B;LYN;MAP2K3;ME2;MLLT6;MSH3;MUC3A;NGLY1;NUDT16L1;PATJ;PIP4K2A;PPCS;SPINT1-AS1;SYTL2;SZRD1;TBC1D10C;TRAF3IP3;TST	0.00803037728145758	0.0119047619047619	1.00777982280756	NA	NA	NA	NA	4	72	simulation_replicate	empirical null draw; no per-module interval	NA	NA	NA	NA	NA	NA	NA	NA	NA	NA	NA	NA	NA	NA	NA	NA	NA	NA	NA	NA	NA	NA	NA	NA	NA	NA	NA	NA
null_modules	results/stage10d_tech/STAGE10D_TECH_NULL_MODULE_RESULTS.tsv	776c43d27d133f5dfdbda19e2c071a2a95942d9a403a3e87ae0a43ef3f995826	NULL_MATCHED_M30_0799	30	AAK1;AFTPH;ANKRD44;ANKRD49;BICDL2;BST2;CD2;COX19;DCAF11;DDR1;FAM200B;FAM207A;GALNT3;GFPT1;HCLS1;KCNN4;LDLRAD4;LYPLA2;MAP7;ME2;MSH3;MTCH2;PCGF5;PPID;PSMB8-AS1;PTPN4;SIRT7;SPEN;USP3;ZFAND2B	-0.0483352298437275	-0.0595238095238095	1.01356810961542	NA	NA	NA	NA	4	72	simulation_replicate	empirical null draw; no per-module interval	NA	NA	NA	NA	NA	NA	NA	NA	NA	NA	NA	NA	NA	NA	NA	NA	NA	NA	NA	NA	NA	NA	NA	NA	NA	NA	NA	NA
null_modules	results/stage10d_tech/STAGE10D_TECH_NULL_MODULE_RESULTS.tsv	776c43d27d133f5dfdbda19e2c071a2a95942d9a403a3e87ae0a43ef3f995826	NULL_MATCHED_M30_0800	30	AAK1;ANKRD49;CAB39;COX19;DENND2D;FAM207A;FKBP3;HM13;HNRNPL;IST1;KMT5B;LDLRAD4;MAP2K1;MAP2K3;MLLT6;PCGF5;PIP4K2A;RPP25L;SETD2;SIRT7;SLC25A36;SLC39A4;STARD3NL;STRBP;SUPT5H;TBC1D10C;TMC6;TRIP12;WIPF1;ZNF131	-0.0155694415995603	0	1.00262040168598	NA	NA	NA	NA	4	72	simulation_replicate	empirical null draw; no per-module interval	NA	NA	NA	NA	NA	NA	NA	NA	NA	NA	NA	NA	NA	NA	NA	NA	NA	NA	NA	NA	NA	NA	NA	NA	NA	NA	NA	NA
null_modules	results/stage10d_tech/STAGE10D_TECH_NULL_MODULE_RESULTS.tsv	776c43d27d133f5dfdbda19e2c071a2a95942d9a403a3e87ae0a43ef3f995826	NULL_MATCHED_M30_0801	30	ANKRD49;ASF1A;BICDL2;CCDC88B;COPA;CSK;FAM207A;GALNT3;GRK6;MAP2K3;MUC3A;NUCB2;NUDT16L1;PCGF5;PLAC8;PLS1;PPP1R18;RPP25L;RTCA;SLMAP;SPOP;STARD3NL;STRBP;SYNRG;SYTL2;TMC6;TRPM4;USP3;WBP11;WIPF1	0.0048880152386949	0	1.01365682792747	NA	NA	NA	NA	4	72	simulation_replicate	empirical null draw; no per-module interval	NA	NA	NA	NA	NA	NA	NA	NA	NA	NA	NA	NA	NA	NA	NA	NA	NA	NA	NA	NA	NA	NA	NA	NA	NA	NA	NA	NA
null_modules	results/stage10d_tech/STAGE10D_TECH_NULL_MODULE_RESULTS.tsv	776c43d27d133f5dfdbda19e2c071a2a95942d9a403a3e87ae0a43ef3f995826	NULL_MATCHED_M30_0802	30	ANKRD44;ANKRD49;ATF7IP;BICDL2;C1orf56;CYHR1;DNAJC2;DOCK8;ENOPH1;EPB41;EPS8L2;GRK6;IKZF1;LSM8;MAP1LC3B;MAP2K3;MRPL21;MSH3;PDZD8;PLS1;PTPN7;RPP25L;RTCA;SEPT1;SIRT7;SLMAP;TBC1D10C;TNFAIP8;TRAF3IP3;USP3	0.00155651052064386	-0.0476190476190476	1.00413669280403	NA	NA	NA	NA	4	72	simulation_replicate	empirical null draw; no per-module interval	NA	NA	NA	NA	NA	NA	NA	NA	NA	NA	NA	NA	NA	NA	NA	NA	NA	NA	NA	NA	NA	NA	NA	NA	NA	NA	NA	NA
null_modules	results/stage10d_tech/STAGE10D_TECH_NULL_MODULE_RESULTS.tsv	776c43d27d133f5dfdbda19e2c071a2a95942d9a403a3e87ae0a43ef3f995826	NULL_MATCHED_M30_0803	30	ASF1A;ATF7IP;CCDC88B;COX17;COX19;DDR1;EPB41;FYB1;GTF2E2;HNRNPH3;LYN;MAP2K3;MLLT6;MUC3A;NCF1;PCGF5;PLS1;PPID;RBM26;SETD2;SIRT7;SRPRB;SUPT5H;SYTL2;TRAF4;TRIP12;UBN1;UFD1;WIPF1;ZNF131	-0.091854854457207	-0.0952380952380953	1.04556455723354	NA	NA	NA	NA	4	72	simulation_replicate	empirical null draw; no per-module interval	NA	NA	NA	NA	NA	NA	NA	NA	NA	NA	NA	NA	NA	NA	NA	NA	NA	NA	NA	NA	NA	NA	NA	NA	NA	NA	NA	NA
null_modules	results/stage10d_tech/STAGE10D_TECH_NULL_MODULE_RESULTS.tsv	776c43d27d133f5dfdbda19e2c071a2a95942d9a403a3e87ae0a43ef3f995826	NULL_MATCHED_M30_0804	30	ADAR;ARHGAP45;ASF1A;ATF7IP;BICDL2;CASP7;CCDC88B;CHD7;CSK;CYHR1;DENND2D;EMG1;ENOPH1;GRK6;MAP7;MRPS11;MUC3A;NDUFA10;NGLY1;NUDT16L1;PSMB8-AS1;SIRT7;TRAF3IP3;TRIP12;TWF2;UBE2B;UBN1;USP3;YDJC;ZNF131	0.0226727825500851	0.0476190476190476	1.02279979567454	NA	NA	NA	NA	4	72	simulation_replicate	empirical null draw; no per-module interval	NA	NA	NA	NA	NA	NA	NA	NA	NA	NA	NA	NA	NA	NA	NA	NA	NA	NA	NA	NA	NA	NA	NA	NA	NA	NA	NA	NA
null_modules	results/stage10d_tech/STAGE10D_TECH_NULL_MODULE_RESULTS.tsv	776c43d27d133f5dfdbda19e2c071a2a95942d9a403a3e87ae0a43ef3f995826	NULL_MATCHED_M30_0805	30	AFTPH;ARHGAP45;ATF7IP;CHD7;CRBN;DCAF11;DENND2D;DENR;ENOPH1;EPS8L2;GALNT7;GRK6;KMT5B;LDLRAD4;LYPLA2;MAP7;MLLT6;MUC3A;PARL;PIP4K2A;PLS1;PPID;PRR15L;PTPN4;PTPRC;QSOX1;SIRT7;SLC22A18;SPEN;UBN1	0.102884854132624	0.107142857142857	0.996879810863392	NA	NA	NA	NA	4	72	simulation_replicate	empirical null draw; no per-module interval	NA	NA	NA	NA	NA	NA	NA	NA	NA	NA	NA	NA	NA	NA	NA	NA	NA	NA	NA	NA	NA	NA	NA	NA	NA	NA	NA	NA
null_modules	results/stage10d_tech/STAGE10D_TECH_NULL_MODULE_RESULTS.tsv	776c43d27d133f5dfdbda19e2c071a2a95942d9a403a3e87ae0a43ef3f995826	NULL_MATCHED_M30_0806	30	ANKRD49;ASF1A;BICDL2;BLVRB;BRI3BP;COX19;DCAF11;DENND2D;GALM;GNPAT;GTF2E2;HCLS1;HNRNPL;KMT5B;LDLRAD4;LYPLA2;MGAT4B;MLLT6;NOSIP;NUDT16L1;PATJ;PPCS;PPID;PPP1R18;RTCA;SLMAP;TMC6;TRIP12;XIAP;ZNF131	0.0325077050944388	0.0238095238095238	0.991475398703541	NA	NA	NA	NA	4	72	simulation_replicate	empirical null draw; no per-module interval	NA	NA	NA	NA	NA	NA	NA	NA	NA	NA	NA	NA	NA	NA	NA	NA	NA	NA	NA	NA	NA	NA	NA	NA	NA	NA	NA	NA
null_modules	results/stage10d_tech/STAGE10D_TECH_NULL_MODULE_RESULTS.tsv	776c43d27d133f5dfdbda19e2c071a2a95942d9a403a3e87ae0a43ef3f995826	NULL_MATCHED_M30_0807	30	AFTPH;ANKRD49;ASF1A;CAB39;CARHSP1;CD3G;CMBL;CSK;DDB1;EPB41;FAM207A;GALM;GALNT7;GTF2E2;HCLS1;HNRNPL;IFT172;KMT5B;LDLRAD4;LYPLA2;MAP2K3;MRPL48;PATJ;PCGF5;PIP4K2A;SPEN;TM9SF2;TRAF4;UBN1;YDJC	0.0209928149419306	0.0595238095238095	1.0023103197116	NA	NA	NA	NA	4	72	simulation_replicate	empirical null draw; no per-module interval	NA	NA	NA	NA	NA	NA	NA	NA	NA	NA	NA	NA	NA	NA	NA	NA	NA	NA	NA	NA	NA	NA	NA	NA	NA	NA	NA	NA
null_modules	results/stage10d_tech/STAGE10D_TECH_NULL_MODULE_RESULTS.tsv	776c43d27d133f5dfdbda19e2c071a2a95942d9a403a3e87ae0a43ef3f995826	NULL_MATCHED_M30_0808	30	ASF1A;BICDL2;DCAF11;DDR1;DDX39A;EIF4E2;GALNT7;GOLM1;GRK6;GTF2E2;HCLS1;HNRNPL;HSF1;LDLRAD4;MAP2K3;ME2;MLLT6;MRPS11;NCF1;NDUFA10;PATJ;PPP1R18;PTPN7;RTCA;SEPT1;SPEN;TBC1D10C;TRAF3IP3;UBN1;ZNF131	0.00191582671836157	0.0238095238095238	1.00540836563705	NA	NA	NA	NA	4	72	simulation_replicate	empirical null draw; no per-module interval	NA	NA	NA	NA	NA	NA	NA	NA	NA	NA	NA	NA	NA	NA	NA	NA	NA	NA	NA	NA	NA	NA	NA	NA	NA	NA	NA	NA
null_modules	results/stage10d_tech/STAGE10D_TECH_NULL_MODULE_RESULTS.tsv	776c43d27d133f5dfdbda19e2c071a2a95942d9a403a3e87ae0a43ef3f995826	NULL_MATCHED_M30_0809	30	ANKRD44;ANKRD49;ATF7IP;ATP6V1E1;CCND1;CHD7;CSK;CYHR1;DCAF11;DNAJC21;DOCK8;EPB41;GALM;GALNT7;GNPAT;GRK6;HCLS1;KCNN4;MAP1LC3B;NCF1;OTULINL;PCGF5;PLS1;PPP1R18;PPP4R3B;SPINT1-AS1;SUPT5H;TBC1D10C;TMC6;ZNF131	0.0816983164646385	0.0714285714285714	0.992846134495472	NA	NA	NA	NA	4	72	simulation_replicate	empirical null draw; no per-module interval	NA	NA	NA	NA	NA	NA	NA	NA	NA	NA	NA	NA	NA	NA	NA	NA	NA	NA	NA	NA	NA	NA	NA	NA	NA	NA	NA	NA
null_modules	results/stage10d_tech/STAGE10D_TECH_NULL_MODULE_RESULTS.tsv	776c43d27d133f5dfdbda19e2c071a2a95942d9a403a3e87ae0a43ef3f995826	NULL_MATCHED_M30_0810	30	AAK1;ATF7IP;CCDC88B;DCAF11;DOCK8;ENOPH1;EXOSC1;FAM207A;FAM3C;IKZF1;KCNN4;KMT5B;LYN;MAP2K1;ME2;MLLT6;PATJ;PTPN4;RTCA;SEPT6;SETD2;SIRT7;SPTAN1;SYTL2;TECR;TRAF3IP3;TRIP12;USP1;WIPF1;YDJC	-0.0476575310963279	-0.0476190476190476	1.02476838520191	NA	NA	NA	NA	4	72	simulation_replicate	empirical null draw; no per-module interval	NA	NA	NA	NA	NA	NA	NA	NA	NA	NA	NA	NA	NA	NA	NA	NA	NA	NA	NA	NA	NA	NA	NA	NA	NA	NA	NA	NA
null_modules	results/stage10d_tech/STAGE10D_TECH_NULL_MODULE_RESULTS.tsv	776c43d27d133f5dfdbda19e2c071a2a95942d9a403a3e87ae0a43ef3f995826	NULL_MATCHED_M30_0811	30	AFTPH;ARHGAP45;ASF1A;BIK;DDB1;EWSR1;GALNT3;GALNT7;GRK6;GTF2E2;IKZF1;LDLRAD4;LYN;ME2;MSH3;MUC3A;NGLY1;PNKP;PSMB8-AS1;PTPN7;RPP25L;SLMAP;STRBP;SYTL2;TBC1D10C;TRAF3IP3;TRAF4;TWF1;UCHL3;XRCC5	0.0556292480250361	0.0595238095238095	1.0259641540016	NA	NA	NA	NA	4	72	simulation_replicate	empirical null draw; no per-module interval	NA	NA	NA	NA	NA	NA	NA	NA	NA	NA	NA	NA	NA	NA	NA	NA	NA	NA	NA	NA	NA	NA	NA	NA	NA	NA	NA	NA
null_modules	results/stage10d_tech/STAGE10D_TECH_NULL_MODULE_RESULTS.tsv	776c43d27d133f5dfdbda19e2c071a2a95942d9a403a3e87ae0a43ef3f995826	NULL_MATCHED_M30_0812	30	AFTPH;ANKRD49;ARHGAP45;ASF1A;BICDL2;CEBPZOS;CLPTM1L;CYHR1;DOCK8;EPS8L2;FAM207A;GRK6;ITFG1;LYN;NUDT16L1;PLS1;PPM1G;PTPN7;PTPRC;RPP25L;RTCA;SMCO4;SPEN;SPINT1-AS1;SUPT5H;SYTL2;TBC1D10C;TOB1;TRAF4;UBN1	0.015173608841521	0.0238095238095238	0.988462264912078	NA	NA	NA	NA	4	72	simulation_replicate	empirical null draw; no per-module interval	NA	NA	NA	NA	NA	NA	NA	NA	NA	NA	NA	NA	NA	NA	NA	NA	NA	NA	NA	NA	NA	NA	NA	NA	NA	NA	NA	NA
null_modules	results/stage10d_tech/STAGE10D_TECH_NULL_MODULE_RESULTS.tsv	776c43d27d133f5dfdbda19e2c071a2a95942d9a403a3e87ae0a43ef3f995826	NULL_MATCHED_M30_0813	30	ANKRD49;ARPP19;CLNS1A;CSK;DENND2D;DUS1L;ENOPH1;HAGH;IDH1;IFT172;LYN;MAP1LC3B;MLLT6;PCGF5;PLS1;POLE3;PPID;PSMB8-AS1;PTPN4;RPP25L;SETD2;SPEN;STARD3NL;SYTL2;TBC1D10C;TRAF3IP3;TRAF4;UBN1;UNC50;YDJC	0.0392065738077811	0.0476190476190476	1.00814076628229	NA	NA	NA	NA	4	72	simulation_replicate	empirical null draw; no per-module interval	NA	NA	NA	NA	NA	NA	NA	NA	NA	NA	NA	NA	NA	NA	NA	NA	NA	NA	NA	NA	NA	NA	NA	NA	NA	NA	NA	NA
null_modules	results/stage10d_tech/STAGE10D_TECH_NULL_MODULE_RESULTS.tsv	776c43d27d133f5dfdbda19e2c071a2a95942d9a403a3e87ae0a43ef3f995826	NULL_MATCHED_M30_0814	30	ANKRD44;ANKRD49;ARL2BP;ASF1A;BIN1;CAB39;CMBL;CYHR1;ENOPH1;FAM207A;GALNT7;GNPAT;HCLS1;LYPLA2;NUDT16L1;PATJ;PTPN4;RPP25L;SIRT7;SPEN;SPINT1-AS1;SUPT5H;SYTL2;TMC6;TRAF3IP3;XIAP;YDJC;YIPF2;YY1;ZNF131	0.0046379340319048	0.0476190476190476	1.01239602152225	NA	NA	NA	NA	4	72	simulation_replicate	empirical null draw; no per-module interval	NA	NA	NA	NA	NA	NA	NA	NA	NA	NA	NA	NA	NA	NA	NA	NA	NA	NA	NA	NA	NA	NA	NA	NA	NA	NA	NA	NA
null_modules	results/stage10d_tech/STAGE10D_TECH_NULL_MODULE_RESULTS.tsv	776c43d27d133f5dfdbda19e2c071a2a95942d9a403a3e87ae0a43ef3f995826	NULL_MATCHED_M30_0815	30	AFTPH;ANKRD44;BICDL2;DCAF11;DDR1;EIF4EBP1;ENOPH1;EPS8L2;ERP44;FAM207A;GALNT7;GTPBP4;HCLS1;HNRNPL;IMMT;KCNN4;KMT5B;MAP7;MSH3;MUC3A;NUDT16L1;PDCD4;PLS1;PPID;PPP1R18;PTPN4;PTPN7;RPP25L;RTCA;TSN	-0.0776618499050978	-0.107142857142857	1.00295849198756	NA	NA	NA	NA	4	72	simulation_replicate	empirical null draw; no per-module interval	NA	NA	NA	NA	NA	NA	NA	NA	NA	NA	NA	NA	NA	NA	NA	NA	NA	NA	NA	NA	NA	NA	NA	NA	NA	NA	NA	NA
null_modules	results/stage10d_tech/STAGE10D_TECH_NULL_MODULE_RESULTS.tsv	776c43d27d133f5dfdbda19e2c071a2a95942d9a403a3e87ae0a43ef3f995826	NULL_MATCHED_M30_0816	30	ARHGAP45;ASF1A;CAB39;CHD7;CSK;DENND2D;DUS1L;ENOPH1;EXOSC1;GALNT7;GRK6;GTF2E2;HNRNPL;IAH1;LYN;MALSU1;MAP2K3;MYO1C;NGLY1;NUDT16L1;PAICS;PCBD1;PCGF5;PPID;QSOX1;RPP25L;SLMAP;SPEN;UBN1;YDJC	0.0128822916485383	0.0357142857142857	0.998398479332535	NA	NA	NA	NA	4	72	simulation_replicate	empirical null draw; no per-module interval	NA	NA	NA	NA	NA	NA	NA	NA	NA	NA	NA	NA	NA	NA	NA	NA	NA	NA	NA	NA	NA	NA	NA	NA	NA	NA	NA	NA
null_modules	results/stage10d_tech/STAGE10D_TECH_NULL_MODULE_RESULTS.tsv	776c43d27d133f5dfdbda19e2c071a2a95942d9a403a3e87ae0a43ef3f995826	NULL_MATCHED_M30_0817	30	ANKRD49;ARHGAP45;ARL2BP;CAB39;CASP7;CHD7;DOCK8;EPB41;GRK6;GTF2E2;IFT172;IKZF1;KMT5B;LIPH;LYPLA2;MAP7;MLLT6;MRPS23;PATJ;PDZD8;PNKP;PSMB8-AS1;PTPN7;SLMAP;SPEN;STARD3NL;STRAP;TRBC2;TSTA3;UBN1	-0.0438932739237367	-0.0357142857142857	1.01931812255745	NA	NA	NA	NA	4	72	simulation_replicate	empirical null draw; no per-module interval	NA	NA	NA	NA	NA	NA	NA	NA	NA	NA	NA	NA	NA	NA	NA	NA	NA	NA	NA	NA	NA	NA	NA	NA	NA	NA	NA	NA
null_modules	results/stage10d_tech/STAGE10D_TECH_NULL_MODULE_RESULTS.tsv	776c43d27d133f5dfdbda19e2c071a2a95942d9a403a3e87ae0a43ef3f995826	NULL_MATCHED_M30_0818	30	APOPT1;C1orf131;CHD7;CYHR1;DCAF11;DENND2D;DUS1L;EXOSC1;GRK6;HCLS1;IFT172;IKZF1;LDLRAD4;LYN;MAP7;MRPL16;MSH3;MUC3A;NCF1;NUDT16L1;PATJ;PIP4K2A;PPID;SIRT7;STRBP;TBC1D10C;TCEAL9;UFM1;USP3;ZNF148	0.0681461059082338	0.0952380952380953	0.992408653115318	NA	NA	NA	NA	4	72	simulation_replicate	empirical null draw; no per-module interval	NA	NA	NA	NA	NA	NA	NA	NA	NA	NA	NA	NA	NA	NA	NA	NA	NA	NA	NA	NA	NA	NA	NA	NA	NA	NA	NA	NA
null_modules	results/stage10d_tech/STAGE10D_TECH_NULL_MODULE_RESULTS.tsv	776c43d27d133f5dfdbda19e2c071a2a95942d9a403a3e87ae0a43ef3f995826	NULL_MATCHED_M30_0819	30	CAB39;CASP7;CCDC88B;DDB1;DPY30;DUS1L;EXOSC1;FAM207A;GALNT3;GNPAT;GOLM1;GTF2E2;HNRNPL;IKZF1;KMT5B;LYN;MAP2K3;MAP7;MFF;MUC3A;NGLY1;NUDT16L1;PCGF5;PTPN7;SEPT6;SLMAP;SPINT1-AS1;SUPT5H;TMC6;TSN	-0.11450740853142	-0.0952380952380953	1.00442317088663	NA	NA	NA	NA	4	72	simulation_replicate	empirical null draw; no per-module interval	NA	NA	NA	NA	NA	NA	NA	NA	NA	NA	NA	NA	NA	NA	NA	NA	NA	NA	NA	NA	NA	NA	NA	NA	NA	NA	NA	NA
null_modules	results/stage10d_tech/STAGE10D_TECH_NULL_MODULE_RESULTS.tsv	776c43d27d133f5dfdbda19e2c071a2a95942d9a403a3e87ae0a43ef3f995826	NULL_MATCHED_M30_0820	30	AKAP1;CAB39;CASP7;CLSTN1;COX19;CYHR1;DOCK8;DUS1L;EPB41;GTF2E2;HCLS1;HSPA9;IKZF1;KCNN4;LDLRAD4;ME2;MLLT6;MSH3;MYO1C;PCGF5;PIP4K2A;PPID;PPP1R18;RNF145;RTCA;SETD2;SIRT7;SPEN;SUPT5H;ZC3H15	-0.0596688732641525	-0.0119047619047619	1.02514005297435	NA	NA	NA	NA	4	72	simulation_replicate	empirical null draw; no per-module interval	NA	NA	NA	NA	NA	NA	NA	NA	NA	NA	NA	NA	NA	NA	NA	NA	NA	NA	NA	NA	NA	NA	NA	NA	NA	NA	NA	NA
null_modules	results/stage10d_tech/STAGE10D_TECH_NULL_MODULE_RESULTS.tsv	776c43d27d133f5dfdbda19e2c071a2a95942d9a403a3e87ae0a43ef3f995826	NULL_MATCHED_M30_0821	30	ANKRD44;CASP7;CCDC88B;COX19;CSK;DUS1L;ENOPH1;FKBP3;GPSM3;GRSF1;HCLS1;HNRNPL;HSPA9;LDLRAD4;LYN;LYPLA2;MSH3;PIP4K2A;PSMB8-AS1;PTPN7;RPP25L;RTCA;SPINT1-AS1;TRAF3IP3;TRIP12;USP3;VGLL4;WBP11;WIPF1;YDJC	-0.0611508601338003	0.0476190476190476	1.00843319384822	NA	NA	NA	NA	4	72	simulation_replicate	empirical null draw; no per-module interval	NA	NA	NA	NA	NA	NA	NA	NA	NA	NA	NA	NA	NA	NA	NA	NA	NA	NA	NA	NA	NA	NA	NA	NA	NA	NA	NA	NA
null_modules	results/stage10d_tech/STAGE10D_TECH_NULL_MODULE_RESULTS.tsv	776c43d27d133f5dfdbda19e2c071a2a95942d9a403a3e87ae0a43ef3f995826	NULL_MATCHED_M30_0822	30	ANKRD44;ATP6AP2;CCDC88B;CYHR1;DCAF11;DDR1;DUS1L;ENOPH1;GALM;GALNT3;GTF2E2;HCLS1;HNRNPA1P48;HNRNPL;INTS6;ITFG1;LDLRAD4;MSH3;MUC3A;NCF1;PSMB8-AS1;PTPN4;PTPN7;SETD2;STRBP;SYTL2;TMC6;TMEM167A;TPRKB;USP3	0.0138189969171925	-0.0119047619047619	1.00944840504477	NA	NA	NA	NA	4	72	simulation_replicate	empirical null draw; no per-module interval	NA	NA	NA	NA	NA	NA	NA	NA	NA	NA	NA	NA	NA	NA	NA	NA	NA	NA	NA	NA	NA	NA	NA	NA	NA	NA	NA	NA
null_modules	results/stage10d_tech/STAGE10D_TECH_NULL_MODULE_RESULTS.tsv	776c43d27d133f5dfdbda19e2c071a2a95942d9a403a3e87ae0a43ef3f995826	NULL_MATCHED_M30_0823	30	ARHGAP45;ASF1A;CASP7;CYHR1;EPS8L2;HCLS1;HNRNPL;IDH1;IFT172;IMPA2;INTS6;LDLRAD4;LYPLA2;ME2;MRPS36;MUC3A;NGLY1;NUDT16L1;PIP4K2A;PLS1;PNKP;PPID;PPP1R18;PTPN4;SPINT1-AS1;STARD3NL;SYTL2;TMC6;USP47;ZC3H15	0.101499368535208	0.0476190476190476	0.973355084233802	NA	NA	NA	NA	4	72	simulation_replicate	empirical null draw; no per-module interval	NA	NA	NA	NA	NA	NA	NA	NA	NA	NA	NA	NA	NA	NA	NA	NA	NA	NA	NA	NA	NA	NA	NA	NA	NA	NA	NA	NA
null_modules	results/stage10d_tech/STAGE10D_TECH_NULL_MODULE_RESULTS.tsv	776c43d27d133f5dfdbda19e2c071a2a95942d9a403a3e87ae0a43ef3f995826	NULL_MATCHED_M30_0824	30	ARHGAP45;ATF7IP;BICDL2;CSK;GALNT7;GRK6;HCLS1;HNRNPL;KMT5B;LDLRAD4;LYPLA2;MAP7;MRPL48;NCF1;NGLY1;PAICS;PSMB8-AS1;PSMC3;RNF13;RSU1;RTCA;SEPT1;SIRT7;SLMAP;STARD3NL;SUPT5H;TBC1D10C;TRAF4;TSTA3;YDJC	-0.027012960262748	-0.0357142857142857	1.04533634057482	NA	NA	NA	NA	4	72	simulation_replicate	empirical null draw; no per-module interval	NA	NA	NA	NA	NA	NA	NA	NA	NA	NA	NA	NA	NA	NA	NA	NA	NA	NA	NA	NA	NA	NA	NA	NA	NA	NA	NA	NA
null_modules	results/stage10d_tech/STAGE10D_TECH_NULL_MODULE_RESULTS.tsv	776c43d27d133f5dfdbda19e2c071a2a95942d9a403a3e87ae0a43ef3f995826	NULL_MATCHED_M30_0825	30	AFTPH;AIP;BCAP29;BST2;CSK;DCAF11;DDR1;DENND2D;EPS8L2;FAM207A;GAS6;GPA33;GRK6;HIKESHI;IKZF1;KCNN4;KMT5B;MAP2K1;ME2;NCF1;NUDT16L1;PNKP;PTPN4;PTPN7;SLMAP;SPEN;STARD3NL;TRAF4;UBN1;ZNF131	-0.0476109386864767	-0.0714285714285714	1.03759434814562	NA	NA	NA	NA	4	72	simulation_replicate	empirical null draw; no per-module interval	NA	NA	NA	NA	NA	NA	NA	NA	NA	NA	NA	NA	NA	NA	NA	NA	NA	NA	NA	NA	NA	NA	NA	NA	NA	NA	NA	NA
null_modules	results/stage10d_tech/STAGE10D_TECH_NULL_MODULE_RESULTS.tsv	776c43d27d133f5dfdbda19e2c071a2a95942d9a403a3e87ae0a43ef3f995826	NULL_MATCHED_M30_0826	30	ANKRD44;ARHGAP45;ASF1A;ATF7IP;CCDC88B;CD7;CDK6;CLIP1;CSK;CYHR1;DENND2D;DOCK8;ENOPH1;GALNT3;GALNT7;GFPT1;GNPAT;IKZF1;ME2;NCF1;NGLY1;PGLS;PTPN4;RPP25L;SEPT1;SIRT7;STARD3NL;TRAF3IP3;TRPM4;WIPF1	0.00655381221106508	0.0119047619047619	1.01768493643698	NA	NA	NA	NA	4	72	simulation_replicate	empirical null draw; no per-module interval	NA	NA	NA	NA	NA	NA	NA	NA	NA	NA	NA	NA	NA	NA	NA	NA	NA	NA	NA	NA	NA	NA	NA	NA	NA	NA	NA	NA
null_modules	results/stage10d_tech/STAGE10D_TECH_NULL_MODULE_RESULTS.tsv	776c43d27d133f5dfdbda19e2c071a2a95942d9a403a3e87ae0a43ef3f995826	NULL_MATCHED_M30_0827	30	ANKRD44;BICDL2;CCDC88B;CCND1;COX19;CSNK1D;DCAF11;DIAPH1;DOCK8;GALM;GRK6;HCLS1;KCNN4;MAP2K1;MLLT6;MUC3A;NCF1;PABPC4;PLS1;PNKP;PSMA5;RPP25L;RTCA;SDC1;SETD2;SPINT1-AS1;STX4;TBC1D10C;TRAF3IP3;ZNF131	0.00196965192960366	0.0119047619047619	1.00794830597262	NA	NA	NA	NA	4	72	simulation_replicate	empirical null draw; no per-module interval	NA	NA	NA	NA	NA	NA	NA	NA	NA	NA	NA	NA	NA	NA	NA	NA	NA	NA	NA	NA	NA	NA	NA	NA	NA	NA	NA	NA
null_modules	results/stage10d_tech/STAGE10D_TECH_NULL_MODULE_RESULTS.tsv	776c43d27d133f5dfdbda19e2c071a2a95942d9a403a3e87ae0a43ef3f995826	NULL_MATCHED_M30_0828	30	AFTPH;ANKRD44;ARHGAP45;C1orf131;CAB39;CASP7;CD37;CD3D;CYHR1;DCAF11;DDR1;EPS8L2;GNPAT;GTF2E2;HSPA9;KCNN4;LDLRAD4;LYPLA2;NPEPPS;NUDT16L1;PATJ;PNKP;PTPN7;RBM26;RTCA;SETD2;STRBP;SUPT5H;SYTL2;UBN1	0.0216783416738141	0.0238095238095238	1.02220235780203	NA	NA	NA	NA	4	72	simulation_replicate	empirical null draw; no per-module interval	NA	NA	NA	NA	NA	NA	NA	NA	NA	NA	NA	NA	NA	NA	NA	NA	NA	NA	NA	NA	NA	NA	NA	NA	NA	NA	NA	NA
null_modules	results/stage10d_tech/STAGE10D_TECH_NULL_MODULE_RESULTS.tsv	776c43d27d133f5dfdbda19e2c071a2a95942d9a403a3e87ae0a43ef3f995826	NULL_MATCHED_M30_0829	30	BIN1;CETN2;DCAF11;DDR1;EHF;EIF4A3;FAM207A;GTF2E2;HCLS1;KXD1;LDLRAD4;LSR;LYN;LYPLA2;MAP7;MSH3;MUC3A;NGLY1;NUDT16L1;PLS1;PNKP;PTPN4;PTPN7;SETD2;SPINT1-AS1;STARD3NL;STRBP;SYTL2;WIPF1;YDJC	-0.000215939273640925	-0.0238095238095238	1.03896336142295	NA	NA	NA	NA	4	72	simulation_replicate	empirical null draw; no per-module interval	NA	NA	NA	NA	NA	NA	NA	NA	NA	NA	NA	NA	NA	NA	NA	NA	NA	NA	NA	NA	NA	NA	NA	NA	NA	NA	NA	NA
null_modules	results/stage10d_tech/STAGE10D_TECH_NULL_MODULE_RESULTS.tsv	776c43d27d133f5dfdbda19e2c071a2a95942d9a403a3e87ae0a43ef3f995826	NULL_MATCHED_M30_0830	30	AFTPH;ANKRD49;ARHGAP18;ARHGAP45;BICDL2;CASP7;CLDND1;COPA;COX19;CSK;CYHR1;GALM;GALNT7;GTF2E2;HCLS1;LDLRAD4;LPP;MAP7;MDH1;ME2;NGLY1;PCGF5;PPID;PPP2R2A;PTPN4;SETD2;STARD3NL;TBC1D10C;TMC6;YDJC	-0.011014506373849	0.0238095238095238	1.02111009406279	NA	NA	NA	NA	4	72	simulation_replicate	empirical null draw; no per-module interval	NA	NA	NA	NA	NA	NA	NA	NA	NA	NA	NA	NA	NA	NA	NA	NA	NA	NA	NA	NA	NA	NA	NA	NA	NA	NA	NA	NA
null_modules	results/stage10d_tech/STAGE10D_TECH_NULL_MODULE_RESULTS.tsv	776c43d27d133f5dfdbda19e2c071a2a95942d9a403a3e87ae0a43ef3f995826	NULL_MATCHED_M30_0831	30	ANKRD49;ARHGAP45;ATF7IP;CASP7;CCDC88B;CHD7;EPB41;FAM207A;GALM;GOLM1;IFT172;ISG20;KMT5B;LYN;MAP7;NCF1;NDUFA10;NRDC;PATJ;PCGF5;PIP4K2A;PPP1R18;PTPN7;RTCA;SDC4;SETD2;STARD3NL;TRAF4;XIAP;YDJC	0.00152733884229548	-0.0357142857142857	1.00818738641277	NA	NA	NA	NA	4	72	simulation_replicate	empirical null draw; no per-module interval	NA	NA	NA	NA	NA	NA	NA	NA	NA	NA	NA	NA	NA	NA	NA	NA	NA	NA	NA	NA	NA	NA	NA	NA	NA	NA	NA	NA
null_modules	results/stage10d_tech/STAGE10D_TECH_NULL_MODULE_RESULTS.tsv	776c43d27d133f5dfdbda19e2c071a2a95942d9a403a3e87ae0a43ef3f995826	NULL_MATCHED_M30_0832	30	AFTPH;ARHGAP45;CAB39;CHD7;COX19;DCTN6;DPP7;EIF4E2;EXOSC1;FAM192A;GRK6;KMT5B;LSR;LYN;MAP2K3;MUC3A;NUDT16L1;PATJ;PIP4K2A;PSMB8-AS1;PTPN4;PTPN7;RPP25L;SIRT7;SPEN;SPINT1-AS1;SUPT5H;SYTL2;TWF1;YDJC	0.00870503671267895	0.0119047619047619	1.01219052489011	NA	NA	NA	NA	4	72	simulation_replicate	empirical null draw; no per-module interval	NA	NA	NA	NA	NA	NA	NA	NA	NA	NA	NA	NA	NA	NA	NA	NA	NA	NA	NA	NA	NA	NA	NA	NA	NA	NA	NA	NA
null_modules	results/stage10d_tech/STAGE10D_TECH_NULL_MODULE_RESULTS.tsv	776c43d27d133f5dfdbda19e2c071a2a95942d9a403a3e87ae0a43ef3f995826	NULL_MATCHED_M30_0833	30	ANKRD44;DDR1;DENND2D;DUS1L;ENOPH1;EPS8L2;FAM207A;FKBP3;GALNT3;GALNT7;GNPAT;HAGH;HNRNPL;KMT5B;LDLRAD4;LYN;LYPLA2;MAP1LC3B;MAP7;MLLT6;PLS1;PNKP;PPP1R18;RSU1;SETD2;SIRT7;SMAGP;TBC1D10C;TMC6;ZMYND8	-0.0211520013087631	-0.0238095238095238	1.01295482932363	NA	NA	NA	NA	4	72	simulation_replicate	empirical null draw; no per-module interval	NA	NA	NA	NA	NA	NA	NA	NA	NA	NA	NA	NA	NA	NA	NA	NA	NA	NA	NA	NA	NA	NA	NA	NA	NA	NA	NA	NA
null_modules	results/stage10d_tech/STAGE10D_TECH_NULL_MODULE_RESULTS.tsv	776c43d27d133f5dfdbda19e2c071a2a95942d9a403a3e87ae0a43ef3f995826	NULL_MATCHED_M30_0834	30	ABHD11;ANKRD49;ASF1A;BICDL2;CCDC88B;CERS6;COPS4;DDR1;DENND2D;ENOPH1;GALNT7;GNPAT;GNPTAB;IFT172;KMT5B;LDLRAD4;NCF1;NUDT16L1;PCGF5;PLS1;PSMB9;PTPN4;RBM26;RBPJ;SEPT1;SETD2;STRBP;TMC6;USP3;ZNF131	-0.0406716753767617	-0.0595238095238095	1.01184564820501	NA	NA	NA	NA	4	72	simulation_replicate	empirical null draw; no per-module interval	NA	NA	NA	NA	NA	NA	NA	NA	NA	NA	NA	NA	NA	NA	NA	NA	NA	NA	NA	NA	NA	NA	NA	NA	NA	NA	NA	NA
null_modules	results/stage10d_tech/STAGE10D_TECH_NULL_MODULE_RESULTS.tsv	776c43d27d133f5dfdbda19e2c071a2a95942d9a403a3e87ae0a43ef3f995826	NULL_MATCHED_M30_0835	30	ANKRD44;ANXA3;ASF1A;BICDL2;CAB39;CASP7;CCDC88B;CSK;DENND2D;DUS1L;GOLGB1;GRK6;MAP2K3;PATJ;PCGF5;PDZD8;PLS1;PPID;PPP1R11;PPP1R18;PTPN7;SEPT1;SIRT7;STRBP;TMC6;TRAF3IP3;TRAF4;TSN;WIPF1;ZBTB20	-0.049983829038459	-0.0119047619047619	1.03149200436959	NA	NA	NA	NA	4	72	simulation_replicate	empirical null draw; no per-module interval	NA	NA	NA	NA	NA	NA	NA	NA	NA	NA	NA	NA	NA	NA	NA	NA	NA	NA	NA	NA	NA	NA	NA	NA	NA	NA	NA	NA
null_modules	results/stage10d_tech/STAGE10D_TECH_NULL_MODULE_RESULTS.tsv	776c43d27d133f5dfdbda19e2c071a2a95942d9a403a3e87ae0a43ef3f995826	NULL_MATCHED_M30_0836	30	ANKRD44;ANKRD49;ARHGAP45;ATF7IP;BICDL2;BIRC2;CHD7;CSK;EIF4E2;EPS8L2;GALM;GALNT3;HNRNPL;KCNN4;LSR;LYN;MUC3A;NDUFV1;PIP4K2A;PLS1;PTPN4;PTPN7;SEPT1;SETD2;SLMAP;SRPRB;STARD3NL;SYTL2;UBE2H;WIPF1	-0.0300450795609265	0.0119047619047619	1.00735764694769	NA	NA	NA	NA	4	72	simulation_replicate	empirical null draw; no per-module interval	NA	NA	NA	NA	NA	NA	NA	NA	NA	NA	NA	NA	NA	NA	NA	NA	NA	NA	NA	NA	NA	NA	NA	NA	NA	NA	NA	NA
null_modules	results/stage10d_tech/STAGE10D_TECH_NULL_MODULE_RESULTS.tsv	776c43d27d133f5dfdbda19e2c071a2a95942d9a403a3e87ae0a43ef3f995826	NULL_MATCHED_M30_0837	30	AAK1;AFTPH;ARHGAP18;ATIC;CHD7;CSK;DOCK8;FAM207A;GPR160;GRK6;GTF2E2;HNRNPL;IFT172;LDLRAD4;LPP;MAP2K1;NDUFAF3;PPID;PPP1R18;PTPN4;RPP25L;RTCA;SEPT1;SETD2;STRBP;SUPT5H;SYTL2;TMC6;YDJC;ZNF131	-0.0631781511008721	-0.0476190476190476	1.02209063610619	NA	NA	NA	NA	4	72	simulation_replicate	empirical null draw; no per-module interval	NA	NA	NA	NA	NA	NA	NA	NA	NA	NA	NA	NA	NA	NA	NA	NA	NA	NA	NA	NA	NA	NA	NA	NA	NA	NA	NA	NA
null_modules	results/stage10d_tech/STAGE10D_TECH_NULL_MODULE_RESULTS.tsv	776c43d27d133f5dfdbda19e2c071a2a95942d9a403a3e87ae0a43ef3f995826	NULL_MATCHED_M30_0838	30	AFTPH;ANKRD10;ASF1A;ATF7IP;BICDL2;CCDC88B;CTBP2;DDR1;DOCK8;FAM207A;GRK6;HCLS1;HNRNPL;LDLRAD4;LPP;MAP2K3;NKG7;PNKP;PPID;PTPN4;RTCA;SDC4;SETD2;SIRT7;STARD3NL;TBC1D10C;TRAF3IP3;UBN1;XIAP;ZNF131	0.029055998080794	0.0357142857142857	0.990830951678083	NA	NA	NA	NA	4	72	simulation_replicate	empirical null draw; no per-module interval	NA	NA	NA	NA	NA	NA	NA	NA	NA	NA	NA	NA	NA	NA	NA	NA	NA	NA	NA	NA	NA	NA	NA	NA	NA	NA	NA	NA
null_modules	results/stage10d_tech/STAGE10D_TECH_NULL_MODULE_RESULTS.tsv	776c43d27d133f5dfdbda19e2c071a2a95942d9a403a3e87ae0a43ef3f995826	NULL_MATCHED_M30_0839	30	AFTPH;CHD7;CSK;CYHR1;ENOPH1;EPS8L2;FASTK;GNPAT;HCLS1;LSR;MAP2K1;NCF1;NUDT16L1;PLS1;PNKP;PPID;PPP1R16A;RTCA;SF3B2;SLC44A4;SLMAP;SMIM12;SPEN;SPINT1-AS1;STARD3NL;TOMM5;TRAF3IP3;TRAF4;USP3;ZNF131	-0.0670388263197513	-0.0238095238095238	1.01229469530487	NA	NA	NA	NA	4	72	simulation_replicate	empirical null draw; no per-module interval	NA	NA	NA	NA	NA	NA	NA	NA	NA	NA	NA	NA	NA	NA	NA	NA	NA	NA	NA	NA	NA	NA	NA	NA	NA	NA	NA	NA
null_modules	results/stage10d_tech/STAGE10D_TECH_NULL_MODULE_RESULTS.tsv	776c43d27d133f5dfdbda19e2c071a2a95942d9a403a3e87ae0a43ef3f995826	NULL_MATCHED_M30_0840	30	ANKRD49;BICDL2;CSK;CXXC5;DCAF11;DENND2D;DUS1L;FAM207A;GALNT7;GRK6;GTF2E2;KCNN4;LSM12;MLLT6;MSH3;NDUFV1;NUDT16L1;PAICS;PARL;PCBD1;PIP4K2A;PNKP;PSMB8-AS1;PTPN7;RTCA;SIRT7;SUPT5H;TBC1D10C;TRAF3IP3;TRIP12	0.0055944042949753	0.0119047619047619	0.989468884287946	NA	NA	NA	NA	4	72	simulation_replicate	empirical null draw; no per-module interval	NA	NA	NA	NA	NA	NA	NA	NA	NA	NA	NA	NA	NA	NA	NA	NA	NA	NA	NA	NA	NA	NA	NA	NA	NA	NA	NA	NA
null_modules	results/stage10d_tech/STAGE10D_TECH_NULL_MODULE_RESULTS.tsv	776c43d27d133f5dfdbda19e2c071a2a95942d9a403a3e87ae0a43ef3f995826	NULL_MATCHED_M30_0841	30	ANKRD49;ASF1A;BIK;CLNS1A;CYHR1;DCAF11;DOCK8;DUS1L;EPS8L2;FAM207A;HNRNPL;LLPH;MLLT6;MRPL16;MUC3A;NCF1;NGLY1;NUDT16L1;PLS1;PPID;PPP1R18;PTPN4;RBM26;SETD2;STARD3NL;SUPT5H;TBC1D10C;UBN1;YDJC;ZBTB20	-0.00940624335049903	-0.0357142857142857	1.03536505236277	NA	NA	NA	NA	4	72	simulation_replicate	empirical null draw; no per-module interval	NA	NA	NA	NA	NA	NA	NA	NA	NA	NA	NA	NA	NA	NA	NA	NA	NA	NA	NA	NA	NA	NA	NA	NA	NA	NA	NA	NA
null_modules	results/stage10d_tech/STAGE10D_TECH_NULL_MODULE_RESULTS.tsv	776c43d27d133f5dfdbda19e2c071a2a95942d9a403a3e87ae0a43ef3f995826	NULL_MATCHED_M30_0842	30	AFTPH;ASS1;BICDL2;COMT;CSK;DDR1;EEF1E1;EPB41;FKBP3;GALM;GALNT3;GALNT7;GRK6;IFT172;KMT5B;MAP2K1;MAP7;MUC3A;NCF1;PDZD8;PLS1;PSMB8-AS1;RPP25L;SEPT1;SIL1;SPINT1-AS1;STRBP;TBC1D10C;TMC6;TRAF4	-0.00574593221045513	0	1.03240226761135	NA	NA	NA	NA	4	72	simulation_replicate	empirical null draw; no per-module interval	NA	NA	NA	NA	NA	NA	NA	NA	NA	NA	NA	NA	NA	NA	NA	NA	NA	NA	NA	NA	NA	NA	NA	NA	NA	NA	NA	NA
null_modules	results/stage10d_tech/STAGE10D_TECH_NULL_MODULE_RESULTS.tsv	776c43d27d133f5dfdbda19e2c071a2a95942d9a403a3e87ae0a43ef3f995826	NULL_MATCHED_M30_0843	30	AFTPH;ARHGAP18;ARHGAP45;ASF1A;CARHSP1;DCAF11;EXOSC1;GALM;GALNT3;GNPAT;GPA33;IFT172;LDLRAD4;LYN;MAP7;MLLT6;MSH3;MUC3A;MZT1;PSMB8-AS1;SIRT7;SUPT5H;TBC1D10C;TRAF4;TRIP12;UBN1;UCHL3;UFM1;VPS13C;ZNF131	0.0116454819785271	0.0476190476190476	0.986634558751607	NA	NA	NA	NA	4	72	simulation_replicate	empirical null draw; no per-module interval	NA	NA	NA	NA	NA	NA	NA	NA	NA	NA	NA	NA	NA	NA	NA	NA	NA	NA	NA	NA	NA	NA	NA	NA	NA	NA	NA	NA
null_modules	results/stage10d_tech/STAGE10D_TECH_NULL_MODULE_RESULTS.tsv	776c43d27d133f5dfdbda19e2c071a2a95942d9a403a3e87ae0a43ef3f995826	NULL_MATCHED_M30_0844	30	ACADS;ASF1A;CHD7;CSK;CYHR1;EPS8L2;EZR;GALNT3;GALNT7;GRK6;IFT20;LYPLA2;ME2;NCF1;PATJ;PCSK7;PLPP2;PLS1;PPP1R18;RPA2;SIRT7;SNRPN;SPEN;SPINT1-AS1;STARD3NL;SUPT5H;TRAF3IP3;TRAF4;USP3;YDJC	0.0574860645818548	0.0238095238095238	1.01409047020498	NA	NA	NA	NA	4	72	simulation_replicate	empirical null draw; no per-module interval	NA	NA	NA	NA	NA	NA	NA	NA	NA	NA	NA	NA	NA	NA	NA	NA	NA	NA	NA	NA	NA	NA	NA	NA	NA	NA	NA	NA
null_modules	results/stage10d_tech/STAGE10D_TECH_NULL_MODULE_RESULTS.tsv	776c43d27d133f5dfdbda19e2c071a2a95942d9a403a3e87ae0a43ef3f995826	NULL_MATCHED_M30_0845	30	ANKRD49;ATF7IP;CDK13;CSK;DENND2D;FYB1;GALNT7;GNPAT;GRK6;IKZF1;KCNN4;LPP;LYPLA2;MAP2K1;MAP3K2;MAP7;MLLT6;PIP4K2A;PPP1R18;RTCA;SBNO1;SEPT1;SPEN;SPINT1-AS1;SPTAN1;STARD3NL;UBN1;USP3;WIPF1;ZC3H15	0.0688799776128059	0.0833333333333333	0.992435895026435	NA	NA	NA	NA	4	72	simulation_replicate	empirical null draw; no per-module interval	NA	NA	NA	NA	NA	NA	NA	NA	NA	NA	NA	NA	NA	NA	NA	NA	NA	NA	NA	NA	NA	NA	NA	NA	NA	NA	NA	NA
null_modules	results/stage10d_tech/STAGE10D_TECH_NULL_MODULE_RESULTS.tsv	776c43d27d133f5dfdbda19e2c071a2a95942d9a403a3e87ae0a43ef3f995826	NULL_MATCHED_M30_0846	30	ASF1A;CCDC88B;CD3G;COPS4;DENND2D;DOCK8;FAM207A;GALM;GTF2E2;HNRNPL;KMT5B;LRPAP1;MAP2K3;ME2;MUC3A;NCF1;NGLY1;PATJ;PLS1;PPID;PPP1R18;PTPN7;SETD2;SLC44A4;SYTL2;TM9SF2;TMC6;TRAF4;TUSC2;VGLL4	-0.0453772786830924	-0.0714285714285714	1.00573570660839	NA	NA	NA	NA	4	72	simulation_replicate	empirical null draw; no per-module interval	NA	NA	NA	NA	NA	NA	NA	NA	NA	NA	NA	NA	NA	NA	NA	NA	NA	NA	NA	NA	NA	NA	NA	NA	NA	NA	NA	NA
null_modules	results/stage10d_tech/STAGE10D_TECH_NULL_MODULE_RESULTS.tsv	776c43d27d133f5dfdbda19e2c071a2a95942d9a403a3e87ae0a43ef3f995826	NULL_MATCHED_M30_0847	30	AFTPH;ASF1A;ATF7IP;CYTIP;DENND2D;DUS1L;EPS8L2;FAM207A;GALNT7;GYPC;HSPA9;IFT172;LYN;MAP7;NDUFAF3;NGLY1;PCGF5;PPP1R18;PRPF38A;PSMB8-AS1;PTPN4;RTCA;STRBP;STX4;SUPT5H;SYTL2;TMC6;TRAF4;USP3;YDJC	0.058841543605739	0.107142857142857	0.970917292870153	NA	NA	NA	NA	4	72	simulation_replicate	empirical null draw; no per-module interval	NA	NA	NA	NA	NA	NA	NA	NA	NA	NA	NA	NA	NA	NA	NA	NA	NA	NA	NA	NA	NA	NA	NA	NA	NA	NA	NA	NA
null_modules	results/stage10d_tech/STAGE10D_TECH_NULL_MODULE_RESULTS.tsv	776c43d27d133f5dfdbda19e2c071a2a95942d9a403a3e87ae0a43ef3f995826	NULL_MATCHED_M30_0848	30	ALKBH5;ANKRD44;ARHGAP45;CASP7;COX19;CSK;DCAF11;EMG1;EPB41;FAM207A;FTX;GALNT3;GALNT7;GNPAT;HCLS1;LDLRAD4;LYN;ME2;NORAD;PATJ;PCGF5;PNKP;PTPN4;SETD2;SIRT7;TRAF3IP3;TRAF4;USP3;VGLL4;XRCC5	0.0193559455525875	0.0357142857142857	0.984356319834225	NA	NA	NA	NA	4	72	simulation_replicate	empirical null draw; no per-module interval	NA	NA	NA	NA	NA	NA	NA	NA	NA	NA	NA	NA	NA	NA	NA	NA	NA	NA	NA	NA	NA	NA	NA	NA	NA	NA	NA	NA
null_modules	results/stage10d_tech/STAGE10D_TECH_NULL_MODULE_RESULTS.tsv	776c43d27d133f5dfdbda19e2c071a2a95942d9a403a3e87ae0a43ef3f995826	NULL_MATCHED_M30_0849	30	AFTPH;ATF7IP;C1orf56;CASP7;CCDC88B;DDR1;DOCK8;DUS1L;EPB41;GNPAT;HCLS1;HNRNPL;IKZF1;LLPH;LYPLA2;MAP7;NGLY1;PLS1;PPID;PSMC5;PTPN4;RAB5C;RPP25L;SDC1;SETD2;SLMAP;STRBP;TCEA3;WIPF1;YDJC	-0.0863978838789101	-0.0476190476190476	1.06254332434648	NA	NA	NA	NA	4	72	simulation_replicate	empirical null draw; no per-module interval	NA	NA	NA	NA	NA	NA	NA	NA	NA	NA	NA	NA	NA	NA	NA	NA	NA	NA	NA	NA	NA	NA	NA	NA	NA	NA	NA	NA
null_modules	results/stage10d_tech/STAGE10D_TECH_NULL_MODULE_RESULTS.tsv	776c43d27d133f5dfdbda19e2c071a2a95942d9a403a3e87ae0a43ef3f995826	NULL_MATCHED_M30_0850	30	ANKRD49;ATF7IP;BICDL2;CCSER2;CDV3;COX19;DDR1;DOCK8;DUS1L;GALNT3;IVNS1ABP;KCNN4;LYN;LYPLA2;MAP1LC3B;MAP2K1;MAP2K3;MAP7;ME2;MLLT6;MRPS11;MUC1;NUDT16L1;PLS1;PPID;SUPT5H;SYTL2;TBC1D10C;TRIP12;UBN1	0.0916906576258414	0.0833333333333333	1.00402904460959	NA	NA	NA	NA	4	72	simulation_replicate	empirical null draw; no per-module interval	NA	NA	NA	NA	NA	NA	NA	NA	NA	NA	NA	NA	NA	NA	NA	NA	NA	NA	NA	NA	NA	NA	NA	NA	NA	NA	NA	NA
null_modules	results/stage10d_tech/STAGE10D_TECH_NULL_MODULE_RESULTS.tsv	776c43d27d133f5dfdbda19e2c071a2a95942d9a403a3e87ae0a43ef3f995826	NULL_MATCHED_M30_0851	30	ATF7IP;COX19;DCAF11;DENND2D;DOCK8;EPB41;EPS8L2;GALNT3;GPA33;GTF2E2;HCLS1;IKZF1;ISOC2;KCNN4;LUC7L2;LYPLA2;MUC3A;NGLY1;PATJ;PSMB8-AS1;PTPN7;RBBP7;RTCA;SETD2;SLMAP;SPINT1-AS1;SYTL2;TNRC6B;UBN1;WBP11	0.0540630859736099	0.0833333333333333	1.02556800459571	NA	NA	NA	NA	4	72	simulation_replicate	empirical null draw; no per-module interval	NA	NA	NA	NA	NA	NA	NA	NA	NA	NA	NA	NA	NA	NA	NA	NA	NA	NA	NA	NA	NA	NA	NA	NA	NA	NA	NA	NA
null_modules	results/stage10d_tech/STAGE10D_TECH_NULL_MODULE_RESULTS.tsv	776c43d27d133f5dfdbda19e2c071a2a95942d9a403a3e87ae0a43ef3f995826	NULL_MATCHED_M30_0852	30	ADAR;BICDL2;CASP7;CDV3;DDR1;DENND2D;DUS1L;ENOPH1;EPB41;FKBP3;GNPAT;GRK6;HCLS1;LDLRAD4;MAP2K1;MAP2K3;MUC3A;NGLY1;NUDT16L1;OTULINL;PPP1R18;PSMB8-AS1;PTPN4;RBM4;RIF1;RUVBL2;SYTL2;UBN1;USP3;WIPF1	0.00760968473265434	0	1.04196115825815	NA	NA	NA	NA	4	72	simulation_replicate	empirical null draw; no per-module interval	NA	NA	NA	NA	NA	NA	NA	NA	NA	NA	NA	NA	NA	NA	NA	NA	NA	NA	NA	NA	NA	NA	NA	NA	NA	NA	NA	NA
null_modules	results/stage10d_tech/STAGE10D_TECH_NULL_MODULE_RESULTS.tsv	776c43d27d133f5dfdbda19e2c071a2a95942d9a403a3e87ae0a43ef3f995826	NULL_MATCHED_M30_0853	30	ANKRD44;ARHGAP45;BIN1;BLVRB;CAB39;CASP7;CERS6;DDR1;EPB41;EPS8L2;FAM96A;GALM;HNRNPL;KCNN4;LDLRAD4;MALSU1;MAP7;MSH3;MUC3A;MZT1;NCF1;NUDT16L1;PCGF5;PPP1R18;RSU1;SETD2;SIRT7;TRAF4;UBN1;WIPF1	-0.0521965888523278	-0.0595238095238095	1.0650355610316	NA	NA	NA	NA	4	72	simulation_replicate	empirical null draw; no per-module interval	NA	NA	NA	NA	NA	NA	NA	NA	NA	NA	NA	NA	NA	NA	NA	NA	NA	NA	NA	NA	NA	NA	NA	NA	NA	NA	NA	NA
null_modules	results/stage10d_tech/STAGE10D_TECH_NULL_MODULE_RESULTS.tsv	776c43d27d133f5dfdbda19e2c071a2a95942d9a403a3e87ae0a43ef3f995826	NULL_MATCHED_M30_0854	30	ANKRD44;ANKRD49;CEP57;CHD7;DCAF11;DDB1;DENND2D;DUS1L;EPS8L2;GNAI2;GNPAT;HNRNPL;KCNN4;KMT5B;MAP2K1;MAP7;MSH3;MTIF3;PATJ;PCGF5;PTPN7;RTN3;SLMAP;SPINT1-AS1;SUPT5H;TBC1D10C;TRAF4;USP3;USP48;WIPF1	0.0000156268010116719	0.0238095238095238	1.01313890461495	NA	NA	NA	NA	4	72	simulation_replicate	empirical null draw; no per-module interval	NA	NA	NA	NA	NA	NA	NA	NA	NA	NA	NA	NA	NA	NA	NA	NA	NA	NA	NA	NA	NA	NA	NA	NA	NA	NA	NA	NA
null_modules	results/stage10d_tech/STAGE10D_TECH_NULL_MODULE_RESULTS.tsv	776c43d27d133f5dfdbda19e2c071a2a95942d9a403a3e87ae0a43ef3f995826	NULL_MATCHED_M30_0855	30	AFTPH;BIK;COX19;CYHR1;DCAF11;DUS1L;FTX;GTF2E2;LSR;LYN;MAP2K1;ME2;MLLT6;MUC3A;MUM1;NDUFA10;NGLY1;NUDT16L1;PATJ;PPP1R18;RTCA;SLMAP;SPEN;STRBP;SUPT5H;TBC1D10C;TRAF3IP3;TRIP12;USP3;USP47	0.0519752825153775	0.0476190476190476	1.00482745815063	NA	NA	NA	NA	4	72	simulation_replicate	empirical null draw; no per-module interval	NA	NA	NA	NA	NA	NA	NA	NA	NA	NA	NA	NA	NA	NA	NA	NA	NA	NA	NA	NA	NA	NA	NA	NA	NA	NA	NA	NA
null_modules	results/stage10d_tech/STAGE10D_TECH_NULL_MODULE_RESULTS.tsv	776c43d27d133f5dfdbda19e2c071a2a95942d9a403a3e87ae0a43ef3f995826	NULL_MATCHED_M30_0856	30	ARHGAP45;COX19;CSK;DCAF11;DENND2D;ENOPH1;EPS8L2;EXOSC8;GALM;GOLM1;GTF2E2;HCLS1;HNRNPA1P48;IFT172;IKZF1;KCNN4;LRPAP1;MAP2K1;MSH3;NGLY1;NUDT16L1;PIP4K2A;PSMB8-AS1;SAFB2;SIRT7;SPEN;STARD3NL;TCEA3;USP3;ZNF131	-0.0542483107424073	-0.0357142857142857	1.04005727782741	NA	NA	NA	NA	4	72	simulation_replicate	empirical null draw; no per-module interval	NA	NA	NA	NA	NA	NA	NA	NA	NA	NA	NA	NA	NA	NA	NA	NA	NA	NA	NA	NA	NA	NA	NA	NA	NA	NA	NA	NA
null_modules	results/stage10d_tech/STAGE10D_TECH_NULL_MODULE_RESULTS.tsv	776c43d27d133f5dfdbda19e2c071a2a95942d9a403a3e87ae0a43ef3f995826	NULL_MATCHED_M30_0857	30	ASF1A;ATF7IP;CLIP1;COX19;CTDSP1;CYHR1;DCAF11;DOCK8;FKBP3;GALNT3;GRK6;HCLS1;HNRNPL;IKZF1;MAN1A2;MSH3;NUDT16L1;PCGF5;PIP4K2A;POLR2K;PPP1R18;PSMB8-AS1;PTPN7;RBM4;SPINT1-AS1;STARD3NL;TRAF4;TRBC2;USP3;ZNF131	0.12023622665766	0.0952380952380953	1.00662723288253	NA	NA	NA	NA	4	72	simulation_replicate	empirical null draw; no per-module interval	NA	NA	NA	NA	NA	NA	NA	NA	NA	NA	NA	NA	NA	NA	NA	NA	NA	NA	NA	NA	NA	NA	NA	NA	NA	NA	NA	NA
null_modules	results/stage10d_tech/STAGE10D_TECH_NULL_MODULE_RESULTS.tsv	776c43d27d133f5dfdbda19e2c071a2a95942d9a403a3e87ae0a43ef3f995826	NULL_MATCHED_M30_0858	30	ANKRD49;AUP1;C1orf131;CASP7;CCDC88B;COX19;DENND2D;DUS1L;EPB41;EPS8L2;GALNT3;GNAI2;GRK6;HCLS1;IFNAR1;IKZF1;LDLRAD4;MAP2K1;MLLT6;MRPL28;NDUFAF3;NGLY1;PNKP;RPP25L;RTCA;SEPT1;SETD2;SLMAP;SPEN;TMC6	-0.0594833939530499	-0.0119047619047619	1.02132650212085	NA	NA	NA	NA	4	72	simulation_replicate	empirical null draw; no per-module interval	NA	NA	NA	NA	NA	NA	NA	NA	NA	NA	NA	NA	NA	NA	NA	NA	NA	NA	NA	NA	NA	NA	NA	NA	NA	NA	NA	NA
null_modules	results/stage10d_tech/STAGE10D_TECH_NULL_MODULE_RESULTS.tsv	776c43d27d133f5dfdbda19e2c071a2a95942d9a403a3e87ae0a43ef3f995826	NULL_MATCHED_M30_0859	30	ANKRD44;ASF1A;BICDL2;BOLA3;C1orf131;CAB39;CDC42EP5;DDR1;DENND2D;FAM207A;GNPAT;GRK6;MAN1A2;MSH3;NCF1;NUDT16L1;PARP14;PATJ;PIP4K2A;PNKP;PPP1R18;SETD2;SIRT7;STRBP;SUPT5H;TIMMDC1;TMEM106C;TRAF3IP3;TRIP12;YDJC	0.0277990168265521	0.0238095238095238	0.980053175297369	NA	NA	NA	NA	4	72	simulation_replicate	empirical null draw; no per-module interval	NA	NA	NA	NA	NA	NA	NA	NA	NA	NA	NA	NA	NA	NA	NA	NA	NA	NA	NA	NA	NA	NA	NA	NA	NA	NA	NA	NA
null_modules	results/stage10d_tech/STAGE10D_TECH_NULL_MODULE_RESULTS.tsv	776c43d27d133f5dfdbda19e2c071a2a95942d9a403a3e87ae0a43ef3f995826	NULL_MATCHED_M30_0860	30	AFTPH;ANKRD49;CCND1;CSK;DUS1L;EPB41;GALNT3;GNPAT;GRK6;HNRNPL;KLF13;LDLRAD4;NGLY1;NUCB2;NUDT16L1;PAFAH1B2;PATJ;PCGF5;PLS1;PPID;PSMB8-AS1;SEC22B;SETD2;STARD3NL;SUPT5H;SYTL2;TRAF4;TRIP12;UCHL3;WIPF1	-0.0098661064207749	-0.0238095238095238	1.02540313152008	NA	NA	NA	NA	4	72	simulation_replicate	empirical null draw; no per-module interval	NA	NA	NA	NA	NA	NA	NA	NA	NA	NA	NA	NA	NA	NA	NA	NA	NA	NA	NA	NA	NA	NA	NA	NA	NA	NA	NA	NA
null_modules	results/stage10d_tech/STAGE10D_TECH_NULL_MODULE_RESULTS.tsv	776c43d27d133f5dfdbda19e2c071a2a95942d9a403a3e87ae0a43ef3f995826	NULL_MATCHED_M30_0861	30	ANKRD44;ANXA3;CARHSP1;CLDND1;CRBN;CSK;CYHR1;ENOPH1;EPS8L2;EXOSC1;FAM3C;GRK6;GTF2E2;LYPLA2;MLLT6;MSH3;PCGF5;PIP4K2A;PLS1;PTPN4;PTPN7;RPP25L;RTCA;SEPT1;SIL1;SLMAP;SPEN;SPINT1-AS1;SUPT5H;TMC6	0.0344223347407691	0.0238095238095238	0.990536210681893	NA	NA	NA	NA	4	72	simulation_replicate	empirical null draw; no per-module interval	NA	NA	NA	NA	NA	NA	NA	NA	NA	NA	NA	NA	NA	NA	NA	NA	NA	NA	NA	NA	NA	NA	NA	NA	NA	NA	NA	NA
null_modules	results/stage10d_tech/STAGE10D_TECH_NULL_MODULE_RESULTS.tsv	776c43d27d133f5dfdbda19e2c071a2a95942d9a403a3e87ae0a43ef3f995826	NULL_MATCHED_M30_0862	30	AFTPH;ANKRD49;ARHGAP45;C6orf62;CCDC88B;CSNK1D;DDR1;ENOPH1;HNRNPL;IFT172;LYN;MAP7;MLLT6;NDUFA10;NUDT16L1;PATJ;PIP4K2A;PLS1;PNKP;PPIE;PPP2R1A;PRR15L;PSMB8-AS1;RPP25L;SEPT1;SETD2;SLMAP;STX4;TRIP12;UBN1	-0.0397981064589483	-0.0714285714285714	1.01485125811478	NA	NA	NA	NA	4	72	simulation_replicate	empirical null draw; no per-module interval	NA	NA	NA	NA	NA	NA	NA	NA	NA	NA	NA	NA	NA	NA	NA	NA	NA	NA	NA	NA	NA	NA	NA	NA	NA	NA	NA	NA
null_modules	results/stage10d_tech/STAGE10D_TECH_NULL_MODULE_RESULTS.tsv	776c43d27d133f5dfdbda19e2c071a2a95942d9a403a3e87ae0a43ef3f995826	NULL_MATCHED_M30_0863	30	ASF1A;CAB39;CASP7;COX19;DDR1;DOCK8;EBP;GALNT7;GNPAT;HCLS1;IFT172;KMT5B;KXD1;LSM12;LYN;MAP2K3;MUC3A;NUDT16L1;PKP2;PSMB8-AS1;PTPN4;PTPN7;RNF13;STARD3NL;TBC1D10C;TMC6;TRAF4;UFM1;WIPF1;YDJC	-0.054276463625048	-0.0238095238095238	1.03901832401247	NA	NA	NA	NA	4	72	simulation_replicate	empirical null draw; no per-module interval	NA	NA	NA	NA	NA	NA	NA	NA	NA	NA	NA	NA	NA	NA	NA	NA	NA	NA	NA	NA	NA	NA	NA	NA	NA	NA	NA	NA
null_modules	results/stage10d_tech/STAGE10D_TECH_NULL_MODULE_RESULTS.tsv	776c43d27d133f5dfdbda19e2c071a2a95942d9a403a3e87ae0a43ef3f995826	NULL_MATCHED_M30_0864	30	AFTPH;ANKRD44;ARHGAP45;ASF1A;CCDC88B;COX19;CTDSP1;CYHR1;DOCK8;EIF1AY;GALM;GALNT7;GTF2E2;HNRNPL;KCNN4;LYN;MAL2;MRPS36;NDUFV1;NUDT16L1;PIP4K2A;PPP1R18;PSMB8-AS1;PTPN7;SEPT1;SPEN;SUPT5H;TMC6;UBN1;XIAP	-0.0478475375410313	-0.0357142857142857	1.00252980514669	NA	NA	NA	NA	4	72	simulation_replicate	empirical null draw; no per-module interval	NA	NA	NA	NA	NA	NA	NA	NA	NA	NA	NA	NA	NA	NA	NA	NA	NA	NA	NA	NA	NA	NA	NA	NA	NA	NA	NA	NA
null_modules	results/stage10d_tech/STAGE10D_TECH_NULL_MODULE_RESULTS.tsv	776c43d27d133f5dfdbda19e2c071a2a95942d9a403a3e87ae0a43ef3f995826	NULL_MATCHED_M30_0865	30	ANKRD49;C1orf131;CCDC88B;CD3D;CHD7;CYHR1;DENND2D;EPB41;GALM;GALNT3;GALNT7;GORASP2;IKZF1;KCNN4;LYN;MALSU1;MAP2K1;MAP2K3;NCF1;PCGF5;PTPN4;SEPT1;SETD2;SPINT1-AS1;STARD3NL;STRBP;TBC1D10C;TRAF4;UFD1;ZC3H15	0.0370329266167777	0.0238095238095238	1.01136136005569	NA	NA	NA	NA	4	72	simulation_replicate	empirical null draw; no per-module interval	NA	NA	NA	NA	NA	NA	NA	NA	NA	NA	NA	NA	NA	NA	NA	NA	NA	NA	NA	NA	NA	NA	NA	NA	NA	NA	NA	NA
null_modules	results/stage10d_tech/STAGE10D_TECH_NULL_MODULE_RESULTS.tsv	776c43d27d133f5dfdbda19e2c071a2a95942d9a403a3e87ae0a43ef3f995826	NULL_MATCHED_M30_0866	30	AFTPH;ANKRD49;BIN1;BST2;COX19;CYHR1;ENOPH1;GNPAT;GRSF1;HCLS1;MAP2K1;MAP7;MSH3;NUDT16L1;PCGF5;PIP4K2A;PLS1;PNKP;PPID;PPP1R11;PPP1R18;RARS;RTCA;SLMAP;SYTL2;TMC6;TRAF4;USP3;YIPF2;ZFAND2B	0.0156018813913521	0	1.01492209541645	NA	NA	NA	NA	4	72	simulation_replicate	empirical null draw; no per-module interval	NA	NA	NA	NA	NA	NA	NA	NA	NA	NA	NA	NA	NA	NA	NA	NA	NA	NA	NA	NA	NA	NA	NA	NA	NA	NA	NA	NA
null_modules	results/stage10d_tech/STAGE10D_TECH_NULL_MODULE_RESULTS.tsv	776c43d27d133f5dfdbda19e2c071a2a95942d9a403a3e87ae0a43ef3f995826	NULL_MATCHED_M30_0867	30	AKR1A1;ANKRD49;ATF7IP;BICDL2;CAB39;CCDC88B;CLDND1;CSK;DUS1L;EIF4A3;EPB41;GALNT3;GOPC;GRK6;HCLS1;IFT172;ILF2;MLLT6;NCF1;PCGF5;PIP4K2A;PNKP;PSMB8-AS1;PTPN7;RTCA;SEPT1;STARD3NL;USP3;WIPF1;WIPI2	-0.0207142030920373	-0.0238095238095238	1.01694984097633	NA	NA	NA	NA	4	72	simulation_replicate	empirical null draw; no per-module interval	NA	NA	NA	NA	NA	NA	NA	NA	NA	NA	NA	NA	NA	NA	NA	NA	NA	NA	NA	NA	NA	NA	NA	NA	NA	NA	NA	NA
null_modules	results/stage10d_tech/STAGE10D_TECH_NULL_MODULE_RESULTS.tsv	776c43d27d133f5dfdbda19e2c071a2a95942d9a403a3e87ae0a43ef3f995826	NULL_MATCHED_M30_0868	30	ADAR;ASF1A;BICDL2;CASP7;CBWD5;DENND2D;DNAJC2;DUS1L;EPB41;EPS8L2;GALNT3;GNPAT;GRK6;KMT5B;MAP2K3;MLLT6;MUC3A;PSMB9;PTPN4;PTPN7;RPP25L;SETD2;SLMAP;SPEN;STARD3NL;SUMO3;SUPT5H;UBN1;VGLL4;YDJC	0.0419839731443235	0.0476190476190476	0.992715728134523	NA	NA	NA	NA	4	72	simulation_replicate	empirical null draw; no per-module interval	NA	NA	NA	NA	NA	NA	NA	NA	NA	NA	NA	NA	NA	NA	NA	NA	NA	NA	NA	NA	NA	NA	NA	NA	NA	NA	NA	NA
null_modules	results/stage10d_tech/STAGE10D_TECH_NULL_MODULE_RESULTS.tsv	776c43d27d133f5dfdbda19e2c071a2a95942d9a403a3e87ae0a43ef3f995826	NULL_MATCHED_M30_0869	30	ARHGAP45;ATF7IP;CSK;CYHR1;DUS1L;EIF4E2;EPB41;GALNT3;GTF2E2;HNRNPL;KMT5B;LDLRAD4;MAN1A2;MDH1;PATJ;PHLDA2;PLS1;PPID;PSMB8-AS1;PTPN4;RTCA;SIRT7;SPINT1-AS1;SPOP;STRBP;SUPT5H;TBC1D10C;TMC6;TRAF4;TRPM4	-0.0164288251081345	-0.0238095238095238	1.04352313520396	NA	NA	NA	NA	4	72	simulation_replicate	empirical null draw; no per-module interval	NA	NA	NA	NA	NA	NA	NA	NA	NA	NA	NA	NA	NA	NA	NA	NA	NA	NA	NA	NA	NA	NA	NA	NA	NA	NA	NA	NA
null_modules	results/stage10d_tech/STAGE10D_TECH_NULL_MODULE_RESULTS.tsv	776c43d27d133f5dfdbda19e2c071a2a95942d9a403a3e87ae0a43ef3f995826	NULL_MATCHED_M30_0870	30	ANKRD44;ARHGAP18;ASF1A;COX19;DDR1;DOCK8;ENOPH1;FAM200B;HCLS1;HNRNPL;IDH1;MAP2K1;MAP2K3;ME2;MRPS36;NUDT16L1;PATJ;PKP2;PPID;PSMB8-AS1;PTPN7;RBPJ;RTCA;SIRT7;TMC6;TMPRSS2;TRAF3IP3;TRIP12;WIPF1;YDJC	-0.0698094000213691	-0.0476190476190476	1.03165582940485	NA	NA	NA	NA	4	72	simulation_replicate	empirical null draw; no per-module interval	NA	NA	NA	NA	NA	NA	NA	NA	NA	NA	NA	NA	NA	NA	NA	NA	NA	NA	NA	NA	NA	NA	NA	NA	NA	NA	NA	NA
null_modules	results/stage10d_tech/STAGE10D_TECH_NULL_MODULE_RESULTS.tsv	776c43d27d133f5dfdbda19e2c071a2a95942d9a403a3e87ae0a43ef3f995826	NULL_MATCHED_M30_0871	30	AFTPH;ARHGAP45;CAB39;CASP7;CCND1;CETN2;CHD7;CYTIP;ENOPH1;EPB41;GALNT7;GRK6;GTF2E2;KMT5B;LUC7L2;LYPLA2;MLLT6;MSH3;NR4A2;PTPN7;RTCA;SIRT7;SLMAP;STRAP;STRBP;SYTL2;TBC1D10C;WIPF1;YDJC;ZNF131	-0.0627083380676904	-0.0833333333333333	1.04969362186465	NA	NA	NA	NA	4	72	simulation_replicate	empirical null draw; no per-module interval	NA	NA	NA	NA	NA	NA	NA	NA	NA	NA	NA	NA	NA	NA	NA	NA	NA	NA	NA	NA	NA	NA	NA	NA	NA	NA	NA	NA
null_modules	results/stage10d_tech/STAGE10D_TECH_NULL_MODULE_RESULTS.tsv	776c43d27d133f5dfdbda19e2c071a2a95942d9a403a3e87ae0a43ef3f995826	NULL_MATCHED_M30_0872	30	ANKRD49;CAB39;CASP7;COX19;CSK;CYHR1;DCAF11;DDR1;DUS1L;EXOSC8;GNPAT;GRK6;KMT5B;MAP2K3;MSH3;MUM1;NGLY1;PATJ;POLE3;PPID;PPP1R18;RNF13;RPP25L;SPEN;SPINT1-AS1;SUCLG2;TNRC6B;TRIP12;UBE2H;USP3	-0.0371747466443299	-0.0714285714285714	1.03835499893583	NA	NA	NA	NA	4	72	simulation_replicate	empirical null draw; no per-module interval	NA	NA	NA	NA	NA	NA	NA	NA	NA	NA	NA	NA	NA	NA	NA	NA	NA	NA	NA	NA	NA	NA	NA	NA	NA	NA	NA	NA
null_modules	results/stage10d_tech/STAGE10D_TECH_NULL_MODULE_RESULTS.tsv	776c43d27d133f5dfdbda19e2c071a2a95942d9a403a3e87ae0a43ef3f995826	NULL_MATCHED_M30_0873	30	AFTPH;ARHGAP45;CASP7;CCDC88B;CSK;DDR1;DENND2D;DNAJC4;DOCK8;FAM207A;FKBP3;GALM;GNPAT;IFT172;IKZF1;LDLRAD4;NCF1;NUCB2;NUDT16L1;PATJ;PIP4K2A;PNKP;PTPN4;RPP25L;SPEN;SPTAN1;SRPRB;STARD3NL;SUPT5H;YIPF2	-0.0999286426583154	-0.0476190476190476	1.0204177574759	NA	NA	NA	NA	4	72	simulation_replicate	empirical null draw; no per-module interval	NA	NA	NA	NA	NA	NA	NA	NA	NA	NA	NA	NA	NA	NA	NA	NA	NA	NA	NA	NA	NA	NA	NA	NA	NA	NA	NA	NA
null_modules	results/stage10d_tech/STAGE10D_TECH_NULL_MODULE_RESULTS.tsv	776c43d27d133f5dfdbda19e2c071a2a95942d9a403a3e87ae0a43ef3f995826	NULL_MATCHED_M30_0874	30	ATF7IP;BICDL2;CACYBP;CCDC88B;DDR1;DUS1L;ENOPH1;EPS8L2;FAM207A;FKBP3;GRK6;ICAM3;KMT5B;LUC7L2;LYPLA2;MAP7;MSH3;NCF1;PAICS;PIP4K2A;PLPP2;PPID;PPP1R18;PSMB8-AS1;SLMAP;SUPT5H;TBC1D10C;TRAF3IP3;WIPF1;ZNF131	-0.000807517260569599	0.0238095238095238	1.00031293694337	NA	NA	NA	NA	4	72	simulation_replicate	empirical null draw; no per-module interval	NA	NA	NA	NA	NA	NA	NA	NA	NA	NA	NA	NA	NA	NA	NA	NA	NA	NA	NA	NA	NA	NA	NA	NA	NA	NA	NA	NA
null_modules	results/stage10d_tech/STAGE10D_TECH_NULL_MODULE_RESULTS.tsv	776c43d27d133f5dfdbda19e2c071a2a95942d9a403a3e87ae0a43ef3f995826	NULL_MATCHED_M30_0875	30	ANKRD44;ANKRD49;ASF1A;BICDL2;CASP7;CCDC88B;COX19;CSK;DCAF11;DDR1;DOCK8;FAM3C;GALNT7;GRK6;HCLS1;MAP2K3;MUC3A;NCF1;PARL;PLS1;PNKP;PPID;PPP1R18;PTS;RTCA;SLC25A36;SYPL1;TRAF3IP3;TRBC2;WIPF1	-0.0309709653993811	-0.0357142857142857	1.01708404581351	NA	NA	NA	NA	4	72	simulation_replicate	empirical null draw; no per-module interval	NA	NA	NA	NA	NA	NA	NA	NA	NA	NA	NA	NA	NA	NA	NA	NA	NA	NA	NA	NA	NA	NA	NA	NA	NA	NA	NA	NA
null_modules	results/stage10d_tech/STAGE10D_TECH_NULL_MODULE_RESULTS.tsv	776c43d27d133f5dfdbda19e2c071a2a95942d9a403a3e87ae0a43ef3f995826	NULL_MATCHED_M30_0876	30	AFTPH;ANKRD44;ASF1A;ATF7IP;C6orf62;CEP57;CHD7;CYHR1;DCAF11;DENND2D;EPB41;HCLS1;KMT5B;MAP2K1;MSH3;MYH14;NQO1;PCGF5;PNKP;POLR2C;PPID;PPP4C;PTPN7;RPP25L;STARD3NL;SUPT5H;SYTL2;TRAF3IP3;UBN1;WIPF1	0.0239041690978978	-0.0357142857142857	0.995865013360433	NA	NA	NA	NA	4	72	simulation_replicate	empirical null draw; no per-module interval	NA	NA	NA	NA	NA	NA	NA	NA	NA	NA	NA	NA	NA	NA	NA	NA	NA	NA	NA	NA	NA	NA	NA	NA	NA	NA	NA	NA
null_modules	results/stage10d_tech/STAGE10D_TECH_NULL_MODULE_RESULTS.tsv	776c43d27d133f5dfdbda19e2c071a2a95942d9a403a3e87ae0a43ef3f995826	NULL_MATCHED_M30_0877	30	ASF1A;ATF7IP;BICDL2;CASP7;CENPV;CLPTM1L;DCTN6;DUS1L;EPS8L2;GTF2E2;IFT172;MAP2K1;MAP2K3;MAP7;MFF;NCF1;NDUFAF3;NGLY1;PIP4K2A;PLS1;PPP1R18;PSMB8-AS1;RPIA;RPP25L;SIRT7;SPINT1-AS1;SUPT5H;TNRC6B;UBN1;ZNF131	-0.0251196790276374	-0.0357142857142857	1.00169588079449	NA	NA	NA	NA	4	72	simulation_replicate	empirical null draw; no per-module interval	NA	NA	NA	NA	NA	NA	NA	NA	NA	NA	NA	NA	NA	NA	NA	NA	NA	NA	NA	NA	NA	NA	NA	NA	NA	NA	NA	NA
null_modules	results/stage10d_tech/STAGE10D_TECH_NULL_MODULE_RESULTS.tsv	776c43d27d133f5dfdbda19e2c071a2a95942d9a403a3e87ae0a43ef3f995826	NULL_MATCHED_M30_0878	30	AFTPH;ARHGAP45;CAB39;CD3D;COX19;EVI2B;EXOSC1;GALNT3;GNPAT;GRK6;GTF2E2;IFT172;IKZF1;KMT5B;LDLRAD4;LYPLA2;ME2;MLLT6;MUC1;PCGF5;PPP1R18;PTPN7;SEPT1;SLMAP;SPINT1-AS1;SUMO3;TBC1D10C;TFDP1;TMC6;TMEM30A	0.00664775681799028	0	1.01050030663797	NA	NA	NA	NA	4	72	simulation_replicate	empirical null draw; no per-module interval	NA	NA	NA	NA	NA	NA	NA	NA	NA	NA	NA	NA	NA	NA	NA	NA	NA	NA	NA	NA	NA	NA	NA	NA	NA	NA	NA	NA
null_modules	results/stage10d_tech/STAGE10D_TECH_NULL_MODULE_RESULTS.tsv	776c43d27d133f5dfdbda19e2c071a2a95942d9a403a3e87ae0a43ef3f995826	NULL_MATCHED_M30_0879	30	ABHD17A;ANKRD44;ATF7IP;CCDC88B;CHD7;CLNS1A;COX19;CSK;DCAF11;EEF1E1;EPB41;GALNT7;GIPC1;GNPAT;GRK6;GSKIP;HNRNPL;IKZF1;LDLRAD4;LYPLA2;MAP2K3;RTN3;SLMAP;SPEN;SPINT1-AS1;STARD3NL;SUPT5H;TSPAN15;YDJC;ZNF131	0.0511267733496203	0.0119047619047619	1.01408161146032	NA	NA	NA	NA	4	72	simulation_replicate	empirical null draw; no per-module interval	NA	NA	NA	NA	NA	NA	NA	NA	NA	NA	NA	NA	NA	NA	NA	NA	NA	NA	NA	NA	NA	NA	NA	NA	NA	NA	NA	NA
null_modules	results/stage10d_tech/STAGE10D_TECH_NULL_MODULE_RESULTS.tsv	776c43d27d133f5dfdbda19e2c071a2a95942d9a403a3e87ae0a43ef3f995826	NULL_MATCHED_M30_0880	30	AFTPH;C6orf62;CASP7;CLIP1;EPB41;GALM;GRK6;LSM8;LYN;MAP7;MGAT4B;MLLT6;MUC3A;NCF1;NGLY1;PCGF5;PLS1;PPID;PPP1R18;PSMB8-AS1;PTPN4;SEPT6;SLMAP;SPEN;STARD3NL;SUPT5H;TMC6;TRAF4;WIPF1;XRCC5	-0.00907836264935778	-0.0476190476190476	1.02975682247751	NA	NA	NA	NA	4	72	simulation_replicate	empirical null draw; no per-module interval	NA	NA	NA	NA	NA	NA	NA	NA	NA	NA	NA	NA	NA	NA	NA	NA	NA	NA	NA	NA	NA	NA	NA	NA	NA	NA	NA	NA
null_modules	results/stage10d_tech/STAGE10D_TECH_NULL_MODULE_RESULTS.tsv	776c43d27d133f5dfdbda19e2c071a2a95942d9a403a3e87ae0a43ef3f995826	NULL_MATCHED_M30_0881	30	ANKRD44;ARHGAP18;CAB39;CASP7;COX19;CRBN;CSK;DCAF11;DENND2D;EPS8L2;EWSR1;GNPAT;GRSF1;HNRNPL;IFT172;KMT5B;LYPLA2;MLLT6;PAICS;PLS1;PNKP;PTPN7;PTPRC;SPEN;TRAF3IP3;TRIP12;UBN1;USP3;WIPF1;YDJC	-0.0437547660539569	-0.0476190476190476	1.02377858739846	NA	NA	NA	NA	4	72	simulation_replicate	empirical null draw; no per-module interval	NA	NA	NA	NA	NA	NA	NA	NA	NA	NA	NA	NA	NA	NA	NA	NA	NA	NA	NA	NA	NA	NA	NA	NA	NA	NA	NA	NA
null_modules	results/stage10d_tech/STAGE10D_TECH_NULL_MODULE_RESULTS.tsv	776c43d27d133f5dfdbda19e2c071a2a95942d9a403a3e87ae0a43ef3f995826	NULL_MATCHED_M30_0882	30	AFF4;ANKRD49;ARHGAP45;ASF1A;CAB39;CASP7;COX19;CSNK1D;CYHR1;DDX3X;DUS1L;GAS6;GNAI2;GNPAT;GTF2E2;IFT172;KMT5B;MSH3;PATJ;PLS1;PPP1R18;PTPN7;RBM26;RPP25L;SLMAP;STARD3NL;SYTL2;TMC6;WIPF1;ZNF33A	0.0182232391409594	-0.0238095238095238	1.05492095280224	NA	NA	NA	NA	4	72	simulation_replicate	empirical null draw; no per-module interval	NA	NA	NA	NA	NA	NA	NA	NA	NA	NA	NA	NA	NA	NA	NA	NA	NA	NA	NA	NA	NA	NA	NA	NA	NA	NA	NA	NA
null_modules	results/stage10d_tech/STAGE10D_TECH_NULL_MODULE_RESULTS.tsv	776c43d27d133f5dfdbda19e2c071a2a95942d9a403a3e87ae0a43ef3f995826	NULL_MATCHED_M30_0883	30	ANKRD49;ATF7IP;BOLA3;CAB39;CCDC88B;CD3G;CETN2;CHD7;COX19;DCAF11;DOCK8;DUS1L;GALNT3;GAS6;GRK6;IFT172;LDLRAD4;LYPLA2;MLLT6;NUDT16L1;PCBD1;PCGF5;PIP4K2A;PLS1;SUPT5H;TBC1D10C;TOP2B;TRAF3IP3;USP3;YDJC	0.0966079671526163	0.0595238095238095	1.01141013063256	NA	NA	NA	NA	4	72	simulation_replicate	empirical null draw; no per-module interval	NA	NA	NA	NA	NA	NA	NA	NA	NA	NA	NA	NA	NA	NA	NA	NA	NA	NA	NA	NA	NA	NA	NA	NA	NA	NA	NA	NA
null_modules	results/stage10d_tech/STAGE10D_TECH_NULL_MODULE_RESULTS.tsv	776c43d27d133f5dfdbda19e2c071a2a95942d9a403a3e87ae0a43ef3f995826	NULL_MATCHED_M30_0884	30	ARHGAP45;CAB39;CASP7;CLIP1;CLNS1A;CSK;DDR1;DUS1L;EPB41;EPS8L2;FAM207A;GALNT7;GNPAT;IKZF1;KMT5B;LDLRAD4;LYN;LYPLA2;NDUFA10;NHLRC3;OTULINL;PCGF5;PSMB8-AS1;PTPN7;RNF145;SEPT1;SIRT7;SPINT1-AS1;TMC6;TRAF4	0.0275622875449628	-0.0119047619047619	1.02054204912415	NA	NA	NA	NA	4	72	simulation_replicate	empirical null draw; no per-module interval	NA	NA	NA	NA	NA	NA	NA	NA	NA	NA	NA	NA	NA	NA	NA	NA	NA	NA	NA	NA	NA	NA	NA	NA	NA	NA	NA	NA
null_modules	results/stage10d_tech/STAGE10D_TECH_NULL_MODULE_RESULTS.tsv	776c43d27d133f5dfdbda19e2c071a2a95942d9a403a3e87ae0a43ef3f995826	NULL_MATCHED_M30_0885	30	ANKRD49;CAB39;DUS1L;EPB41;EPS8L2;EXOSC8;EZR;FAM120A;GALM;GALNT3;GNPAT;HNRNPL;IFNAR1;KCNN4;LYN;MAP7;NCF1;NGLY1;NUDT5;PLS1;SETD2;SIRT7;SLMAP;SPINT1-AS1;STARD3NL;STRBP;SYTL2;TRIP12;TSPAN15;UBN1	0.0263086296032378	0.0833333333333333	1.03296400480587	NA	NA	NA	NA	4	72	simulation_replicate	empirical null draw; no per-module interval	NA	NA	NA	NA	NA	NA	NA	NA	NA	NA	NA	NA	NA	NA	NA	NA	NA	NA	NA	NA	NA	NA	NA	NA	NA	NA	NA	NA
null_modules	results/stage10d_tech/STAGE10D_TECH_NULL_MODULE_RESULTS.tsv	776c43d27d133f5dfdbda19e2c071a2a95942d9a403a3e87ae0a43ef3f995826	NULL_MATCHED_M30_0886	30	AFTPH;CAB39;CSK;CYHR1;DDR1;FAM207A;GALM;GALNT3;GNPAT;HCLS1;HMG20B;HNRNPL;LDLRAD4;MAP2K1;MAP2K2;MAP2K3;MAP7;NUDT16L1;PCGF5;PPID;PPP2R1A;PSMB8-AS1;PTPN4;RPIA;RTCA;SBNO1;TBC1D10C;TMPRSS2;TRIP12;UFM1	-0.018863717948097	0.0238095238095238	1.0230867215434	NA	NA	NA	NA	4	72	simulation_replicate	empirical null draw; no per-module interval	NA	NA	NA	NA	NA	NA	NA	NA	NA	NA	NA	NA	NA	NA	NA	NA	NA	NA	NA	NA	NA	NA	NA	NA	NA	NA	NA	NA
null_modules	results/stage10d_tech/STAGE10D_TECH_NULL_MODULE_RESULTS.tsv	776c43d27d133f5dfdbda19e2c071a2a95942d9a403a3e87ae0a43ef3f995826	NULL_MATCHED_M30_0887	30	AFTPH;AIP;ANKRD44;CSK;DOCK8;ENOPH1;EPS8L2;FBXW5;GALM;GALNT7;GNPAT;GRK6;GTF2E2;HM13;IFT172;IST1;KMT5B;LDLRAD4;LYPLA2;MAP2K3;ME2;MLLT6;NUDT16L1;PLS1;PPP2R1A;PTPN4;PTPN7;SEPT6;SYTL2;TMC6	0.0133456429407079	0.0238095238095238	1.01658706238297	NA	NA	NA	NA	4	72	simulation_replicate	empirical null draw; no per-module interval	NA	NA	NA	NA	NA	NA	NA	NA	NA	NA	NA	NA	NA	NA	NA	NA	NA	NA	NA	NA	NA	NA	NA	NA	NA	NA	NA	NA
null_modules	results/stage10d_tech/STAGE10D_TECH_NULL_MODULE_RESULTS.tsv	776c43d27d133f5dfdbda19e2c071a2a95942d9a403a3e87ae0a43ef3f995826	NULL_MATCHED_M30_0888	30	AFF4;AFTPH;ANXA3;ARHGAP45;ASF1A;ATF7IP;AUP1;CASP7;DDR1;DENND2D;DOCK8;EPB41;EPS8L2;GALNT7;GNPAT;GRK6;IFT172;KCNN4;LSM8;NUDT16L1;PARL;PCGF5;PIP4K2A;PSMB8-AS1;PTPN4;STARD3NL;SUPT5H;TIMMDC1;TRAF4;YDJC	0.0267741071047673	0.0476190476190476	0.986358105003872	NA	NA	NA	NA	4	72	simulation_replicate	empirical null draw; no per-module interval	NA	NA	NA	NA	NA	NA	NA	NA	NA	NA	NA	NA	NA	NA	NA	NA	NA	NA	NA	NA	NA	NA	NA	NA	NA	NA	NA	NA
null_modules	results/stage10d_tech/STAGE10D_TECH_NULL_MODULE_RESULTS.tsv	776c43d27d133f5dfdbda19e2c071a2a95942d9a403a3e87ae0a43ef3f995826	NULL_MATCHED_M30_0889	30	ARHGAP45;ATF7IP;BICDL2;CASP7;DENR;DOCK8;ENOPH1;EPB41;FAM3C;GALM;GALNT7;GNPAT;MAN1A2;MAP2K1;PPID;PPP1R18;PSMB8-AS1;RPP25L;SEPT1;SEPT6;SETD2;SPEN;SUPT5H;TBC1D10C;TCEAL9;TRAF3IP3;TRIP12;USP3;WBP11;WIPF1	-0.037709287248461	-0.0476190476190476	1.00155419209361	NA	NA	NA	NA	4	72	simulation_replicate	empirical null draw; no per-module interval	NA	NA	NA	NA	NA	NA	NA	NA	NA	NA	NA	NA	NA	NA	NA	NA	NA	NA	NA	NA	NA	NA	NA	NA	NA	NA	NA	NA
null_modules	results/stage10d_tech/STAGE10D_TECH_NULL_MODULE_RESULTS.tsv	776c43d27d133f5dfdbda19e2c071a2a95942d9a403a3e87ae0a43ef3f995826	NULL_MATCHED_M30_0890	30	ARHGAP45;ASF1A;BICDL2;CASP7;DNAJC4;DUS1L;GRK6;GTF2E2;IDH1;IKZF1;KMT5B;MAP2K3;MDH1;ME2;MLLT6;MSH3;PNKP;PPID;PPP1R16A;PRSS3;PSMB8-AS1;RPP25L;SPINT1-AS1;SUPT5H;SYTL2;TBC1D10C;TMC6;USP1;WIPF1;ZNF131	0.019135469714087	0.0476190476190476	1.01114393240896	NA	NA	NA	NA	4	72	simulation_replicate	empirical null draw; no per-module interval	NA	NA	NA	NA	NA	NA	NA	NA	NA	NA	NA	NA	NA	NA	NA	NA	NA	NA	NA	NA	NA	NA	NA	NA	NA	NA	NA	NA
null_modules	results/stage10d_tech/STAGE10D_TECH_NULL_MODULE_RESULTS.tsv	776c43d27d133f5dfdbda19e2c071a2a95942d9a403a3e87ae0a43ef3f995826	NULL_MATCHED_M30_0891	30	ARHGAP45;C1orf56;CASP7;CHCHD1;CHD7;COX19;DCAF11;DDR1;DENND2D;DOCK8;ENOPH1;FAM207A;HCLS1;IKZF1;LDLRAD4;ME2;NGLY1;NKG7;NUDT16L1;PAICS;PFDN2;PIP4K2A;PNKP;RPP25L;SIRT7;SMC1A;STARD3NL;UBN1;USP3;ZNF33A	-0.0803432789819827	-0.0714285714285714	1.0093908059755	NA	NA	NA	NA	4	72	simulation_replicate	empirical null draw; no per-module interval	NA	NA	NA	NA	NA	NA	NA	NA	NA	NA	NA	NA	NA	NA	NA	NA	NA	NA	NA	NA	NA	NA	NA	NA	NA	NA	NA	NA
null_modules	results/stage10d_tech/STAGE10D_TECH_NULL_MODULE_RESULTS.tsv	776c43d27d133f5dfdbda19e2c071a2a95942d9a403a3e87ae0a43ef3f995826	NULL_MATCHED_M30_0892	30	ANKRD44;ARHGAP45;CSK;DDR1;EPB41;GALNT3;GTF2E2;HCLS1;HEBP2;IFT172;KCNN4;LDLRAD4;LYPLA2;MAP2K3;MUC3A;NGLY1;OLA1;PHB2;PIP4K2A;PNKP;PPID;PTPN7;RNPEPL1;RPIA;SEPT1;STRBP;SUPT5H;TRAF4;UNC50;USP3	-0.0830999025978708	-0.0357142857142857	1.03900928000102	NA	NA	NA	NA	4	72	simulation_replicate	empirical null draw; no per-module interval	NA	NA	NA	NA	NA	NA	NA	NA	NA	NA	NA	NA	NA	NA	NA	NA	NA	NA	NA	NA	NA	NA	NA	NA	NA	NA	NA	NA
null_modules	results/stage10d_tech/STAGE10D_TECH_NULL_MODULE_RESULTS.tsv	776c43d27d133f5dfdbda19e2c071a2a95942d9a403a3e87ae0a43ef3f995826	NULL_MATCHED_M30_0893	30	ANKRD49;ASF1A;ATF7IP;CSK;DUS1L;GNPAT;GRK6;GTF2E2;HLA-DQB1;HNRNPL;IFT172;IKZF1;ISOC2;LCK;LLPH;MAP7;NUDT16L1;PATJ;PNKP;PPIE;RTCA;RTN3;SEPT1;SETD2;SPEN;SPINT1-AS1;STARD3NL;SUPT5H;TSN;WIPF1	0.00278657649639117	-0.0357142857142857	0.998466163703403	NA	NA	NA	NA	4	72	simulation_replicate	empirical null draw; no per-module interval	NA	NA	NA	NA	NA	NA	NA	NA	NA	NA	NA	NA	NA	NA	NA	NA	NA	NA	NA	NA	NA	NA	NA	NA	NA	NA	NA	NA
null_modules	results/stage10d_tech/STAGE10D_TECH_NULL_MODULE_RESULTS.tsv	776c43d27d133f5dfdbda19e2c071a2a95942d9a403a3e87ae0a43ef3f995826	NULL_MATCHED_M30_0894	30	AFTPH;ANKRD49;CASP7;CHD7;COX19;CYHR1;FAM207A;GALM;GNPAT;GPSM3;GRK6;HLA-DQB1;HNRNPL;IFI27L2;IFT172;LSM10;LYN;MSH3;MUC3A;PNKP;PPP1R18;PTPN4;SLC44A4;SPEN;STRBP;SYTL2;TBC1D10C;WIPI2;YDJC;ZNF131	0.0149897129117284	0	1.01884275500577	NA	NA	NA	NA	4	72	simulation_replicate	empirical null draw; no per-module interval	NA	NA	NA	NA	NA	NA	NA	NA	NA	NA	NA	NA	NA	NA	NA	NA	NA	NA	NA	NA	NA	NA	NA	NA	NA	NA	NA	NA
null_modules	results/stage10d_tech/STAGE10D_TECH_NULL_MODULE_RESULTS.tsv	776c43d27d133f5dfdbda19e2c071a2a95942d9a403a3e87ae0a43ef3f995826	NULL_MATCHED_M30_0895	30	AFTPH;CASP7;CYHR1;DCTN6;EPS8L2;GRK6;HNRNPL;MUC3A;NCF1;NORAD;OXR1;PATJ;PDXK;PHLDA2;PIP4K2A;PLS1;PNKP;PPP1R18;PSMB8-AS1;PTPN7;RPP25L;RTCA;SEPT1;SIL1;SUPT5H;SYTL2;TBC1D10C;TMC6;TRIP12;WIPF1	0.0591471883678792	0.0357142857142857	0.994955501979852	NA	NA	NA	NA	4	72	simulation_replicate	empirical null draw; no per-module interval	NA	NA	NA	NA	NA	NA	NA	NA	NA	NA	NA	NA	NA	NA	NA	NA	NA	NA	NA	NA	NA	NA	NA	NA	NA	NA	NA	NA
null_modules	results/stage10d_tech/STAGE10D_TECH_NULL_MODULE_RESULTS.tsv	776c43d27d133f5dfdbda19e2c071a2a95942d9a403a3e87ae0a43ef3f995826	NULL_MATCHED_M30_0896	30	ASF1A;ATF7IP;CAB39;CSK;DDR1;DOCK8;DUS1L;FAM207A;FERMT1;GALNT7;HM13;HSPA9;KCNN4;KXD1;LYPLA2;ME2;MLLT6;NUDT16L1;PIP4K2A;PLS1;RASSF7;SPINT1-AS1;STARD3NL;STRBP;SUPT5H;TMC6;TRAF3IP3;TRAF4;XIAP;ZNF131	-0.00537306935099266	0.0119047619047619	1.02328564539672	NA	NA	NA	NA	4	72	simulation_replicate	empirical null draw; no per-module interval	NA	NA	NA	NA	NA	NA	NA	NA	NA	NA	NA	NA	NA	NA	NA	NA	NA	NA	NA	NA	NA	NA	NA	NA	NA	NA	NA	NA
null_modules	results/stage10d_tech/STAGE10D_TECH_NULL_MODULE_RESULTS.tsv	776c43d27d133f5dfdbda19e2c071a2a95942d9a403a3e87ae0a43ef3f995826	NULL_MATCHED_M30_0897	30	ANKRD44;ANKRD49;ARHGAP45;DDR1;DUS1L;EIF4EBP1;FAM207A;GALM;GALNT7;GNPAT;GPA33;GRK6;GTF2E2;IFT172;KCNN4;KMT5B;LPP;MSH3;NGLY1;PIP4K2A;PNKP;PPID;PSMC5;PTPN4;RTCA;SETD2;SIRT7;SRPK2;TBC1D10C;TNPO1	0.00969598567093477	-0.0238095238095238	1.01165628967096	NA	NA	NA	NA	4	72	simulation_replicate	empirical null draw; no per-module interval	NA	NA	NA	NA	NA	NA	NA	NA	NA	NA	NA	NA	NA	NA	NA	NA	NA	NA	NA	NA	NA	NA	NA	NA	NA	NA	NA	NA
null_modules	results/stage10d_tech/STAGE10D_TECH_NULL_MODULE_RESULTS.tsv	776c43d27d133f5dfdbda19e2c071a2a95942d9a403a3e87ae0a43ef3f995826	NULL_MATCHED_M30_0898	30	AFTPH;CHD7;COX19;CYHR1;DCAF11;DDR1;DOCK8;DUS1L;ENOPH1;EPS8L2;GNPAT;GRK6;GTF2E2;KMT5B;LYPLA2;MAP2K3;MLLT6;NOSIP;NUCB2;NUDT16L1;PIP4K2A;PLS1;PPID;PRPF40A;TBC1D10C;TMC6;TMEM33;TNPO1;TRAF4;ZNF148	-0.0757250628029725	-0.0714285714285714	1.00694500660447	NA	NA	NA	NA	4	72	simulation_replicate	empirical null draw; no per-module interval	NA	NA	NA	NA	NA	NA	NA	NA	NA	NA	NA	NA	NA	NA	NA	NA	NA	NA	NA	NA	NA	NA	NA	NA	NA	NA	NA	NA
null_modules	results/stage10d_tech/STAGE10D_TECH_NULL_MODULE_RESULTS.tsv	776c43d27d133f5dfdbda19e2c071a2a95942d9a403a3e87ae0a43ef3f995826	NULL_MATCHED_M30_0899	30	ARHGAP45;BOLA3;CASP7;CETN2;CHD7;CUEDC2;CYHR1;DDR1;DUS1L;ENOPH1;EPB41;EVI2B;GALM;GLO1;HCLS1;IKZF1;LDLRAD4;LYN;LYPLA2;MAP2K3;MAP3K2;PCGF5;PLS1;PNKP;PSMB8-AS1;SPINT1-AS1;STARD3NL;TNFSF10;USP3;YDJC	0.0262731808381428	0.0357142857142857	0.998795444419194	NA	NA	NA	NA	4	72	simulation_replicate	empirical null draw; no per-module interval	NA	NA	NA	NA	NA	NA	NA	NA	NA	NA	NA	NA	NA	NA	NA	NA	NA	NA	NA	NA	NA	NA	NA	NA	NA	NA	NA	NA
null_modules	results/stage10d_tech/STAGE10D_TECH_NULL_MODULE_RESULTS.tsv	776c43d27d133f5dfdbda19e2c071a2a95942d9a403a3e87ae0a43ef3f995826	NULL_MATCHED_M30_0900	30	CAB39;DCAF11;DENND2D;DOCK8;ENOPH1;EXOSC1;GALNT3;GNPAT;IFT172;IFT20;IMPA2;LYN;MAL2;MAP2K3;MUC3A;NGLY1;NKG7;PLS1;PNKP;PPID;RTCA;SLMAP;SPINT1-AS1;SUPT5H;TBC1D10C;TNFSF10;TRAF3IP3;WIPF1;XIAP;ZNF131	0.0400108550155633	0.0119047619047619	0.984242968019423	NA	NA	NA	NA	4	72	simulation_replicate	empirical null draw; no per-module interval	NA	NA	NA	NA	NA	NA	NA	NA	NA	NA	NA	NA	NA	NA	NA	NA	NA	NA	NA	NA	NA	NA	NA	NA	NA	NA	NA	NA
null_modules	results/stage10d_tech/STAGE10D_TECH_NULL_MODULE_RESULTS.tsv	776c43d27d133f5dfdbda19e2c071a2a95942d9a403a3e87ae0a43ef3f995826	NULL_MATCHED_M30_0901	30	ANKRD44;ARHGAP18;CAB39;CCT4;CSK;DCAF11;DENND2D;DUS1L;EXOSC1;GALNT3;GALNT7;GTF2E2;GTPBP4;IPO7;LYPLA2;MSH3;NCF1;NUCB2;PLS1;PNKP;RPP25L;RTCA;SEPT1;SUPT5H;TBC1D10C;TRAF3IP3;TRAF4;UBN1;UCHL3;YDJC	-0.0583523307559676	-0.0595238095238095	1.00611361534142	NA	NA	NA	NA	4	72	simulation_replicate	empirical null draw; no per-module interval	NA	NA	NA	NA	NA	NA	NA	NA	NA	NA	NA	NA	NA	NA	NA	NA	NA	NA	NA	NA	NA	NA	NA	NA	NA	NA	NA	NA
null_modules	results/stage10d_tech/STAGE10D_TECH_NULL_MODULE_RESULTS.tsv	776c43d27d133f5dfdbda19e2c071a2a95942d9a403a3e87ae0a43ef3f995826	NULL_MATCHED_M30_0902	30	AFTPH;ALDH9A1;ATP6AP2;CASP7;CDC42EP5;CHD7;CSK;DOCK8;ENOPH1;FAM207A;GALM;GALNT3;GALNT7;GOPC;GPR160;GRK6;IKZF1;LYN;MAP2K3;MAP7;MUC3A;PATJ;PIP4K2A;PNKP;PSMB8-AS1;RTCA;STRBP;TRIP12;YDJC;YIPF2	0.00762583559278538	-0.0119047619047619	0.982819381092435	NA	NA	NA	NA	4	72	simulation_replicate	empirical null draw; no per-module interval	NA	NA	NA	NA	NA	NA	NA	NA	NA	NA	NA	NA	NA	NA	NA	NA	NA	NA	NA	NA	NA	NA	NA	NA	NA	NA	NA	NA
null_modules	results/stage10d_tech/STAGE10D_TECH_NULL_MODULE_RESULTS.tsv	776c43d27d133f5dfdbda19e2c071a2a95942d9a403a3e87ae0a43ef3f995826	NULL_MATCHED_M30_0903	30	ANKRD44;ANKRD49;BCAP29;CASP7;CLEC2D;EPB41;EZR;HCLS1;HNRNPL;IKZF1;KCNN4;LDLRAD4;MAP2K1;NCF1;NGLY1;PGLS;PLS1;PNKP;PPID;PPP1R18;RPP25L;SLMAP;SPEN;SPINT1-AS1;SRPRB;STARD3NL;TMC6;TPRKB;TRAF4;YDJC	-0.0399768124072154	-0.0476190476190476	1.02130092373231	NA	NA	NA	NA	4	72	simulation_replicate	empirical null draw; no per-module interval	NA	NA	NA	NA	NA	NA	NA	NA	NA	NA	NA	NA	NA	NA	NA	NA	NA	NA	NA	NA	NA	NA	NA	NA	NA	NA	NA	NA
null_modules	results/stage10d_tech/STAGE10D_TECH_NULL_MODULE_RESULTS.tsv	776c43d27d133f5dfdbda19e2c071a2a95942d9a403a3e87ae0a43ef3f995826	NULL_MATCHED_M30_0904	30	ANXA3;ASF1A;CAB39;DENND2D;ENOPH1;EXOSC8;FAM207A;GALM;GALNT3;GALNT7;GRK6;GTF2E2;KMT5B;LDLRAD4;LYPLA2;MAP2K1;MAP7;MRPS36;MUC3A;NUDT16L1;PLS1;PPID;SIL1;SLMAP;SPEN;SUPT5H;TMC6;TRIP12;UBE2B;ZG16B	0.155367863859629	0.142857142857143	0.988689315176879	NA	NA	NA	NA	4	72	simulation_replicate	empirical null draw; no per-module interval	NA	NA	NA	NA	NA	NA	NA	NA	NA	NA	NA	NA	NA	NA	NA	NA	NA	NA	NA	NA	NA	NA	NA	NA	NA	NA	NA	NA
null_modules	results/stage10d_tech/STAGE10D_TECH_NULL_MODULE_RESULTS.tsv	776c43d27d133f5dfdbda19e2c071a2a95942d9a403a3e87ae0a43ef3f995826	NULL_MATCHED_M30_0905	30	BICDL2;CCDC88B;CCNC;CETN2;CHD7;CSK;DDR1;FKBP3;GALNT3;HCLS1;HNRNPL;KMT5B;LYN;MAP2K3;MAP7;MFF;MUC3A;NCF1;PAFAH1B2;PPID;PSMB8-AS1;PTPN4;RPP25L;SETD2;SLC22A18;STARD3NL;SYTL2;USP3;YDJC;ZC3H15	-0.00872572030655785	-0.0476190476190476	0.978684594356973	NA	NA	NA	NA	4	72	simulation_replicate	empirical null draw; no per-module interval	NA	NA	NA	NA	NA	NA	NA	NA	NA	NA	NA	NA	NA	NA	NA	NA	NA	NA	NA	NA	NA	NA	NA	NA	NA	NA	NA	NA
null_modules	results/stage10d_tech/STAGE10D_TECH_NULL_MODULE_RESULTS.tsv	776c43d27d133f5dfdbda19e2c071a2a95942d9a403a3e87ae0a43ef3f995826	NULL_MATCHED_M30_0906	30	ANKRD44;ARHGAP45;ASF1A;BCL11A;BICDL2;BIN1;BIRC2;CAB39;COX19;CYHR1;DCAF11;DENND2D;DOCK8;DUS1L;ENOPH1;EPB41;FERMT1;GALM;GRK6;HNRNPL;MAP7;MRPL28;PATJ;PNKP;PPP1R18;PTPN7;SF3B1;SLMAP;SYTL2;YDJC	0.116441662389557	0.0833333333333333	0.993307018826697	NA	NA	NA	NA	4	72	simulation_replicate	empirical null draw; no per-module interval	NA	NA	NA	NA	NA	NA	NA	NA	NA	NA	NA	NA	NA	NA	NA	NA	NA	NA	NA	NA	NA	NA	NA	NA	NA	NA	NA	NA
null_modules	results/stage10d_tech/STAGE10D_TECH_NULL_MODULE_RESULTS.tsv	776c43d27d133f5dfdbda19e2c071a2a95942d9a403a3e87ae0a43ef3f995826	NULL_MATCHED_M30_0907	30	ANKRD49;ARHGAP18;BIN1;C6orf62;CAB39;CASP7;CSK;CYHR1;DDX3X;EPB41;EXOSC1;FAM207A;GALM;GALNT7;IFT172;IKZF1;LDLRAD4;LONP2;LYPLA2;MAP2K3;NPM3;PCGF5;PSMB8-AS1;RTCA;SIRT7;SLMAP;SPINT1-AS1;STRBP;SUPT5H;YDJC	-0.0430856365133593	0.0238095238095238	1.03600098689763	NA	NA	NA	NA	4	72	simulation_replicate	empirical null draw; no per-module interval	NA	NA	NA	NA	NA	NA	NA	NA	NA	NA	NA	NA	NA	NA	NA	NA	NA	NA	NA	NA	NA	NA	NA	NA	NA	NA	NA	NA
null_modules	results/stage10d_tech/STAGE10D_TECH_NULL_MODULE_RESULTS.tsv	776c43d27d133f5dfdbda19e2c071a2a95942d9a403a3e87ae0a43ef3f995826	NULL_MATCHED_M30_0908	30	AFTPH;ARHGAP45;ATF7IP;CASP7;CHD7;CMBL;DCAF11;EPB41;FDPS;GNPAT;GORASP2;HCLS1;IKZF1;MAP2K1;MSH3;MUC3A;NUDT16L1;PATJ;PPID;PPM1G;PRR15L;PSMB8-AS1;PTPN4;RTCA;SLMAP;SYTL2;TMC6;TRAF3IP3;USP3;XPO1	0.0270397014686196	0	1.01313156325606	NA	NA	NA	NA	4	72	simulation_replicate	empirical null draw; no per-module interval	NA	NA	NA	NA	NA	NA	NA	NA	NA	NA	NA	NA	NA	NA	NA	NA	NA	NA	NA	NA	NA	NA	NA	NA	NA	NA	NA	NA
null_modules	results/stage10d_tech/STAGE10D_TECH_NULL_MODULE_RESULTS.tsv	776c43d27d133f5dfdbda19e2c071a2a95942d9a403a3e87ae0a43ef3f995826	NULL_MATCHED_M30_0909	30	ANKRD44;ANKRD49;ATF7IP;BICDL2;C12orf10;CASP7;CD48;CHD7;COX19;GALNT3;LYN;MSH3;MUC12;PCGF5;PLS1;PPID;PPP1R18;PSMB8-AS1;PSMC3;PTPN4;PTPN7;RTCA;SLC38A1;STX4;SUPT5H;TMC6;UBN1;USP3;WIPF1;ZFAND2B	-0.029512724686534	-0.0476190476190476	0.998767449799478	NA	NA	NA	NA	4	72	simulation_replicate	empirical null draw; no per-module interval	NA	NA	NA	NA	NA	NA	NA	NA	NA	NA	NA	NA	NA	NA	NA	NA	NA	NA	NA	NA	NA	NA	NA	NA	NA	NA	NA	NA
null_modules	results/stage10d_tech/STAGE10D_TECH_NULL_MODULE_RESULTS.tsv	776c43d27d133f5dfdbda19e2c071a2a95942d9a403a3e87ae0a43ef3f995826	NULL_MATCHED_M30_0910	30	ALDH9A1;AMN;BICDL2;BOLA3;CAB39;CYHR1;DCAF11;DENND2D;EXOSC1;GALNT3;GRK6;GTF2E2;HCLS1;IKZF1;LDLRAD4;LSM10;ME2;MLLT6;MRPS36;NGLY1;NUDT16L1;PPID;PSMB8-AS1;PTPN7;SETD2;SF3B1;SIRT7;SLMAP;TMC6;YDJC	-0.000172416295228925	0	1.0200802256733	NA	NA	NA	NA	4	72	simulation_replicate	empirical null draw; no per-module interval	NA	NA	NA	NA	NA	NA	NA	NA	NA	NA	NA	NA	NA	NA	NA	NA	NA	NA	NA	NA	NA	NA	NA	NA	NA	NA	NA	NA
null_modules	results/stage10d_tech/STAGE10D_TECH_NULL_MODULE_RESULTS.tsv	776c43d27d133f5dfdbda19e2c071a2a95942d9a403a3e87ae0a43ef3f995826	NULL_MATCHED_M30_0911	30	ANKRD49;ARHGAP45;CASP7;CDK6;CLDND1;DCAF11;DENND2D;DOCK8;DUS1L;EPB41;EPS8L2;FAM207A;GALNT7;GOPC;KCNN4;LDLRAD4;LYN;MAP7;ME2;NAPRT;NUCB2;PDCD4;PPID;PSMB8-AS1;PTPN4;SEPT1;SETD2;SPINT1-AS1;TRIP12;USP3	0.0387812218856836	-0.0119047619047619	1.0062339019685	NA	NA	NA	NA	4	72	simulation_replicate	empirical null draw; no per-module interval	NA	NA	NA	NA	NA	NA	NA	NA	NA	NA	NA	NA	NA	NA	NA	NA	NA	NA	NA	NA	NA	NA	NA	NA	NA	NA	NA	NA
null_modules	results/stage10d_tech/STAGE10D_TECH_NULL_MODULE_RESULTS.tsv	776c43d27d133f5dfdbda19e2c071a2a95942d9a403a3e87ae0a43ef3f995826	NULL_MATCHED_M30_0912	30	ANKRD44;ANKRD49;ASF1A;BICDL2;C1orf131;CARHSP1;CCDC88B;CHD7;COX19;DCTN6;EIF1AY;ENOPH1;EPS8L2;GTF2E2;GYPC;IKZF1;LYN;MSH3;MUC3A;NGLY1;PCGF5;PSMA5;PSMB8-AS1;RTCA;SEPT1;STRBP;SUPT5H;UBN1;WIPF1;YDJC	0.00565851586173138	-0.0119047619047619	0.994900783041107	NA	NA	NA	NA	4	72	simulation_replicate	empirical null draw; no per-module interval	NA	NA	NA	NA	NA	NA	NA	NA	NA	NA	NA	NA	NA	NA	NA	NA	NA	NA	NA	NA	NA	NA	NA	NA	NA	NA	NA	NA
null_modules	results/stage10d_tech/STAGE10D_TECH_NULL_MODULE_RESULTS.tsv	776c43d27d133f5dfdbda19e2c071a2a95942d9a403a3e87ae0a43ef3f995826	NULL_MATCHED_M30_0913	30	AFTPH;ANKRD49;ASF1A;ATF7IP;BICDL2;CD7;CETN2;DCAF11;DOCK8;DUS1L;FAM207A;GALNT7;GIPC1;IKZF1;LYN;LYPLA2;MAP2K3;MLLT6;NGLY1;NTMT1;PIP4K2A;PNKP;PPP1R18;RTCA;STRBP;SYTL2;TBC1D10C;WBP11;YY1;ZFAND2B	0.0421971800943381	0.0595238095238095	0.999000282827871	NA	NA	NA	NA	4	72	simulation_replicate	empirical null draw; no per-module interval	NA	NA	NA	NA	NA	NA	NA	NA	NA	NA	NA	NA	NA	NA	NA	NA	NA	NA	NA	NA	NA	NA	NA	NA	NA	NA	NA	NA
null_modules	results/stage10d_tech/STAGE10D_TECH_NULL_MODULE_RESULTS.tsv	776c43d27d133f5dfdbda19e2c071a2a95942d9a403a3e87ae0a43ef3f995826	NULL_MATCHED_M30_0914	30	ANKRD49;ANXA3;ATF7IP;CCDC88B;COX19;DCAF11;DDR1;EPB41;EPS8L2;GNPAT;GTF2E2;HCLS1;HM13;LDLRAD4;ME2;PATJ;PNKP;PPP1R18;PRPF38A;PSMB8-AS1;RBM26;RPP25L;SEPT1;SLMAP;SYTL2;TNRC6B;TRAF4;TRIP12;UBQLN1;ZNF131	0.00721974236396628	0.0238095238095238	0.999980784832456	NA	NA	NA	NA	4	72	simulation_replicate	empirical null draw; no per-module interval	NA	NA	NA	NA	NA	NA	NA	NA	NA	NA	NA	NA	NA	NA	NA	NA	NA	NA	NA	NA	NA	NA	NA	NA	NA	NA	NA	NA
null_modules	results/stage10d_tech/STAGE10D_TECH_NULL_MODULE_RESULTS.tsv	776c43d27d133f5dfdbda19e2c071a2a95942d9a403a3e87ae0a43ef3f995826	NULL_MATCHED_M30_0915	30	ANKRD44;ANKRD49;ATF7IP;BICDL2;CCDC88B;CRBN;DDX39A;FBP1;GALM;GRK6;IFT172;ISG20;KMT5B;LIPH;LYN;MAP2K3;MAP7;MLLT6;MTIF3;NCF1;PATJ;PHLDA2;RTCA;SETD2;SLMAP;SPEN;STRBP;TRAF3IP3;USP3;ZNF131	0.00872420357058255	0.0119047619047619	0.991610356489278	NA	NA	NA	NA	4	72	simulation_replicate	empirical null draw; no per-module interval	NA	NA	NA	NA	NA	NA	NA	NA	NA	NA	NA	NA	NA	NA	NA	NA	NA	NA	NA	NA	NA	NA	NA	NA	NA	NA	NA	NA
null_modules	results/stage10d_tech/STAGE10D_TECH_NULL_MODULE_RESULTS.tsv	776c43d27d133f5dfdbda19e2c071a2a95942d9a403a3e87ae0a43ef3f995826	NULL_MATCHED_M30_0916	30	CCDC88B;CHD7;COX19;DDR1;DOCK8;EEF1E1;EPB41;EPS8L2;GALM;HNRNPL;IDH1;IKZF1;KMT5B;LDLRAD4;MAN1A2;MAP2K3;MDH1;ME2;NCF1;NGLY1;PPID;RPP25L;RTCA;SEPT1;SIRT7;SMIM12;SPEN;USH1C;YDJC;YY1	-0.151054605938966	-0.119047619047619	1.05347506367309	NA	NA	NA	NA	4	72	simulation_replicate	empirical null draw; no per-module interval	NA	NA	NA	NA	NA	NA	NA	NA	NA	NA	NA	NA	NA	NA	NA	NA	NA	NA	NA	NA	NA	NA	NA	NA	NA	NA	NA	NA
null_modules	results/stage10d_tech/STAGE10D_TECH_NULL_MODULE_RESULTS.tsv	776c43d27d133f5dfdbda19e2c071a2a95942d9a403a3e87ae0a43ef3f995826	NULL_MATCHED_M30_0917	30	AFTPH;CASP7;CHD7;COX19;DCAF11;DENND2D;DUS1L;EEF1E1;EPS8L2;GRK6;GTF2E2;GTPBP4;HCLS1;IFT172;IKZF1;LYN;MLLT6;MRPL21;MRPS23;NGLY1;PIP4K2A;PTPN4;SETD2;SPINT1-AS1;STARD3NL;SUCLG2;SYTL2;TRIP12;VKORC1;ZNF131	0.028316771958312	-0.0238095238095238	1.02307712154677	NA	NA	NA	NA	4	72	simulation_replicate	empirical null draw; no per-module interval	NA	NA	NA	NA	NA	NA	NA	NA	NA	NA	NA	NA	NA	NA	NA	NA	NA	NA	NA	NA	NA	NA	NA	NA	NA	NA	NA	NA
null_modules	results/stage10d_tech/STAGE10D_TECH_NULL_MODULE_RESULTS.tsv	776c43d27d133f5dfdbda19e2c071a2a95942d9a403a3e87ae0a43ef3f995826	NULL_MATCHED_M30_0918	30	ATF7IP;BIN1;C6orf62;CAB39;CCDC88B;CHD7;CSK;CYHR1;DCAF11;GRK6;GTF2E2;KCNN4;LDLRAD4;LYN;MSH3;MUM1;NCF1;PIP4K2A;PPP1R18;PTPN4;SIRT7;SLMAP;SRPRB;STARD3NL;STRBP;TMC6;TNRC6B;TRIP12;USH1C;WIPF1	-0.00809556939004778	0.0119047619047619	1.01012170771088	NA	NA	NA	NA	4	72	simulation_replicate	empirical null draw; no per-module interval	NA	NA	NA	NA	NA	NA	NA	NA	NA	NA	NA	NA	NA	NA	NA	NA	NA	NA	NA	NA	NA	NA	NA	NA	NA	NA	NA	NA
null_modules	results/stage10d_tech/STAGE10D_TECH_NULL_MODULE_RESULTS.tsv	776c43d27d133f5dfdbda19e2c071a2a95942d9a403a3e87ae0a43ef3f995826	NULL_MATCHED_M30_0919	30	AFTPH;ARHGAP45;ATF7IP;COX19;DDR1;DENND2D;DNAJC4;EPS8L2;GALNT3;GRK6;MAP2K1;MAP2K3;MYADM;NCF1;NGLY1;NUDT16L1;PLAC8;PLS1;PTPN4;PTPN7;RSU1;SLC44A4;SMIM12;SPEN;SPINT1-AS1;STARD3NL;SYTL2;TRAF3IP3;UBAC2;YDJC	-0.0872218749115176	-0.0476190476190476	1.0185781157652	NA	NA	NA	NA	4	72	simulation_replicate	empirical null draw; no per-module interval	NA	NA	NA	NA	NA	NA	NA	NA	NA	NA	NA	NA	NA	NA	NA	NA	NA	NA	NA	NA	NA	NA	NA	NA	NA	NA	NA	NA
null_modules	results/stage10d_tech/STAGE10D_TECH_NULL_MODULE_RESULTS.tsv	776c43d27d133f5dfdbda19e2c071a2a95942d9a403a3e87ae0a43ef3f995826	NULL_MATCHED_M30_0920	30	ARHGAP45;ASF1A;BICDL2;CAB39;COX19;DDX3X;DENND2D;ENOPH1;GALNT7;GNPAT;GRK6;HDHD3;IFT172;KCNN4;LDLRAD4;MARK3;MUC3A;NCF1;PCGF5;PNKP;POLR2H;PPID;PTPN4;RTN3;SLMAP;SMC1A;SUPT5H;TRAF3IP3;UBN1;USP3	-0.0081747375576891	0	1.0131790750929	NA	NA	NA	NA	4	72	simulation_replicate	empirical null draw; no per-module interval	NA	NA	NA	NA	NA	NA	NA	NA	NA	NA	NA	NA	NA	NA	NA	NA	NA	NA	NA	NA	NA	NA	NA	NA	NA	NA	NA	NA
null_modules	results/stage10d_tech/STAGE10D_TECH_NULL_MODULE_RESULTS.tsv	776c43d27d133f5dfdbda19e2c071a2a95942d9a403a3e87ae0a43ef3f995826	NULL_MATCHED_M30_0921	30	AFTPH;ANKRD49;ASF1A;ATF7IP;BICDL2;CAB39;CARHSP1;CBWD5;CD7;CHD7;CLIP1;COX19;CYHR1;DCAF11;DENND2D;DUS1L;EPS8L2;GALM;GALNT3;GRK6;LYPLA2;MFF;MLLT6;PTPN7;SRPK2;STRBP;SYTL2;TBC1D10C;WIPF1;YDJC	0.128764552891352	0.0952380952380953	0.990908788652396	NA	NA	NA	NA	4	72	simulation_replicate	empirical null draw; no per-module interval	NA	NA	NA	NA	NA	NA	NA	NA	NA	NA	NA	NA	NA	NA	NA	NA	NA	NA	NA	NA	NA	NA	NA	NA	NA	NA	NA	NA
null_modules	results/stage10d_tech/STAGE10D_TECH_NULL_MODULE_RESULTS.tsv	776c43d27d133f5dfdbda19e2c071a2a95942d9a403a3e87ae0a43ef3f995826	NULL_MATCHED_M30_0922	30	ACADS;AFTPH;ATF7IP;BICDL2;CAB39;CSK;DOCK8;EIF4EBP1;EPB41;EPS8L2;GNPTAB;HCLS1;HNRNPL;IFT172;LYPLA2;MAP2K1;MLLT6;MRPL52;MSH3;NCF1;NUDT16L1;PARP14;PATJ;PIP4K2A;PPID;RAB5A;STRBP;TBC1D10C;TNRC6B;TRAF4	0.0188204678093213	0	1.02201873433608	NA	NA	NA	NA	4	72	simulation_replicate	empirical null draw; no per-module interval	NA	NA	NA	NA	NA	NA	NA	NA	NA	NA	NA	NA	NA	NA	NA	NA	NA	NA	NA	NA	NA	NA	NA	NA	NA	NA	NA	NA
null_modules	results/stage10d_tech/STAGE10D_TECH_NULL_MODULE_RESULTS.tsv	776c43d27d133f5dfdbda19e2c071a2a95942d9a403a3e87ae0a43ef3f995826	NULL_MATCHED_M30_0923	30	ATP6V1E1;BICDL2;CCDC88B;COX17;CSK;CYHR1;DCAF11;DUS1L;EPS8L2;FAM207A;GNPAT;HNRNPL;IKZF1;KCNN4;LYPLA2;MSH3;MUC3A;NUDT14;PATJ;PCGF5;PRPF40A;PTPN4;RBM26;RTCA;RUVBL2;SEPT1;SIRT7;TMC6;UBN1;ZNF131	0.0189820052256661	0	1.01229633979307	NA	NA	NA	NA	4	72	simulation_replicate	empirical null draw; no per-module interval	NA	NA	NA	NA	NA	NA	NA	NA	NA	NA	NA	NA	NA	NA	NA	NA	NA	NA	NA	NA	NA	NA	NA	NA	NA	NA	NA	NA
null_modules	results/stage10d_tech/STAGE10D_TECH_NULL_MODULE_RESULTS.tsv	776c43d27d133f5dfdbda19e2c071a2a95942d9a403a3e87ae0a43ef3f995826	NULL_MATCHED_M30_0924	30	ANKRD49;ASF1A;ATF7IP;CASP7;CSK;CYHR1;ENOPH1;FKBP3;GRK6;GTF2E2;KMT5B;LDLRAD4;LSM10;MAP7;NCF1;NGLY1;NUDT16L1;OTULINL;PDCD4;PLPP2;PTPN7;RPP25L;RTCA;SEC22B;SEPT1;SPEN;SPINT1-AS1;SYNRG;TBC1D10C;USP3	-0.00174834922832173	-0.0238095238095238	1.0140329476293	NA	NA	NA	NA	4	72	simulation_replicate	empirical null draw; no per-module interval	NA	NA	NA	NA	NA	NA	NA	NA	NA	NA	NA	NA	NA	NA	NA	NA	NA	NA	NA	NA	NA	NA	NA	NA	NA	NA	NA	NA
null_modules	results/stage10d_tech/STAGE10D_TECH_NULL_MODULE_RESULTS.tsv	776c43d27d133f5dfdbda19e2c071a2a95942d9a403a3e87ae0a43ef3f995826	NULL_MATCHED_M30_0925	30	ASF1A;CASP7;CSK;DCAF11;DDR1;DOCK8;EXOSC1;GALM;GALNT7;GMDS;GNPAT;GORASP2;GRK6;IFT172;LDLRAD4;MAP2K1;ME2;NCF1;NUDT16L1;PCGF5;PIP4K2A;PLS1;PPP1R16A;PPP1R18;PTPN4;SEC31A;SPEN;SRPK2;TMC6;VCP	-0.00948358513335826	-0.0119047619047619	0.991798684763937	NA	NA	NA	NA	4	72	simulation_replicate	empirical null draw; no per-module interval	NA	NA	NA	NA	NA	NA	NA	NA	NA	NA	NA	NA	NA	NA	NA	NA	NA	NA	NA	NA	NA	NA	NA	NA	NA	NA	NA	NA
null_modules	results/stage10d_tech/STAGE10D_TECH_NULL_MODULE_RESULTS.tsv	776c43d27d133f5dfdbda19e2c071a2a95942d9a403a3e87ae0a43ef3f995826	NULL_MATCHED_M30_0926	30	AFTPH;ANKRD44;ARHGAP45;ATF7IP;CAB39;CCDC88B;ENOPH1;EPB41;FAM207A;GALM;GRK6;GTF2E2;IST1;LDLRAD4;LPP;LYPLA2;MAP2K3;MSH3;NCF1;NEDD9;NOSIP;PTPN7;SETD2;SIRT7;SLC25A36;SPINT1-AS1;TRIP12;TSTA3;UBN1;WIPF1	-0.133914949601601	-0.154761904761905	1.0315803183935	NA	NA	NA	NA	4	72	simulation_replicate	empirical null draw; no per-module interval	NA	NA	NA	NA	NA	NA	NA	NA	NA	NA	NA	NA	NA	NA	NA	NA	NA	NA	NA	NA	NA	NA	NA	NA	NA	NA	NA	NA
null_modules	results/stage10d_tech/STAGE10D_TECH_NULL_MODULE_RESULTS.tsv	776c43d27d133f5dfdbda19e2c071a2a95942d9a403a3e87ae0a43ef3f995826	NULL_MATCHED_M30_0927	30	ANKRD44;ASF1A;CD7;CSK;DDR1;DOCK8;DUS1L;EPS8L2;FAM207A;GALNT3;GRK6;HIKESHI;HNRNPL;LDLRAD4;LYPLA2;MAP2K3;MAP7;MRPL48;NGLY1;NTMT1;PATJ;PLS1;PNKP;RTCA;SIRT7;SMC1A;STARD3NL;SYTL2;TMC6;TSTA3	0.0731053861199182	0	1.00610158761135	NA	NA	NA	NA	4	72	simulation_replicate	empirical null draw; no per-module interval	NA	NA	NA	NA	NA	NA	NA	NA	NA	NA	NA	NA	NA	NA	NA	NA	NA	NA	NA	NA	NA	NA	NA	NA	NA	NA	NA	NA
null_modules	results/stage10d_tech/STAGE10D_TECH_NULL_MODULE_RESULTS.tsv	776c43d27d133f5dfdbda19e2c071a2a95942d9a403a3e87ae0a43ef3f995826	NULL_MATCHED_M30_0928	30	ANKRD49;CASP7;CCDC88B;CYHR1;DDR1;ENOPH1;GALNT7;GRK6;GTPBP4;HM13;HNRNPH2;IFT172;KMT5B;LDLRAD4;LYN;MAN1A2;MAP2K1;ME2;MUC3A;PIP4K2A;PSMB8-AS1;RTCA;SAFB2;SEPT1;SPEN;STRBP;SYTL2;TECR;TRAF3IP3;YDJC	-0.017922809273634	0	1.01696175575594	NA	NA	NA	NA	4	72	simulation_replicate	empirical null draw; no per-module interval	NA	NA	NA	NA	NA	NA	NA	NA	NA	NA	NA	NA	NA	NA	NA	NA	NA	NA	NA	NA	NA	NA	NA	NA	NA	NA	NA	NA
null_modules	results/stage10d_tech/STAGE10D_TECH_NULL_MODULE_RESULTS.tsv	776c43d27d133f5dfdbda19e2c071a2a95942d9a403a3e87ae0a43ef3f995826	NULL_MATCHED_M30_0929	30	AFTPH;ANKRD10;ANKRD49;ARPC4;BICDL2;CD3G;EPB41;GALNT3;GNPAT;GRK6;IFT172;ISG20;KMT5B;LYN;MAN1A2;MAP2K3;MAP7;ME2;MSH3;MUC3A;NGLY1;NUDT16L1;PIP4K2A;PNKD;PPID;SETD2;SPINT1-AS1;STARD3NL;UBN1;YDJC	-0.00582220169798499	-0.0357142857142857	1.0047558552268	NA	NA	NA	NA	4	72	simulation_replicate	empirical null draw; no per-module interval	NA	NA	NA	NA	NA	NA	NA	NA	NA	NA	NA	NA	NA	NA	NA	NA	NA	NA	NA	NA	NA	NA	NA	NA	NA	NA	NA	NA
null_modules	results/stage10d_tech/STAGE10D_TECH_NULL_MODULE_RESULTS.tsv	776c43d27d133f5dfdbda19e2c071a2a95942d9a403a3e87ae0a43ef3f995826	NULL_MATCHED_M30_0930	30	ARPP19;ATF7IP;BICDL2;CASP7;CNN3;CTBP2;DDR1;ENOPH1;EPB41;EPS8L2;GNPAT;GTF2E2;KCNN4;KMT5B;LDLRAD4;MAP2K3;MLLT6;PPID;PPP1R18;PTPN7;RTCA;SETD2;SLMAP;STARD3NL;STRBP;SUCLG1;TMC6;TRAF3IP3;TSPAN15;VPS26A	-0.0348127858203721	-0.0595238095238095	1.00579949685083	NA	NA	NA	NA	4	72	simulation_replicate	empirical null draw; no per-module interval	NA	NA	NA	NA	NA	NA	NA	NA	NA	NA	NA	NA	NA	NA	NA	NA	NA	NA	NA	NA	NA	NA	NA	NA	NA	NA	NA	NA
null_modules	results/stage10d_tech/STAGE10D_TECH_NULL_MODULE_RESULTS.tsv	776c43d27d133f5dfdbda19e2c071a2a95942d9a403a3e87ae0a43ef3f995826	NULL_MATCHED_M30_0931	30	ACP1;AFTPH;ANKRD44;ANKRD49;ATF7IP;BICDL2;BIRC2;CHD7;GALNT3;HCLS1;HNRNPL;IFT172;KCNN4;KMT5B;LCK;LDLRAD4;LYN;MAP1LC3B;NUDT16L1;PNKP;RPP25L;RTCA;SLC38A1;STARD3NL;TRAF3IP3;TRIP12;UBN1;USP47;WIPF1;YDJC	0.111919669345283	0.0476190476190476	0.968828558156222	NA	NA	NA	NA	4	72	simulation_replicate	empirical null draw; no per-module interval	NA	NA	NA	NA	NA	NA	NA	NA	NA	NA	NA	NA	NA	NA	NA	NA	NA	NA	NA	NA	NA	NA	NA	NA	NA	NA	NA	NA
null_modules	results/stage10d_tech/STAGE10D_TECH_NULL_MODULE_RESULTS.tsv	776c43d27d133f5dfdbda19e2c071a2a95942d9a403a3e87ae0a43ef3f995826	NULL_MATCHED_M30_0932	30	AFF4;ASF1A;BICDL2;BST2;C5orf24;CAB39;CASP7;COX19;CYHR1;DDR1;DENND2D;DOCK8;EPB41;GTF2E2;HNRNPL;MSH3;NCF1;PATJ;PIP4K2A;PNKP;PPP1R18;PSMB8-AS1;PTPN4;PXMP2;SPINT1-AS1;STARD3NL;STRBP;TCEA3;VCP;ZNF131	-0.0155323461077581	-0.0476190476190476	1.00546204014322	NA	NA	NA	NA	4	72	simulation_replicate	empirical null draw; no per-module interval	NA	NA	NA	NA	NA	NA	NA	NA	NA	NA	NA	NA	NA	NA	NA	NA	NA	NA	NA	NA	NA	NA	NA	NA	NA	NA	NA	NA
null_modules	results/stage10d_tech/STAGE10D_TECH_NULL_MODULE_RESULTS.tsv	776c43d27d133f5dfdbda19e2c071a2a95942d9a403a3e87ae0a43ef3f995826	NULL_MATCHED_M30_0933	30	AFTPH;ARPP19;BICDL2;COX19;DCAF11;DENND2D;DOCK8;ENOPH1;FAM207A;GNPAT;LYN;LYPLA2;MAP7;MLLT6;MRPS26;MSH3;NCF1;OXR1;PGLS;PIP4K2A;PPID;PPP1R18;PSMB8-AS1;PTPN7;SIRT7;SPEN;TBC1D10C;WIPF1;XPO1;YY1	-0.0759040621030489	-0.0714285714285714	0.986343938173207	NA	NA	NA	NA	4	72	simulation_replicate	empirical null draw; no per-module interval	NA	NA	NA	NA	NA	NA	NA	NA	NA	NA	NA	NA	NA	NA	NA	NA	NA	NA	NA	NA	NA	NA	NA	NA	NA	NA	NA	NA
null_modules	results/stage10d_tech/STAGE10D_TECH_NULL_MODULE_RESULTS.tsv	776c43d27d133f5dfdbda19e2c071a2a95942d9a403a3e87ae0a43ef3f995826	NULL_MATCHED_M30_0934	30	ANKRD44;ARHGAP45;CAB39;CCDC88B;CCT7;CD48;CHCHD1;CHD7;CSK;CTDNEP1;DDR1;EPB41;HCLS1;HSPA9;IKZF1;LYN;PCGF5;PPID;PPP1R18;PSMB8-AS1;PTPN7;RTCA;SETD2;SIRT7;SPEN;STRBP;SYTL2;TBC1D10C;TRAF4;UBE2L6	-0.114363709852191	-0.0952380952380953	1.04844510662729	NA	NA	NA	NA	4	72	simulation_replicate	empirical null draw; no per-module interval	NA	NA	NA	NA	NA	NA	NA	NA	NA	NA	NA	NA	NA	NA	NA	NA	NA	NA	NA	NA	NA	NA	NA	NA	NA	NA	NA	NA
null_modules	results/stage10d_tech/STAGE10D_TECH_NULL_MODULE_RESULTS.tsv	776c43d27d133f5dfdbda19e2c071a2a95942d9a403a3e87ae0a43ef3f995826	NULL_MATCHED_M30_0935	30	ANKRD44;ASF1A;ATF7IP;BICDL2;CAB39;CDV3;DCAF11;DOCK8;EIF4E2;EPB41;EPS8L2;ESRRA;GNPAT;HNRNPL;IFT172;IMMT;KMT5B;LPP;LYN;LYPLA2;MAP2K1;NEDD9;PCGF5;PIP4K2A;PNKP;PSMB8-AS1;SIRT7;TBC1D10C;TRAF3IP3;TRIP12	0.0317562225194909	0	0.987413352033603	NA	NA	NA	NA	4	72	simulation_replicate	empirical null draw; no per-module interval	NA	NA	NA	NA	NA	NA	NA	NA	NA	NA	NA	NA	NA	NA	NA	NA	NA	NA	NA	NA	NA	NA	NA	NA	NA	NA	NA	NA
null_modules	results/stage10d_tech/STAGE10D_TECH_NULL_MODULE_RESULTS.tsv	776c43d27d133f5dfdbda19e2c071a2a95942d9a403a3e87ae0a43ef3f995826	NULL_MATCHED_M30_0936	30	ANKRD44;CCDC88B;CYHR1;DENND2D;EPS8L2;GNPAT;GTF2E2;HCLS1;HNRNPL;IFI27L2;IFT172;LDLRAD4;LLPH;MAP7;ME2;MLLT6;MRPL52;NGLY1;PCGF5;PON2;PTPN4;RTCA;SIRT7;SLC22A18;SPEN;STARD3NL;TMEM33;TRAF3IP3;TRAF4;UBE2L6	-0.00137126088860885	-0.0238095238095238	1.01776109999483	NA	NA	NA	NA	4	72	simulation_replicate	empirical null draw; no per-module interval	NA	NA	NA	NA	NA	NA	NA	NA	NA	NA	NA	NA	NA	NA	NA	NA	NA	NA	NA	NA	NA	NA	NA	NA	NA	NA	NA	NA
null_modules	results/stage10d_tech/STAGE10D_TECH_NULL_MODULE_RESULTS.tsv	776c43d27d133f5dfdbda19e2c071a2a95942d9a403a3e87ae0a43ef3f995826	NULL_MATCHED_M30_0937	30	ABHD11;ASF1A;C12orf10;CCDC88B;CYHR1;DCAF11;DDR1;ENOPH1;FAM207A;GALNT7;IFT172;ILF2;INTS6;LYN;MAP2K1;MAP2K3;MSH3;NCF1;NGLY1;NUDT16L1;PCGF5;PLS1;SLMAP;SMCO4;STRBP;SUCLG1;SYTL2;TMC6;UBN1;WIPF1	0.00838585101252848	-0.0119047619047619	1.0065355307015	NA	NA	NA	NA	4	72	simulation_replicate	empirical null draw; no per-module interval	NA	NA	NA	NA	NA	NA	NA	NA	NA	NA	NA	NA	NA	NA	NA	NA	NA	NA	NA	NA	NA	NA	NA	NA	NA	NA	NA	NA
null_modules	results/stage10d_tech/STAGE10D_TECH_NULL_MODULE_RESULTS.tsv	776c43d27d133f5dfdbda19e2c071a2a95942d9a403a3e87ae0a43ef3f995826	NULL_MATCHED_M30_0938	30	ARHGAP45;CAB39;CASP7;CCDC88B;CHD7;CYHR1;FAM207A;GALNT3;GSPT1;HSPA9;IFNAR1;NCF1;NUDT16L1;PATJ;PLS1;PPIE;PPP1R18;PPP4R3B;PSMB8-AS1;RBM4;RTCA;SIRT7;SLMAP;SPEN;TBC1D10C;TCEA3;UBN1;USH1C;WIPF1;YDJC	-0.0223550240717927	0.0119047619047619	1.0376550486219	NA	NA	NA	NA	4	72	simulation_replicate	empirical null draw; no per-module interval	NA	NA	NA	NA	NA	NA	NA	NA	NA	NA	NA	NA	NA	NA	NA	NA	NA	NA	NA	NA	NA	NA	NA	NA	NA	NA	NA	NA
null_modules	results/stage10d_tech/STAGE10D_TECH_NULL_MODULE_RESULTS.tsv	776c43d27d133f5dfdbda19e2c071a2a95942d9a403a3e87ae0a43ef3f995826	NULL_MATCHED_M30_0939	30	AAK1;ASF1A;ATF7IP;BICDL2;CAB39;CHD7;CTDSP1;DDR1;DENND2D;DOCK8;ENOPH1;EPS8L2;GNPAT;GRK6;GTF2E2;HNRNPL;IFNAR1;LYPLA2;MSH3;MYADM;PCSK7;PLS1;RTCA;SLC38A1;SPEN;STARD3NL;TMC6;TRAF3IP3;UBN1;USP3	-0.011307725713044	0	1.00270247936748	NA	NA	NA	NA	4	72	simulation_replicate	empirical null draw; no per-module interval	NA	NA	NA	NA	NA	NA	NA	NA	NA	NA	NA	NA	NA	NA	NA	NA	NA	NA	NA	NA	NA	NA	NA	NA	NA	NA	NA	NA
null_modules	results/stage10d_tech/STAGE10D_TECH_NULL_MODULE_RESULTS.tsv	776c43d27d133f5dfdbda19e2c071a2a95942d9a403a3e87ae0a43ef3f995826	NULL_MATCHED_M30_0940	30	AFTPH;ANKRD49;ASF1A;ASS1;COX19;DCAF11;DDR1;DENND2D;ENOPH1;GALM;GNPAT;IFT172;IFT20;KMT5B;LYPLA2;MLLT6;MUC12;NUDT16L1;PATJ;PLS1;POLR2K;PPP1R18;SEPT1;SEPT6;SIRT7;SLMAP;SNRPN;SPEN;SUPT5H;WIPF1	-0.0571081170711187	-0.0714285714285714	1.03513163860998	NA	NA	NA	NA	4	72	simulation_replicate	empirical null draw; no per-module interval	NA	NA	NA	NA	NA	NA	NA	NA	NA	NA	NA	NA	NA	NA	NA	NA	NA	NA	NA	NA	NA	NA	NA	NA	NA	NA	NA	NA
null_modules	results/stage10d_tech/STAGE10D_TECH_NULL_MODULE_RESULTS.tsv	776c43d27d133f5dfdbda19e2c071a2a95942d9a403a3e87ae0a43ef3f995826	NULL_MATCHED_M30_0941	30	ACAP1;ATF7IP;BICDL2;CAB39;CASP7;CCT7;DENND2D;DOCK8;EMG1;ENOPH1;EPB41;EPS8L2;EXOSC8;FAM207A;GALNT3;GALNT7;GRK6;HNRNPH2;MAP2K1;MSH3;PLS1;PTPN7;RTN3;SIRT7;SPEN;SUPT5H;SYTL2;TRAF4;TRIP12;UBN1	-0.0855271633443157	-0.0833333333333333	1.00859890025464	NA	NA	NA	NA	4	72	simulation_replicate	empirical null draw; no per-module interval	NA	NA	NA	NA	NA	NA	NA	NA	NA	NA	NA	NA	NA	NA	NA	NA	NA	NA	NA	NA	NA	NA	NA	NA	NA	NA	NA	NA
null_modules	results/stage10d_tech/STAGE10D_TECH_NULL_MODULE_RESULTS.tsv	776c43d27d133f5dfdbda19e2c071a2a95942d9a403a3e87ae0a43ef3f995826	NULL_MATCHED_M30_0942	30	AKAP1;ARHGAP45;CAB39;CASP7;CHD7;CHMP3;DUS1L;EEF1E1;GRK6;HCLS1;HNRNPL;IAH1;LDLRAD4;MAP7;MRPL48;MSH3;NCF1;PATJ;PCGF5;PLS1;PNKP;PTPN4;PTPN7;SPINT1-AS1;SUPT5H;TBC1D10C;TRAF3IP3;TRAF4;USP3;XRCC5	-0.0300501677597305	-0.0714285714285714	1.01405751044365	NA	NA	NA	NA	4	72	simulation_replicate	empirical null draw; no per-module interval	NA	NA	NA	NA	NA	NA	NA	NA	NA	NA	NA	NA	NA	NA	NA	NA	NA	NA	NA	NA	NA	NA	NA	NA	NA	NA	NA	NA
null_modules	results/stage10d_tech/STAGE10D_TECH_NULL_MODULE_RESULTS.tsv	776c43d27d133f5dfdbda19e2c071a2a95942d9a403a3e87ae0a43ef3f995826	NULL_MATCHED_M30_0943	30	AKAP1;ARHGAP45;BIRC2;CCDC88B;CUEDC2;FAM120A;FAM207A;FERMT1;GALM;KMT5B;LDLRAD4;ME2;MLLT6;MSH3;PATJ;PCGF5;PLS1;PPP1R18;PSMB8-AS1;PTPN4;RTCA;SETD2;SF3B1;SLMAP;SUPT5H;SYTL2;TBC1D10C;TMC6;UBN1;USP3	0.0093997485571174	0.0357142857142857	0.990613370141062	NA	NA	NA	NA	4	72	simulation_replicate	empirical null draw; no per-module interval	NA	NA	NA	NA	NA	NA	NA	NA	NA	NA	NA	NA	NA	NA	NA	NA	NA	NA	NA	NA	NA	NA	NA	NA	NA	NA	NA	NA
null_modules	results/stage10d_tech/STAGE10D_TECH_NULL_MODULE_RESULTS.tsv	776c43d27d133f5dfdbda19e2c071a2a95942d9a403a3e87ae0a43ef3f995826	NULL_MATCHED_M30_0944	30	AFTPH;ANKRD44;ANKRD49;ATF7IP;CAB39;CCSER2;COX19;DENND2D;FAM207A;GGH;GNPAT;LYN;LYPLA2;MAP2K3;MAP7;ME2;MRPS11;MTIF3;NCF1;PLS1;PPID;PPP4R3B;PTPN7;RTCA;SEPT1;SMIM12;SPINT1-AS1;STARD3NL;SUPT5H;TMEM167A	0.00346278351701065	-0.0357142857142857	1.01422282581881	NA	NA	NA	NA	4	72	simulation_replicate	empirical null draw; no per-module interval	NA	NA	NA	NA	NA	NA	NA	NA	NA	NA	NA	NA	NA	NA	NA	NA	NA	NA	NA	NA	NA	NA	NA	NA	NA	NA	NA	NA
null_modules	results/stage10d_tech/STAGE10D_TECH_NULL_MODULE_RESULTS.tsv	776c43d27d133f5dfdbda19e2c071a2a95942d9a403a3e87ae0a43ef3f995826	NULL_MATCHED_M30_0945	30	ANKRD49;CCDC88B;CD3D;CYHR1;DDR1;DUS1L;GALM;GORASP2;GTF2E2;IAH1;KCNN4;MDH1;ME2;MSH3;MUC3A;NCF1;NGLY1;PATJ;PKP2;PTPN7;RTCA;SETD2;SIRT7;SLMAP;SMIM12;STRBP;SYTL2;TRIP12;UBE2L6;USP3	-0.0480549222025823	-0.0833333333333333	1.02741857955665	NA	NA	NA	NA	4	72	simulation_replicate	empirical null draw; no per-module interval	NA	NA	NA	NA	NA	NA	NA	NA	NA	NA	NA	NA	NA	NA	NA	NA	NA	NA	NA	NA	NA	NA	NA	NA	NA	NA	NA	NA
null_modules	results/stage10d_tech/STAGE10D_TECH_NULL_MODULE_RESULTS.tsv	776c43d27d133f5dfdbda19e2c071a2a95942d9a403a3e87ae0a43ef3f995826	NULL_MATCHED_M30_0946	30	ARHGAP45;CAB39;CLIP1;COPA;DCAF11;DDR1;DENND2D;ENOPH1;EPB41;EPS8L2;FAM207A;FKBP3;GNPAT;HLA-DQB1;IKZF1;IMPA2;KCNN4;KMT5B;LDLRAD4;MAP2K3;MLLT6;MUC3A;NCF1;NPEPPS;PPID;SIRT7;SLMAP;SPINT1-AS1;SYTL2;TRAF3IP3	-0.0715140856498448	-0.0952380952380953	1.04578756257095	NA	NA	NA	NA	4	72	simulation_replicate	empirical null draw; no per-module interval	NA	NA	NA	NA	NA	NA	NA	NA	NA	NA	NA	NA	NA	NA	NA	NA	NA	NA	NA	NA	NA	NA	NA	NA	NA	NA	NA	NA
null_modules	results/stage10d_tech/STAGE10D_TECH_NULL_MODULE_RESULTS.tsv	776c43d27d133f5dfdbda19e2c071a2a95942d9a403a3e87ae0a43ef3f995826	NULL_MATCHED_M30_0947	30	ATF7IP;BICDL2;COA3;CSK;DENND2D;ENOPH1;EWSR1;GALNT7;IFT172;INTS6;LUC7L2;LYN;LYPLA2;MAP2K1;MLLT6;NAPRT;NCF1;PIP4K2A;PNKP;PPID;PSMB8-AS1;PTPN4;SPINT1-AS1;STARD3NL;SUPT5H;TRAF4;TSPAN15;UBN1;WIPF1;ZNF131	0.0762796053138694	0.0357142857142857	0.978855897015579	NA	NA	NA	NA	4	72	simulation_replicate	empirical null draw; no per-module interval	NA	NA	NA	NA	NA	NA	NA	NA	NA	NA	NA	NA	NA	NA	NA	NA	NA	NA	NA	NA	NA	NA	NA	NA	NA	NA	NA	NA
null_modules	results/stage10d_tech/STAGE10D_TECH_NULL_MODULE_RESULTS.tsv	776c43d27d133f5dfdbda19e2c071a2a95942d9a403a3e87ae0a43ef3f995826	NULL_MATCHED_M30_0948	30	AAK1;AFTPH;BICDL2;CASP7;CCDC88B;CD3G;DUS1L;EPB41;ERP44;FBXW5;GRK6;IFT172;KMT5B;MAP2K1;MSH3;NUDT16L1;PLS1;PNKP;PPP2R1A;PSMB8-AS1;RPP25L;SETD2;SPEN;SRPRB;STRBP;SYTL2;TRIP12;UBN1;WIPF1;YDJC	-0.0390983341786917	-0.0357142857142857	1.01493945895595	NA	NA	NA	NA	4	72	simulation_replicate	empirical null draw; no per-module interval	NA	NA	NA	NA	NA	NA	NA	NA	NA	NA	NA	NA	NA	NA	NA	NA	NA	NA	NA	NA	NA	NA	NA	NA	NA	NA	NA	NA
null_modules	results/stage10d_tech/STAGE10D_TECH_NULL_MODULE_RESULTS.tsv	776c43d27d133f5dfdbda19e2c071a2a95942d9a403a3e87ae0a43ef3f995826	NULL_MATCHED_M30_0949	30	ANKRD44;ATF7IP;BICDL2;CAB39;CARHSP1;CASP7;CD3G;CHD7;CXXC5;GALNT3;GNPAT;GRK6;HNRNPL;IFI27L2;IKZF1;LDLRAD4;MAP2K1;MLLT6;NUDT16L1;PCGF5;PTPN4;PTPN7;RPP25L;SEC22B;SPINT1-AS1;STARD3NL;TMC6;TRIP12;TWF1;ZNF33A	0.0825815562122119	0.0595238095238095	1.00210274559848	NA	NA	NA	NA	4	72	simulation_replicate	empirical null draw; no per-module interval	NA	NA	NA	NA	NA	NA	NA	NA	NA	NA	NA	NA	NA	NA	NA	NA	NA	NA	NA	NA	NA	NA	NA	NA	NA	NA	NA	NA
null_modules	results/stage10d_tech/STAGE10D_TECH_NULL_MODULE_RESULTS.tsv	776c43d27d133f5dfdbda19e2c071a2a95942d9a403a3e87ae0a43ef3f995826	NULL_MATCHED_M30_0950	30	ANKRD49;CDK6;CSK;DDR1;GALM;GALNT3;GALNT7;GGH;HCLS1;KMT5B;LDLRAD4;LONP2;LYPLA2;MLLT6;MRPS36;NCF1;PNKP;PPIL4;PTPN4;PTPN7;RPP25L;SETD2;SPEN;STARD3NL;SUCLG2;TRAF3IP3;TRAF4;TRIP12;WIPF1;YDJC	0.0379171015172824	0.0714285714285714	1.02010733890531	NA	NA	NA	NA	4	72	simulation_replicate	empirical null draw; no per-module interval	NA	NA	NA	NA	NA	NA	NA	NA	NA	NA	NA	NA	NA	NA	NA	NA	NA	NA	NA	NA	NA	NA	NA	NA	NA	NA	NA	NA
null_modules	results/stage10d_tech/STAGE10D_TECH_NULL_MODULE_RESULTS.tsv	776c43d27d133f5dfdbda19e2c071a2a95942d9a403a3e87ae0a43ef3f995826	NULL_MATCHED_M30_0951	30	ANKRD44;ARHGAP45;ASF1A;ATF7IP;CAB39;CENPV;CHD7;CSK;CYHR1;EPB41;EXOSC1;HCLS1;HNRNPH2;HNRNPL;IFT172;IVNS1ABP;LYPLA2;MYADM;NCF1;NUDT16L1;PCGF5;PPID;PPP2R1A;SEPT1;SIRT7;SLMAP;USP3;VGLL4;WIPF1;ZNF131	0.0161083210415211	0.0595238095238095	1.00303414163477	NA	NA	NA	NA	4	72	simulation_replicate	empirical null draw; no per-module interval	NA	NA	NA	NA	NA	NA	NA	NA	NA	NA	NA	NA	NA	NA	NA	NA	NA	NA	NA	NA	NA	NA	NA	NA	NA	NA	NA	NA
null_modules	results/stage10d_tech/STAGE10D_TECH_NULL_MODULE_RESULTS.tsv	776c43d27d133f5dfdbda19e2c071a2a95942d9a403a3e87ae0a43ef3f995826	NULL_MATCHED_M30_0952	30	ANKRD44;BICDL2;CARHSP1;CCDC88B;DCTN6;DDR1;EXOSC1;GNPAT;HNRNPL;IFT172;KMT5B;KXD1;LYN;MAP7;MSH3;MYADM;NGLY1;NUDT16L1;PCGF5;PNKP;PTPN7;RTCA;SEPT1;SIRT7;SLMAP;STARD3NL;SYTL2;TOB1;TRPM4;UBN1	-0.0667383995663055	-0.0714285714285714	0.984683299147194	NA	NA	NA	NA	4	72	simulation_replicate	empirical null draw; no per-module interval	NA	NA	NA	NA	NA	NA	NA	NA	NA	NA	NA	NA	NA	NA	NA	NA	NA	NA	NA	NA	NA	NA	NA	NA	NA	NA	NA	NA
null_modules	results/stage10d_tech/STAGE10D_TECH_NULL_MODULE_RESULTS.tsv	776c43d27d133f5dfdbda19e2c071a2a95942d9a403a3e87ae0a43ef3f995826	NULL_MATCHED_M30_0953	30	ABCC3;ANKRD44;C6orf62;CCND1;CHD7;COX19;DHPS;ENOPH1;EPB41;GALM;GALNT3;GALNT7;GNPAT;HCLS1;IFT172;KMT5B;LYN;MUC3A;MZT1;PATJ;PLS1;PNKP;PPID;SIRT7;SLMAP;TSN;USP3;VKORC1;WIPF1;YDJC	-0.0638008628887076	-0.0595238095238095	0.993752644153338	NA	NA	NA	NA	4	72	simulation_replicate	empirical null draw; no per-module interval	NA	NA	NA	NA	NA	NA	NA	NA	NA	NA	NA	NA	NA	NA	NA	NA	NA	NA	NA	NA	NA	NA	NA	NA	NA	NA	NA	NA
null_modules	results/stage10d_tech/STAGE10D_TECH_NULL_MODULE_RESULTS.tsv	776c43d27d133f5dfdbda19e2c071a2a95942d9a403a3e87ae0a43ef3f995826	NULL_MATCHED_M30_0954	30	ASF1A;CCT7;CHD7;CYHR1;DHPS;DOCK8;EPB41;GALNT3;GRK6;HCLS1;IFI27L2;MAP7;MLLT6;MSH3;NGLY1;NOSIP;PATJ;PNKP;PPP1R18;PSMB8-AS1;RTCA;SEPT1;SPEN;STARD3NL;SYTL2;TRIP12;UBAC2;UBN1;UNC50;YDJC	0.0766429269875463	-0.0119047619047619	1.00393846574483	NA	NA	NA	NA	4	72	simulation_replicate	empirical null draw; no per-module interval	NA	NA	NA	NA	NA	NA	NA	NA	NA	NA	NA	NA	NA	NA	NA	NA	NA	NA	NA	NA	NA	NA	NA	NA	NA	NA	NA	NA
null_modules	results/stage10d_tech/STAGE10D_TECH_NULL_MODULE_RESULTS.tsv	776c43d27d133f5dfdbda19e2c071a2a95942d9a403a3e87ae0a43ef3f995826	NULL_MATCHED_M30_0955	30	ANKRD49;CAB39;COX19;DDB1;DENND2D;DUS1L;ENOPH1;EPS8L2;GRK6;KCNN4;KMT5B;LDLRAD4;LYPLA2;PAFAH1B2;PATJ;PHLDA2;PIP4K2A;PLS1;PPIE;PRSS3;RNF145;SETD2;SIRT7;SPINT1-AS1;SUPT5H;TRIP12;UBN1;YDJC;ZMYND8;ZNF131	-0.0381999386686098	-0.0595238095238095	1.04184952468177	NA	NA	NA	NA	4	72	simulation_replicate	empirical null draw; no per-module interval	NA	NA	NA	NA	NA	NA	NA	NA	NA	NA	NA	NA	NA	NA	NA	NA	NA	NA	NA	NA	NA	NA	NA	NA	NA	NA	NA	NA
null_modules	results/stage10d_tech/STAGE10D_TECH_NULL_MODULE_RESULTS.tsv	776c43d27d133f5dfdbda19e2c071a2a95942d9a403a3e87ae0a43ef3f995826	NULL_MATCHED_M30_0956	30	ATF7IP;ATIC;CAB39;COPS4;CSK;EIF3J;FAM207A;GRK6;GTF2E2;HCLS1;IFT172;LYN;LYPLA2;MAP2K2;ME2;MUC3A;PATJ;PIP4K2A;PPID;PPP1R18;QSOX1;RPP25L;SIRT7;SPINT1-AS1;SPOP;SRPK2;SUPT5H;USP3;YDJC;ZNF131	0.0236888866644687	-0.0119047619047619	0.995945620223305	NA	NA	NA	NA	4	72	simulation_replicate	empirical null draw; no per-module interval	NA	NA	NA	NA	NA	NA	NA	NA	NA	NA	NA	NA	NA	NA	NA	NA	NA	NA	NA	NA	NA	NA	NA	NA	NA	NA	NA	NA
null_modules	results/stage10d_tech/STAGE10D_TECH_NULL_MODULE_RESULTS.tsv	776c43d27d133f5dfdbda19e2c071a2a95942d9a403a3e87ae0a43ef3f995826	NULL_MATCHED_M30_0957	30	AFTPH;ARHGAP45;CASP7;CCDC88B;CSK;DOCK8;ENOPH1;EPS8L2;GALM;GMDS;GNPAT;GTF2E2;HCLS1;IFNAR1;MAP7;MLLT6;PLS1;PPP1R18;PTPN7;RPP25L;RTCA;SMCO4;SUPT5H;SYTL2;TMC6;TMEM167A;TSG101;UBN1;USP47;YDJC	-0.10452088191329	-0.0714285714285714	1.03564903073993	NA	NA	NA	NA	4	72	simulation_replicate	empirical null draw; no per-module interval	NA	NA	NA	NA	NA	NA	NA	NA	NA	NA	NA	NA	NA	NA	NA	NA	NA	NA	NA	NA	NA	NA	NA	NA	NA	NA	NA	NA
null_modules	results/stage10d_tech/STAGE10D_TECH_NULL_MODULE_RESULTS.tsv	776c43d27d133f5dfdbda19e2c071a2a95942d9a403a3e87ae0a43ef3f995826	NULL_MATCHED_M30_0958	30	ATF7IP;CSK;EPB41;EPS8L2;GALM;GALNT3;GALNT7;GNPAT;GTF2E2;HCLS1;IFT172;IKZF1;KMT5B;MAP2K1;MAP2K3;MLLT6;MUC3A;NCF1;NEDD9;NUBP2;PLS1;PNKD;PNKP;PTPN4;SETD2;TMEM106C;TOB1;TRIP12;UBALD2;UBN1	-0.0641258390293315	-0.0714285714285714	1.03879948854379	NA	NA	NA	NA	4	72	simulation_replicate	empirical null draw; no per-module interval	NA	NA	NA	NA	NA	NA	NA	NA	NA	NA	NA	NA	NA	NA	NA	NA	NA	NA	NA	NA	NA	NA	NA	NA	NA	NA	NA	NA
null_modules	results/stage10d_tech/STAGE10D_TECH_NULL_MODULE_RESULTS.tsv	776c43d27d133f5dfdbda19e2c071a2a95942d9a403a3e87ae0a43ef3f995826	NULL_MATCHED_M30_0959	30	ANKRD49;ASF1A;BCL11A;CHD7;COPA;CYHR1;DDX39A;DUS1L;EPS8L2;HNRNPH3;HNRNPL;IFT172;KCNN4;KMT5B;MAP2K3;MAP7;NGLY1;PCGF5;PIP4K2A;PNKP;PSMC5;RBM26;RPP25L;SETD2;SPEN;STARD3NL;SYTL2;TMC6;USP3;WIPF1	0.0299111709054352	0	1.01529095849152	NA	NA	NA	NA	4	72	simulation_replicate	empirical null draw; no per-module interval	NA	NA	NA	NA	NA	NA	NA	NA	NA	NA	NA	NA	NA	NA	NA	NA	NA	NA	NA	NA	NA	NA	NA	NA	NA	NA	NA	NA
null_modules	results/stage10d_tech/STAGE10D_TECH_NULL_MODULE_RESULTS.tsv	776c43d27d133f5dfdbda19e2c071a2a95942d9a403a3e87ae0a43ef3f995826	NULL_MATCHED_M30_0960	30	ARHGAP45;ATF7IP;BICDL2;CASP7;CHD7;CSK;DENND2D;ENOPH1;FAM192A;FAM207A;HNRNPL;IFT172;IKZF1;KCNN4;LYPLA2;MAN1A2;MAP2K3;MAP7;NUDT16L1;POLR2C;PPP4C;PSMB8-AS1;RTCA;SEPT1;SLC44A4;SPINT1-AS1;TBC1D10C;TMC6;VCP;YDJC	-0.0333482252586156	0	1.00397409009165	NA	NA	NA	NA	4	72	simulation_replicate	empirical null draw; no per-module interval	NA	NA	NA	NA	NA	NA	NA	NA	NA	NA	NA	NA	NA	NA	NA	NA	NA	NA	NA	NA	NA	NA	NA	NA	NA	NA	NA	NA
null_modules	results/stage10d_tech/STAGE10D_TECH_NULL_MODULE_RESULTS.tsv	776c43d27d133f5dfdbda19e2c071a2a95942d9a403a3e87ae0a43ef3f995826	NULL_MATCHED_M30_0961	30	ANKRD44;ATF7IP;AUP1;C6orf62;CAB39;CHD7;DOCK8;EPB41;EPS8L2;GALM;GALNT7;GNPAT;GRK6;HNRNPL;IFT172;IVNS1ABP;KCNN4;KMT5B;LIPH;MAP2K1;MAP2K3;NCF1;PCGF5;PLS1;PPP1R18;PRR15L;PSMB8-AS1;TMEM30A;TRIP12;UBE2B	-0.0237214159182044	-0.0476190476190476	1.00939154334227	NA	NA	NA	NA	4	72	simulation_replicate	empirical null draw; no per-module interval	NA	NA	NA	NA	NA	NA	NA	NA	NA	NA	NA	NA	NA	NA	NA	NA	NA	NA	NA	NA	NA	NA	NA	NA	NA	NA	NA	NA
null_modules	results/stage10d_tech/STAGE10D_TECH_NULL_MODULE_RESULTS.tsv	776c43d27d133f5dfdbda19e2c071a2a95942d9a403a3e87ae0a43ef3f995826	NULL_MATCHED_M30_0962	30	ANKRD44;ANKRD49;BICDL2;CAB39;CMBL;DPY30;DUS1L;GALNT7;HCLS1;LDLRAD4;LIPH;LYN;MAP2K1;MRPL48;MSH3;NCF1;NUDT16L1;PATJ;PGLS;PPP2R2A;SEPT1;SETD2;SIRT7;SPINT1-AS1;STRBP;SUPT5H;TRAF3IP3;TRAF4;TRPM4;WIPF1	-0.0735521158253238	0.0119047619047619	1.02147299697843	NA	NA	NA	NA	4	72	simulation_replicate	empirical null draw; no per-module interval	NA	NA	NA	NA	NA	NA	NA	NA	NA	NA	NA	NA	NA	NA	NA	NA	NA	NA	NA	NA	NA	NA	NA	NA	NA	NA	NA	NA
null_modules	results/stage10d_tech/STAGE10D_TECH_NULL_MODULE_RESULTS.tsv	776c43d27d133f5dfdbda19e2c071a2a95942d9a403a3e87ae0a43ef3f995826	NULL_MATCHED_M30_0963	30	ANKRD49;ASF1A;BICDL2;C1orf131;CCDC88B;CHD7;COX19;CSK;DCAF11;FAM107B;GRK6;IST1;KCNN4;LDLRAD4;LSR;LYPLA2;MAP2K3;MRPS26;NGLY1;PATJ;PLS1;PPID;SEPT1;SETD2;SF3B2;SIRT7;STARD3NL;SYTL2;TRAF3IP3;UBN1	0.0458540994211766	0.130952380952381	0.989376296429185	NA	NA	NA	NA	4	72	simulation_replicate	empirical null draw; no per-module interval	NA	NA	NA	NA	NA	NA	NA	NA	NA	NA	NA	NA	NA	NA	NA	NA	NA	NA	NA	NA	NA	NA	NA	NA	NA	NA	NA	NA
null_modules	results/stage10d_tech/STAGE10D_TECH_NULL_MODULE_RESULTS.tsv	776c43d27d133f5dfdbda19e2c071a2a95942d9a403a3e87ae0a43ef3f995826	NULL_MATCHED_M30_0964	30	ADSS;BICDL2;BIK;CAB39;CCDC88B;CSK;CYHR1;DDR1;DENND2D;GRSF1;HCLS1;IFNAR1;IKZF1;LYPLA2;MAP7;NCF1;NGLY1;NUDT16L1;PATJ;PIP4K2A;PRPF40A;PTPN7;RPP25L;SETD2;SPEN;SUCLG2;SYTL2;TBC1D10C;TRAF3IP3;UBN1	-0.0116073591280437	0.0476190476190476	1.00659577542388	NA	NA	NA	NA	4	72	simulation_replicate	empirical null draw; no per-module interval	NA	NA	NA	NA	NA	NA	NA	NA	NA	NA	NA	NA	NA	NA	NA	NA	NA	NA	NA	NA	NA	NA	NA	NA	NA	NA	NA	NA
null_modules	results/stage10d_tech/STAGE10D_TECH_NULL_MODULE_RESULTS.tsv	776c43d27d133f5dfdbda19e2c071a2a95942d9a403a3e87ae0a43ef3f995826	NULL_MATCHED_M30_0965	30	ANKRD49;ARHGAP45;BCL11A;DDR1;DUS1L;FAM207A;GALM;GALNT3;GNPAT;GRK6;LYPLA2;MAP2K1;ME2;MSH3;NCF1;PLS1;PRPF40A;PTPN7;SEPT1;SIL1;SLC44A4;SLMAP;SPTBN1;SUPT5H;SYTL2;TMC6;TRAF4;TSN;YDJC;ZNF131	-0.0000892218309306216	-0.0833333333333333	1.00284609040364	NA	NA	NA	NA	4	72	simulation_replicate	empirical null draw; no per-module interval	NA	NA	NA	NA	NA	NA	NA	NA	NA	NA	NA	NA	NA	NA	NA	NA	NA	NA	NA	NA	NA	NA	NA	NA	NA	NA	NA	NA
null_modules	results/stage10d_tech/STAGE10D_TECH_NULL_MODULE_RESULTS.tsv	776c43d27d133f5dfdbda19e2c071a2a95942d9a403a3e87ae0a43ef3f995826	NULL_MATCHED_M30_0966	30	AFTPH;ASF1A;BICDL2;CAB39;CHD7;CSK;EPS8L2;EXOSC1;GALNT3;GSPT1;GTF2E2;HNRNPL;ICAM3;KCNN4;KMT5B;LCK;MLLT6;MUC3A;NGLY1;NR4A2;PIP4K2A;PSMB8-AS1;RAB5C;SIL1;SUPT5H;SYTL2;TMC6;TRAF4;TRIP12;WIPF1	0.0205675416924864	0.0357142857142857	0.984231873054923	NA	NA	NA	NA	4	72	simulation_replicate	empirical null draw; no per-module interval	NA	NA	NA	NA	NA	NA	NA	NA	NA	NA	NA	NA	NA	NA	NA	NA	NA	NA	NA	NA	NA	NA	NA	NA	NA	NA	NA	NA
null_modules	results/stage10d_tech/STAGE10D_TECH_NULL_MODULE_RESULTS.tsv	776c43d27d133f5dfdbda19e2c071a2a95942d9a403a3e87ae0a43ef3f995826	NULL_MATCHED_M30_0967	30	ANKRD44;ARHGAP45;CAB39;CCDC88B;CMBL;CSK;EPS8L2;FAM207A;GALNT3;GRK6;LYN;LYPLA2;NGLY1;NKG7;NPEPPS;NUDT16L1;PIP4K2A;PLS1;PPID;PPP1R18;PTPN4;RPP25L;SAFB2;SPEN;STARD3NL;TRAF3IP3;TRIP12;YIPF2;ZBTB20;ZNF131	0.0354061048029864	0.0238095238095238	0.997149365842426	NA	NA	NA	NA	4	72	simulation_replicate	empirical null draw; no per-module interval	NA	NA	NA	NA	NA	NA	NA	NA	NA	NA	NA	NA	NA	NA	NA	NA	NA	NA	NA	NA	NA	NA	NA	NA	NA	NA	NA	NA
null_modules	results/stage10d_tech/STAGE10D_TECH_NULL_MODULE_RESULTS.tsv	776c43d27d133f5dfdbda19e2c071a2a95942d9a403a3e87ae0a43ef3f995826	NULL_MATCHED_M30_0968	30	ARHGAP18;BICDL2;CAB39;CCDC88B;CD48;CLPTM1L;CSK;CYHR1;DOCK8;DUS1L;DYNC1H1;GALNT7;GRK6;GTF2E2;HCLS1;KCNN4;LYN;LYPLA2;NUDT5;PNKP;PRSS3;RTCA;SEPT1;SIRT7;TMC6;TRAF4;UBE2L6;USP3;WIPF1;ZNF131	-0.0228190491404408	-0.0476190476190476	1.02787851713502	NA	NA	NA	NA	4	72	simulation_replicate	empirical null draw; no per-module interval	NA	NA	NA	NA	NA	NA	NA	NA	NA	NA	NA	NA	NA	NA	NA	NA	NA	NA	NA	NA	NA	NA	NA	NA	NA	NA	NA	NA
null_modules	results/stage10d_tech/STAGE10D_TECH_NULL_MODULE_RESULTS.tsv	776c43d27d133f5dfdbda19e2c071a2a95942d9a403a3e87ae0a43ef3f995826	NULL_MATCHED_M30_0969	30	AFTPH;ANKRD44;ANKRD49;ASF1A;DENND2D;EPS8L2;FERMT1;GALNT7;HAGH;HNRNPL;IFT172;KCNN4;LYN;LYPLA2;MRPL48;NUDT16L1;PNKP;PSMB8-AS1;PTPN4;QSOX1;SEPT1;SETD2;SLMAP;SPINT1-AS1;STRBP;SUPT5H;TNFSF10;TOP2B;TRAF4;ZNF131	0.029490061637049	0.0833333333333333	1.00019551868808	NA	NA	NA	NA	4	72	simulation_replicate	empirical null draw; no per-module interval	NA	NA	NA	NA	NA	NA	NA	NA	NA	NA	NA	NA	NA	NA	NA	NA	NA	NA	NA	NA	NA	NA	NA	NA	NA	NA	NA	NA
null_modules	results/stage10d_tech/STAGE10D_TECH_NULL_MODULE_RESULTS.tsv	776c43d27d133f5dfdbda19e2c071a2a95942d9a403a3e87ae0a43ef3f995826	NULL_MATCHED_M30_0970	30	ANKRD44;ASF1A;CAB39;CD3G;CETN2;COX19;DOCK8;DUS1L;EPB41;GALM;GIPC1;GSPT1;GTF2E2;HNRNPL;KCNN4;LYPLA2;MBD4;ME2;PIP4K2A;PLS1;PPID;PTPN7;SETD2;STARD3NL;SUPT5H;TM9SF2;TRIP12;WIPF1;YDJC;ZFAND2B	-0.0975989923900273	-0.0119047619047619	1.04203060954987	NA	NA	NA	NA	4	72	simulation_replicate	empirical null draw; no per-module interval	NA	NA	NA	NA	NA	NA	NA	NA	NA	NA	NA	NA	NA	NA	NA	NA	NA	NA	NA	NA	NA	NA	NA	NA	NA	NA	NA	NA
null_modules	results/stage10d_tech/STAGE10D_TECH_NULL_MODULE_RESULTS.tsv	776c43d27d133f5dfdbda19e2c071a2a95942d9a403a3e87ae0a43ef3f995826	NULL_MATCHED_M30_0971	30	AAK1;AFTPH;ANKRD44;ARHGAP45;CAB39;CCDC88B;COMT;COX19;CSK;ENOPH1;GALNT3;GNPAT;GTF2E2;KCNN4;LYN;NDUFV1;NUDT16L1;PABPC4;PNKP;SETD2;SLMAP;STARD3NL;STRBP;TBC1D10C;TRAF4;UBN1;USP3;XIAP;YIPF2;ZNF131	-0.00631711471203123	-0.0238095238095238	1.04398466157341	NA	NA	NA	NA	4	72	simulation_replicate	empirical null draw; no per-module interval	NA	NA	NA	NA	NA	NA	NA	NA	NA	NA	NA	NA	NA	NA	NA	NA	NA	NA	NA	NA	NA	NA	NA	NA	NA	NA	NA	NA
null_modules	results/stage10d_tech/STAGE10D_TECH_NULL_MODULE_RESULTS.tsv	776c43d27d133f5dfdbda19e2c071a2a95942d9a403a3e87ae0a43ef3f995826	NULL_MATCHED_M30_0972	30	ANKRD49;ARHGAP45;ASF1A;CAB39;CCDC88B;CSK;DDB1;DDR1;ENOPH1;GALM;GNPAT;GTF2E2;HNRNPL;LDLRAD4;MAP2K3;MUC12;NGLY1;NUDT14;PATJ;PCGF5;PIP4K2A;PPP1R18;PTPN7;SEC22B;SF3B2;SLMAP;STARD3NL;STRBP;UFD1;ZNF131	-0.0525321853712221	-0.0714285714285714	1.02944542338421	NA	NA	NA	NA	4	72	simulation_replicate	empirical null draw; no per-module interval	NA	NA	NA	NA	NA	NA	NA	NA	NA	NA	NA	NA	NA	NA	NA	NA	NA	NA	NA	NA	NA	NA	NA	NA	NA	NA	NA	NA
null_modules	results/stage10d_tech/STAGE10D_TECH_NULL_MODULE_RESULTS.tsv	776c43d27d133f5dfdbda19e2c071a2a95942d9a403a3e87ae0a43ef3f995826	NULL_MATCHED_M30_0973	30	ARHGAP45;ASF1A;CCDC88B;CD7;COX19;CSK;DENND2D;DOCK8;GALNT3;GIPC1;GTF2E2;GTPBP4;IFT172;KCNN4;KMT5B;LDLRAD4;LYN;LYPLA2;PHB2;PPP1R18;RTCA;SIL1;SIRT7;SLMAP;STARD3NL;TBC1D10C;TRAF3IP3;UNC50;WIPF1;ZNF131	0.0453876798156478	0.119047619047619	0.98284202750878	NA	NA	NA	NA	4	72	simulation_replicate	empirical null draw; no per-module interval	NA	NA	NA	NA	NA	NA	NA	NA	NA	NA	NA	NA	NA	NA	NA	NA	NA	NA	NA	NA	NA	NA	NA	NA	NA	NA	NA	NA
null_modules	results/stage10d_tech/STAGE10D_TECH_NULL_MODULE_RESULTS.tsv	776c43d27d133f5dfdbda19e2c071a2a95942d9a403a3e87ae0a43ef3f995826	NULL_MATCHED_M30_0974	30	ATF7IP;CMBL;COX17;COX19;CTDSP1;DDR1;EPS8L2;EWSR1;GNPAT;GRK6;IFNAR1;LDLRAD4;LYN;LYPLA2;NCF1;PIP4K2A;PLS1;PNKP;PSMB8-AS1;PTPN4;PXMP2;SETD2;SIRT7;STARD3NL;TBC1D10C;TMC6;TRAF3IP3;UBN1;WIPF1;ZNF131	0.00814972481754114	0.0238095238095238	0.99438810187335	NA	NA	NA	NA	4	72	simulation_replicate	empirical null draw; no per-module interval	NA	NA	NA	NA	NA	NA	NA	NA	NA	NA	NA	NA	NA	NA	NA	NA	NA	NA	NA	NA	NA	NA	NA	NA	NA	NA	NA	NA
null_modules	results/stage10d_tech/STAGE10D_TECH_NULL_MODULE_RESULTS.tsv	776c43d27d133f5dfdbda19e2c071a2a95942d9a403a3e87ae0a43ef3f995826	NULL_MATCHED_M30_0975	30	ANKRD44;ANKRD49;CASP7;CHD7;CSK;FAM207A;GRK6;GTF2E2;HNRNPL;IFT172;IKZF1;KCNN4;LDLRAD4;MAP2K1;MLLT6;PATJ;PIP4K2A;PLPP2;PLS1;POLR2C;POP5;PPID;PPP1R18;SF3B2;SLMAP;TMC6;TNPO1;TNRC6B;YDJC;ZNF131	0.0518960799015116	0.0238095238095238	1.01627851035045	NA	NA	NA	NA	4	72	simulation_replicate	empirical null draw; no per-module interval	NA	NA	NA	NA	NA	NA	NA	NA	NA	NA	NA	NA	NA	NA	NA	NA	NA	NA	NA	NA	NA	NA	NA	NA	NA	NA	NA	NA
null_modules	results/stage10d_tech/STAGE10D_TECH_NULL_MODULE_RESULTS.tsv	776c43d27d133f5dfdbda19e2c071a2a95942d9a403a3e87ae0a43ef3f995826	NULL_MATCHED_M30_0976	30	ANKRD44;ANKRD49;ARHGAP45;ATF7IP;BICDL2;CASP7;DCAF11;DOCK8;ENOPH1;EPB41;GALM;GALNT7;HNRNPL;IKZF1;MAP2K3;MSH3;PIP4K2A;PPID;PPP1R18;PSMC3;PTS;SETD2;SIL1;SIRT7;STRAP;SYTL2;TMC6;TRBC2;UBN1;UBQLN1	-0.0449972822134858	-0.0357142857142857	1.037320723484	NA	NA	NA	NA	4	72	simulation_replicate	empirical null draw; no per-module interval	NA	NA	NA	NA	NA	NA	NA	NA	NA	NA	NA	NA	NA	NA	NA	NA	NA	NA	NA	NA	NA	NA	NA	NA	NA	NA	NA	NA
null_modules	results/stage10d_tech/STAGE10D_TECH_NULL_MODULE_RESULTS.tsv	776c43d27d133f5dfdbda19e2c071a2a95942d9a403a3e87ae0a43ef3f995826	NULL_MATCHED_M30_0977	30	ACAP1;BICDL2;CHD7;COX19;DDR1;ENOPH1;GALNT3;GTF2A2;GTF2E2;IFT172;IFT20;KCNN4;LYN;LYPLA2;MAP2K1;MLLT6;MUC3A;PIP4K2A;PNKP;PRPF38A;PTPN4;PTPN7;RAB5C;SEPT1;SIRT7;SUPT5H;SYTL2;TPRKB;TRIP12;YDJC	0.0421098472134703	-0.0476190476190476	1.00464762542165	NA	NA	NA	NA	4	72	simulation_replicate	empirical null draw; no per-module interval	NA	NA	NA	NA	NA	NA	NA	NA	NA	NA	NA	NA	NA	NA	NA	NA	NA	NA	NA	NA	NA	NA	NA	NA	NA	NA	NA	NA
null_modules	results/stage10d_tech/STAGE10D_TECH_NULL_MODULE_RESULTS.tsv	776c43d27d133f5dfdbda19e2c071a2a95942d9a403a3e87ae0a43ef3f995826	NULL_MATCHED_M30_0978	30	AFTPH;BICDL2;CAB39;CCT4;CYHR1;EBP;ENOPH1;EPS8L2;FKBP4;HCLS1;LDLRAD4;LYN;MUC3A;NGLY1;PLS1;PPP1R18;RPP25L;RTCA;SETD2;SORL1;STARD3NL;STRBP;SUPT5H;TBC1D10C;TOMM5;TRAF3IP3;TRAF4;WIPF1;WIPI2;ZNF131	-0.0168469244469743	0.0476190476190476	0.998384087987332	NA	NA	NA	NA	4	72	simulation_replicate	empirical null draw; no per-module interval	NA	NA	NA	NA	NA	NA	NA	NA	NA	NA	NA	NA	NA	NA	NA	NA	NA	NA	NA	NA	NA	NA	NA	NA	NA	NA	NA	NA
null_modules	results/stage10d_tech/STAGE10D_TECH_NULL_MODULE_RESULTS.tsv	776c43d27d133f5dfdbda19e2c071a2a95942d9a403a3e87ae0a43ef3f995826	NULL_MATCHED_M30_0979	30	AFTPH;ALDH9A1;ARHGAP45;CCDC88B;CYHR1;DENND2D;ENOPH1;EXOSC1;FAM207A;GALNT3;GALNT7;GFPT1;HCLS1;HNRNPL;LDLRAD4;MAP7;MLLT6;MRPL28;MUC3A;NCF1;PCGF5;PLS1;PNKD;PNKP;PPP1R18;SPINT1-AS1;STARD3NL;SYTL2;TCEAL9;YIPF2	0.0236097558328332	-0.0119047619047619	1.01088430721118	NA	NA	NA	NA	4	72	simulation_replicate	empirical null draw; no per-module interval	NA	NA	NA	NA	NA	NA	NA	NA	NA	NA	NA	NA	NA	NA	NA	NA	NA	NA	NA	NA	NA	NA	NA	NA	NA	NA	NA	NA
null_modules	results/stage10d_tech/STAGE10D_TECH_NULL_MODULE_RESULTS.tsv	776c43d27d133f5dfdbda19e2c071a2a95942d9a403a3e87ae0a43ef3f995826	NULL_MATCHED_M30_0980	30	ANKRD49;CDV3;CHD7;CSK;DOCK8;GALM;GALNT3;HMG20B;HNRNPL;IMMT;KMT5B;LONP2;LYPLA2;MAP2K1;MUC3A;NGLY1;PCGF5;PIP4K2A;PNKP;POLR2H;PPID;RPP25L;SEPT1;SLMAP;SPINT1-AS1;TRAF3IP3;UBN1;VKORC1;YDJC;ZNF131	0.0842285199347347	0	0.986947209903084	NA	NA	NA	NA	4	72	simulation_replicate	empirical null draw; no per-module interval	NA	NA	NA	NA	NA	NA	NA	NA	NA	NA	NA	NA	NA	NA	NA	NA	NA	NA	NA	NA	NA	NA	NA	NA	NA	NA	NA	NA
null_modules	results/stage10d_tech/STAGE10D_TECH_NULL_MODULE_RESULTS.tsv	776c43d27d133f5dfdbda19e2c071a2a95942d9a403a3e87ae0a43ef3f995826	NULL_MATCHED_M30_0981	30	ANKRD44;ARHGAP45;ASF1A;COA3;DCAF11;ENOPH1;FAM192A;FAM207A;GALNT7;GNPAT;HNRNPL;LYN;LYPLA2;MAP2K1;MAP7;MTIF3;NHLRC3;PCGF5;PIP4K2A;PTPN4;SPEN;STARD3NL;STRBP;TRAF3IP3;TRBC2;TRIP12;UBN1;WIPF1;WIPI2;YDJC	0.0992657026360211	0.0952380952380953	0.998550173438101	NA	NA	NA	NA	4	72	simulation_replicate	empirical null draw; no per-module interval	NA	NA	NA	NA	NA	NA	NA	NA	NA	NA	NA	NA	NA	NA	NA	NA	NA	NA	NA	NA	NA	NA	NA	NA	NA	NA	NA	NA
null_modules	results/stage10d_tech/STAGE10D_TECH_NULL_MODULE_RESULTS.tsv	776c43d27d133f5dfdbda19e2c071a2a95942d9a403a3e87ae0a43ef3f995826	NULL_MATCHED_M30_0982	30	ANKRD10;ATF7IP;BICDL2;CAB39;COX19;CSK;CYHR1;DUS1L;EIF1AY;ENOPH1;EPB41;EPS8L2;EXOSC4;FAM207A;GALNT7;GRK6;GTF2E2;IFT172;IKZF1;LYPLA2;MAP2K3;MAP7;MSH3;MUC3A;PCGF5;TSG101;UBN1;VKORC1;YDJC;YY1	-0.0341445742773964	-0.0476190476190476	1.01691473542994	NA	NA	NA	NA	4	72	simulation_replicate	empirical null draw; no per-module interval	NA	NA	NA	NA	NA	NA	NA	NA	NA	NA	NA	NA	NA	NA	NA	NA	NA	NA	NA	NA	NA	NA	NA	NA	NA	NA	NA	NA
null_modules	results/stage10d_tech/STAGE10D_TECH_NULL_MODULE_RESULTS.tsv	776c43d27d133f5dfdbda19e2c071a2a95942d9a403a3e87ae0a43ef3f995826	NULL_MATCHED_M30_0983	30	AFTPH;AGPAT2;ATF7IP;CCDC88B;CHD7;DDR1;DENND2D;DYNC1H1;EPS8L2;FAM207A;GRK6;HCLS1;IKZF1;KCNN4;LYN;MAP2K3;MAP7;MRPL48;MUC3A;PNKP;PPID;SMC1A;SORL1;SPTBN1;STARD3NL;SUPT5H;SYTL2;TRAF4;WIPF1;ZNF131	-0.0227295472455843	-0.0595238095238095	1.00445833485945	NA	NA	NA	NA	4	72	simulation_replicate	empirical null draw; no per-module interval	NA	NA	NA	NA	NA	NA	NA	NA	NA	NA	NA	NA	NA	NA	NA	NA	NA	NA	NA	NA	NA	NA	NA	NA	NA	NA	NA	NA
null_modules	results/stage10d_tech/STAGE10D_TECH_NULL_MODULE_RESULTS.tsv	776c43d27d133f5dfdbda19e2c071a2a95942d9a403a3e87ae0a43ef3f995826	NULL_MATCHED_M30_0984	30	ANKRD49;ATF7IP;BICDL2;CCDC88B;CSK;FDPS;GTF2E2;IMPA2;KCNN4;LYN;MAP2K1;MAP2K3;ME2;MRPS26;NGLY1;PATJ;PNKP;PTPN7;PTPRC;SETD2;SIRT7;SPINT1-AS1;STRBP;SYTL2;TIMMDC1;TRAF3IP3;UBN1;USP3;WBP11;WIPF1	0.0162772648599422	-0.0476190476190476	1.0145827644725	NA	NA	NA	NA	4	72	simulation_replicate	empirical null draw; no per-module interval	NA	NA	NA	NA	NA	NA	NA	NA	NA	NA	NA	NA	NA	NA	NA	NA	NA	NA	NA	NA	NA	NA	NA	NA	NA	NA	NA	NA
null_modules	results/stage10d_tech/STAGE10D_TECH_NULL_MODULE_RESULTS.tsv	776c43d27d133f5dfdbda19e2c071a2a95942d9a403a3e87ae0a43ef3f995826	NULL_MATCHED_M30_0985	30	ASF1A;ATF7IP;CCDC88B;CHD7;CSK;CYHR1;DENND2D;DUS1L;GALM;GORASP2;GRK6;GTF2E2;IFT172;IKZF1;LYPLA2;ME2;MRPS36;MSH3;MTCH2;NPM3;PCGF5;PLPP2;PTS;SIRT7;STRBP;SUPT5H;SYTL2;TRIP12;YDJC;ZNF131	0.00834871661975498	0.0357142857142857	0.999713070732335	NA	NA	NA	NA	4	72	simulation_replicate	empirical null draw; no per-module interval	NA	NA	NA	NA	NA	NA	NA	NA	NA	NA	NA	NA	NA	NA	NA	NA	NA	NA	NA	NA	NA	NA	NA	NA	NA	NA	NA	NA
null_modules	results/stage10d_tech/STAGE10D_TECH_NULL_MODULE_RESULTS.tsv	776c43d27d133f5dfdbda19e2c071a2a95942d9a403a3e87ae0a43ef3f995826	NULL_MATCHED_M30_0986	30	ANKRD49;BST2;CAB39;CASP7;COX19;CXXC5;DCAF11;DENND2D;EMG1;FAM207A;GALNT7;GNPAT;GPSM3;GRK6;KMT5B;MAP2K3;ME2;NCF1;PNKP;POLR2C;PPID;PPM1G;PTPN7;SEPT1;SLMAP;STRBP;TMC6;TRAF3IP3;WIPF1;YDJC	-0.032475756829842	-0.0238095238095238	1.03589290293165	NA	NA	NA	NA	4	72	simulation_replicate	empirical null draw; no per-module interval	NA	NA	NA	NA	NA	NA	NA	NA	NA	NA	NA	NA	NA	NA	NA	NA	NA	NA	NA	NA	NA	NA	NA	NA	NA	NA	NA	NA
null_modules	results/stage10d_tech/STAGE10D_TECH_NULL_MODULE_RESULTS.tsv	776c43d27d133f5dfdbda19e2c071a2a95942d9a403a3e87ae0a43ef3f995826	NULL_MATCHED_M30_0987	30	ACADS;AFTPH;ATF7IP;BIN1;CASP7;CCDC88B;CHD7;CMBL;COX19;CSK;DCAF11;DOCK8;DUS1L;FAM207A;GALNT7;HCLS1;KMT5B;LSR;MAP2K1;NHLRC3;NUDT16L1;PATJ;PLS1;PPID;PRPF38A;PTPN4;PTPN7;RTCA;SYTL2;TRAF3IP3	0.0353895771645978	0	1.01127749694419	NA	NA	NA	NA	4	72	simulation_replicate	empirical null draw; no per-module interval	NA	NA	NA	NA	NA	NA	NA	NA	NA	NA	NA	NA	NA	NA	NA	NA	NA	NA	NA	NA	NA	NA	NA	NA	NA	NA	NA	NA
null_modules	results/stage10d_tech/STAGE10D_TECH_NULL_MODULE_RESULTS.tsv	776c43d27d133f5dfdbda19e2c071a2a95942d9a403a3e87ae0a43ef3f995826	NULL_MATCHED_M30_0988	30	ANKRD49;ASF1A;ATF7IP;CASP7;CCDC88B;COX19;DCAF11;EHF;FAM96A;GNPAT;GRK6;IFT172;LDLRAD4;LYN;MAP2K1;MAP7;ME2;MUC3A;NGLY1;PHLDA2;PNKP;PPP4C;PTPN4;PTPN7;RPP25L;RTCA;RUVBL2;TRAF3IP3;UBE2L6;YDJC	0.00566267279386251	0.0238095238095238	0.992837507416116	NA	NA	NA	NA	4	72	simulation_replicate	empirical null draw; no per-module interval	NA	NA	NA	NA	NA	NA	NA	NA	NA	NA	NA	NA	NA	NA	NA	NA	NA	NA	NA	NA	NA	NA	NA	NA	NA	NA	NA	NA
null_modules	results/stage10d_tech/STAGE10D_TECH_NULL_MODULE_RESULTS.tsv	776c43d27d133f5dfdbda19e2c071a2a95942d9a403a3e87ae0a43ef3f995826	NULL_MATCHED_M30_0989	30	ALDH9A1;ANKRD49;CASP7;CBWD5;CEP57;CHD7;COX19;CSK;CYHR1;DCAF11;DDR1;ERP44;FDPS;GALNT3;GNPAT;HCLS1;HNRNPL;MAP2K3;MUC3A;NCF1;PCGF5;PIP4K2A;PSMC2;RPP25L;SIRT7;STRBP;SYTL2;TMC6;TRAF3IP3;UBN1	0.0303939667901588	0.0119047619047619	1.01935030250153	NA	NA	NA	NA	4	72	simulation_replicate	empirical null draw; no per-module interval	NA	NA	NA	NA	NA	NA	NA	NA	NA	NA	NA	NA	NA	NA	NA	NA	NA	NA	NA	NA	NA	NA	NA	NA	NA	NA	NA	NA
null_modules	results/stage10d_tech/STAGE10D_TECH_NULL_MODULE_RESULTS.tsv	776c43d27d133f5dfdbda19e2c071a2a95942d9a403a3e87ae0a43ef3f995826	NULL_MATCHED_M30_0990	30	AFTPH;ANKRD49;BICDL2;BIRC2;DDR1;GALNT7;GNPAT;GTF2E2;HNRNPL;IDH1;LYPLA2;ME2;MRPL52;MSH3;NGLY1;OXR1;PCGF5;PNKP;PPID;PPP1R18;PTPN7;RUVBL2;SEPT1;SLMAP;SPINT1-AS1;SUPT5H;TM9SF2;TMC6;TRAF4;ZNF131	-0.0480868541839892	-0.0476190476190476	0.996617341114229	NA	NA	NA	NA	4	72	simulation_replicate	empirical null draw; no per-module interval	NA	NA	NA	NA	NA	NA	NA	NA	NA	NA	NA	NA	NA	NA	NA	NA	NA	NA	NA	NA	NA	NA	NA	NA	NA	NA	NA	NA
null_modules	results/stage10d_tech/STAGE10D_TECH_NULL_MODULE_RESULTS.tsv	776c43d27d133f5dfdbda19e2c071a2a95942d9a403a3e87ae0a43ef3f995826	NULL_MATCHED_M30_0991	30	ADSS;ANKRD44;ASF1A;CEBPZOS;CHD7;CLEC2D;CYHR1;DCAF11;DUS1L;ENOPH1;EPB41;FAM207A;GALM;GMDS;GRK6;HCLS1;IFT172;LYPLA2;MAP2K3;MAP7;PCGF5;PNKP;PPCS;PPID;RAC2;SETD2;SIRT7;SPINT1-AS1;USP3;YDJC	-0.0142389077618722	0.0357142857142857	1.01507726718934	NA	NA	NA	NA	4	72	simulation_replicate	empirical null draw; no per-module interval	NA	NA	NA	NA	NA	NA	NA	NA	NA	NA	NA	NA	NA	NA	NA	NA	NA	NA	NA	NA	NA	NA	NA	NA	NA	NA	NA	NA
null_modules	results/stage10d_tech/STAGE10D_TECH_NULL_MODULE_RESULTS.tsv	776c43d27d133f5dfdbda19e2c071a2a95942d9a403a3e87ae0a43ef3f995826	NULL_MATCHED_M30_0992	30	AK3;ASF1A;ATF7IP;CCDC88B;CHD7;DENND2D;EPS8L2;FAM207A;HCLS1;KMT5B;LDLRAD4;MAP7;MLLT6;PATJ;PDZK1IP1;PIP4K2A;PPP4R3B;RBM26;RTCA;SDF4;SEPT1;STARD3NL;SUPT5H;SYTL2;TBC1D10C;TRAF3IP3;UBAC2;WIPF1;YDJC;ZNF131	0.0670656402398358	0.0833333333333333	0.977088181554658	NA	NA	NA	NA	4	72	simulation_replicate	empirical null draw; no per-module interval	NA	NA	NA	NA	NA	NA	NA	NA	NA	NA	NA	NA	NA	NA	NA	NA	NA	NA	NA	NA	NA	NA	NA	NA	NA	NA	NA	NA
null_modules	results/stage10d_tech/STAGE10D_TECH_NULL_MODULE_RESULTS.tsv	776c43d27d133f5dfdbda19e2c071a2a95942d9a403a3e87ae0a43ef3f995826	NULL_MATCHED_M30_0993	30	ALDH9A1;ASF1A;ATF7IP;COX19;CRBN;CSK;CYHR1;DDR1;DENND2D;GALNT7;GNPAT;HMG20B;HNRNPL;LRPAP1;LYN;LYPLA2;MAP7;MRPS26;MSH3;MUC12;NCF1;PSMB8-AS1;PTPN4;PTPN7;RTCA;SEPT1;SIRT7;SPINT1-AS1;UBN1;USP3	-0.00690916761002384	-0.0238095238095238	1.00019408037739	NA	NA	NA	NA	4	72	simulation_replicate	empirical null draw; no per-module interval	NA	NA	NA	NA	NA	NA	NA	NA	NA	NA	NA	NA	NA	NA	NA	NA	NA	NA	NA	NA	NA	NA	NA	NA	NA	NA	NA	NA
null_modules	results/stage10d_tech/STAGE10D_TECH_NULL_MODULE_RESULTS.tsv	776c43d27d133f5dfdbda19e2c071a2a95942d9a403a3e87ae0a43ef3f995826	NULL_MATCHED_M30_0994	30	ACP1;ASF1A;CAB39;CHD7;CYHR1;FASTK;GNPAT;IST1;KCNN4;KMT5B;LINC01871;LYN;MAP2K3;ME2;MSH3;MUC3A;NQO1;NUDT16L1;PLS1;PNKP;PPID;PRMT2;PSMB8-AS1;PTPN4;PTPN7;SPINT1-AS1;SUPT5H;TMC6;UBN1;YDJC	-0.00571977244111137	-0.0119047619047619	1.01229286459964	NA	NA	NA	NA	4	72	simulation_replicate	empirical null draw; no per-module interval	NA	NA	NA	NA	NA	NA	NA	NA	NA	NA	NA	NA	NA	NA	NA	NA	NA	NA	NA	NA	NA	NA	NA	NA	NA	NA	NA	NA
null_modules	results/stage10d_tech/STAGE10D_TECH_NULL_MODULE_RESULTS.tsv	776c43d27d133f5dfdbda19e2c071a2a95942d9a403a3e87ae0a43ef3f995826	NULL_MATCHED_M30_0995	30	ACSL3;ANKRD44;ANKRD49;ARHGAP45;CERS6;CHD7;DOCK8;FAM207A;GALNT7;GAS6;HCLS1;IFT172;KMT5B;LSR;MAP2K1;MLLT6;MYO10;NAPRT;PATJ;PCGF5;PIP4K2A;PPP1R18;PTPN7;RTCA;SEC22B;TBC1D10C;TMC6;WIPF1;YDJC;ZNF131	0.0228245449199008	0.0119047619047619	0.999724301683443	NA	NA	NA	NA	4	72	simulation_replicate	empirical null draw; no per-module interval	NA	NA	NA	NA	NA	NA	NA	NA	NA	NA	NA	NA	NA	NA	NA	NA	NA	NA	NA	NA	NA	NA	NA	NA	NA	NA	NA	NA
null_modules	results/stage10d_tech/STAGE10D_TECH_NULL_MODULE_RESULTS.tsv	776c43d27d133f5dfdbda19e2c071a2a95942d9a403a3e87ae0a43ef3f995826	NULL_MATCHED_M30_0996	30	ACADS;ANKRD49;ARHGAP18;ASF1A;CAB39;CASP7;COX19;DOCK8;ENOPH1;EPS8L2;GALM;GALNT7;GRK6;HNRNPH2;IFT172;INTS6;LDLRAD4;LYN;NCF1;PIP4K2A;PLS1;PPP2R1A;PRSS3;PTPN4;PTPN7;RPP25L;STARD3NL;TRAF4;TRIP12;USP3	0.0043321948980022	0	0.990930207623129	NA	NA	NA	NA	4	72	simulation_replicate	empirical null draw; no per-module interval	NA	NA	NA	NA	NA	NA	NA	NA	NA	NA	NA	NA	NA	NA	NA	NA	NA	NA	NA	NA	NA	NA	NA	NA	NA	NA	NA	NA
null_modules	results/stage10d_tech/STAGE10D_TECH_NULL_MODULE_RESULTS.tsv	776c43d27d133f5dfdbda19e2c071a2a95942d9a403a3e87ae0a43ef3f995826	NULL_MATCHED_M30_0997	30	AFTPH;ANKRD44;ANKRD49;ASF1A;ATF7IP;CAB39;CHD7;COX19;CUEDC2;CYHR1;DCAF11;DENND2D;EPB41;EVI2B;HSF1;IKZF1;ISOC2;KCNN4;MAP2K1;MSH3;MUC3A;PNKD;PNKP;RPP25L;SF3B2;STARD3NL;SYTL2;TMC6;TRAF4;YDJC	0.00273757534804647	0.0476190476190476	0.994156335067767	NA	NA	NA	NA	4	72	simulation_replicate	empirical null draw; no per-module interval	NA	NA	NA	NA	NA	NA	NA	NA	NA	NA	NA	NA	NA	NA	NA	NA	NA	NA	NA	NA	NA	NA	NA	NA	NA	NA	NA	NA
null_modules	results/stage10d_tech/STAGE10D_TECH_NULL_MODULE_RESULTS.tsv	776c43d27d133f5dfdbda19e2c071a2a95942d9a403a3e87ae0a43ef3f995826	NULL_MATCHED_M30_0998	30	ANKRD44;ATF7IP;BCAP29;CAB39;CETN2;COX19;CSK;CYHR1;DCAF11;EPB41;GTF2E2;HNRNPL;IFT172;IKZF1;LRPAP1;MAP7;ME2;MLLT6;MUC3A;PDZD8;PLS1;PPID;PTPN7;SEPT1;SF3B2;STRBP;TDP2;TMC6;YDJC;ZNF131	-0.0190207648021369	-0.0238095238095238	1.01865382264358	NA	NA	NA	NA	4	72	simulation_replicate	empirical null draw; no per-module interval	NA	NA	NA	NA	NA	NA	NA	NA	NA	NA	NA	NA	NA	NA	NA	NA	NA	NA	NA	NA	NA	NA	NA	NA	NA	NA	NA	NA
null_modules	results/stage10d_tech/STAGE10D_TECH_NULL_MODULE_RESULTS.tsv	776c43d27d133f5dfdbda19e2c071a2a95942d9a403a3e87ae0a43ef3f995826	NULL_MATCHED_M30_0999	30	ABHD11;ABHD17A;ANKRD44;ASF1A;CAB39;CLNS1A;CSK;DCAF11;DDR1;DENND2D;GALNT3;GTF2E2;HCLS1;KMT5B;LDLRAD4;MAP2K1;ME2;NDUFA10;NPM3;PATJ;PPID;PPP4R3B;RPP25L;SEPT1;SIRT7;SPEN;SYTL2;TNPO1;TRAF3IP3;WIPF1	-0.029143383468922	-0.0238095238095238	0.986538847411478	NA	NA	NA	NA	4	72	simulation_replicate	empirical null draw; no per-module interval	NA	NA	NA	NA	NA	NA	NA	NA	NA	NA	NA	NA	NA	NA	NA	NA	NA	NA	NA	NA	NA	NA	NA	NA	NA	NA	NA	NA
null_modules	results/stage10d_tech/STAGE10D_TECH_NULL_MODULE_RESULTS.tsv	776c43d27d133f5dfdbda19e2c071a2a95942d9a403a3e87ae0a43ef3f995826	NULL_MATCHED_M30_1000	30	ARHGAP45;ASF1A;ATF7IP;BICDL2;CCDC88B;COX19;CRBN;CSK;DENND2D;GALNT7;GNPAT;GRK6;HCLS1;HNRNPL;IFT172;LYN;LYPLA2;MAP7;MRPS23;MUC12;NGLY1;NORAD;PAFAH1B2;PCGF5;PIP4K2A;PLS1;PNKP;RAC2;TRAF3IP3;ZNF131	0.0145285615577664	0.0714285714285714	0.98821831154401	NA	NA	NA	NA	4	72	simulation_replicate	empirical null draw; no per-module interval	NA	NA	NA	NA	NA	NA	NA	NA	NA	NA	NA	NA	NA	NA	NA	NA	NA	NA	NA	NA	NA	NA	NA	NA	NA	NA	NA	NA
null_modules	results/stage10d_tech/STAGE10D_TECH_NULL_MODULE_RESULTS.tsv	776c43d27d133f5dfdbda19e2c071a2a95942d9a403a3e87ae0a43ef3f995826	PRIMARY_VS_MATCHED_NULL	30	ABCA13;ADAMTSL2;APCDD1;ARID3A;ASCL2;AXIN2;BACE2;CEMIP;CTNNA2;DACH1;GALNT6;GNGT1;GRIN2B;GRM8;INPP5D;ITGA9;ITPR2;KCTD16;KLF7;NKD1;PARP8;PTK7;RNF43;SNTB1;SPATA6L;TBX3;TBXAS1;TRAF5;TSPAN5;VWA2	0.953691975470887	0.928571428571429	0.186213932455127	NA	NA	0.000999000999000999	NA	4	72	simulation_replicate	empirical one-sided comparison to 1000 matched modules	NA	NA	NA	NA	NA	NA	NA	NA	NA	NA	NA	NA	NA	NA	NA	NA	NA	NA	NA	NA	NA	NA	NA	NA	NA	NA	NA	NA
Figshare_sensitivity	results/stage10c3/STAGE10C3_SENSITIVITY.tsv	d613030f943c32b22e5e7ef1a6d7e46067961a9ab4d81cdba5565ca60632365a	NA	NA	NA	NA	NA	NA	NA	NA	NA	NA	NA	NA	NA	NA	PRIMARY_ALL_EPI_MIN50	primary_qc	independent_broad_annotation	all_epithelial	50	primary	M02_SCORE_V1	primary	NA	NA	0	0	NA	NOT_ESTIMABLE	two directional patient effects; no population inference	NA	NA	NA	NA	NA	NA	NA	NA	NA	NA	NA	NA	NA
Figshare_sensitivity	results/stage10c3/STAGE10C3_SENSITIVITY.tsv	d613030f943c32b22e5e7ef1a6d7e46067961a9ab4d81cdba5565ca60632365a	NA	NA	NA	NA	NA	NA	NA	NA	NA	NA	NA	NA	NA	NA	PRIMARY_ALL_EPI_MIN50	primary_qc	independent_broad_annotation	all_epithelial	50	primary	M02_29OF36_COVERAGE_SENS	coverage_sensitivity	2.50171154079861	2.26365279761613	2	2	2.38268216920737	ESTIMABLE	two directional patient effects; no population inference	NA	NA	NA	NA	NA	NA	NA	NA	NA	NA	NA	NA	NA
Figshare_sensitivity	results/stage10c3/STAGE10C3_SENSITIVITY.tsv	d613030f943c32b22e5e7ef1a6d7e46067961a9ab4d81cdba5565ca60632365a	NA	NA	NA	NA	NA	NA	NA	NA	NA	NA	NA	NA	NA	NA	PRIMARY_ALL_EPI_MIN50	primary_qc	independent_broad_annotation	all_epithelial	50	primary	M02_MINUS_INPP5D_SENS_V1	contamination_sensitivity	2.49304241532641	2.24643255642765	2	2	2.36973748587703	ESTIMABLE	two directional patient effects; no population inference	NA	NA	NA	NA	NA	NA	NA	NA	NA	NA	NA	NA	NA
Figshare_sensitivity	results/stage10c3/STAGE10C3_SENSITIVITY.tsv	d613030f943c32b22e5e7ef1a6d7e46067961a9ab4d81cdba5565ca60632365a	NA	NA	NA	NA	NA	NA	NA	NA	NA	NA	NA	NA	NA	NA	PRIMARY_ALL_EPI_MIN50	primary_qc	independent_broad_annotation	all_epithelial	50	primary	M02_GENE_Z_SENS	score_sensitivity	1.9011851720716	1.53698116436986	2	2	1.71908316822073	ESTIMABLE	two directional patient effects; no population inference	NA	NA	NA	NA	NA	NA	NA	NA	NA	NA	NA	NA	NA
Figshare_sensitivity	results/stage10c3/STAGE10C3_SENSITIVITY.tsv	d613030f943c32b22e5e7ef1a6d7e46067961a9ab4d81cdba5565ca60632365a	NA	NA	NA	NA	NA	NA	NA	NA	NA	NA	NA	NA	NA	NA	PRIMARY_ALL_EPI_MIN50	primary_qc	independent_broad_annotation	all_epithelial	50	primary	M02_UCELL_SENS	score_sensitivity	0.0348014475403611	0.0413693569472658	2	2	0.0380854022438135	ESTIMABLE	two directional patient effects; no population inference	NA	NA	NA	NA	NA	NA	NA	NA	NA	NA	NA	NA	NA
Figshare_sensitivity	results/stage10c3/STAGE10C3_SENSITIVITY.tsv	d613030f943c32b22e5e7ef1a6d7e46067961a9ab4d81cdba5565ca60632365a	NA	NA	NA	NA	NA	NA	NA	NA	NA	NA	NA	NA	NA	NA	CELL_MIN25_SENS	primary_qc	independent_broad_annotation	all_epithelial	25	cell_count_sensitivity	M02_SCORE_V1	primary	NA	NA	0	0	NA	NOT_ESTIMABLE	two directional patient effects; no population inference	NA	NA	NA	NA	NA	NA	NA	NA	NA	NA	NA	NA	NA
Figshare_sensitivity	results/stage10c3/STAGE10C3_SENSITIVITY.tsv	d613030f943c32b22e5e7ef1a6d7e46067961a9ab4d81cdba5565ca60632365a	NA	NA	NA	NA	NA	NA	NA	NA	NA	NA	NA	NA	NA	NA	CELL_MIN25_SENS	primary_qc	independent_broad_annotation	all_epithelial	25	cell_count_sensitivity	M02_29OF36_COVERAGE_SENS	coverage_sensitivity	2.50171154079861	2.26365279761613	2	2	2.38268216920737	ESTIMABLE	two directional patient effects; no population inference	NA	NA	NA	NA	NA	NA	NA	NA	NA	NA	NA	NA	NA
Figshare_sensitivity	results/stage10c3/STAGE10C3_SENSITIVITY.tsv	d613030f943c32b22e5e7ef1a6d7e46067961a9ab4d81cdba5565ca60632365a	NA	NA	NA	NA	NA	NA	NA	NA	NA	NA	NA	NA	NA	NA	CELL_MIN25_SENS	primary_qc	independent_broad_annotation	all_epithelial	25	cell_count_sensitivity	M02_MINUS_INPP5D_SENS_V1	contamination_sensitivity	2.49304241532641	2.24643255642765	2	2	2.36973748587703	ESTIMABLE	two directional patient effects; no population inference	NA	NA	NA	NA	NA	NA	NA	NA	NA	NA	NA	NA	NA
Figshare_sensitivity	results/stage10c3/STAGE10C3_SENSITIVITY.tsv	d613030f943c32b22e5e7ef1a6d7e46067961a9ab4d81cdba5565ca60632365a	NA	NA	NA	NA	NA	NA	NA	NA	NA	NA	NA	NA	NA	NA	CELL_MIN25_SENS	primary_qc	independent_broad_annotation	all_epithelial	25	cell_count_sensitivity	M02_GENE_Z_SENS	score_sensitivity	1.9011851720716	1.53698116436986	2	2	1.71908316822073	ESTIMABLE	two directional patient effects; no population inference	NA	NA	NA	NA	NA	NA	NA	NA	NA	NA	NA	NA	NA
Figshare_sensitivity	results/stage10c3/STAGE10C3_SENSITIVITY.tsv	d613030f943c32b22e5e7ef1a6d7e46067961a9ab4d81cdba5565ca60632365a	NA	NA	NA	NA	NA	NA	NA	NA	NA	NA	NA	NA	NA	NA	CELL_MIN25_SENS	primary_qc	independent_broad_annotation	all_epithelial	25	cell_count_sensitivity	M02_UCELL_SENS	score_sensitivity	0.0348014475403611	0.0413693569472658	2	2	0.0380854022438135	ESTIMABLE	two directional patient effects; no population inference	NA	NA	NA	NA	NA	NA	NA	NA	NA	NA	NA	NA	NA
Figshare_sensitivity	results/stage10c3/STAGE10C3_SENSITIVITY.tsv	d613030f943c32b22e5e7ef1a6d7e46067961a9ab4d81cdba5565ca60632365a	NA	NA	NA	NA	NA	NA	NA	NA	NA	NA	NA	NA	NA	NA	CELL_MIN100_SENS	primary_qc	independent_broad_annotation	all_epithelial	100	cell_count_sensitivity	M02_SCORE_V1	primary	NA	NA	0	0	NA	NOT_ESTIMABLE	two directional patient effects; no population inference	NA	NA	NA	NA	NA	NA	NA	NA	NA	NA	NA	NA	NA
Figshare_sensitivity	results/stage10c3/STAGE10C3_SENSITIVITY.tsv	d613030f943c32b22e5e7ef1a6d7e46067961a9ab4d81cdba5565ca60632365a	NA	NA	NA	NA	NA	NA	NA	NA	NA	NA	NA	NA	NA	NA	CELL_MIN100_SENS	primary_qc	independent_broad_annotation	all_epithelial	100	cell_count_sensitivity	M02_29OF36_COVERAGE_SENS	coverage_sensitivity	2.50171154079861	2.26365279761613	2	2	2.38268216920737	ESTIMABLE	two directional patient effects; no population inference	NA	NA	NA	NA	NA	NA	NA	NA	NA	NA	NA	NA	NA
Figshare_sensitivity	results/stage10c3/STAGE10C3_SENSITIVITY.tsv	d613030f943c32b22e5e7ef1a6d7e46067961a9ab4d81cdba5565ca60632365a	NA	NA	NA	NA	NA	NA	NA	NA	NA	NA	NA	NA	NA	NA	CELL_MIN100_SENS	primary_qc	independent_broad_annotation	all_epithelial	100	cell_count_sensitivity	M02_MINUS_INPP5D_SENS_V1	contamination_sensitivity	2.49304241532641	2.24643255642765	2	2	2.36973748587703	ESTIMABLE	two directional patient effects; no population inference	NA	NA	NA	NA	NA	NA	NA	NA	NA	NA	NA	NA	NA
Figshare_sensitivity	results/stage10c3/STAGE10C3_SENSITIVITY.tsv	d613030f943c32b22e5e7ef1a6d7e46067961a9ab4d81cdba5565ca60632365a	NA	NA	NA	NA	NA	NA	NA	NA	NA	NA	NA	NA	NA	NA	CELL_MIN100_SENS	primary_qc	independent_broad_annotation	all_epithelial	100	cell_count_sensitivity	M02_GENE_Z_SENS	score_sensitivity	1.9011851720716	1.53698116436986	2	2	1.71908316822073	ESTIMABLE	two directional patient effects; no population inference	NA	NA	NA	NA	NA	NA	NA	NA	NA	NA	NA	NA	NA
Figshare_sensitivity	results/stage10c3/STAGE10C3_SENSITIVITY.tsv	d613030f943c32b22e5e7ef1a6d7e46067961a9ab4d81cdba5565ca60632365a	NA	NA	NA	NA	NA	NA	NA	NA	NA	NA	NA	NA	NA	NA	CELL_MIN100_SENS	primary_qc	independent_broad_annotation	all_epithelial	100	cell_count_sensitivity	M02_UCELL_SENS	score_sensitivity	0.0348014475403611	0.0413693569472658	2	2	0.0380854022438135	ESTIMABLE	two directional patient effects; no population inference	NA	NA	NA	NA	NA	NA	NA	NA	NA	NA	NA	NA	NA
Figshare_sensitivity	results/stage10c3/STAGE10C3_SENSITIVITY.tsv	d613030f943c32b22e5e7ef1a6d7e46067961a9ab4d81cdba5565ca60632365a	NA	NA	NA	NA	NA	NA	NA	NA	NA	NA	NA	NA	NA	NA	DEPOSIT_QC_SENS	deposit_preserving	independent_broad_annotation	all_epithelial	50	qc_sensitivity	M02_SCORE_V1	primary	NA	NA	0	0	NA	NOT_ESTIMABLE	two directional patient effects; no population inference	NA	NA	NA	NA	NA	NA	NA	NA	NA	NA	NA	NA	NA
Figshare_sensitivity	results/stage10c3/STAGE10C3_SENSITIVITY.tsv	d613030f943c32b22e5e7ef1a6d7e46067961a9ab4d81cdba5565ca60632365a	NA	NA	NA	NA	NA	NA	NA	NA	NA	NA	NA	NA	NA	NA	DEPOSIT_QC_SENS	deposit_preserving	independent_broad_annotation	all_epithelial	50	qc_sensitivity	M02_29OF36_COVERAGE_SENS	coverage_sensitivity	2.40248698452886	2.05050975508655	2	2	2.22649836980771	ESTIMABLE	two directional patient effects; no population inference	NA	NA	NA	NA	NA	NA	NA	NA	NA	NA	NA	NA	NA
Figshare_sensitivity	results/stage10c3/STAGE10C3_SENSITIVITY.tsv	d613030f943c32b22e5e7ef1a6d7e46067961a9ab4d81cdba5565ca60632365a	NA	NA	NA	NA	NA	NA	NA	NA	NA	NA	NA	NA	NA	NA	DEPOSIT_QC_SENS	deposit_preserving	independent_broad_annotation	all_epithelial	50	qc_sensitivity	M02_MINUS_INPP5D_SENS_V1	contamination_sensitivity	2.42682010769577	2.04818237953657	2	2	2.23750124361617	ESTIMABLE	two directional patient effects; no population inference	NA	NA	NA	NA	NA	NA	NA	NA	NA	NA	NA	NA	NA
Figshare_sensitivity	results/stage10c3/STAGE10C3_SENSITIVITY.tsv	d613030f943c32b22e5e7ef1a6d7e46067961a9ab4d81cdba5565ca60632365a	NA	NA	NA	NA	NA	NA	NA	NA	NA	NA	NA	NA	NA	NA	DEPOSIT_QC_SENS	deposit_preserving	independent_broad_annotation	all_epithelial	50	qc_sensitivity	M02_GENE_Z_SENS	score_sensitivity	1.80182553101485	1.40495391888554	2	2	1.6033897249502	ESTIMABLE	two directional patient effects; no population inference	NA	NA	NA	NA	NA	NA	NA	NA	NA	NA	NA	NA	NA
Figshare_sensitivity	results/stage10c3/STAGE10C3_SENSITIVITY.tsv	d613030f943c32b22e5e7ef1a6d7e46067961a9ab4d81cdba5565ca60632365a	NA	NA	NA	NA	NA	NA	NA	NA	NA	NA	NA	NA	NA	NA	DEPOSIT_QC_SENS	deposit_preserving	independent_broad_annotation	all_epithelial	50	qc_sensitivity	M02_UCELL_SENS	score_sensitivity	0.0276212161955783	0.0378211190132743	2	2	0.0327211676044263	ESTIMABLE	two directional patient effects; no population inference	NA	NA	NA	NA	NA	NA	NA	NA	NA	NA	NA	NA	NA
Figshare_sensitivity	results/stage10c3/STAGE10C3_SENSITIVITY.tsv	d613030f943c32b22e5e7ef1a6d7e46067961a9ab4d81cdba5565ca60632365a	NA	NA	NA	NA	NA	NA	NA	NA	NA	NA	NA	NA	NA	NA	STEM_PROGENITOR_SECONDARY	primary_qc	independent_broad_annotation	Stem/progenitor	20	secondary	M02_SCORE_V1	primary	NA	NA	0	0	NA	NOT_ESTIMABLE	two directional patient effects; no population inference	NA	NA	NA	NA	NA	NA	NA	NA	NA	NA	NA	NA	NA
Figshare_sensitivity	results/stage10c3/STAGE10C3_SENSITIVITY.tsv	d613030f943c32b22e5e7ef1a6d7e46067961a9ab4d81cdba5565ca60632365a	NA	NA	NA	NA	NA	NA	NA	NA	NA	NA	NA	NA	NA	NA	STEM_PROGENITOR_SECONDARY	primary_qc	independent_broad_annotation	Stem/progenitor	20	secondary	M02_29OF36_COVERAGE_SENS	coverage_sensitivity	NA	NA	0	0	NA	NOT_ESTIMABLE	two directional patient effects; no population inference	NA	NA	NA	NA	NA	NA	NA	NA	NA	NA	NA	NA	NA
Figshare_sensitivity	results/stage10c3/STAGE10C3_SENSITIVITY.tsv	d613030f943c32b22e5e7ef1a6d7e46067961a9ab4d81cdba5565ca60632365a	NA	NA	NA	NA	NA	NA	NA	NA	NA	NA	NA	NA	NA	NA	STEM_PROGENITOR_SECONDARY	primary_qc	independent_broad_annotation	Stem/progenitor	20	secondary	M02_MINUS_INPP5D_SENS_V1	contamination_sensitivity	NA	NA	0	0	NA	NOT_ESTIMABLE	two directional patient effects; no population inference	NA	NA	NA	NA	NA	NA	NA	NA	NA	NA	NA	NA	NA
Figshare_sensitivity	results/stage10c3/STAGE10C3_SENSITIVITY.tsv	d613030f943c32b22e5e7ef1a6d7e46067961a9ab4d81cdba5565ca60632365a	NA	NA	NA	NA	NA	NA	NA	NA	NA	NA	NA	NA	NA	NA	STEM_PROGENITOR_SECONDARY	primary_qc	independent_broad_annotation	Stem/progenitor	20	secondary	M02_GENE_Z_SENS	score_sensitivity	NA	NA	0	0	NA	NOT_ESTIMABLE	two directional patient effects; no population inference	NA	NA	NA	NA	NA	NA	NA	NA	NA	NA	NA	NA	NA
Figshare_sensitivity	results/stage10c3/STAGE10C3_SENSITIVITY.tsv	d613030f943c32b22e5e7ef1a6d7e46067961a9ab4d81cdba5565ca60632365a	NA	NA	NA	NA	NA	NA	NA	NA	NA	NA	NA	NA	NA	NA	STEM_PROGENITOR_SECONDARY	primary_qc	independent_broad_annotation	Stem/progenitor	20	secondary	M02_UCELL_SENS	score_sensitivity	NA	NA	0	0	NA	NOT_ESTIMABLE	two directional patient effects; no population inference	NA	NA	NA	NA	NA	NA	NA	NA	NA	NA	NA	NA	NA
Figshare_sensitivity	results/stage10c3/STAGE10C3_SENSITIVITY.tsv	d613030f943c32b22e5e7ef1a6d7e46067961a9ab4d81cdba5565ca60632365a	NA	NA	NA	NA	NA	NA	NA	NA	NA	NA	NA	NA	NA	NA	PUBLISHED_ANNOTATION_SENS	primary_qc	published_cell_level_annotation	all_epithelial	50	annotation_sensitivity	M02_SCORE_V1	primary_under_annotation_sensitivity	NA	NA	NA	0	NA	NOT_ESTIMABLE	official Figshare archive contains no deposited cell-level published annotation; no reconstructed label substituted	NA	NA	NA	NA	NA	NA	NA	NA	NA	NA	NA	NA	NA
case4_sensitivity	results/stage10e_desc/STAGE10E_DESC_SENSITIVITY.tsv	ea2d6ddda8aa9c8ca4b9ade4b987625109bffb3e4acc918a0d0b75b89521b3e9	NA	NA	NA	NA	NA	NA	NA	NA	NOT_COMPUTED_BY_DESIGN	NOT_COMPUTED_BY_DESIGN	NA	NA	NA	NA	NA	NA	NA	NA	NA	NA	NA	NA	NA	NA	NA	NA	NA	NA	NA	case4	1	primary_reference	primary_descriptive	5.52971547811976	5.24576061979985	-0.283954858319903	negative	concordant	30	patient_by_frozen_ROI_pseudobulk	Reference direction only	NOT_COMPUTED_BY_DESIGN
case4_sensitivity	results/stage10e_desc/STAGE10E_DESC_SENSITIVITY.tsv	ea2d6ddda8aa9c8ca4b9ade4b987625109bffb3e4acc918a0d0b75b89521b3e9	NA	NA	NA	NA	NA	NA	NA	NA	NOT_COMPUTED_BY_DESIGN	NOT_COMPUTED_BY_DESIGN	NA	NA	NA	NA	NA	NA	NA	NA	NA	NA	NA	NA	NA	NA	NA	NA	NA	NA	NA	case4	1	M02_MINUS_INPP5D	contamination_sensitivity	5.53897345602144	5.24914434897533	-0.289829107046109	negative	concordant	29	patient_by_frozen_ROI_pseudobulk	INPP5D removed only in prespecified sensitivity	NOT_COMPUTED_BY_DESIGN
case4_sensitivity	results/stage10e_desc/STAGE10E_DESC_SENSITIVITY.tsv	ea2d6ddda8aa9c8ca4b9ade4b987625109bffb3e4acc918a0d0b75b89521b3e9	NA	NA	NA	NA	NA	NA	NA	NA	NOT_COMPUTED_BY_DESIGN	NOT_COMPUTED_BY_DESIGN	NA	NA	NA	NA	NA	NA	NA	NA	NA	NA	NA	NA	NA	NA	NA	NA	NA	NA	NA	case4	1	gene_z	score_sensitivity	-8.88178419700125e-17	-9.99200722162641e-17	-1.11022302462516e-17	zero	opposite_or_zero	30	two_region_pseudobulk_gene_z	Two-region z scale is descriptive and coarse	NOT_COMPUTED_BY_DESIGN
case4_sensitivity	results/stage10e_desc/STAGE10E_DESC_SENSITIVITY.tsv	ea2d6ddda8aa9c8ca4b9ade4b987625109bffb3e4acc918a0d0b75b89521b3e9	NA	NA	NA	NA	NA	NA	NA	NA	NOT_COMPUTED_BY_DESIGN	NOT_COMPUTED_BY_DESIGN	NA	NA	NA	NA	NA	NA	NA	NA	NA	NA	NA	NA	NA	NA	NA	NA	NA	NA	NA	case4	1	UCell	score_sensitivity	0.170733333333333	0.128077777777778	-0.0426555555555556	negative	concordant	30	two_region_pseudobulk_UCell	Rank score sensitivity	NOT_COMPUTED_BY_DESIGN
case4_sensitivity	results/stage10e_desc/STAGE10E_DESC_SENSITIVITY.tsv	ea2d6ddda8aa9c8ca4b9ade4b987625109bffb3e4acc918a0d0b75b89521b3e9	NA	NA	NA	NA	NA	NA	NA	NA	NOT_COMPUTED_BY_DESIGN	NOT_COMPUTED_BY_DESIGN	NA	NA	NA	NA	NA	NA	NA	NA	NA	NA	NA	NA	NA	NA	NA	NA	NA	NA	NA	case4	1	epithelial_proxy_unadjusted	composition_sensitivity	7.83403608553212	7.79344606969172	-0.0405900158404036	negative	concordant	30	spot_score_then_patient_region_mean	Spots are nested technical observations	NOT_COMPUTED_BY_DESIGN
case4_sensitivity	results/stage10e_desc/STAGE10E_DESC_SENSITIVITY.tsv	ea2d6ddda8aa9c8ca4b9ade4b987625109bffb3e4acc918a0d0b75b89521b3e9	NA	NA	NA	NA	NA	NA	NA	NA	NOT_COMPUTED_BY_DESIGN	NOT_COMPUTED_BY_DESIGN	NA	NA	NA	NA	NA	NA	NA	NA	NA	NA	NA	NA	NA	NA	NA	NA	NA	NA	NA	case4	1	epithelial_proxy_residualized	composition_sensitivity	0.0335002844505659	-0.00698052438783885	-0.0404808088384047	negative	concordant	30	spot_score_residualized_on_M02_excluded_epithelial_proxy_then_region_mean	No region term and no inference	NOT_COMPUTED_BY_DESIGN
case4_sensitivity	results/stage10e_desc/STAGE10E_DESC_SENSITIVITY.tsv	ea2d6ddda8aa9c8ca4b9ade4b987625109bffb3e4acc918a0d0b75b89521b3e9	NA	NA	NA	NA	NA	NA	NA	NA	NOT_COMPUTED_BY_DESIGN	NOT_COMPUTED_BY_DESIGN	NA	NA	NA	NA	NA	NA	NA	NA	NA	NA	NA	NA	NA	NA	NA	NA	NA	NA	NA	case4	1	fixed_2x2_tiles	aggregation_scale_sensitivity	5.58658817122532	5.11631705510177	-0.470271116123549	negative	concordant	30	fixed_2x2_tiles_then_equal_tile_mean	Tiles do not increase patient n	NOT_COMPUTED_BY_DESIGN
