section	source_file	source_sha256	patient_id	patient_n	spot_barcode	consensus_label	pxl_col	pxl_row	array_col	array_row	final_qc_pass	epithelial_reference_fraction_proxy	spot_m02_score	mapped_genes	canonical_genes	interpretation	region	score	spot_count	sensitivity	role	Normal_score	Adenoma_score	Adenoma_minus_Normal	direction	direction_vs_primary	aggregation	note	p_value	confidence_interval	fdr
spatial	figures/stage10e_desc/source_data/Fig10E_DESC_1_case4_spatial_source_data.tsv	452ce84d1ebe64fd247b6ce303433521701c4c1d3d52176bf3728ccc31f3dbb6	case4	1	TGCGGTCTACGAGTAA-1	Normal	9953	3257	94	0	TRUE	0.722911442616744	7.70238981369178	30	36	descriptive only	NA	NA	NA	NA	NA	NA	NA	NA	NA	NA	NA	NA	NA	NA	NA
spatial	figures/stage10e_desc/source_data/Fig10E_DESC_1_case4_spatial_source_data.tsv	452ce84d1ebe64fd247b6ce303433521701c4c1d3d52176bf3728ccc31f3dbb6	case4	1	AAGACTCACGCCCACT-1	Normal	9838	3192	95	1	TRUE	0.769360562409356	7.79641663134591	30	36	descriptive only	NA	NA	NA	NA	NA	NA	NA	NA	NA	NA	NA	NA	NA	NA	NA
spatial	figures/stage10e_desc/source_data/Fig10E_DESC_1_case4_spatial_source_data.tsv	452ce84d1ebe64fd247b6ce303433521701c4c1d3d52176bf3728ccc31f3dbb6	case4	1	CTTTGAAACATATTCC-1	Normal	9953	3125	96	0	TRUE	0.824618259972155	7.7758524678651	30	36	descriptive only	NA	NA	NA	NA	NA	NA	NA	NA	NA	NA	NA	NA	NA	NA	NA
spatial	figures/stage10e_desc/source_data/Fig10E_DESC_1_case4_spatial_source_data.tsv	452ce84d1ebe64fd247b6ce303433521701c4c1d3d52176bf3728ccc31f3dbb6	case4	1	CTGGGCACTAGTCGGA-1	Normal	9838	3060	97	1	TRUE	0.835433577282249	7.69983222010128	30	36	descriptive only	NA	NA	NA	NA	NA	NA	NA	NA	NA	NA	NA	NA	NA	NA	NA
spatial	figures/stage10e_desc/source_data/Fig10E_DESC_1_case4_spatial_source_data.tsv	452ce84d1ebe64fd247b6ce303433521701c4c1d3d52176bf3728ccc31f3dbb6	case4	1	CGCCCTTACATCCACC-1	Normal	9952	2994	98	0	TRUE	0.650783290131721	7.84711449364297	30	36	descriptive only	NA	NA	NA	NA	NA	NA	NA	NA	NA	NA	NA	NA	NA	NA	NA
spatial	figures/stage10e_desc/source_data/Fig10E_DESC_1_case4_spatial_source_data.tsv	452ce84d1ebe64fd247b6ce303433521701c4c1d3d52176bf3728ccc31f3dbb6	case4	1	CACGACCACAGACTTT-1	Normal	9837	2928	99	1	TRUE	0.85163183423644	7.77108466392995	30	36	descriptive only	NA	NA	NA	NA	NA	NA	NA	NA	NA	NA	NA	NA	NA	NA	NA
spatial	figures/stage10e_desc/source_data/Fig10E_DESC_1_case4_spatial_source_data.tsv	452ce84d1ebe64fd247b6ce303433521701c4c1d3d52176bf3728ccc31f3dbb6	case4	1	CAATCCATTATCCGTT-1	Normal	9952	2862	100	0	TRUE	0.740741740315206	7.67604617613978	30	36	descriptive only	NA	NA	NA	NA	NA	NA	NA	NA	NA	NA	NA	NA	NA	NA	NA
spatial	figures/stage10e_desc/source_data/Fig10E_DESC_1_case4_spatial_source_data.tsv	452ce84d1ebe64fd247b6ce303433521701c4c1d3d52176bf3728ccc31f3dbb6	case4	1	GTGGCGTGCACCAGAG-1	Normal	9837	2797	101	1	TRUE	0.712311508242309	7.81562646871191	30	36	descriptive only	NA	NA	NA	NA	NA	NA	NA	NA	NA	NA	NA	NA	NA	NA	NA
spatial	figures/stage10e_desc/source_data/Fig10E_DESC_1_case4_spatial_source_data.tsv	452ce84d1ebe64fd247b6ce303433521701c4c1d3d52176bf3728ccc31f3dbb6	case4	1	CGGAGTCCTAACCTGG-1	Normal	9951	2731	102	0	TRUE	0.738907990953558	7.67038460469423	30	36	descriptive only	NA	NA	NA	NA	NA	NA	NA	NA	NA	NA	NA	NA	NA	NA	NA
spatial	figures/stage10e_desc/source_data/Fig10E_DESC_1_case4_spatial_source_data.tsv	452ce84d1ebe64fd247b6ce303433521701c4c1d3d52176bf3728ccc31f3dbb6	case4	1	GGTCCCATAACATAGA-1	Normal	9837	2665	103	1	TRUE	0.697758149523689	7.92770134389392	30	36	descriptive only	NA	NA	NA	NA	NA	NA	NA	NA	NA	NA	NA	NA	NA	NA	NA
spatial	figures/stage10e_desc/source_data/Fig10E_DESC_1_case4_spatial_source_data.tsv	452ce84d1ebe64fd247b6ce303433521701c4c1d3d52176bf3728ccc31f3dbb6	case4	1	ATCTCATAAACCTACC-1	Normal	9951	2599	104	0	TRUE	0.615820371683427	7.8767782570784	30	36	descriptive only	NA	NA	NA	NA	NA	NA	NA	NA	NA	NA	NA	NA	NA	NA	NA
spatial	figures/stage10e_desc/source_data/Fig10E_DESC_1_case4_spatial_source_data.tsv	452ce84d1ebe64fd247b6ce303433521701c4c1d3d52176bf3728ccc31f3dbb6	case4	1	TGCATGGCAGTCTTGC-1	Normal	9836	2534	105	1	TRUE	0.801478221644682	7.83737131561368	30	36	descriptive only	NA	NA	NA	NA	NA	NA	NA	NA	NA	NA	NA	NA	NA	NA	NA
spatial	figures/stage10e_desc/source_data/Fig10E_DESC_1_case4_spatial_source_data.tsv	452ce84d1ebe64fd247b6ce303433521701c4c1d3d52176bf3728ccc31f3dbb6	case4	1	TTGCAGGTCATGAAGT-1	Normal	9951	2467	106	0	TRUE	0.466297054078549	7.7566558900074	30	36	descriptive only	NA	NA	NA	NA	NA	NA	NA	NA	NA	NA	NA	NA	NA	NA	NA
spatial	figures/stage10e_desc/source_data/Fig10E_DESC_1_case4_spatial_source_data.tsv	452ce84d1ebe64fd247b6ce303433521701c4c1d3d52176bf3728ccc31f3dbb6	case4	1	AGCTGCATTTGAGGTG-1	Normal	9836	2402	107	1	TRUE	0.644738827701801	7.82426112932703	30	36	descriptive only	NA	NA	NA	NA	NA	NA	NA	NA	NA	NA	NA	NA	NA	NA	NA
spatial	figures/stage10e_desc/source_data/Fig10E_DESC_1_case4_spatial_source_data.tsv	452ce84d1ebe64fd247b6ce303433521701c4c1d3d52176bf3728ccc31f3dbb6	case4	1	TAATCAGGAATGCTGC-1	Normal	9950	2336	108	0	TRUE	0.454095997545629	7.84486667255315	30	36	descriptive only	NA	NA	NA	NA	NA	NA	NA	NA	NA	NA	NA	NA	NA	NA	NA
spatial	figures/stage10e_desc/source_data/Fig10E_DESC_1_case4_spatial_source_data.tsv	452ce84d1ebe64fd247b6ce303433521701c4c1d3d52176bf3728ccc31f3dbb6	case4	1	CCATCATAAGAACAGG-1	Normal	9836	2270	109	1	TRUE	0.671167290227839	7.81595463843909	30	36	descriptive only	NA	NA	NA	NA	NA	NA	NA	NA	NA	NA	NA	NA	NA	NA	NA
spatial	figures/stage10e_desc/source_data/Fig10E_DESC_1_case4_spatial_source_data.tsv	452ce84d1ebe64fd247b6ce303433521701c4c1d3d52176bf3728ccc31f3dbb6	case4	1	TCGTATCACCAAGCTA-1	Normal	9950	2204	110	0	TRUE	0.56371894988381	8.16310036729588	30	36	descriptive only	NA	NA	NA	NA	NA	NA	NA	NA	NA	NA	NA	NA	NA	NA	NA
spatial	figures/stage10e_desc/source_data/Fig10E_DESC_1_case4_spatial_source_data.tsv	452ce84d1ebe64fd247b6ce303433521701c4c1d3d52176bf3728ccc31f3dbb6	case4	1	ATTCAGATGAATCCCT-1	Normal	9835	2139	111	1	TRUE	0.686416619331751	7.87845380736433	30	36	descriptive only	NA	NA	NA	NA	NA	NA	NA	NA	NA	NA	NA	NA	NA	NA	NA
spatial	figures/stage10e_desc/source_data/Fig10E_DESC_1_case4_spatial_source_data.tsv	452ce84d1ebe64fd247b6ce303433521701c4c1d3d52176bf3728ccc31f3dbb6	case4	1	AAAGGTCAACGACATG-1	Normal	9949	2073	112	0	TRUE	0.525242673203679	8.04803863063673	30	36	descriptive only	NA	NA	NA	NA	NA	NA	NA	NA	NA	NA	NA	NA	NA	NA	NA
spatial	figures/stage10e_desc/source_data/Fig10E_DESC_1_case4_spatial_source_data.tsv	452ce84d1ebe64fd247b6ce303433521701c4c1d3d52176bf3728ccc31f3dbb6	case4	1	AGCTGCTGTGCCGAAT-1	Normal	9835	2007	113	1	TRUE	0.643078445612331	7.89106137055829	30	36	descriptive only	NA	NA	NA	NA	NA	NA	NA	NA	NA	NA	NA	NA	NA	NA	NA
spatial	figures/stage10e_desc/source_data/Fig10E_DESC_1_case4_spatial_source_data.tsv	452ce84d1ebe64fd247b6ce303433521701c4c1d3d52176bf3728ccc31f3dbb6	case4	1	CTAGCGCCAATCCTAC-1	Normal	9949	1941	114	0	TRUE	0.715984521503703	7.91526925186585	30	36	descriptive only	NA	NA	NA	NA	NA	NA	NA	NA	NA	NA	NA	NA	NA	NA	NA
spatial	figures/stage10e_desc/source_data/Fig10E_DESC_1_case4_spatial_source_data.tsv	452ce84d1ebe64fd247b6ce303433521701c4c1d3d52176bf3728ccc31f3dbb6	case4	1	AGGCAATACGGAGGAC-1	Adenoma	9628	9377	1	3	TRUE	0.897264346081521	7.76233013267723	30	36	descriptive only	NA	NA	NA	NA	NA	NA	NA	NA	NA	NA	NA	NA	NA	NA	NA
spatial	figures/stage10e_desc/source_data/Fig10E_DESC_1_case4_spatial_source_data.tsv	452ce84d1ebe64fd247b6ce303433521701c4c1d3d52176bf3728ccc31f3dbb6	case4	1	TGGTGTGACAGACGAT-1	Adenoma	9742	9311	2	2	TRUE	0.748027028464539	7.77809868022157	30	36	descriptive only	NA	NA	NA	NA	NA	NA	NA	NA	NA	NA	NA	NA	NA	NA	NA
spatial	figures/stage10e_desc/source_data/Fig10E_DESC_1_case4_spatial_source_data.tsv	452ce84d1ebe64fd247b6ce303433521701c4c1d3d52176bf3728ccc31f3dbb6	case4	1	ATCTATCGATGATCAA-1	Adenoma	9627	9246	3	3	TRUE	0.985285701433576	7.66045160896358	30	36	descriptive only	NA	NA	NA	NA	NA	NA	NA	NA	NA	NA	NA	NA	NA	NA	NA
spatial	figures/stage10e_desc/source_data/Fig10E_DESC_1_case4_spatial_source_data.tsv	452ce84d1ebe64fd247b6ce303433521701c4c1d3d52176bf3728ccc31f3dbb6	case4	1	CGAATTACATGGTGTT-1	Normal	9724	3258	94	2	TRUE	0.719836248357189	7.68875040321514	30	36	descriptive only	NA	NA	NA	NA	NA	NA	NA	NA	NA	NA	NA	NA	NA	NA	NA
spatial	figures/stage10e_desc/source_data/Fig10E_DESC_1_case4_spatial_source_data.tsv	452ce84d1ebe64fd247b6ce303433521701c4c1d3d52176bf3728ccc31f3dbb6	case4	1	GAGGTCTTAGTGGGTC-1	Normal	9609	3192	95	3	TRUE	0.69009313971621	7.46321192428738	30	36	descriptive only	NA	NA	NA	NA	NA	NA	NA	NA	NA	NA	NA	NA	NA	NA	NA
spatial	figures/stage10e_desc/source_data/Fig10E_DESC_1_case4_spatial_source_data.tsv	452ce84d1ebe64fd247b6ce303433521701c4c1d3d52176bf3728ccc31f3dbb6	case4	1	GCCGCTAGATACGCAG-1	Normal	9724	3126	96	2	TRUE	0.841436005337317	7.6655639868807	30	36	descriptive only	NA	NA	NA	NA	NA	NA	NA	NA	NA	NA	NA	NA	NA	NA	NA
spatial	figures/stage10e_desc/source_data/Fig10E_DESC_1_case4_spatial_source_data.tsv	452ce84d1ebe64fd247b6ce303433521701c4c1d3d52176bf3728ccc31f3dbb6	case4	1	GTCACCTGTCTATGTC-1	Normal	9609	3061	97	3	TRUE	0.817754577742942	7.72665619237829	30	36	descriptive only	NA	NA	NA	NA	NA	NA	NA	NA	NA	NA	NA	NA	NA	NA	NA
spatial	figures/stage10e_desc/source_data/Fig10E_DESC_1_case4_spatial_source_data.tsv	452ce84d1ebe64fd247b6ce303433521701c4c1d3d52176bf3728ccc31f3dbb6	case4	1	CCGATTGGTCAATGAA-1	Normal	9723	2995	98	2	TRUE	0.71501447569662	7.66176741907757	30	36	descriptive only	NA	NA	NA	NA	NA	NA	NA	NA	NA	NA	NA	NA	NA	NA	NA
spatial	figures/stage10e_desc/source_data/Fig10E_DESC_1_case4_spatial_source_data.tsv	452ce84d1ebe64fd247b6ce303433521701c4c1d3d52176bf3728ccc31f3dbb6	case4	1	CCTGTGCGGATTGTAA-1	Normal	9609	2929	99	3	TRUE	0.741695996071121	7.82162954438927	30	36	descriptive only	NA	NA	NA	NA	NA	NA	NA	NA	NA	NA	NA	NA	NA	NA	NA
spatial	figures/stage10e_desc/source_data/Fig10E_DESC_1_case4_spatial_source_data.tsv	452ce84d1ebe64fd247b6ce303433521701c4c1d3d52176bf3728ccc31f3dbb6	case4	1	TTACGTAGCGCGTGCT-1	Normal	9723	2863	100	2	TRUE	0.774084496745965	7.67466541336499	30	36	descriptive only	NA	NA	NA	NA	NA	NA	NA	NA	NA	NA	NA	NA	NA	NA	NA
spatial	figures/stage10e_desc/source_data/Fig10E_DESC_1_case4_spatial_source_data.tsv	452ce84d1ebe64fd247b6ce303433521701c4c1d3d52176bf3728ccc31f3dbb6	case4	1	GGAGGCGAAGAACCGC-1	Normal	9608	2798	101	3	TRUE	0.880386491175457	7.50998133398377	30	36	descriptive only	NA	NA	NA	NA	NA	NA	NA	NA	NA	NA	NA	NA	NA	NA	NA
spatial	figures/stage10e_desc/source_data/Fig10E_DESC_1_case4_spatial_source_data.tsv	452ce84d1ebe64fd247b6ce303433521701c4c1d3d52176bf3728ccc31f3dbb6	case4	1	GGGTCACGTGCTTATG-1	Normal	9722	2731	102	2	TRUE	0.63753755171213	7.79871487784194	30	36	descriptive only	NA	NA	NA	NA	NA	NA	NA	NA	NA	NA	NA	NA	NA	NA	NA
spatial	figures/stage10e_desc/source_data/Fig10E_DESC_1_case4_spatial_source_data.tsv	452ce84d1ebe64fd247b6ce303433521701c4c1d3d52176bf3728ccc31f3dbb6	case4	1	GCTCCGGACGTTGATA-1	Normal	9608	2666	103	3	TRUE	0.818535466115436	7.59901073496818	30	36	descriptive only	NA	NA	NA	NA	NA	NA	NA	NA	NA	NA	NA	NA	NA	NA	NA
spatial	figures/stage10e_desc/source_data/Fig10E_DESC_1_case4_spatial_source_data.tsv	452ce84d1ebe64fd247b6ce303433521701c4c1d3d52176bf3728ccc31f3dbb6	case4	1	ATGTTTGTAAGATCAT-1	Normal	9722	2600	104	2	TRUE	0.782433400412551	7.66607702812335	30	36	descriptive only	NA	NA	NA	NA	NA	NA	NA	NA	NA	NA	NA	NA	NA	NA	NA
spatial	figures/stage10e_desc/source_data/Fig10E_DESC_1_case4_spatial_source_data.tsv	452ce84d1ebe64fd247b6ce303433521701c4c1d3d52176bf3728ccc31f3dbb6	case4	1	TGACCCAGCATTCCCG-1	Normal	9607	2534	105	3	TRUE	0.801127083965641	7.74008290456083	30	36	descriptive only	NA	NA	NA	NA	NA	NA	NA	NA	NA	NA	NA	NA	NA	NA	NA
spatial	figures/stage10e_desc/source_data/Fig10E_DESC_1_case4_spatial_source_data.tsv	452ce84d1ebe64fd247b6ce303433521701c4c1d3d52176bf3728ccc31f3dbb6	case4	1	TGGTCGTTTGATAGAT-1	Normal	9722	2468	106	2	TRUE	0.674277954005148	7.74028901294253	30	36	descriptive only	NA	NA	NA	NA	NA	NA	NA	NA	NA	NA	NA	NA	NA	NA	NA
spatial	figures/stage10e_desc/source_data/Fig10E_DESC_1_case4_spatial_source_data.tsv	452ce84d1ebe64fd247b6ce303433521701c4c1d3d52176bf3728ccc31f3dbb6	case4	1	TGTAATGCCTTCGGAC-1	Normal	9607	2403	107	3	TRUE	0.503672481364015	7.71655849048837	30	36	descriptive only	NA	NA	NA	NA	NA	NA	NA	NA	NA	NA	NA	NA	NA	NA	NA
spatial	figures/stage10e_desc/source_data/Fig10E_DESC_1_case4_spatial_source_data.tsv	452ce84d1ebe64fd247b6ce303433521701c4c1d3d52176bf3728ccc31f3dbb6	case4	1	TGCTCACACAACAACC-1	Normal	9721	2337	108	2	TRUE	0.580675412660289	7.96405063725818	30	36	descriptive only	NA	NA	NA	NA	NA	NA	NA	NA	NA	NA	NA	NA	NA	NA	NA
spatial	figures/stage10e_desc/source_data/Fig10E_DESC_1_case4_spatial_source_data.tsv	452ce84d1ebe64fd247b6ce303433521701c4c1d3d52176bf3728ccc31f3dbb6	case4	1	TACGATCCAAGCCACT-1	Normal	9607	2271	109	3	TRUE	0.848164181491316	7.80504365108808	30	36	descriptive only	NA	NA	NA	NA	NA	NA	NA	NA	NA	NA	NA	NA	NA	NA	NA
spatial	figures/stage10e_desc/source_data/Fig10E_DESC_1_case4_spatial_source_data.tsv	452ce84d1ebe64fd247b6ce303433521701c4c1d3d52176bf3728ccc31f3dbb6	case4	1	TTGTAACTTCATAGCG-1	Normal	9721	2205	110	2	TRUE	0.572366147148816	7.95450425195604	30	36	descriptive only	NA	NA	NA	NA	NA	NA	NA	NA	NA	NA	NA	NA	NA	NA	NA
spatial	figures/stage10e_desc/source_data/Fig10E_DESC_1_case4_spatial_source_data.tsv	452ce84d1ebe64fd247b6ce303433521701c4c1d3d52176bf3728ccc31f3dbb6	case4	1	AGATTCAAGCGGGTCG-1	Normal	9606	2140	111	3	TRUE	0.802017555121274	7.81357244788382	30	36	descriptive only	NA	NA	NA	NA	NA	NA	NA	NA	NA	NA	NA	NA	NA	NA	NA
spatial	figures/stage10e_desc/source_data/Fig10E_DESC_1_case4_spatial_source_data.tsv	452ce84d1ebe64fd247b6ce303433521701c4c1d3d52176bf3728ccc31f3dbb6	case4	1	CTCAGCAGACTGCCGA-1	Normal	9720	2073	112	2	TRUE	0.613227667265366	7.8762323679052	30	36	descriptive only	NA	NA	NA	NA	NA	NA	NA	NA	NA	NA	NA	NA	NA	NA	NA
spatial	figures/stage10e_desc/source_data/Fig10E_DESC_1_case4_spatial_source_data.tsv	452ce84d1ebe64fd247b6ce303433521701c4c1d3d52176bf3728ccc31f3dbb6	case4	1	GTAACATCAGCTCATC-1	Normal	9606	2008	113	3	TRUE	0.490631252423701	7.84373039608438	30	36	descriptive only	NA	NA	NA	NA	NA	NA	NA	NA	NA	NA	NA	NA	NA	NA	NA
spatial	figures/stage10e_desc/source_data/Fig10E_DESC_1_case4_spatial_source_data.tsv	452ce84d1ebe64fd247b6ce303433521701c4c1d3d52176bf3728ccc31f3dbb6	case4	1	ATGGAACAGAATAAAC-1	Normal	9720	1942	114	2	TRUE	0.737670851387699	7.95824667590261	30	36	descriptive only	NA	NA	NA	NA	NA	NA	NA	NA	NA	NA	NA	NA	NA	NA	NA
spatial	figures/stage10e_desc/source_data/Fig10E_DESC_1_case4_spatial_source_data.tsv	452ce84d1ebe64fd247b6ce303433521701c4c1d3d52176bf3728ccc31f3dbb6	case4	1	GGGCCTATACAACCGG-1	Normal	9605	1876	115	3	TRUE	0.530135388635276	7.72039619105114	30	36	descriptive only	NA	NA	NA	NA	NA	NA	NA	NA	NA	NA	NA	NA	NA	NA	NA
spatial	figures/stage10e_desc/source_data/Fig10E_DESC_1_case4_spatial_source_data.tsv	452ce84d1ebe64fd247b6ce303433521701c4c1d3d52176bf3728ccc31f3dbb6	case4	1	CTAATGCGCCCAACAA-1	Adenoma	9514	9443	0	4	TRUE	0.862312072423859	7.73809090732503	30	36	descriptive only	NA	NA	NA	NA	NA	NA	NA	NA	NA	NA	NA	NA	NA	NA	NA
spatial	figures/stage10e_desc/source_data/Fig10E_DESC_1_case4_spatial_source_data.tsv	452ce84d1ebe64fd247b6ce303433521701c4c1d3d52176bf3728ccc31f3dbb6	case4	1	GCCACCCATTCCACTT-1	Adenoma	9399	9378	1	5	TRUE	0.971796925571878	7.86178085788159	30	36	descriptive only	NA	NA	NA	NA	NA	NA	NA	NA	NA	NA	NA	NA	NA	NA	NA
spatial	figures/stage10e_desc/source_data/Fig10E_DESC_1_case4_spatial_source_data.tsv	452ce84d1ebe64fd247b6ce303433521701c4c1d3d52176bf3728ccc31f3dbb6	case4	1	TACTCACAACGTAGTA-1	Adenoma	9513	9312	2	4	TRUE	0.984370238042442	7.74177445592315	30	36	descriptive only	NA	NA	NA	NA	NA	NA	NA	NA	NA	NA	NA	NA	NA	NA	NA
spatial	figures/stage10e_desc/source_data/Fig10E_DESC_1_case4_spatial_source_data.tsv	452ce84d1ebe64fd247b6ce303433521701c4c1d3d52176bf3728ccc31f3dbb6	case4	1	GTTCGGTGTGGATTTA-1	Adenoma	9398	9246	3	5	TRUE	0.98424027789585	7.94536583948694	30	36	descriptive only	NA	NA	NA	NA	NA	NA	NA	NA	NA	NA	NA	NA	NA	NA	NA
spatial	figures/stage10e_desc/source_data/Fig10E_DESC_1_case4_spatial_source_data.tsv	452ce84d1ebe64fd247b6ce303433521701c4c1d3d52176bf3728ccc31f3dbb6	case4	1	TCTTTCGGCGGGACAC-1	Adenoma	9513	9180	4	4	TRUE	0.986365945768597	7.89605942419003	30	36	descriptive only	NA	NA	NA	NA	NA	NA	NA	NA	NA	NA	NA	NA	NA	NA	NA
spatial	figures/stage10e_desc/source_data/Fig10E_DESC_1_case4_spatial_source_data.tsv	452ce84d1ebe64fd247b6ce303433521701c4c1d3d52176bf3728ccc31f3dbb6	case4	1	GGAGACATTCACGGGC-1	Adenoma	9398	9115	5	5	TRUE	0.95166117381836	7.86925247864657	30	36	descriptive only	NA	NA	NA	NA	NA	NA	NA	NA	NA	NA	NA	NA	NA	NA	NA
spatial	figures/stage10e_desc/source_data/Fig10E_DESC_1_case4_spatial_source_data.tsv	452ce84d1ebe64fd247b6ce303433521701c4c1d3d52176bf3728ccc31f3dbb6	case4	1	GGGATTATCTCACAAC-1	Adenoma	9512	9049	6	4	TRUE	0.933258751952827	7.78938717441454	30	36	descriptive only	NA	NA	NA	NA	NA	NA	NA	NA	NA	NA	NA	NA	NA	NA	NA
spatial	figures/stage10e_desc/source_data/Fig10E_DESC_1_case4_spatial_source_data.tsv	452ce84d1ebe64fd247b6ce303433521701c4c1d3d52176bf3728ccc31f3dbb6	case4	1	TAGAACGCCAGTAACG-1	Adenoma	9398	8983	7	5	TRUE	0.972455654883354	7.88296445544088	30	36	descriptive only	NA	NA	NA	NA	NA	NA	NA	NA	NA	NA	NA	NA	NA	NA	NA
spatial	figures/stage10e_desc/source_data/Fig10E_DESC_1_case4_spatial_source_data.tsv	452ce84d1ebe64fd247b6ce303433521701c4c1d3d52176bf3728ccc31f3dbb6	case4	1	TGATGGGACTAAGTCA-1	Adenoma	9397	8851	9	5	TRUE	0.947159349872624	7.90142139187543	30	36	descriptive only	NA	NA	NA	NA	NA	NA	NA	NA	NA	NA	NA	NA	NA	NA	NA
spatial	figures/stage10e_desc/source_data/Fig10E_DESC_1_case4_spatial_source_data.tsv	452ce84d1ebe64fd247b6ce303433521701c4c1d3d52176bf3728ccc31f3dbb6	case4	1	TCGCCTCGACCTGTTG-1	Adenoma	9397	8720	11	5	TRUE	0.928380798556533	7.86124442215522	30	36	descriptive only	NA	NA	NA	NA	NA	NA	NA	NA	NA	NA	NA	NA	NA	NA	NA
spatial	figures/stage10e_desc/source_data/Fig10E_DESC_1_case4_spatial_source_data.tsv	452ce84d1ebe64fd247b6ce303433521701c4c1d3d52176bf3728ccc31f3dbb6	case4	1	AACTCGATAAACACGT-1	Adenoma	9511	8654	12	4	TRUE	0.956080563371197	7.89460173951462	30	36	descriptive only	NA	NA	NA	NA	NA	NA	NA	NA	NA	NA	NA	NA	NA	NA	NA
spatial	figures/stage10e_desc/source_data/Fig10E_DESC_1_case4_spatial_source_data.tsv	452ce84d1ebe64fd247b6ce303433521701c4c1d3d52176bf3728ccc31f3dbb6	case4	1	AGGAAAGCCTCTGATG-1	Adenoma	9396	8588	13	5	TRUE	0.701241047094298	8.00294710802109	30	36	descriptive only	NA	NA	NA	NA	NA	NA	NA	NA	NA	NA	NA	NA	NA	NA	NA
spatial	figures/stage10e_desc/source_data/Fig10E_DESC_1_case4_spatial_source_data.tsv	452ce84d1ebe64fd247b6ce303433521701c4c1d3d52176bf3728ccc31f3dbb6	case4	1	GAAGGACTAAATTGAA-1	Adenoma	9511	8522	14	4	TRUE	0.723060224458716	7.94397805939487	30	36	descriptive only	NA	NA	NA	NA	NA	NA	NA	NA	NA	NA	NA	NA	NA	NA	NA
spatial	figures/stage10e_desc/source_data/Fig10E_DESC_1_case4_spatial_source_data.tsv	452ce84d1ebe64fd247b6ce303433521701c4c1d3d52176bf3728ccc31f3dbb6	case4	1	GTATCGGGACGAGCTG-1	Adenoma	9396	8457	15	5	TRUE	0.883690400027911	7.63347293980562	30	36	descriptive only	NA	NA	NA	NA	NA	NA	NA	NA	NA	NA	NA	NA	NA	NA	NA
spatial	figures/stage10e_desc/source_data/Fig10E_DESC_1_case4_spatial_source_data.tsv	452ce84d1ebe64fd247b6ce303433521701c4c1d3d52176bf3728ccc31f3dbb6	case4	1	CCTGTGCATAGGAGAC-1	Adenoma	9510	8391	16	4	TRUE	0.669424439549638	7.86904603728135	30	36	descriptive only	NA	NA	NA	NA	NA	NA	NA	NA	NA	NA	NA	NA	NA	NA	NA
spatial	figures/stage10e_desc/source_data/Fig10E_DESC_1_case4_spatial_source_data.tsv	452ce84d1ebe64fd247b6ce303433521701c4c1d3d52176bf3728ccc31f3dbb6	case4	1	CATACGGGTGCATGAT-1	Adenoma	9396	8325	17	5	TRUE	0.781663046059591	7.83492359743996	30	36	descriptive only	NA	NA	NA	NA	NA	NA	NA	NA	NA	NA	NA	NA	NA	NA	NA
spatial	figures/stage10e_desc/source_data/Fig10E_DESC_1_case4_spatial_source_data.tsv	452ce84d1ebe64fd247b6ce303433521701c4c1d3d52176bf3728ccc31f3dbb6	case4	1	CCACTAAACTGAATCG-1	Adenoma	9510	8259	18	4	TRUE	0.729311207360618	7.99790206168971	30	36	descriptive only	NA	NA	NA	NA	NA	NA	NA	NA	NA	NA	NA	NA	NA	NA	NA
spatial	figures/stage10e_desc/source_data/Fig10E_DESC_1_case4_spatial_source_data.tsv	452ce84d1ebe64fd247b6ce303433521701c4c1d3d52176bf3728ccc31f3dbb6	case4	1	AAATTGCGGCGGTTCT-1	Adenoma	9395	8194	19	5	TRUE	0.618982661516287	7.90722282858278	30	36	descriptive only	NA	NA	NA	NA	NA	NA	NA	NA	NA	NA	NA	NA	NA	NA	NA
spatial	figures/stage10e_desc/source_data/Fig10E_DESC_1_case4_spatial_source_data.tsv	452ce84d1ebe64fd247b6ce303433521701c4c1d3d52176bf3728ccc31f3dbb6	case4	1	AGTCCAGCGGGTACGT-1	Adenoma	9510	8127	20	4	TRUE	0.748950839828627	7.89444887693801	30	36	descriptive only	NA	NA	NA	NA	NA	NA	NA	NA	NA	NA	NA	NA	NA	NA	NA
spatial	figures/stage10e_desc/source_data/Fig10E_DESC_1_case4_spatial_source_data.tsv	452ce84d1ebe64fd247b6ce303433521701c4c1d3d52176bf3728ccc31f3dbb6	case4	1	CATTCAGGTCAGTGCG-1	Adenoma	9395	8062	21	5	TRUE	0.675414032999383	7.91573752229109	30	36	descriptive only	NA	NA	NA	NA	NA	NA	NA	NA	NA	NA	NA	NA	NA	NA	NA
spatial	figures/stage10e_desc/source_data/Fig10E_DESC_1_case4_spatial_source_data.tsv	452ce84d1ebe64fd247b6ce303433521701c4c1d3d52176bf3728ccc31f3dbb6	case4	1	AATCAGACTGCAGGAC-1	Adenoma	9395	7930	23	5	TRUE	0.75457231070155	7.79953028513329	30	36	descriptive only	NA	NA	NA	NA	NA	NA	NA	NA	NA	NA	NA	NA	NA	NA	NA
spatial	figures/stage10e_desc/source_data/Fig10E_DESC_1_case4_spatial_source_data.tsv	452ce84d1ebe64fd247b6ce303433521701c4c1d3d52176bf3728ccc31f3dbb6	case4	1	AGTATCCATAATAACG-1	Adenoma	9509	7864	24	4	TRUE	0.704102516567074	7.858662377338	30	36	descriptive only	NA	NA	NA	NA	NA	NA	NA	NA	NA	NA	NA	NA	NA	NA	NA
spatial	figures/stage10e_desc/source_data/Fig10E_DESC_1_case4_spatial_source_data.tsv	452ce84d1ebe64fd247b6ce303433521701c4c1d3d52176bf3728ccc31f3dbb6	case4	1	CTGGCTGCTAACGTAA-1	Adenoma	9394	7799	25	5	TRUE	0.494081516852802	7.99020672211654	30	36	descriptive only	NA	NA	NA	NA	NA	NA	NA	NA	NA	NA	NA	NA	NA	NA	NA
spatial	figures/stage10e_desc/source_data/Fig10E_DESC_1_case4_spatial_source_data.tsv	452ce84d1ebe64fd247b6ce303433521701c4c1d3d52176bf3728ccc31f3dbb6	case4	1	GTTCCAAGACAGCGAC-1	Adenoma	9508	7733	26	4	TRUE	0.638318356236514	7.97612703847346	30	36	descriptive only	NA	NA	NA	NA	NA	NA	NA	NA	NA	NA	NA	NA	NA	NA	NA
spatial	figures/stage10e_desc/source_data/Fig10E_DESC_1_case4_spatial_source_data.tsv	452ce84d1ebe64fd247b6ce303433521701c4c1d3d52176bf3728ccc31f3dbb6	case4	1	TCTACACGTTCATGCA-1	Normal	9381	3325	93	5	TRUE	0.715921101393605	7.71380335039566	30	36	descriptive only	NA	NA	NA	NA	NA	NA	NA	NA	NA	NA	NA	NA	NA	NA	NA
spatial	figures/stage10e_desc/source_data/Fig10E_DESC_1_case4_spatial_source_data.tsv	452ce84d1ebe64fd247b6ce303433521701c4c1d3d52176bf3728ccc31f3dbb6	case4	1	AATCTGGGTAGACCCT-1	Normal	9495	3258	94	4	TRUE	0.630536354280956	7.64182333468937	30	36	descriptive only	NA	NA	NA	NA	NA	NA	NA	NA	NA	NA	NA	NA	NA	NA	NA
spatial	figures/stage10e_desc/source_data/Fig10E_DESC_1_case4_spatial_source_data.tsv	452ce84d1ebe64fd247b6ce303433521701c4c1d3d52176bf3728ccc31f3dbb6	case4	1	TCGGTTAGCCATGTAG-1	Normal	9380	3193	95	5	TRUE	0.904867841875398	7.79883591090713	30	36	descriptive only	NA	NA	NA	NA	NA	NA	NA	NA	NA	NA	NA	NA	NA	NA	NA
spatial	figures/stage10e_desc/source_data/Fig10E_DESC_1_case4_spatial_source_data.tsv	452ce84d1ebe64fd247b6ce303433521701c4c1d3d52176bf3728ccc31f3dbb6	case4	1	TGCCATGGCTTATAAG-1	Normal	9495	3127	96	4	TRUE	0.790836653534292	7.67660354281937	30	36	descriptive only	NA	NA	NA	NA	NA	NA	NA	NA	NA	NA	NA	NA	NA	NA	NA
spatial	figures/stage10e_desc/source_data/Fig10E_DESC_1_case4_spatial_source_data.tsv	452ce84d1ebe64fd247b6ce303433521701c4c1d3d52176bf3728ccc31f3dbb6	case4	1	TAAGTAAATGTGCCGC-1	Normal	9380	3061	97	5	TRUE	0.641497735714229	7.64029534201949	30	36	descriptive only	NA	NA	NA	NA	NA	NA	NA	NA	NA	NA	NA	NA	NA	NA	NA
spatial	figures/stage10e_desc/source_data/Fig10E_DESC_1_case4_spatial_source_data.tsv	452ce84d1ebe64fd247b6ce303433521701c4c1d3d52176bf3728ccc31f3dbb6	case4	1	GTGTCCGATAAGGCAT-1	Normal	9494	2995	98	4	TRUE	0.95536861369601	7.71661462801329	30	36	descriptive only	NA	NA	NA	NA	NA	NA	NA	NA	NA	NA	NA	NA	NA	NA	NA
spatial	figures/stage10e_desc/source_data/Fig10E_DESC_1_case4_spatial_source_data.tsv	452ce84d1ebe64fd247b6ce303433521701c4c1d3d52176bf3728ccc31f3dbb6	case4	1	TGGCACGAGCTCGAGT-1	Normal	9380	2930	99	5	TRUE	0.63368582816507	7.722872271852	30	36	descriptive only	NA	NA	NA	NA	NA	NA	NA	NA	NA	NA	NA	NA	NA	NA	NA
spatial	figures/stage10e_desc/source_data/Fig10E_DESC_1_case4_spatial_source_data.tsv	452ce84d1ebe64fd247b6ce303433521701c4c1d3d52176bf3728ccc31f3dbb6	case4	1	ACCGGTCTGAGTACGG-1	Normal	9494	2864	100	4	TRUE	0.848768027973519	7.71403684523592	30	36	descriptive only	NA	NA	NA	NA	NA	NA	NA	NA	NA	NA	NA	NA	NA	NA	NA
spatial	figures/stage10e_desc/source_data/Fig10E_DESC_1_case4_spatial_source_data.tsv	452ce84d1ebe64fd247b6ce303433521701c4c1d3d52176bf3728ccc31f3dbb6	case4	1	GAACTTAGCGCCCGGT-1	Normal	9379	2798	101	5	TRUE	0.660664763567278	7.70803126965286	30	36	descriptive only	NA	NA	NA	NA	NA	NA	NA	NA	NA	NA	NA	NA	NA	NA	NA
spatial	figures/stage10e_desc/source_data/Fig10E_DESC_1_case4_spatial_source_data.tsv	452ce84d1ebe64fd247b6ce303433521701c4c1d3d52176bf3728ccc31f3dbb6	case4	1	AGTAGCTAGACGCCGA-1	Normal	9493	2732	102	4	TRUE	0.826400102180981	7.65427184141327	30	36	descriptive only	NA	NA	NA	NA	NA	NA	NA	NA	NA	NA	NA	NA	NA	NA	NA
spatial	figures/stage10e_desc/source_data/Fig10E_DESC_1_case4_spatial_source_data.tsv	452ce84d1ebe64fd247b6ce303433521701c4c1d3d52176bf3728ccc31f3dbb6	case4	1	ATAGGAATCTAAGCTT-1	Normal	9379	2667	103	5	TRUE	0.779970527317205	7.61919775956026	30	36	descriptive only	NA	NA	NA	NA	NA	NA	NA	NA	NA	NA	NA	NA	NA	NA	NA
spatial	figures/stage10e_desc/source_data/Fig10E_DESC_1_case4_spatial_source_data.tsv	452ce84d1ebe64fd247b6ce303433521701c4c1d3d52176bf3728ccc31f3dbb6	case4	1	CTTCCTGCATATTTAC-1	Normal	9493	2600	104	4	TRUE	0.829360156075224	7.65665306040432	30	36	descriptive only	NA	NA	NA	NA	NA	NA	NA	NA	NA	NA	NA	NA	NA	NA	NA
spatial	figures/stage10e_desc/source_data/Fig10E_DESC_1_case4_spatial_source_data.tsv	452ce84d1ebe64fd247b6ce303433521701c4c1d3d52176bf3728ccc31f3dbb6	case4	1	CAATATGTAGATTTAC-1	Normal	9378	2535	105	5	TRUE	0.649626742597305	7.64493553554811	30	36	descriptive only	NA	NA	NA	NA	NA	NA	NA	NA	NA	NA	NA	NA	NA	NA	NA
spatial	figures/stage10e_desc/source_data/Fig10E_DESC_1_case4_spatial_source_data.tsv	452ce84d1ebe64fd247b6ce303433521701c4c1d3d52176bf3728ccc31f3dbb6	case4	1	ACAAGGCCTACCAGCC-1	Normal	9493	2469	106	4	TRUE	0.547924141104194	7.69741464929259	30	36	descriptive only	NA	NA	NA	NA	NA	NA	NA	NA	NA	NA	NA	NA	NA	NA	NA
spatial	figures/stage10e_desc/source_data/Fig10E_DESC_1_case4_spatial_source_data.tsv	452ce84d1ebe64fd247b6ce303433521701c4c1d3d52176bf3728ccc31f3dbb6	case4	1	TTATAGTCCAAGGTGC-1	Normal	9378	2403	107	5	TRUE	0.689798483071077	7.87489124753227	30	36	descriptive only	NA	NA	NA	NA	NA	NA	NA	NA	NA	NA	NA	NA	NA	NA	NA
spatial	figures/stage10e_desc/source_data/Fig10E_DESC_1_case4_spatial_source_data.tsv	452ce84d1ebe64fd247b6ce303433521701c4c1d3d52176bf3728ccc31f3dbb6	case4	1	AAACGCCCGAGATCGG-1	Normal	9492	2337	108	4	TRUE	0.806935797856058	7.77003286443987	30	36	descriptive only	NA	NA	NA	NA	NA	NA	NA	NA	NA	NA	NA	NA	NA	NA	NA
spatial	figures/stage10e_desc/source_data/Fig10E_DESC_1_case4_spatial_source_data.tsv	452ce84d1ebe64fd247b6ce303433521701c4c1d3d52176bf3728ccc31f3dbb6	case4	1	CCTCGTTACGCCTGTT-1	Normal	9378	2272	109	5	TRUE	0.876670135347268	7.70599396869334	30	36	descriptive only	NA	NA	NA	NA	NA	NA	NA	NA	NA	NA	NA	NA	NA	NA	NA
spatial	figures/stage10e_desc/source_data/Fig10E_DESC_1_case4_spatial_source_data.tsv	452ce84d1ebe64fd247b6ce303433521701c4c1d3d52176bf3728ccc31f3dbb6	case4	1	GAACGGTGTAAAGCAG-1	Normal	9492	2206	110	4	TRUE	0.783677753589647	7.72295360454981	30	36	descriptive only	NA	NA	NA	NA	NA	NA	NA	NA	NA	NA	NA	NA	NA	NA	NA
spatial	figures/stage10e_desc/source_data/Fig10E_DESC_1_case4_spatial_source_data.tsv	452ce84d1ebe64fd247b6ce303433521701c4c1d3d52176bf3728ccc31f3dbb6	case4	1	ACGCATAAATGACATG-1	Normal	9377	2140	111	5	TRUE	0.921286923108458	7.5729062767402	30	36	descriptive only	NA	NA	NA	NA	NA	NA	NA	NA	NA	NA	NA	NA	NA	NA	NA
spatial	figures/stage10e_desc/source_data/Fig10E_DESC_1_case4_spatial_source_data.tsv	452ce84d1ebe64fd247b6ce303433521701c4c1d3d52176bf3728ccc31f3dbb6	case4	1	GGTTCGATGCTGAGTT-1	Normal	9491	2074	112	4	TRUE	0.764374878988554	7.79115453931196	30	36	descriptive only	NA	NA	NA	NA	NA	NA	NA	NA	NA	NA	NA	NA	NA	NA	NA
spatial	figures/stage10e_desc/source_data/Fig10E_DESC_1_case4_spatial_source_data.tsv	452ce84d1ebe64fd247b6ce303433521701c4c1d3d52176bf3728ccc31f3dbb6	case4	1	CTTTGGCAGACAGAGT-1	Normal	9377	2009	113	5	TRUE	0.57350609086398	7.90676273777613	30	36	descriptive only	NA	NA	NA	NA	NA	NA	NA	NA	NA	NA	NA	NA	NA	NA	NA
spatial	figures/stage10e_desc/source_data/Fig10E_DESC_1_case4_spatial_source_data.tsv	452ce84d1ebe64fd247b6ce303433521701c4c1d3d52176bf3728ccc31f3dbb6	case4	1	TTCGTGGGCTGGAAGC-1	Normal	9491	1942	114	4	TRUE	0.764876843883405	7.81023280492361	30	36	descriptive only	NA	NA	NA	NA	NA	NA	NA	NA	NA	NA	NA	NA	NA	NA	NA
spatial	figures/stage10e_desc/source_data/Fig10E_DESC_1_case4_spatial_source_data.tsv	452ce84d1ebe64fd247b6ce303433521701c4c1d3d52176bf3728ccc31f3dbb6	case4	1	CAAAGGTTAAATTCAG-1	Normal	9376	1877	115	5	TRUE	0.523898266167433	7.69568674810646	30	36	descriptive only	NA	NA	NA	NA	NA	NA	NA	NA	NA	NA	NA	NA	NA	NA	NA
spatial	figures/stage10e_desc/source_data/Fig10E_DESC_1_case4_spatial_source_data.tsv	452ce84d1ebe64fd247b6ce303433521701c4c1d3d52176bf3728ccc31f3dbb6	case4	1	GTTTGGCGTCAGGCAC-1	Normal	9491	1811	116	4	TRUE	0.643136628919558	7.87234035930452	30	36	descriptive only	NA	NA	NA	NA	NA	NA	NA	NA	NA	NA	NA	NA	NA	NA	NA
spatial	figures/stage10e_desc/source_data/Fig10E_DESC_1_case4_spatial_source_data.tsv	452ce84d1ebe64fd247b6ce303433521701c4c1d3d52176bf3728ccc31f3dbb6	case4	1	GCTTTCTATCTCAACT-1	Normal	9376	1745	117	5	TRUE	0.572409065474796	7.60608375522653	30	36	descriptive only	NA	NA	NA	NA	NA	NA	NA	NA	NA	NA	NA	NA	NA	NA	NA
spatial	figures/stage10e_desc/source_data/Fig10E_DESC_1_case4_spatial_source_data.tsv	452ce84d1ebe64fd247b6ce303433521701c4c1d3d52176bf3728ccc31f3dbb6	case4	1	AGTGGGAGTATACACG-1	Adenoma	9285	9444	0	6	TRUE	0.988255077812283	7.93499657149194	30	36	descriptive only	NA	NA	NA	NA	NA	NA	NA	NA	NA	NA	NA	NA	NA	NA	NA
spatial	figures/stage10e_desc/source_data/Fig10E_DESC_1_case4_spatial_source_data.tsv	452ce84d1ebe64fd247b6ce303433521701c4c1d3d52176bf3728ccc31f3dbb6	case4	1	GGTCTTGGTGTTAACT-1	Adenoma	9170	9379	1	7	TRUE	0.96326901941759	7.83787956891362	30	36	descriptive only	NA	NA	NA	NA	NA	NA	NA	NA	NA	NA	NA	NA	NA	NA	NA
spatial	figures/stage10e_desc/source_data/Fig10E_DESC_1_case4_spatial_source_data.tsv	452ce84d1ebe64fd247b6ce303433521701c4c1d3d52176bf3728ccc31f3dbb6	case4	1	GGCTGGCAGCTTTATG-1	Adenoma	9284	9312	2	6	TRUE	0.891859218936906	7.91547029079282	30	36	descriptive only	NA	NA	NA	NA	NA	NA	NA	NA	NA	NA	NA	NA	NA	NA	NA
spatial	figures/stage10e_desc/source_data/Fig10E_DESC_1_case4_spatial_source_data.tsv	452ce84d1ebe64fd247b6ce303433521701c4c1d3d52176bf3728ccc31f3dbb6	case4	1	CGCCAATTATTGCGTT-1	Adenoma	9169	9247	3	7	TRUE	0.983197565387302	7.74711897076288	30	36	descriptive only	NA	NA	NA	NA	NA	NA	NA	NA	NA	NA	NA	NA	NA	NA	NA
spatial	figures/stage10e_desc/source_data/Fig10E_DESC_1_case4_spatial_source_data.tsv	452ce84d1ebe64fd247b6ce303433521701c4c1d3d52176bf3728ccc31f3dbb6	case4	1	GGTAACCGGCAAAGGT-1	Adenoma	9284	9181	4	6	TRUE	0.980406897332544	7.96388937648831	30	36	descriptive only	NA	NA	NA	NA	NA	NA	NA	NA	NA	NA	NA	NA	NA	NA	NA
spatial	figures/stage10e_desc/source_data/Fig10E_DESC_1_case4_spatial_source_data.tsv	452ce84d1ebe64fd247b6ce303433521701c4c1d3d52176bf3728ccc31f3dbb6	case4	1	TGGGACCATTGGGAGT-1	Adenoma	9169	9115	5	7	TRUE	0.978505412986881	7.73631562866779	30	36	descriptive only	NA	NA	NA	NA	NA	NA	NA	NA	NA	NA	NA	NA	NA	NA	NA
spatial	figures/stage10e_desc/source_data/Fig10E_DESC_1_case4_spatial_source_data.tsv	452ce84d1ebe64fd247b6ce303433521701c4c1d3d52176bf3728ccc31f3dbb6	case4	1	CTGCAGGTGCTCGGCC-1	Adenoma	9283	9049	6	6	TRUE	0.934933852892498	7.94540130848697	30	36	descriptive only	NA	NA	NA	NA	NA	NA	NA	NA	NA	NA	NA	NA	NA	NA	NA
spatial	figures/stage10e_desc/source_data/Fig10E_DESC_1_case4_spatial_source_data.tsv	452ce84d1ebe64fd247b6ce303433521701c4c1d3d52176bf3728ccc31f3dbb6	case4	1	CCGGTGCGAGTGATAG-1	Adenoma	9169	8984	7	7	TRUE	0.98829143226858	7.87262115158378	30	36	descriptive only	NA	NA	NA	NA	NA	NA	NA	NA	NA	NA	NA	NA	NA	NA	NA
spatial	figures/stage10e_desc/source_data/Fig10E_DESC_1_case4_spatial_source_data.tsv	452ce84d1ebe64fd247b6ce303433521701c4c1d3d52176bf3728ccc31f3dbb6	case4	1	GGGTACACTCTGGAGG-1	Adenoma	9283	8918	8	6	TRUE	0.887476161394076	7.95540364497002	30	36	descriptive only	NA	NA	NA	NA	NA	NA	NA	NA	NA	NA	NA	NA	NA	NA	NA
spatial	figures/stage10e_desc/source_data/Fig10E_DESC_1_case4_spatial_source_data.tsv	452ce84d1ebe64fd247b6ce303433521701c4c1d3d52176bf3728ccc31f3dbb6	case4	1	TAGCCAGAGGGTCCGG-1	Adenoma	9168	8852	9	7	TRUE	0.925093155066568	7.92241575735025	30	36	descriptive only	NA	NA	NA	NA	NA	NA	NA	NA	NA	NA	NA	NA	NA	NA	NA
spatial	figures/stage10e_desc/source_data/Fig10E_DESC_1_case4_spatial_source_data.tsv	452ce84d1ebe64fd247b6ce303433521701c4c1d3d52176bf3728ccc31f3dbb6	case4	1	CTTGTGAGGACAGCGG-1	Adenoma	9283	8786	10	6	TRUE	0.892291384774093	7.7579640114872	30	36	descriptive only	NA	NA	NA	NA	NA	NA	NA	NA	NA	NA	NA	NA	NA	NA	NA
spatial	figures/stage10e_desc/source_data/Fig10E_DESC_1_case4_spatial_source_data.tsv	452ce84d1ebe64fd247b6ce303433521701c4c1d3d52176bf3728ccc31f3dbb6	case4	1	GAAGGGCATAACCATG-1	Adenoma	9168	8721	11	7	TRUE	0.809386713591759	7.80921320974025	30	36	descriptive only	NA	NA	NA	NA	NA	NA	NA	NA	NA	NA	NA	NA	NA	NA	NA
spatial	figures/stage10e_desc/source_data/Fig10E_DESC_1_case4_spatial_source_data.tsv	452ce84d1ebe64fd247b6ce303433521701c4c1d3d52176bf3728ccc31f3dbb6	case4	1	CAACATGGCCTGATAA-1	Adenoma	9282	8654	12	6	TRUE	0.840506942833726	8.15563305677797	30	36	descriptive only	NA	NA	NA	NA	NA	NA	NA	NA	NA	NA	NA	NA	NA	NA	NA
spatial	figures/stage10e_desc/source_data/Fig10E_DESC_1_case4_spatial_source_data.tsv	452ce84d1ebe64fd247b6ce303433521701c4c1d3d52176bf3728ccc31f3dbb6	case4	1	CAATTTGACCGGGAAG-1	Adenoma	9168	8589	13	7	TRUE	0.970696136161306	7.80311723022682	30	36	descriptive only	NA	NA	NA	NA	NA	NA	NA	NA	NA	NA	NA	NA	NA	NA	NA
spatial	figures/stage10e_desc/source_data/Fig10E_DESC_1_case4_spatial_source_data.tsv	452ce84d1ebe64fd247b6ce303433521701c4c1d3d52176bf3728ccc31f3dbb6	case4	1	TCTGACTGTAATGGTT-1	Adenoma	9282	8523	14	6	TRUE	0.832892251989288	7.82472926036359	30	36	descriptive only	NA	NA	NA	NA	NA	NA	NA	NA	NA	NA	NA	NA	NA	NA	NA
spatial	figures/stage10e_desc/source_data/Fig10E_DESC_1_case4_spatial_source_data.tsv	452ce84d1ebe64fd247b6ce303433521701c4c1d3d52176bf3728ccc31f3dbb6	case4	1	TTCATAGCCTTGTAAC-1	Adenoma	9167	8457	15	7	TRUE	0.755741870127484	7.65006571981893	30	36	descriptive only	NA	NA	NA	NA	NA	NA	NA	NA	NA	NA	NA	NA	NA	NA	NA
spatial	figures/stage10e_desc/source_data/Fig10E_DESC_1_case4_spatial_source_data.tsv	452ce84d1ebe64fd247b6ce303433521701c4c1d3d52176bf3728ccc31f3dbb6	case4	1	TGGAAACGGAGTGAAC-1	Adenoma	9281	8391	16	6	TRUE	0.80842787233589	7.83470815221638	30	36	descriptive only	NA	NA	NA	NA	NA	NA	NA	NA	NA	NA	NA	NA	NA	NA	NA
spatial	figures/stage10e_desc/source_data/Fig10E_DESC_1_case4_spatial_source_data.tsv	452ce84d1ebe64fd247b6ce303433521701c4c1d3d52176bf3728ccc31f3dbb6	case4	1	ATCGCACGATTGTTCA-1	Adenoma	9167	8326	17	7	TRUE	0.856067566092613	7.79418314688476	30	36	descriptive only	NA	NA	NA	NA	NA	NA	NA	NA	NA	NA	NA	NA	NA	NA	NA
spatial	figures/stage10e_desc/source_data/Fig10E_DESC_1_case4_spatial_source_data.tsv	452ce84d1ebe64fd247b6ce303433521701c4c1d3d52176bf3728ccc31f3dbb6	case4	1	CGCCACCCGCATTAAC-1	Adenoma	9281	8260	18	6	TRUE	0.913088369684745	7.8690511954659	30	36	descriptive only	NA	NA	NA	NA	NA	NA	NA	NA	NA	NA	NA	NA	NA	NA	NA
spatial	figures/stage10e_desc/source_data/Fig10E_DESC_1_case4_spatial_source_data.tsv	452ce84d1ebe64fd247b6ce303433521701c4c1d3d52176bf3728ccc31f3dbb6	case4	1	TGGACCACGGCGTTGA-1	Adenoma	9166	8194	19	7	TRUE	0.849432672514865	7.89352718037502	30	36	descriptive only	NA	NA	NA	NA	NA	NA	NA	NA	NA	NA	NA	NA	NA	NA	NA
spatial	figures/stage10e_desc/source_data/Fig10E_DESC_1_case4_spatial_source_data.tsv	452ce84d1ebe64fd247b6ce303433521701c4c1d3d52176bf3728ccc31f3dbb6	case4	1	GTATATGTTACGGCGG-1	Adenoma	9281	8128	20	6	TRUE	0.808332351417335	7.73764622842469	30	36	descriptive only	NA	NA	NA	NA	NA	NA	NA	NA	NA	NA	NA	NA	NA	NA	NA
spatial	figures/stage10e_desc/source_data/Fig10E_DESC_1_case4_spatial_source_data.tsv	452ce84d1ebe64fd247b6ce303433521701c4c1d3d52176bf3728ccc31f3dbb6	case4	1	GTATTCTTACCGTGCT-1	Adenoma	9166	8063	21	7	TRUE	0.874545506862702	7.87493247149831	30	36	descriptive only	NA	NA	NA	NA	NA	NA	NA	NA	NA	NA	NA	NA	NA	NA	NA
spatial	figures/stage10e_desc/source_data/Fig10E_DESC_1_case4_spatial_source_data.tsv	452ce84d1ebe64fd247b6ce303433521701c4c1d3d52176bf3728ccc31f3dbb6	case4	1	TTCAGAGTAACCTGAC-1	Adenoma	9280	7996	22	6	TRUE	0.776059910645706	7.97921601549174	30	36	descriptive only	NA	NA	NA	NA	NA	NA	NA	NA	NA	NA	NA	NA	NA	NA	NA
spatial	figures/stage10e_desc/source_data/Fig10E_DESC_1_case4_spatial_source_data.tsv	452ce84d1ebe64fd247b6ce303433521701c4c1d3d52176bf3728ccc31f3dbb6	case4	1	GCGGTAACCCAAATGA-1	Adenoma	9166	7931	23	7	TRUE	0.884058061523608	7.6518851611851	30	36	descriptive only	NA	NA	NA	NA	NA	NA	NA	NA	NA	NA	NA	NA	NA	NA	NA
spatial	figures/stage10e_desc/source_data/Fig10E_DESC_1_case4_spatial_source_data.tsv	452ce84d1ebe64fd247b6ce303433521701c4c1d3d52176bf3728ccc31f3dbb6	case4	1	CTACGTGTTGCCACCA-1	Adenoma	9280	7865	24	6	TRUE	0.57387687504759	7.61983760666256	30	36	descriptive only	NA	NA	NA	NA	NA	NA	NA	NA	NA	NA	NA	NA	NA	NA	NA
spatial	figures/stage10e_desc/source_data/Fig10E_DESC_1_case4_spatial_source_data.tsv	452ce84d1ebe64fd247b6ce303433521701c4c1d3d52176bf3728ccc31f3dbb6	case4	1	CTAGATAAACTCCTCG-1	Adenoma	9165	7799	25	7	TRUE	0.758224643306515	7.90669608891054	30	36	descriptive only	NA	NA	NA	NA	NA	NA	NA	NA	NA	NA	NA	NA	NA	NA	NA
spatial	figures/stage10e_desc/source_data/Fig10E_DESC_1_case4_spatial_source_data.tsv	452ce84d1ebe64fd247b6ce303433521701c4c1d3d52176bf3728ccc31f3dbb6	case4	1	TCCATTAGTTGGATAG-1	Adenoma	9279	7733	26	6	TRUE	0.671126680655101	7.60523498164906	30	36	descriptive only	NA	NA	NA	NA	NA	NA	NA	NA	NA	NA	NA	NA	NA	NA	NA
spatial	figures/stage10e_desc/source_data/Fig10E_DESC_1_case4_spatial_source_data.tsv	452ce84d1ebe64fd247b6ce303433521701c4c1d3d52176bf3728ccc31f3dbb6	case4	1	CTGGCTCCTGCGGGAT-1	Adenoma	9165	7668	27	7	TRUE	0.75841695093916	7.74824368642195	30	36	descriptive only	NA	NA	NA	NA	NA	NA	NA	NA	NA	NA	NA	NA	NA	NA	NA
spatial	figures/stage10e_desc/source_data/Fig10E_DESC_1_case4_spatial_source_data.tsv	452ce84d1ebe64fd247b6ce303433521701c4c1d3d52176bf3728ccc31f3dbb6	case4	1	CAGTCTCTCGGCTAAT-1	Adenoma	9279	7602	28	6	TRUE	0.621709497031256	7.87352412725571	30	36	descriptive only	NA	NA	NA	NA	NA	NA	NA	NA	NA	NA	NA	NA	NA	NA	NA
spatial	figures/stage10e_desc/source_data/Fig10E_DESC_1_case4_spatial_source_data.tsv	452ce84d1ebe64fd247b6ce303433521701c4c1d3d52176bf3728ccc31f3dbb6	case4	1	TTGAGGCATTTAACTC-1	Normal	9152	3457	91	7	TRUE	0.956127974579848	7.92825035894077	30	36	descriptive only	NA	NA	NA	NA	NA	NA	NA	NA	NA	NA	NA	NA	NA	NA	NA
spatial	figures/stage10e_desc/source_data/Fig10E_DESC_1_case4_spatial_source_data.tsv	452ce84d1ebe64fd247b6ce303433521701c4c1d3d52176bf3728ccc31f3dbb6	case4	1	CACCGGAGATATCTCC-1	Normal	9152	3325	93	7	TRUE	0.967844985841672	7.94217086059925	30	36	descriptive only	NA	NA	NA	NA	NA	NA	NA	NA	NA	NA	NA	NA	NA	NA	NA
spatial	figures/stage10e_desc/source_data/Fig10E_DESC_1_case4_spatial_source_data.tsv	452ce84d1ebe64fd247b6ce303433521701c4c1d3d52176bf3728ccc31f3dbb6	case4	1	GACTGGGCGCCGCAAC-1	Normal	9266	3259	94	6	TRUE	0.955062980989988	7.97342873161038	30	36	descriptive only	NA	NA	NA	NA	NA	NA	NA	NA	NA	NA	NA	NA	NA	NA	NA
spatial	figures/stage10e_desc/source_data/Fig10E_DESC_1_case4_spatial_source_data.tsv	452ce84d1ebe64fd247b6ce303433521701c4c1d3d52176bf3728ccc31f3dbb6	case4	1	CACGTCTATGATGTGG-1	Normal	9151	3194	95	7	TRUE	0.867509891064167	8.06281996557341	30	36	descriptive only	NA	NA	NA	NA	NA	NA	NA	NA	NA	NA	NA	NA	NA	NA	NA
spatial	figures/stage10e_desc/source_data/Fig10E_DESC_1_case4_spatial_source_data.tsv	452ce84d1ebe64fd247b6ce303433521701c4c1d3d52176bf3728ccc31f3dbb6	case4	1	TTAAGACGAACGAACC-1	Normal	9266	3128	96	6	TRUE	0.956916687648901	8.18860165182148	30	36	descriptive only	NA	NA	NA	NA	NA	NA	NA	NA	NA	NA	NA	NA	NA	NA	NA
spatial	figures/stage10e_desc/source_data/Fig10E_DESC_1_case4_spatial_source_data.tsv	452ce84d1ebe64fd247b6ce303433521701c4c1d3d52176bf3728ccc31f3dbb6	case4	1	TGACCAGCTTCAAAGT-1	Normal	9151	3062	97	7	TRUE	0.939981196397831	8.11738509606784	30	36	descriptive only	NA	NA	NA	NA	NA	NA	NA	NA	NA	NA	NA	NA	NA	NA	NA
spatial	figures/stage10e_desc/source_data/Fig10E_DESC_1_case4_spatial_source_data.tsv	452ce84d1ebe64fd247b6ce303433521701c4c1d3d52176bf3728ccc31f3dbb6	case4	1	AGAGTTAGAGACCGAT-1	Normal	9265	2996	98	6	TRUE	0.962993679379581	8.22025417044352	30	36	descriptive only	NA	NA	NA	NA	NA	NA	NA	NA	NA	NA	NA	NA	NA	NA	NA
spatial	figures/stage10e_desc/source_data/Fig10E_DESC_1_case4_spatial_source_data.tsv	452ce84d1ebe64fd247b6ce303433521701c4c1d3d52176bf3728ccc31f3dbb6	case4	1	TTCGGACTGATGCCTT-1	Normal	9151	2930	99	7	TRUE	0.973061953850594	8.10424649590017	30	36	descriptive only	NA	NA	NA	NA	NA	NA	NA	NA	NA	NA	NA	NA	NA	NA	NA
spatial	figures/stage10e_desc/source_data/Fig10E_DESC_1_case4_spatial_source_data.tsv	452ce84d1ebe64fd247b6ce303433521701c4c1d3d52176bf3728ccc31f3dbb6	case4	1	CTCGAATGGAACGTAT-1	Normal	9265	2864	100	6	TRUE	0.948060209919381	8.0297873896946	30	36	descriptive only	NA	NA	NA	NA	NA	NA	NA	NA	NA	NA	NA	NA	NA	NA	NA
spatial	figures/stage10e_desc/source_data/Fig10E_DESC_1_case4_spatial_source_data.tsv	452ce84d1ebe64fd247b6ce303433521701c4c1d3d52176bf3728ccc31f3dbb6	case4	1	GGACGGCTTGCGCAAC-1	Normal	9150	2799	101	7	TRUE	0.918119249895019	8.11505316613855	30	36	descriptive only	NA	NA	NA	NA	NA	NA	NA	NA	NA	NA	NA	NA	NA	NA	NA
spatial	figures/stage10e_desc/source_data/Fig10E_DESC_1_case4_spatial_source_data.tsv	452ce84d1ebe64fd247b6ce303433521701c4c1d3d52176bf3728ccc31f3dbb6	case4	1	CTAAGTACAGGGCTAC-1	Normal	9264	2733	102	6	TRUE	0.823181862190776	7.9516858186803	30	36	descriptive only	NA	NA	NA	NA	NA	NA	NA	NA	NA	NA	NA	NA	NA	NA	NA
spatial	figures/stage10e_desc/source_data/Fig10E_DESC_1_case4_spatial_source_data.tsv	452ce84d1ebe64fd247b6ce303433521701c4c1d3d52176bf3728ccc31f3dbb6	case4	1	ACAAATTCAGATCTGA-1	Normal	9150	2667	103	7	TRUE	0.879686536651475	8.09584580895859	30	36	descriptive only	NA	NA	NA	NA	NA	NA	NA	NA	NA	NA	NA	NA	NA	NA	NA
spatial	figures/stage10e_desc/source_data/Fig10E_DESC_1_case4_spatial_source_data.tsv	452ce84d1ebe64fd247b6ce303433521701c4c1d3d52176bf3728ccc31f3dbb6	case4	1	CATGGAAATGGGACCA-1	Normal	9264	2601	104	6	TRUE	0.663222649331197	7.83767061005104	30	36	descriptive only	NA	NA	NA	NA	NA	NA	NA	NA	NA	NA	NA	NA	NA	NA	NA
spatial	figures/stage10e_desc/source_data/Fig10E_DESC_1_case4_spatial_source_data.tsv	452ce84d1ebe64fd247b6ce303433521701c4c1d3d52176bf3728ccc31f3dbb6	case4	1	GGTGGACCACGTGTTA-1	Normal	9149	2536	105	7	TRUE	0.723578084248895	8.13373106719458	30	36	descriptive only	NA	NA	NA	NA	NA	NA	NA	NA	NA	NA	NA	NA	NA	NA	NA
spatial	figures/stage10e_desc/source_data/Fig10E_DESC_1_case4_spatial_source_data.tsv	452ce84d1ebe64fd247b6ce303433521701c4c1d3d52176bf3728ccc31f3dbb6	case4	1	CACGACGTAATAGTAA-1	Normal	9264	2470	106	6	TRUE	0.853013471812649	7.76291421691739	30	36	descriptive only	NA	NA	NA	NA	NA	NA	NA	NA	NA	NA	NA	NA	NA	NA	NA
spatial	figures/stage10e_desc/source_data/Fig10E_DESC_1_case4_spatial_source_data.tsv	452ce84d1ebe64fd247b6ce303433521701c4c1d3d52176bf3728ccc31f3dbb6	case4	1	CGGGTTCGGCACGTAT-1	Normal	9149	2404	107	7	TRUE	0.754263462333039	8.09839410926075	30	36	descriptive only	NA	NA	NA	NA	NA	NA	NA	NA	NA	NA	NA	NA	NA	NA	NA
spatial	figures/stage10e_desc/source_data/Fig10E_DESC_1_case4_spatial_source_data.tsv	452ce84d1ebe64fd247b6ce303433521701c4c1d3d52176bf3728ccc31f3dbb6	case4	1	CTGGGCTATCCTTTGG-1	Normal	9263	2338	108	6	TRUE	0.783832186661519	7.81165215677029	30	36	descriptive only	NA	NA	NA	NA	NA	NA	NA	NA	NA	NA	NA	NA	NA	NA	NA
spatial	figures/stage10e_desc/source_data/Fig10E_DESC_1_case4_spatial_source_data.tsv	452ce84d1ebe64fd247b6ce303433521701c4c1d3d52176bf3728ccc31f3dbb6	case4	1	GTATTAGGGTTCGCGT-1	Normal	9149	2272	109	7	TRUE	0.772690765936086	8.06517944336329	30	36	descriptive only	NA	NA	NA	NA	NA	NA	NA	NA	NA	NA	NA	NA	NA	NA	NA
spatial	figures/stage10e_desc/source_data/Fig10E_DESC_1_case4_spatial_source_data.tsv	452ce84d1ebe64fd247b6ce303433521701c4c1d3d52176bf3728ccc31f3dbb6	case4	1	TCATTCGTATAATTTG-1	Normal	9263	2206	110	6	TRUE	0.765704506543236	7.68019566667661	30	36	descriptive only	NA	NA	NA	NA	NA	NA	NA	NA	NA	NA	NA	NA	NA	NA	NA
spatial	figures/stage10e_desc/source_data/Fig10E_DESC_1_case4_spatial_source_data.tsv	452ce84d1ebe64fd247b6ce303433521701c4c1d3d52176bf3728ccc31f3dbb6	case4	1	AATAGCAAGCCTCCTG-1	Normal	9148	2141	111	7	TRUE	0.612811304665445	7.72486547187093	30	36	descriptive only	NA	NA	NA	NA	NA	NA	NA	NA	NA	NA	NA	NA	NA	NA	NA
spatial	figures/stage10e_desc/source_data/Fig10E_DESC_1_case4_spatial_source_data.tsv	452ce84d1ebe64fd247b6ce303433521701c4c1d3d52176bf3728ccc31f3dbb6	case4	1	CATCTACCCGAGAACG-1	Normal	9263	2075	112	6	TRUE	0.701616157834552	7.62765716834957	30	36	descriptive only	NA	NA	NA	NA	NA	NA	NA	NA	NA	NA	NA	NA	NA	NA	NA
spatial	figures/stage10e_desc/source_data/Fig10E_DESC_1_case4_spatial_source_data.tsv	452ce84d1ebe64fd247b6ce303433521701c4c1d3d52176bf3728ccc31f3dbb6	case4	1	GCTTCAGTGGGATTAC-1	Normal	9148	2009	113	7	TRUE	0.658782975705649	7.77543261768662	30	36	descriptive only	NA	NA	NA	NA	NA	NA	NA	NA	NA	NA	NA	NA	NA	NA	NA
spatial	figures/stage10e_desc/source_data/Fig10E_DESC_1_case4_spatial_source_data.tsv	452ce84d1ebe64fd247b6ce303433521701c4c1d3d52176bf3728ccc31f3dbb6	case4	1	TCTGTGATGGAGGTTG-1	Normal	9262	1943	114	6	TRUE	0.503470197733287	7.91938626290181	30	36	descriptive only	NA	NA	NA	NA	NA	NA	NA	NA	NA	NA	NA	NA	NA	NA	NA
spatial	figures/stage10e_desc/source_data/Fig10E_DESC_1_case4_spatial_source_data.tsv	452ce84d1ebe64fd247b6ce303433521701c4c1d3d52176bf3728ccc31f3dbb6	case4	1	ATCCACTTTCAGACTA-1	Normal	9147	1878	115	7	TRUE	0.618182244593387	7.71671310001499	30	36	descriptive only	NA	NA	NA	NA	NA	NA	NA	NA	NA	NA	NA	NA	NA	NA	NA
spatial	figures/stage10e_desc/source_data/Fig10E_DESC_1_case4_spatial_source_data.tsv	452ce84d1ebe64fd247b6ce303433521701c4c1d3d52176bf3728ccc31f3dbb6	case4	1	ATGGTTACGAAACATG-1	Normal	9262	1812	116	6	TRUE	0.690319590482855	7.62582768280939	30	36	descriptive only	NA	NA	NA	NA	NA	NA	NA	NA	NA	NA	NA	NA	NA	NA	NA
spatial	figures/stage10e_desc/source_data/Fig10E_DESC_1_case4_spatial_source_data.tsv	452ce84d1ebe64fd247b6ce303433521701c4c1d3d52176bf3728ccc31f3dbb6	case4	1	GGCCCAATCTAGAGGG-1	Normal	9147	1746	117	7	TRUE	0.581134997210052	7.50565184771262	30	36	descriptive only	NA	NA	NA	NA	NA	NA	NA	NA	NA	NA	NA	NA	NA	NA	NA
spatial	figures/stage10e_desc/source_data/Fig10E_DESC_1_case4_spatial_source_data.tsv	452ce84d1ebe64fd247b6ce303433521701c4c1d3d52176bf3728ccc31f3dbb6	case4	1	CTGTCTGTGGCTGGCT-1	Adenoma	9056	9445	0	8	TRUE	0.956028010028168	8.01337938923551	30	36	descriptive only	NA	NA	NA	NA	NA	NA	NA	NA	NA	NA	NA	NA	NA	NA	NA
spatial	figures/stage10e_desc/source_data/Fig10E_DESC_1_case4_spatial_source_data.tsv	452ce84d1ebe64fd247b6ce303433521701c4c1d3d52176bf3728ccc31f3dbb6	case4	1	ATATTATCCCGTATTT-1	Adenoma	8941	9379	1	9	TRUE	0.974116496160062	7.82857322353504	30	36	descriptive only	NA	NA	NA	NA	NA	NA	NA	NA	NA	NA	NA	NA	NA	NA	NA
spatial	figures/stage10e_desc/source_data/Fig10E_DESC_1_case4_spatial_source_data.tsv	452ce84d1ebe64fd247b6ce303433521701c4c1d3d52176bf3728ccc31f3dbb6	case4	1	GCGCTGGCGGAAAGTC-1	Adenoma	9055	9313	2	8	TRUE	0.937542201851128	7.91344445909344	30	36	descriptive only	NA	NA	NA	NA	NA	NA	NA	NA	NA	NA	NA	NA	NA	NA	NA
spatial	figures/stage10e_desc/source_data/Fig10E_DESC_1_case4_spatial_source_data.tsv	452ce84d1ebe64fd247b6ce303433521701c4c1d3d52176bf3728ccc31f3dbb6	case4	1	ATCTAACGTCCCTATG-1	Adenoma	8940	9248	3	9	TRUE	0.952498230445359	7.77858719309189	30	36	descriptive only	NA	NA	NA	NA	NA	NA	NA	NA	NA	NA	NA	NA	NA	NA	NA
spatial	figures/stage10e_desc/source_data/Fig10E_DESC_1_case4_spatial_source_data.tsv	452ce84d1ebe64fd247b6ce303433521701c4c1d3d52176bf3728ccc31f3dbb6	case4	1	GTCAGACAGCGTTGGA-1	Adenoma	9055	9181	4	8	TRUE	0.89128103824971	7.89868372807667	30	36	descriptive only	NA	NA	NA	NA	NA	NA	NA	NA	NA	NA	NA	NA	NA	NA	NA
spatial	figures/stage10e_desc/source_data/Fig10E_DESC_1_case4_spatial_source_data.tsv	452ce84d1ebe64fd247b6ce303433521701c4c1d3d52176bf3728ccc31f3dbb6	case4	1	GCCAGGCTTAGTGGTA-1	Adenoma	8940	9116	5	9	TRUE	0.806797369457936	7.85332056756772	30	36	descriptive only	NA	NA	NA	NA	NA	NA	NA	NA	NA	NA	NA	NA	NA	NA	NA
spatial	figures/stage10e_desc/source_data/Fig10E_DESC_1_case4_spatial_source_data.tsv	452ce84d1ebe64fd247b6ce303433521701c4c1d3d52176bf3728ccc31f3dbb6	case4	1	ATTCAAAGTACCTGTT-1	Adenoma	9054	9050	6	8	TRUE	0.949310035156239	7.92030467491711	30	36	descriptive only	NA	NA	NA	NA	NA	NA	NA	NA	NA	NA	NA	NA	NA	NA	NA
spatial	figures/stage10e_desc/source_data/Fig10E_DESC_1_case4_spatial_source_data.tsv	452ce84d1ebe64fd247b6ce303433521701c4c1d3d52176bf3728ccc31f3dbb6	case4	1	TGGACGTAGGCGAATC-1	Adenoma	8940	8984	7	9	TRUE	0.87234645322487	7.7971898874282	30	36	descriptive only	NA	NA	NA	NA	NA	NA	NA	NA	NA	NA	NA	NA	NA	NA	NA
spatial	figures/stage10e_desc/source_data/Fig10E_DESC_1_case4_spatial_source_data.tsv	452ce84d1ebe64fd247b6ce303433521701c4c1d3d52176bf3728ccc31f3dbb6	case4	1	ACACATTGACGCAACA-1	Adenoma	9054	8918	8	8	TRUE	0.973599079472287	7.72722240728746	30	36	descriptive only	NA	NA	NA	NA	NA	NA	NA	NA	NA	NA	NA	NA	NA	NA	NA
spatial	figures/stage10e_desc/source_data/Fig10E_DESC_1_case4_spatial_source_data.tsv	452ce84d1ebe64fd247b6ce303433521701c4c1d3d52176bf3728ccc31f3dbb6	case4	1	GATATCAGTATGTATC-1	Adenoma	8939	8853	9	9	TRUE	0.683848532744362	7.59116307175297	30	36	descriptive only	NA	NA	NA	NA	NA	NA	NA	NA	NA	NA	NA	NA	NA	NA	NA
spatial	figures/stage10e_desc/source_data/Fig10E_DESC_1_case4_spatial_source_data.tsv	452ce84d1ebe64fd247b6ce303433521701c4c1d3d52176bf3728ccc31f3dbb6	case4	1	TGGGCCTTGCCTGCAT-1	Adenoma	9054	8787	10	8	TRUE	0.968245150827224	7.87374164022605	30	36	descriptive only	NA	NA	NA	NA	NA	NA	NA	NA	NA	NA	NA	NA	NA	NA	NA
spatial	figures/stage10e_desc/source_data/Fig10E_DESC_1_case4_spatial_source_data.tsv	452ce84d1ebe64fd247b6ce303433521701c4c1d3d52176bf3728ccc31f3dbb6	case4	1	CAAAGTCAGGTTAGCT-1	Adenoma	8939	8721	11	9	TRUE	0.78728574390737	7.91632805422014	30	36	descriptive only	NA	NA	NA	NA	NA	NA	NA	NA	NA	NA	NA	NA	NA	NA	NA
spatial	figures/stage10e_desc/source_data/Fig10E_DESC_1_case4_spatial_source_data.tsv	452ce84d1ebe64fd247b6ce303433521701c4c1d3d52176bf3728ccc31f3dbb6	case4	1	GGATCCCTACCAGCTA-1	Adenoma	9053	8655	12	8	TRUE	0.751115299720259	7.80046124536804	30	36	descriptive only	NA	NA	NA	NA	NA	NA	NA	NA	NA	NA	NA	NA	NA	NA	NA
spatial	figures/stage10e_desc/source_data/Fig10E_DESC_1_case4_spatial_source_data.tsv	452ce84d1ebe64fd247b6ce303433521701c4c1d3d52176bf3728ccc31f3dbb6	case4	1	ATCGTCCAATCGAGTC-1	Adenoma	8939	8590	13	9	TRUE	0.556077043321518	7.6661770319314	30	36	descriptive only	NA	NA	NA	NA	NA	NA	NA	NA	NA	NA	NA	NA	NA	NA	NA
spatial	figures/stage10e_desc/source_data/Fig10E_DESC_1_case4_spatial_source_data.tsv	452ce84d1ebe64fd247b6ce303433521701c4c1d3d52176bf3728ccc31f3dbb6	case4	1	ACATGGCTCAATTTAG-1	Adenoma	9053	8524	14	8	TRUE	0.860686048452318	7.80599952978442	30	36	descriptive only	NA	NA	NA	NA	NA	NA	NA	NA	NA	NA	NA	NA	NA	NA	NA
spatial	figures/stage10e_desc/source_data/Fig10E_DESC_1_case4_spatial_source_data.tsv	452ce84d1ebe64fd247b6ce303433521701c4c1d3d52176bf3728ccc31f3dbb6	case4	1	AGGCCCAGTGACTGGT-1	Adenoma	8938	8458	15	9	TRUE	0.939292458414554	7.7666109424886	30	36	descriptive only	NA	NA	NA	NA	NA	NA	NA	NA	NA	NA	NA	NA	NA	NA	NA
spatial	figures/stage10e_desc/source_data/Fig10E_DESC_1_case4_spatial_source_data.tsv	452ce84d1ebe64fd247b6ce303433521701c4c1d3d52176bf3728ccc31f3dbb6	case4	1	GCTTCCAGCTTAGATT-1	Adenoma	9052	8392	16	8	TRUE	0.844323645682924	7.78909900184176	30	36	descriptive only	NA	NA	NA	NA	NA	NA	NA	NA	NA	NA	NA	NA	NA	NA	NA
spatial	figures/stage10e_desc/source_data/Fig10E_DESC_1_case4_spatial_source_data.tsv	452ce84d1ebe64fd247b6ce303433521701c4c1d3d52176bf3728ccc31f3dbb6	case4	1	TGCTTGAAACCATGCA-1	Adenoma	8938	8326	17	9	TRUE	0.816802264799365	7.82041272769217	30	36	descriptive only	NA	NA	NA	NA	NA	NA	NA	NA	NA	NA	NA	NA	NA	NA	NA
spatial	figures/stage10e_desc/source_data/Fig10E_DESC_1_case4_spatial_source_data.tsv	452ce84d1ebe64fd247b6ce303433521701c4c1d3d52176bf3728ccc31f3dbb6	case4	1	CAATATTGGACTAGTG-1	Adenoma	9052	8260	18	8	TRUE	0.917913077199413	7.72747104437974	30	36	descriptive only	NA	NA	NA	NA	NA	NA	NA	NA	NA	NA	NA	NA	NA	NA	NA
spatial	figures/stage10e_desc/source_data/Fig10E_DESC_1_case4_spatial_source_data.tsv	452ce84d1ebe64fd247b6ce303433521701c4c1d3d52176bf3728ccc31f3dbb6	case4	1	CGTGCTGGCCTAGTCG-1	Adenoma	8937	8195	19	9	TRUE	0.807396616843778	7.99938764848425	30	36	descriptive only	NA	NA	NA	NA	NA	NA	NA	NA	NA	NA	NA	NA	NA	NA	NA
spatial	figures/stage10e_desc/source_data/Fig10E_DESC_1_case4_spatial_source_data.tsv	452ce84d1ebe64fd247b6ce303433521701c4c1d3d52176bf3728ccc31f3dbb6	case4	1	CCTGCGATAGAACTGT-1	Adenoma	9052	8129	20	8	TRUE	0.937402508582031	7.79218255695802	30	36	descriptive only	NA	NA	NA	NA	NA	NA	NA	NA	NA	NA	NA	NA	NA	NA	NA
spatial	figures/stage10e_desc/source_data/Fig10E_DESC_1_case4_spatial_source_data.tsv	452ce84d1ebe64fd247b6ce303433521701c4c1d3d52176bf3728ccc31f3dbb6	case4	1	GGGTAATGCTGTGTTT-1	Adenoma	8937	8063	21	9	TRUE	0.803299694083581	7.54873408167051	30	36	descriptive only	NA	NA	NA	NA	NA	NA	NA	NA	NA	NA	NA	NA	NA	NA	NA
spatial	figures/stage10e_desc/source_data/Fig10E_DESC_1_case4_spatial_source_data.tsv	452ce84d1ebe64fd247b6ce303433521701c4c1d3d52176bf3728ccc31f3dbb6	case4	1	AACGCGAACGGCAACA-1	Adenoma	9051	7997	22	8	TRUE	0.843509259598721	7.77746533722339	30	36	descriptive only	NA	NA	NA	NA	NA	NA	NA	NA	NA	NA	NA	NA	NA	NA	NA
spatial	figures/stage10e_desc/source_data/Fig10E_DESC_1_case4_spatial_source_data.tsv	452ce84d1ebe64fd247b6ce303433521701c4c1d3d52176bf3728ccc31f3dbb6	case4	1	TGTCGGCATGGTGGAA-1	Adenoma	8937	7932	23	9	TRUE	0.966806669939863	7.79504052949949	30	36	descriptive only	NA	NA	NA	NA	NA	NA	NA	NA	NA	NA	NA	NA	NA	NA	NA
spatial	figures/stage10e_desc/source_data/Fig10E_DESC_1_case4_spatial_source_data.tsv	452ce84d1ebe64fd247b6ce303433521701c4c1d3d52176bf3728ccc31f3dbb6	case4	1	AGCGTACGAGAGCTAG-1	Adenoma	9051	7866	24	8	TRUE	0.761634816848596	7.8321624894842	30	36	descriptive only	NA	NA	NA	NA	NA	NA	NA	NA	NA	NA	NA	NA	NA	NA	NA
spatial	figures/stage10e_desc/source_data/Fig10E_DESC_1_case4_spatial_source_data.tsv	452ce84d1ebe64fd247b6ce303433521701c4c1d3d52176bf3728ccc31f3dbb6	case4	1	ATACTCTCGCCACTCT-1	Adenoma	8936	7800	25	9	TRUE	0.915808512783199	7.80118917298905	30	36	descriptive only	NA	NA	NA	NA	NA	NA	NA	NA	NA	NA	NA	NA	NA	NA	NA
spatial	figures/stage10e_desc/source_data/Fig10E_DESC_1_case4_spatial_source_data.tsv	452ce84d1ebe64fd247b6ce303433521701c4c1d3d52176bf3728ccc31f3dbb6	case4	1	AATCCATGCAAGGGTG-1	Adenoma	9050	7734	26	8	TRUE	0.548169958497478	7.95261805326959	30	36	descriptive only	NA	NA	NA	NA	NA	NA	NA	NA	NA	NA	NA	NA	NA	NA	NA
spatial	figures/stage10e_desc/source_data/Fig10E_DESC_1_case4_spatial_source_data.tsv	452ce84d1ebe64fd247b6ce303433521701c4c1d3d52176bf3728ccc31f3dbb6	case4	1	CAATGGAATCTACATA-1	Normal	8923	3458	91	9	TRUE	0.850642080638494	7.92466450865413	30	36	descriptive only	NA	NA	NA	NA	NA	NA	NA	NA	NA	NA	NA	NA	NA	NA	NA
spatial	figures/stage10e_desc/source_data/Fig10E_DESC_1_case4_spatial_source_data.tsv	452ce84d1ebe64fd247b6ce303433521701c4c1d3d52176bf3728ccc31f3dbb6	case4	1	GTGGTCAGCGAAGTAT-1	Normal	9037	3391	92	8	TRUE	0.961202700473896	8.07989069871126	30	36	descriptive only	NA	NA	NA	NA	NA	NA	NA	NA	NA	NA	NA	NA	NA	NA	NA
spatial	figures/stage10e_desc/source_data/Fig10E_DESC_1_case4_spatial_source_data.tsv	452ce84d1ebe64fd247b6ce303433521701c4c1d3d52176bf3728ccc31f3dbb6	case4	1	ATGGCTGGAAATGGCC-1	Normal	8923	3326	93	9	TRUE	0.927097832788608	8.08037701120926	30	36	descriptive only	NA	NA	NA	NA	NA	NA	NA	NA	NA	NA	NA	NA	NA	NA	NA
spatial	figures/stage10e_desc/source_data/Fig10E_DESC_1_case4_spatial_source_data.tsv	452ce84d1ebe64fd247b6ce303433521701c4c1d3d52176bf3728ccc31f3dbb6	case4	1	ATCAGGTCGCCATTGC-1	Normal	9037	3260	94	8	TRUE	0.975257139124541	8.10933210868404	30	36	descriptive only	NA	NA	NA	NA	NA	NA	NA	NA	NA	NA	NA	NA	NA	NA	NA
spatial	figures/stage10e_desc/source_data/Fig10E_DESC_1_case4_spatial_source_data.tsv	452ce84d1ebe64fd247b6ce303433521701c4c1d3d52176bf3728ccc31f3dbb6	case4	1	TATCACCATGTAAAGT-1	Normal	8922	3194	95	9	TRUE	0.946157023596463	8.05148094110132	30	36	descriptive only	NA	NA	NA	NA	NA	NA	NA	NA	NA	NA	NA	NA	NA	NA	NA
spatial	figures/stage10e_desc/source_data/Fig10E_DESC_1_case4_spatial_source_data.tsv	452ce84d1ebe64fd247b6ce303433521701c4c1d3d52176bf3728ccc31f3dbb6	case4	1	AGCGCTTATGGGCAAG-1	Normal	9037	3128	96	8	TRUE	0.96985938823493	8.11041334303161	30	36	descriptive only	NA	NA	NA	NA	NA	NA	NA	NA	NA	NA	NA	NA	NA	NA	NA
spatial	figures/stage10e_desc/source_data/Fig10E_DESC_1_case4_spatial_source_data.tsv	452ce84d1ebe64fd247b6ce303433521701c4c1d3d52176bf3728ccc31f3dbb6	case4	1	AAGCGGCGTCATGGGT-1	Normal	8922	3063	97	9	TRUE	0.971420936181884	7.96275184499988	30	36	descriptive only	NA	NA	NA	NA	NA	NA	NA	NA	NA	NA	NA	NA	NA	NA	NA
spatial	figures/stage10e_desc/source_data/Fig10E_DESC_1_case4_spatial_source_data.tsv	452ce84d1ebe64fd247b6ce303433521701c4c1d3d52176bf3728ccc31f3dbb6	case4	1	ACTAATACGTCAGGCG-1	Normal	9036	2997	98	8	TRUE	0.910408826477039	8.13072615590864	30	36	descriptive only	NA	NA	NA	NA	NA	NA	NA	NA	NA	NA	NA	NA	NA	NA	NA
spatial	figures/stage10e_desc/source_data/Fig10E_DESC_1_case4_spatial_source_data.tsv	452ce84d1ebe64fd247b6ce303433521701c4c1d3d52176bf3728ccc31f3dbb6	case4	1	GGCTGAGCATCGTAAG-1	Normal	8922	2931	99	9	TRUE	0.544075271282221	7.90673546612955	30	36	descriptive only	NA	NA	NA	NA	NA	NA	NA	NA	NA	NA	NA	NA	NA	NA	NA
spatial	figures/stage10e_desc/source_data/Fig10E_DESC_1_case4_spatial_source_data.tsv	452ce84d1ebe64fd247b6ce303433521701c4c1d3d52176bf3728ccc31f3dbb6	case4	1	CGGTTGGGTTCAAGTT-1	Normal	9036	2865	100	8	TRUE	0.899474767804617	8.04579770084237	30	36	descriptive only	NA	NA	NA	NA	NA	NA	NA	NA	NA	NA	NA	NA	NA	NA	NA
spatial	figures/stage10e_desc/source_data/Fig10E_DESC_1_case4_spatial_source_data.tsv	452ce84d1ebe64fd247b6ce303433521701c4c1d3d52176bf3728ccc31f3dbb6	case4	1	GACTGATTGGTCACAA-1	Normal	8921	2800	101	9	TRUE	0.898598191325728	8.16317601093228	30	36	descriptive only	NA	NA	NA	NA	NA	NA	NA	NA	NA	NA	NA	NA	NA	NA	NA
spatial	figures/stage10e_desc/source_data/Fig10E_DESC_1_case4_spatial_source_data.tsv	452ce84d1ebe64fd247b6ce303433521701c4c1d3d52176bf3728ccc31f3dbb6	case4	1	AGACGGGCCGATTTAA-1	Normal	9036	2733	102	8	TRUE	0.843270910401377	8.17579774346168	30	36	descriptive only	NA	NA	NA	NA	NA	NA	NA	NA	NA	NA	NA	NA	NA	NA	NA
spatial	figures/stage10e_desc/source_data/Fig10E_DESC_1_case4_spatial_source_data.tsv	452ce84d1ebe64fd247b6ce303433521701c4c1d3d52176bf3728ccc31f3dbb6	case4	1	ACCAGTGCCCGGTCAA-1	Normal	8921	2668	103	9	TRUE	0.787373020687855	8.09799983635932	30	36	descriptive only	NA	NA	NA	NA	NA	NA	NA	NA	NA	NA	NA	NA	NA	NA	NA
spatial	figures/stage10e_desc/source_data/Fig10E_DESC_1_case4_spatial_source_data.tsv	452ce84d1ebe64fd247b6ce303433521701c4c1d3d52176bf3728ccc31f3dbb6	case4	1	GTCCTTTAATGACTTC-1	Normal	9035	2602	104	8	TRUE	0.79149558023983	8.10480255895439	30	36	descriptive only	NA	NA	NA	NA	NA	NA	NA	NA	NA	NA	NA	NA	NA	NA	NA
spatial	figures/stage10e_desc/source_data/Fig10E_DESC_1_case4_spatial_source_data.tsv	452ce84d1ebe64fd247b6ce303433521701c4c1d3d52176bf3728ccc31f3dbb6	case4	1	CCTACAAGTCCGGAAT-1	Normal	8920	2536	105	9	TRUE	0.852267887546566	8.25481334342623	30	36	descriptive only	NA	NA	NA	NA	NA	NA	NA	NA	NA	NA	NA	NA	NA	NA	NA
spatial	figures/stage10e_desc/source_data/Fig10E_DESC_1_case4_spatial_source_data.tsv	452ce84d1ebe64fd247b6ce303433521701c4c1d3d52176bf3728ccc31f3dbb6	case4	1	GCCTGCTACACTGAGA-1	Normal	9035	2470	106	8	TRUE	0.636698242037328	8.21055415063978	30	36	descriptive only	NA	NA	NA	NA	NA	NA	NA	NA	NA	NA	NA	NA	NA	NA	NA
spatial	figures/stage10e_desc/source_data/Fig10E_DESC_1_case4_spatial_source_data.tsv	452ce84d1ebe64fd247b6ce303433521701c4c1d3d52176bf3728ccc31f3dbb6	case4	1	GACTCGGTCGGCGGAT-1	Normal	8920	2405	107	9	TRUE	0.653963677046904	8.2459935403091	30	36	descriptive only	NA	NA	NA	NA	NA	NA	NA	NA	NA	NA	NA	NA	NA	NA	NA
spatial	figures/stage10e_desc/source_data/Fig10E_DESC_1_case4_spatial_source_data.tsv	452ce84d1ebe64fd247b6ce303433521701c4c1d3d52176bf3728ccc31f3dbb6	case4	1	CTAGACATATATGTAG-1	Normal	9034	2339	108	8	TRUE	0.597050333370548	8.0682831774466	30	36	descriptive only	NA	NA	NA	NA	NA	NA	NA	NA	NA	NA	NA	NA	NA	NA	NA
spatial	figures/stage10e_desc/source_data/Fig10E_DESC_1_case4_spatial_source_data.tsv	452ce84d1ebe64fd247b6ce303433521701c4c1d3d52176bf3728ccc31f3dbb6	case4	1	TCGCCCAACTGACTCC-1	Normal	8920	2273	109	9	TRUE	0.70609191302824	7.93500395751188	30	36	descriptive only	NA	NA	NA	NA	NA	NA	NA	NA	NA	NA	NA	NA	NA	NA	NA
spatial	figures/stage10e_desc/source_data/Fig10E_DESC_1_case4_spatial_source_data.tsv	452ce84d1ebe64fd247b6ce303433521701c4c1d3d52176bf3728ccc31f3dbb6	case4	1	AAACTAACGTGGCGAC-1	Normal	9034	2207	110	8	TRUE	0.62244322233105	7.95386294848279	30	36	descriptive only	NA	NA	NA	NA	NA	NA	NA	NA	NA	NA	NA	NA	NA	NA	NA
spatial	figures/stage10e_desc/source_data/Fig10E_DESC_1_case4_spatial_source_data.tsv	452ce84d1ebe64fd247b6ce303433521701c4c1d3d52176bf3728ccc31f3dbb6	case4	1	AACTGAGGTCAGCGTC-1	Normal	8919	2142	111	9	TRUE	0.727655852781961	7.96113080360712	30	36	descriptive only	NA	NA	NA	NA	NA	NA	NA	NA	NA	NA	NA	NA	NA	NA	NA
spatial	figures/stage10e_desc/source_data/Fig10E_DESC_1_case4_spatial_source_data.tsv	452ce84d1ebe64fd247b6ce303433521701c4c1d3d52176bf3728ccc31f3dbb6	case4	1	ACAATGATTCTTCTAC-1	Normal	9034	2075	112	8	TRUE	0.613296016134101	7.95891770886689	30	36	descriptive only	NA	NA	NA	NA	NA	NA	NA	NA	NA	NA	NA	NA	NA	NA	NA
spatial	figures/stage10e_desc/source_data/Fig10E_DESC_1_case4_spatial_source_data.tsv	452ce84d1ebe64fd247b6ce303433521701c4c1d3d52176bf3728ccc31f3dbb6	case4	1	ATAAGTACCCGATTGT-1	Normal	8919	2010	113	9	TRUE	0.700627186203446	7.77627177628997	30	36	descriptive only	NA	NA	NA	NA	NA	NA	NA	NA	NA	NA	NA	NA	NA	NA	NA
spatial	figures/stage10e_desc/source_data/Fig10E_DESC_1_case4_spatial_source_data.tsv	452ce84d1ebe64fd247b6ce303433521701c4c1d3d52176bf3728ccc31f3dbb6	case4	1	ATTGGGAGTTCTGTAA-1	Normal	9033	1944	114	8	TRUE	0.591493692607822	7.88803418721791	30	36	descriptive only	NA	NA	NA	NA	NA	NA	NA	NA	NA	NA	NA	NA	NA	NA	NA
spatial	figures/stage10e_desc/source_data/Fig10E_DESC_1_case4_spatial_source_data.tsv	452ce84d1ebe64fd247b6ce303433521701c4c1d3d52176bf3728ccc31f3dbb6	case4	1	CGAACATAGTCAGAAA-1	Normal	8918	1878	115	9	TRUE	0.727752391836516	7.85233252092155	30	36	descriptive only	NA	NA	NA	NA	NA	NA	NA	NA	NA	NA	NA	NA	NA	NA	NA
spatial	figures/stage10e_desc/source_data/Fig10E_DESC_1_case4_spatial_source_data.tsv	452ce84d1ebe64fd247b6ce303433521701c4c1d3d52176bf3728ccc31f3dbb6	case4	1	TAGCTCAGATCCTAGT-1	Normal	9033	1812	116	8	TRUE	0.502433043208607	7.78041138937658	30	36	descriptive only	NA	NA	NA	NA	NA	NA	NA	NA	NA	NA	NA	NA	NA	NA	NA
spatial	figures/stage10e_desc/source_data/Fig10E_DESC_1_case4_spatial_source_data.tsv	452ce84d1ebe64fd247b6ce303433521701c4c1d3d52176bf3728ccc31f3dbb6	case4	1	GTGTCGTATTCACCTT-1	Normal	8918	1747	117	9	TRUE	0.631818501833344	7.84835070718882	30	36	descriptive only	NA	NA	NA	NA	NA	NA	NA	NA	NA	NA	NA	NA	NA	NA	NA
spatial	figures/stage10e_desc/source_data/Fig10E_DESC_1_case4_spatial_source_data.tsv	452ce84d1ebe64fd247b6ce303433521701c4c1d3d52176bf3728ccc31f3dbb6	case4	1	CTCACCGATCCAAACT-1	Normal	9032	1681	118	8	TRUE	0.614734648520099	7.79579951409433	30	36	descriptive only	NA	NA	NA	NA	NA	NA	NA	NA	NA	NA	NA	NA	NA	NA	NA
spatial	figures/stage10e_desc/source_data/Fig10E_DESC_1_case4_spatial_source_data.tsv	452ce84d1ebe64fd247b6ce303433521701c4c1d3d52176bf3728ccc31f3dbb6	case4	1	ATATGTGCACAAACCA-1	Normal	8918	1615	119	9	TRUE	0.606946240507832	7.75690199735204	30	36	descriptive only	NA	NA	NA	NA	NA	NA	NA	NA	NA	NA	NA	NA	NA	NA	NA
spatial	figures/stage10e_desc/source_data/Fig10E_DESC_1_case4_spatial_source_data.tsv	452ce84d1ebe64fd247b6ce303433521701c4c1d3d52176bf3728ccc31f3dbb6	case4	1	CAGTCCAACGCCTTCT-1	Normal	9032	1549	120	8	TRUE	0.67455003828915	7.63096720941751	30	36	descriptive only	NA	NA	NA	NA	NA	NA	NA	NA	NA	NA	NA	NA	NA	NA	NA
spatial	figures/stage10e_desc/source_data/Fig10E_DESC_1_case4_spatial_source_data.tsv	452ce84d1ebe64fd247b6ce303433521701c4c1d3d52176bf3728ccc31f3dbb6	case4	1	TCGTCCGGGTACACTC-1	Normal	8917	1484	121	9	TRUE	0.605242877416238	7.64627579267032	30	36	descriptive only	NA	NA	NA	NA	NA	NA	NA	NA	NA	NA	NA	NA	NA	NA	NA
spatial	figures/stage10e_desc/source_data/Fig10E_DESC_1_case4_spatial_source_data.tsv	452ce84d1ebe64fd247b6ce303433521701c4c1d3d52176bf3728ccc31f3dbb6	case4	1	GACCTGGTCTGGGCGT-1	Adenoma	8827	9445	0	10	TRUE	0.928444807386628	7.82385418487597	30	36	descriptive only	NA	NA	NA	NA	NA	NA	NA	NA	NA	NA	NA	NA	NA	NA	NA
spatial	figures/stage10e_desc/source_data/Fig10E_DESC_1_case4_spatial_source_data.tsv	452ce84d1ebe64fd247b6ce303433521701c4c1d3d52176bf3728ccc31f3dbb6	case4	1	AGCCGCTTGATTAGCG-1	Adenoma	8712	9380	1	11	TRUE	0.97733501527802	7.79493426366728	30	36	descriptive only	NA	NA	NA	NA	NA	NA	NA	NA	NA	NA	NA	NA	NA	NA	NA
spatial	figures/stage10e_desc/source_data/Fig10E_DESC_1_case4_spatial_source_data.tsv	452ce84d1ebe64fd247b6ce303433521701c4c1d3d52176bf3728ccc31f3dbb6	case4	1	CCCGGCTAGGTGAGAA-1	Adenoma	8826	9314	2	10	TRUE	0.951874616634291	7.81448421081759	30	36	descriptive only	NA	NA	NA	NA	NA	NA	NA	NA	NA	NA	NA	NA	NA	NA	NA
spatial	figures/stage10e_desc/source_data/Fig10E_DESC_1_case4_spatial_source_data.tsv	452ce84d1ebe64fd247b6ce303433521701c4c1d3d52176bf3728ccc31f3dbb6	case4	1	CGAGCCGAGCACTCGA-1	Adenoma	8712	9248	3	11	TRUE	0.956330516012484	7.8794444751734	30	36	descriptive only	NA	NA	NA	NA	NA	NA	NA	NA	NA	NA	NA	NA	NA	NA	NA
spatial	figures/stage10e_desc/source_data/Fig10E_DESC_1_case4_spatial_source_data.tsv	452ce84d1ebe64fd247b6ce303433521701c4c1d3d52176bf3728ccc31f3dbb6	case4	1	TAGTGCTTGAATCCTT-1	Adenoma	8826	9182	4	10	TRUE	0.910621003894985	7.82540822699188	30	36	descriptive only	NA	NA	NA	NA	NA	NA	NA	NA	NA	NA	NA	NA	NA	NA	NA
spatial	figures/stage10e_desc/source_data/Fig10E_DESC_1_case4_spatial_source_data.tsv	452ce84d1ebe64fd247b6ce303433521701c4c1d3d52176bf3728ccc31f3dbb6	case4	1	CAACCGCACCTAGACA-1	Adenoma	8711	9117	5	11	TRUE	0.878485953505133	7.82935242198628	30	36	descriptive only	NA	NA	NA	NA	NA	NA	NA	NA	NA	NA	NA	NA	NA	NA	NA
spatial	figures/stage10e_desc/source_data/Fig10E_DESC_1_case4_spatial_source_data.tsv	452ce84d1ebe64fd247b6ce303433521701c4c1d3d52176bf3728ccc31f3dbb6	case4	1	ACCACTGTTCAAGAAG-1	Adenoma	8825	9051	6	10	TRUE	0.920473652663649	7.83703408806943	30	36	descriptive only	NA	NA	NA	NA	NA	NA	NA	NA	NA	NA	NA	NA	NA	NA	NA
spatial	figures/stage10e_desc/source_data/Fig10E_DESC_1_case4_spatial_source_data.tsv	452ce84d1ebe64fd247b6ce303433521701c4c1d3d52176bf3728ccc31f3dbb6	case4	1	AGATGCTATAACGAGC-1	Adenoma	8711	8985	7	11	TRUE	0.856692492080835	7.85402161705164	30	36	descriptive only	NA	NA	NA	NA	NA	NA	NA	NA	NA	NA	NA	NA	NA	NA	NA
spatial	figures/stage10e_desc/source_data/Fig10E_DESC_1_case4_spatial_source_data.tsv	452ce84d1ebe64fd247b6ce303433521701c4c1d3d52176bf3728ccc31f3dbb6	case4	1	AATTACTCGTACGCTC-1	Adenoma	8825	8919	8	10	TRUE	0.932831757117605	7.64412281310506	30	36	descriptive only	NA	NA	NA	NA	NA	NA	NA	NA	NA	NA	NA	NA	NA	NA	NA
spatial	figures/stage10e_desc/source_data/Fig10E_DESC_1_case4_spatial_source_data.tsv	452ce84d1ebe64fd247b6ce303433521701c4c1d3d52176bf3728ccc31f3dbb6	case4	1	CGTCAATCTTTAACAT-1	Adenoma	8710	8854	9	11	TRUE	0.923045428094733	7.83262610130786	30	36	descriptive only	NA	NA	NA	NA	NA	NA	NA	NA	NA	NA	NA	NA	NA	NA	NA
spatial	figures/stage10e_desc/source_data/Fig10E_DESC_1_case4_spatial_source_data.tsv	452ce84d1ebe64fd247b6ce303433521701c4c1d3d52176bf3728ccc31f3dbb6	case4	1	CCAAAGCAGTTGGTTG-1	Adenoma	8825	8787	10	10	TRUE	0.946506618524239	7.78474741421183	30	36	descriptive only	NA	NA	NA	NA	NA	NA	NA	NA	NA	NA	NA	NA	NA	NA	NA
spatial	figures/stage10e_desc/source_data/Fig10E_DESC_1_case4_spatial_source_data.tsv	452ce84d1ebe64fd247b6ce303433521701c4c1d3d52176bf3728ccc31f3dbb6	case4	1	CCATATTGGATCATGA-1	Adenoma	8710	8722	11	11	TRUE	0.849658358754776	7.95782094147682	30	36	descriptive only	NA	NA	NA	NA	NA	NA	NA	NA	NA	NA	NA	NA	NA	NA	NA
spatial	figures/stage10e_desc/source_data/Fig10E_DESC_1_case4_spatial_source_data.tsv	452ce84d1ebe64fd247b6ce303433521701c4c1d3d52176bf3728ccc31f3dbb6	case4	1	CGTACCGAAAGTCTAG-1	Adenoma	8824	8656	12	10	TRUE	0.803415439152825	7.71757825803227	30	36	descriptive only	NA	NA	NA	NA	NA	NA	NA	NA	NA	NA	NA	NA	NA	NA	NA
spatial	figures/stage10e_desc/source_data/Fig10E_DESC_1_case4_spatial_source_data.tsv	452ce84d1ebe64fd247b6ce303433521701c4c1d3d52176bf3728ccc31f3dbb6	case4	1	CTCGAGATCCAAAGCA-1	Adenoma	8710	8590	13	11	TRUE	0.876495794001793	7.87454073221064	30	36	descriptive only	NA	NA	NA	NA	NA	NA	NA	NA	NA	NA	NA	NA	NA	NA	NA
spatial	figures/stage10e_desc/source_data/Fig10E_DESC_1_case4_spatial_source_data.tsv	452ce84d1ebe64fd247b6ce303433521701c4c1d3d52176bf3728ccc31f3dbb6	case4	1	TGGATAGAGTAACAGA-1	Adenoma	8824	8524	14	10	TRUE	0.845719219108362	7.76599552685394	30	36	descriptive only	NA	NA	NA	NA	NA	NA	NA	NA	NA	NA	NA	NA	NA	NA	NA
spatial	figures/stage10e_desc/source_data/Fig10E_DESC_1_case4_spatial_source_data.tsv	452ce84d1ebe64fd247b6ce303433521701c4c1d3d52176bf3728ccc31f3dbb6	case4	1	TCACAGATCCTCAAAC-1	Adenoma	8709	8459	15	11	TRUE	0.868186550594969	7.67440978338403	30	36	descriptive only	NA	NA	NA	NA	NA	NA	NA	NA	NA	NA	NA	NA	NA	NA	NA
spatial	figures/stage10e_desc/source_data/Fig10E_DESC_1_case4_spatial_source_data.tsv	452ce84d1ebe64fd247b6ce303433521701c4c1d3d52176bf3728ccc31f3dbb6	case4	1	AGAGCTACGAAAGCAT-1	Adenoma	8823	8393	16	10	TRUE	0.934166852190774	7.87604844898916	30	36	descriptive only	NA	NA	NA	NA	NA	NA	NA	NA	NA	NA	NA	NA	NA	NA	NA
spatial	figures/stage10e_desc/source_data/Fig10E_DESC_1_case4_spatial_source_data.tsv	452ce84d1ebe64fd247b6ce303433521701c4c1d3d52176bf3728ccc31f3dbb6	case4	1	TGCGTGATTGGGTGTC-1	Adenoma	8709	8327	17	11	TRUE	0.868177707911589	7.69899436869904	30	36	descriptive only	NA	NA	NA	NA	NA	NA	NA	NA	NA	NA	NA	NA	NA	NA	NA
spatial	figures/stage10e_desc/source_data/Fig10E_DESC_1_case4_spatial_source_data.tsv	452ce84d1ebe64fd247b6ce303433521701c4c1d3d52176bf3728ccc31f3dbb6	case4	1	CACATGTTTGGACATG-1	Adenoma	8823	8261	18	10	TRUE	0.904163367531263	7.97549231991763	30	36	descriptive only	NA	NA	NA	NA	NA	NA	NA	NA	NA	NA	NA	NA	NA	NA	NA
spatial	figures/stage10e_desc/source_data/Fig10E_DESC_1_case4_spatial_source_data.tsv	452ce84d1ebe64fd247b6ce303433521701c4c1d3d52176bf3728ccc31f3dbb6	case4	1	TTCGCATCCGGAAGCA-1	Adenoma	8708	8196	19	11	TRUE	0.758132320918468	7.74217654966067	30	36	descriptive only	NA	NA	NA	NA	NA	NA	NA	NA	NA	NA	NA	NA	NA	NA	NA
spatial	figures/stage10e_desc/source_data/Fig10E_DESC_1_case4_spatial_source_data.tsv	452ce84d1ebe64fd247b6ce303433521701c4c1d3d52176bf3728ccc31f3dbb6	case4	1	CCCTAGTGTCAGGTGT-1	Adenoma	8823	8129	20	10	TRUE	0.88702333523379	7.66533070022642	30	36	descriptive only	NA	NA	NA	NA	NA	NA	NA	NA	NA	NA	NA	NA	NA	NA	NA
spatial	figures/stage10e_desc/source_data/Fig10E_DESC_1_case4_spatial_source_data.tsv	452ce84d1ebe64fd247b6ce303433521701c4c1d3d52176bf3728ccc31f3dbb6	case4	1	TTACCGCCTTAGGGAA-1	Adenoma	8708	8064	21	11	TRUE	0.819832788856532	7.77580019912502	30	36	descriptive only	NA	NA	NA	NA	NA	NA	NA	NA	NA	NA	NA	NA	NA	NA	NA
spatial	figures/stage10e_desc/source_data/Fig10E_DESC_1_case4_spatial_source_data.tsv	452ce84d1ebe64fd247b6ce303433521701c4c1d3d52176bf3728ccc31f3dbb6	case4	1	CCAGTCCATTATTCGA-1	Adenoma	8822	7998	22	10	TRUE	0.940008012001179	7.93066535310503	30	36	descriptive only	NA	NA	NA	NA	NA	NA	NA	NA	NA	NA	NA	NA	NA	NA	NA
spatial	figures/stage10e_desc/source_data/Fig10E_DESC_1_case4_spatial_source_data.tsv	452ce84d1ebe64fd247b6ce303433521701c4c1d3d52176bf3728ccc31f3dbb6	case4	1	CGTAAACGCTTGAGTG-1	Adenoma	8708	7932	23	11	TRUE	0.854450024248079	7.63678630379369	30	36	descriptive only	NA	NA	NA	NA	NA	NA	NA	NA	NA	NA	NA	NA	NA	NA	NA
spatial	figures/stage10e_desc/source_data/Fig10E_DESC_1_case4_spatial_source_data.tsv	452ce84d1ebe64fd247b6ce303433521701c4c1d3d52176bf3728ccc31f3dbb6	case4	1	ATTCCTTCCAGGCGGT-1	Adenoma	8822	7866	24	10	TRUE	0.904108618918966	7.62386741281703	30	36	descriptive only	NA	NA	NA	NA	NA	NA	NA	NA	NA	NA	NA	NA	NA	NA	NA
spatial	figures/stage10e_desc/source_data/Fig10E_DESC_1_case4_spatial_source_data.tsv	452ce84d1ebe64fd247b6ce303433521701c4c1d3d52176bf3728ccc31f3dbb6	case4	1	TTCCTTTCTGTGTTGC-1	Adenoma	8707	7801	25	11	TRUE	0.80210150478396	7.93765579196477	30	36	descriptive only	NA	NA	NA	NA	NA	NA	NA	NA	NA	NA	NA	NA	NA	NA	NA
spatial	figures/stage10e_desc/source_data/Fig10E_DESC_1_case4_spatial_source_data.tsv	452ce84d1ebe64fd247b6ce303433521701c4c1d3d52176bf3728ccc31f3dbb6	case4	1	AGTTGACATCGGCTGG-1	Adenoma	8821	7735	26	10	TRUE	0.873522310608634	7.90076919808182	30	36	descriptive only	NA	NA	NA	NA	NA	NA	NA	NA	NA	NA	NA	NA	NA	NA	NA
spatial	figures/stage10e_desc/source_data/Fig10E_DESC_1_case4_spatial_source_data.tsv	452ce84d1ebe64fd247b6ce303433521701c4c1d3d52176bf3728ccc31f3dbb6	case4	1	TCGGTCCCTGACTCCA-1	Normal	8809	3524	90	10	TRUE	0.89868832382017	7.90752244465396	30	36	descriptive only	NA	NA	NA	NA	NA	NA	NA	NA	NA	NA	NA	NA	NA	NA	NA
spatial	figures/stage10e_desc/source_data/Fig10E_DESC_1_case4_spatial_source_data.tsv	452ce84d1ebe64fd247b6ce303433521701c4c1d3d52176bf3728ccc31f3dbb6	case4	1	TGGTTGGAGGATCCTG-1	Normal	8694	3458	91	11	TRUE	0.828366096729536	8.12070540063936	30	36	descriptive only	NA	NA	NA	NA	NA	NA	NA	NA	NA	NA	NA	NA	NA	NA	NA
spatial	figures/stage10e_desc/source_data/Fig10E_DESC_1_case4_spatial_source_data.tsv	452ce84d1ebe64fd247b6ce303433521701c4c1d3d52176bf3728ccc31f3dbb6	case4	1	CTGCGGTAGTCACGTG-1	Normal	8808	3392	92	10	TRUE	0.947982598950343	8.02515727079221	30	36	descriptive only	NA	NA	NA	NA	NA	NA	NA	NA	NA	NA	NA	NA	NA	NA	NA
spatial	figures/stage10e_desc/source_data/Fig10E_DESC_1_case4_spatial_source_data.tsv	452ce84d1ebe64fd247b6ce303433521701c4c1d3d52176bf3728ccc31f3dbb6	case4	1	GTGCCTCAGTGTACGG-1	Normal	8694	3327	93	11	TRUE	0.945724545770164	7.96157734735092	30	36	descriptive only	NA	NA	NA	NA	NA	NA	NA	NA	NA	NA	NA	NA	NA	NA	NA
spatial	figures/stage10e_desc/source_data/Fig10E_DESC_1_case4_spatial_source_data.tsv	452ce84d1ebe64fd247b6ce303433521701c4c1d3d52176bf3728ccc31f3dbb6	case4	1	ATCGTTCACTTTCGCC-1	Normal	8808	3260	94	10	TRUE	0.933399126086266	8.15022930614081	30	36	descriptive only	NA	NA	NA	NA	NA	NA	NA	NA	NA	NA	NA	NA	NA	NA	NA
spatial	figures/stage10e_desc/source_data/Fig10E_DESC_1_case4_spatial_source_data.tsv	452ce84d1ebe64fd247b6ce303433521701c4c1d3d52176bf3728ccc31f3dbb6	case4	1	ACTTACCGGGCGCGCA-1	Normal	8693	3195	95	11	TRUE	0.838564907159306	7.94353752605878	30	36	descriptive only	NA	NA	NA	NA	NA	NA	NA	NA	NA	NA	NA	NA	NA	NA	NA
spatial	figures/stage10e_desc/source_data/Fig10E_DESC_1_case4_spatial_source_data.tsv	452ce84d1ebe64fd247b6ce303433521701c4c1d3d52176bf3728ccc31f3dbb6	case4	1	CTAGACTGCATTTCGT-1	Normal	8808	3129	96	10	TRUE	0.923717691460784	7.99413411595708	30	36	descriptive only	NA	NA	NA	NA	NA	NA	NA	NA	NA	NA	NA	NA	NA	NA	NA
spatial	figures/stage10e_desc/source_data/Fig10E_DESC_1_case4_spatial_source_data.tsv	452ce84d1ebe64fd247b6ce303433521701c4c1d3d52176bf3728ccc31f3dbb6	case4	1	TTGCCGGTGATCCCTC-1	Normal	8693	3063	97	11	TRUE	0.899336705579413	8.12364942442846	30	36	descriptive only	NA	NA	NA	NA	NA	NA	NA	NA	NA	NA	NA	NA	NA	NA	NA
spatial	figures/stage10e_desc/source_data/Fig10E_DESC_1_case4_spatial_source_data.tsv	452ce84d1ebe64fd247b6ce303433521701c4c1d3d52176bf3728ccc31f3dbb6	case4	1	CTGTCACGCCAGGCGC-1	Normal	8807	2997	98	10	TRUE	0.952464874457778	8.0148760304197	30	36	descriptive only	NA	NA	NA	NA	NA	NA	NA	NA	NA	NA	NA	NA	NA	NA	NA
spatial	figures/stage10e_desc/source_data/Fig10E_DESC_1_case4_spatial_source_data.tsv	452ce84d1ebe64fd247b6ce303433521701c4c1d3d52176bf3728ccc31f3dbb6	case4	1	CGGTATAGGTATTAGC-1	Normal	8693	2932	99	11	TRUE	0.942243329378622	7.95134357507597	30	36	descriptive only	NA	NA	NA	NA	NA	NA	NA	NA	NA	NA	NA	NA	NA	NA	NA
spatial	figures/stage10e_desc/source_data/Fig10E_DESC_1_case4_spatial_source_data.tsv	452ce84d1ebe64fd247b6ce303433521701c4c1d3d52176bf3728ccc31f3dbb6	case4	1	CCAACGCTTGCCAGGG-1	Normal	8807	2866	100	10	TRUE	0.9254504905304	8.07812921194826	30	36	descriptive only	NA	NA	NA	NA	NA	NA	NA	NA	NA	NA	NA	NA	NA	NA	NA
spatial	figures/stage10e_desc/source_data/Fig10E_DESC_1_case4_spatial_source_data.tsv	452ce84d1ebe64fd247b6ce303433521701c4c1d3d52176bf3728ccc31f3dbb6	case4	1	CGTTGAGTAATTGCGT-1	Normal	8692	2800	101	11	TRUE	0.903349445845573	8.09508291803217	30	36	descriptive only	NA	NA	NA	NA	NA	NA	NA	NA	NA	NA	NA	NA	NA	NA	NA
spatial	figures/stage10e_desc/source_data/Fig10E_DESC_1_case4_spatial_source_data.tsv	452ce84d1ebe64fd247b6ce303433521701c4c1d3d52176bf3728ccc31f3dbb6	case4	1	TGTATTTACCTAATGC-1	Normal	8807	2734	102	10	TRUE	0.897471957958403	8.29333986293718	30	36	descriptive only	NA	NA	NA	NA	NA	NA	NA	NA	NA	NA	NA	NA	NA	NA	NA
spatial	figures/stage10e_desc/source_data/Fig10E_DESC_1_case4_spatial_source_data.tsv	452ce84d1ebe64fd247b6ce303433521701c4c1d3d52176bf3728ccc31f3dbb6	case4	1	TAAATGCCGTCTCATG-1	Normal	8692	2669	103	11	TRUE	0.940881598142574	8.11328346402242	30	36	descriptive only	NA	NA	NA	NA	NA	NA	NA	NA	NA	NA	NA	NA	NA	NA	NA
spatial	figures/stage10e_desc/source_data/Fig10E_DESC_1_case4_spatial_source_data.tsv	452ce84d1ebe64fd247b6ce303433521701c4c1d3d52176bf3728ccc31f3dbb6	case4	1	CGGTTTATGAAGGAAC-1	Normal	8806	2603	104	10	TRUE	0.932255712314388	8.2989965283864	30	36	descriptive only	NA	NA	NA	NA	NA	NA	NA	NA	NA	NA	NA	NA	NA	NA	NA
spatial	figures/stage10e_desc/source_data/Fig10E_DESC_1_case4_spatial_source_data.tsv	452ce84d1ebe64fd247b6ce303433521701c4c1d3d52176bf3728ccc31f3dbb6	case4	1	GCAAGATGTGTTCGCG-1	Normal	8691	2537	105	11	TRUE	0.904569807761126	8.19776729397829	30	36	descriptive only	NA	NA	NA	NA	NA	NA	NA	NA	NA	NA	NA	NA	NA	NA	NA
spatial	figures/stage10e_desc/source_data/Fig10E_DESC_1_case4_spatial_source_data.tsv	452ce84d1ebe64fd247b6ce303433521701c4c1d3d52176bf3728ccc31f3dbb6	case4	1	AAAGGTAAGCTGTACC-1	Normal	8806	2471	106	10	TRUE	0.829358041268575	8.20053098859735	30	36	descriptive only	NA	NA	NA	NA	NA	NA	NA	NA	NA	NA	NA	NA	NA	NA	NA
spatial	figures/stage10e_desc/source_data/Fig10E_DESC_1_case4_spatial_source_data.tsv	452ce84d1ebe64fd247b6ce303433521701c4c1d3d52176bf3728ccc31f3dbb6	case4	1	GTACGTCACGTATTAA-1	Normal	8691	2405	107	11	TRUE	0.838814573508121	8.07420865077513	30	36	descriptive only	NA	NA	NA	NA	NA	NA	NA	NA	NA	NA	NA	NA	NA	NA	NA
spatial	figures/stage10e_desc/source_data/Fig10E_DESC_1_case4_spatial_source_data.tsv	452ce84d1ebe64fd247b6ce303433521701c4c1d3d52176bf3728ccc31f3dbb6	case4	1	AGTACCTTCGAGTGCT-1	Normal	8805	2339	108	10	TRUE	0.800202226315141	8.0814979757672	30	36	descriptive only	NA	NA	NA	NA	NA	NA	NA	NA	NA	NA	NA	NA	NA	NA	NA
spatial	figures/stage10e_desc/source_data/Fig10E_DESC_1_case4_spatial_source_data.tsv	452ce84d1ebe64fd247b6ce303433521701c4c1d3d52176bf3728ccc31f3dbb6	case4	1	ATTGTGACTTCGCTGC-1	Normal	8691	2274	109	11	TRUE	0.733201475241165	8.03760707478666	30	36	descriptive only	NA	NA	NA	NA	NA	NA	NA	NA	NA	NA	NA	NA	NA	NA	NA
spatial	figures/stage10e_desc/source_data/Fig10E_DESC_1_case4_spatial_source_data.tsv	452ce84d1ebe64fd247b6ce303433521701c4c1d3d52176bf3728ccc31f3dbb6	case4	1	TGTATCAGACTGAAGC-1	Normal	8805	2208	110	10	TRUE	0.563495328883586	7.9868365019918	30	36	descriptive only	NA	NA	NA	NA	NA	NA	NA	NA	NA	NA	NA	NA	NA	NA	NA
spatial	figures/stage10e_desc/source_data/Fig10E_DESC_1_case4_spatial_source_data.tsv	452ce84d1ebe64fd247b6ce303433521701c4c1d3d52176bf3728ccc31f3dbb6	case4	1	GAGACCCTGCAACGCC-1	Normal	8690	2142	111	11	TRUE	0.641840856420168	7.94032427511997	30	36	descriptive only	NA	NA	NA	NA	NA	NA	NA	NA	NA	NA	NA	NA	NA	NA	NA
spatial	figures/stage10e_desc/source_data/Fig10E_DESC_1_case4_spatial_source_data.tsv	452ce84d1ebe64fd247b6ce303433521701c4c1d3d52176bf3728ccc31f3dbb6	case4	1	TGGGTGGGATGTCATT-1	Normal	8805	2076	112	10	TRUE	0.577420168817919	7.84524198524068	30	36	descriptive only	NA	NA	NA	NA	NA	NA	NA	NA	NA	NA	NA	NA	NA	NA	NA
spatial	figures/stage10e_desc/source_data/Fig10E_DESC_1_case4_spatial_source_data.tsv	452ce84d1ebe64fd247b6ce303433521701c4c1d3d52176bf3728ccc31f3dbb6	case4	1	GGCTAATGATTGAAAT-1	Normal	8690	2011	113	11	TRUE	0.666561020319616	7.64602513280003	30	36	descriptive only	NA	NA	NA	NA	NA	NA	NA	NA	NA	NA	NA	NA	NA	NA	NA
spatial	figures/stage10e_desc/source_data/Fig10E_DESC_1_case4_spatial_source_data.tsv	452ce84d1ebe64fd247b6ce303433521701c4c1d3d52176bf3728ccc31f3dbb6	case4	1	ATAACGTTACCTCCAC-1	Normal	8804	1945	114	10	TRUE	0.550339497466695	8.09220778520798	30	36	descriptive only	NA	NA	NA	NA	NA	NA	NA	NA	NA	NA	NA	NA	NA	NA	NA
spatial	figures/stage10e_desc/source_data/Fig10E_DESC_1_case4_spatial_source_data.tsv	452ce84d1ebe64fd247b6ce303433521701c4c1d3d52176bf3728ccc31f3dbb6	case4	1	TGCGAGATGGCGGCCA-1	Normal	8689	1879	115	11	TRUE	0.577617638479321	7.73910294051808	30	36	descriptive only	NA	NA	NA	NA	NA	NA	NA	NA	NA	NA	NA	NA	NA	NA	NA
spatial	figures/stage10e_desc/source_data/Fig10E_DESC_1_case4_spatial_source_data.tsv	452ce84d1ebe64fd247b6ce303433521701c4c1d3d52176bf3728ccc31f3dbb6	case4	1	CACACTTGTATTGCGA-1	Normal	8804	1813	116	10	TRUE	0.676193376974747	7.69513205113281	30	36	descriptive only	NA	NA	NA	NA	NA	NA	NA	NA	NA	NA	NA	NA	NA	NA	NA
spatial	figures/stage10e_desc/source_data/Fig10E_DESC_1_case4_spatial_source_data.tsv	452ce84d1ebe64fd247b6ce303433521701c4c1d3d52176bf3728ccc31f3dbb6	case4	1	GCTGGTGACTCGTAGT-1	Normal	8689	1747	117	11	TRUE	0.625465880396116	7.78914050283076	30	36	descriptive only	NA	NA	NA	NA	NA	NA	NA	NA	NA	NA	NA	NA	NA	NA	NA
spatial	figures/stage10e_desc/source_data/Fig10E_DESC_1_case4_spatial_source_data.tsv	452ce84d1ebe64fd247b6ce303433521701c4c1d3d52176bf3728ccc31f3dbb6	case4	1	CGACACCGCTTAAGGA-1	Normal	8803	1681	118	10	TRUE	0.625893917477189	7.80736339903284	30	36	descriptive only	NA	NA	NA	NA	NA	NA	NA	NA	NA	NA	NA	NA	NA	NA	NA
spatial	figures/stage10e_desc/source_data/Fig10E_DESC_1_case4_spatial_source_data.tsv	452ce84d1ebe64fd247b6ce303433521701c4c1d3d52176bf3728ccc31f3dbb6	case4	1	GTAACAACTGACCTTG-1	Normal	8689	1616	119	11	TRUE	0.629460644771632	7.73260073458815	30	36	descriptive only	NA	NA	NA	NA	NA	NA	NA	NA	NA	NA	NA	NA	NA	NA	NA
spatial	figures/stage10e_desc/source_data/Fig10E_DESC_1_case4_spatial_source_data.tsv	452ce84d1ebe64fd247b6ce303433521701c4c1d3d52176bf3728ccc31f3dbb6	case4	1	CAACTGAGGGTATGAC-1	Normal	8803	1550	120	10	TRUE	0.636873331895159	7.65944260442003	30	36	descriptive only	NA	NA	NA	NA	NA	NA	NA	NA	NA	NA	NA	NA	NA	NA	NA
spatial	figures/stage10e_desc/source_data/Fig10E_DESC_1_case4_spatial_source_data.tsv	452ce84d1ebe64fd247b6ce303433521701c4c1d3d52176bf3728ccc31f3dbb6	case4	1	CTAATTATGAAGCGTA-1	Normal	8688	1484	121	11	TRUE	0.631462674955903	7.68980283162267	30	36	descriptive only	NA	NA	NA	NA	NA	NA	NA	NA	NA	NA	NA	NA	NA	NA	NA
spatial	figures/stage10e_desc/source_data/Fig10E_DESC_1_case4_spatial_source_data.tsv	452ce84d1ebe64fd247b6ce303433521701c4c1d3d52176bf3728ccc31f3dbb6	case4	1	CGTCCAGATGGCTCCA-1	Adenoma	8598	9446	0	12	TRUE	0.906915435271332	7.88293845419672	30	36	descriptive only	NA	NA	NA	NA	NA	NA	NA	NA	NA	NA	NA	NA	NA	NA	NA
spatial	figures/stage10e_desc/source_data/Fig10E_DESC_1_case4_spatial_source_data.tsv	452ce84d1ebe64fd247b6ce303433521701c4c1d3d52176bf3728ccc31f3dbb6	case4	1	ACTATCGCCGGCTAAA-1	Adenoma	8483	9381	1	13	TRUE	0.877255186012996	7.88196866245196	30	36	descriptive only	NA	NA	NA	NA	NA	NA	NA	NA	NA	NA	NA	NA	NA	NA	NA
spatial	figures/stage10e_desc/source_data/Fig10E_DESC_1_case4_spatial_source_data.tsv	452ce84d1ebe64fd247b6ce303433521701c4c1d3d52176bf3728ccc31f3dbb6	case4	1	GATAGCGTACCACGCG-1	Adenoma	8597	9314	2	12	TRUE	0.966746753692514	7.98695417478819	30	36	descriptive only	NA	NA	NA	NA	NA	NA	NA	NA	NA	NA	NA	NA	NA	NA	NA
spatial	figures/stage10e_desc/source_data/Fig10E_DESC_1_case4_spatial_source_data.tsv	452ce84d1ebe64fd247b6ce303433521701c4c1d3d52176bf3728ccc31f3dbb6	case4	1	AGGACTTATAGGAGAA-1	Adenoma	8483	9249	3	13	TRUE	0.948389957904119	7.71225161464599	30	36	descriptive only	NA	NA	NA	NA	NA	NA	NA	NA	NA	NA	NA	NA	NA	NA	NA
spatial	figures/stage10e_desc/source_data/Fig10E_DESC_1_case4_spatial_source_data.tsv	452ce84d1ebe64fd247b6ce303433521701c4c1d3d52176bf3728ccc31f3dbb6	case4	1	TAGTCGGGATTCTTCG-1	Adenoma	8597	9183	4	12	TRUE	0.910060248038901	7.85153885098915	30	36	descriptive only	NA	NA	NA	NA	NA	NA	NA	NA	NA	NA	NA	NA	NA	NA	NA
spatial	figures/stage10e_desc/source_data/Fig10E_DESC_1_case4_spatial_source_data.tsv	452ce84d1ebe64fd247b6ce303433521701c4c1d3d52176bf3728ccc31f3dbb6	case4	1	ACCATTAAGGGTGTCA-1	Adenoma	8482	9117	5	13	TRUE	0.903344953199795	7.93940247677165	30	36	descriptive only	NA	NA	NA	NA	NA	NA	NA	NA	NA	NA	NA	NA	NA	NA	NA
spatial	figures/stage10e_desc/source_data/Fig10E_DESC_1_case4_spatial_source_data.tsv	452ce84d1ebe64fd247b6ce303433521701c4c1d3d52176bf3728ccc31f3dbb6	case4	1	TTAATGTGTTTGCAGG-1	Adenoma	8596	9051	6	12	TRUE	0.840038171650529	7.80749241004743	30	36	descriptive only	NA	NA	NA	NA	NA	NA	NA	NA	NA	NA	NA	NA	NA	NA	NA
spatial	figures/stage10e_desc/source_data/Fig10E_DESC_1_case4_spatial_source_data.tsv	452ce84d1ebe64fd247b6ce303433521701c4c1d3d52176bf3728ccc31f3dbb6	case4	1	TCCGCAGCCACCTAGC-1	Adenoma	8482	8986	7	13	TRUE	0.945919813490051	7.72641151808362	30	36	descriptive only	NA	NA	NA	NA	NA	NA	NA	NA	NA	NA	NA	NA	NA	NA	NA
spatial	figures/stage10e_desc/source_data/Fig10E_DESC_1_case4_spatial_source_data.tsv	452ce84d1ebe64fd247b6ce303433521701c4c1d3d52176bf3728ccc31f3dbb6	case4	1	GAGGAGATCCTCATGC-1	Adenoma	8596	8920	8	12	TRUE	0.912340464007972	7.81724320586448	30	36	descriptive only	NA	NA	NA	NA	NA	NA	NA	NA	NA	NA	NA	NA	NA	NA	NA
spatial	figures/stage10e_desc/source_data/Fig10E_DESC_1_case4_spatial_source_data.tsv	452ce84d1ebe64fd247b6ce303433521701c4c1d3d52176bf3728ccc31f3dbb6	case4	1	GGTCCTTCATACGACT-1	Adenoma	8481	8854	9	13	TRUE	0.817518926149134	7.83160105214949	30	36	descriptive only	NA	NA	NA	NA	NA	NA	NA	NA	NA	NA	NA	NA	NA	NA	NA
spatial	figures/stage10e_desc/source_data/Fig10E_DESC_1_case4_spatial_source_data.tsv	452ce84d1ebe64fd247b6ce303433521701c4c1d3d52176bf3728ccc31f3dbb6	case4	1	CCCTGTTGGCAAAGAC-1	Adenoma	8596	8788	10	12	TRUE	0.872926470529526	7.81364546745996	30	36	descriptive only	NA	NA	NA	NA	NA	NA	NA	NA	NA	NA	NA	NA	NA	NA	NA
spatial	figures/stage10e_desc/source_data/Fig10E_DESC_1_case4_spatial_source_data.tsv	452ce84d1ebe64fd247b6ce303433521701c4c1d3d52176bf3728ccc31f3dbb6	case4	1	GTGCCTAGCTATGCTT-1	Adenoma	8481	8723	11	13	TRUE	0.953473820779731	7.71158159527646	30	36	descriptive only	NA	NA	NA	NA	NA	NA	NA	NA	NA	NA	NA	NA	NA	NA	NA
spatial	figures/stage10e_desc/source_data/Fig10E_DESC_1_case4_spatial_source_data.tsv	452ce84d1ebe64fd247b6ce303433521701c4c1d3d52176bf3728ccc31f3dbb6	case4	1	GTCATCTCCTACAGCT-1	Adenoma	8595	8656	12	12	TRUE	0.897854767821238	7.89524336462744	30	36	descriptive only	NA	NA	NA	NA	NA	NA	NA	NA	NA	NA	NA	NA	NA	NA	NA
spatial	figures/stage10e_desc/source_data/Fig10E_DESC_1_case4_spatial_source_data.tsv	452ce84d1ebe64fd247b6ce303433521701c4c1d3d52176bf3728ccc31f3dbb6	case4	1	GCGAGAAACGGGAGTT-1	Adenoma	8481	8591	13	13	TRUE	0.927996258433324	7.92018972824947	30	36	descriptive only	NA	NA	NA	NA	NA	NA	NA	NA	NA	NA	NA	NA	NA	NA	NA
spatial	figures/stage10e_desc/source_data/Fig10E_DESC_1_case4_spatial_source_data.tsv	452ce84d1ebe64fd247b6ce303433521701c4c1d3d52176bf3728ccc31f3dbb6	case4	1	CGTCGCGGCGGGATTT-1	Adenoma	8595	8525	14	12	TRUE	0.722984406581663	7.85614384468544	30	36	descriptive only	NA	NA	NA	NA	NA	NA	NA	NA	NA	NA	NA	NA	NA	NA	NA
spatial	figures/stage10e_desc/source_data/Fig10E_DESC_1_case4_spatial_source_data.tsv	452ce84d1ebe64fd247b6ce303433521701c4c1d3d52176bf3728ccc31f3dbb6	case4	1	CATTGTGTGCTAGATC-1	Adenoma	8480	8459	15	13	TRUE	0.932310335721476	7.80504751949481	30	36	descriptive only	NA	NA	NA	NA	NA	NA	NA	NA	NA	NA	NA	NA	NA	NA	NA
spatial	figures/stage10e_desc/source_data/Fig10E_DESC_1_case4_spatial_source_data.tsv	452ce84d1ebe64fd247b6ce303433521701c4c1d3d52176bf3728ccc31f3dbb6	case4	1	CGCGGCAGTATTACGG-1	Adenoma	8594	8393	16	12	TRUE	0.900464934719295	7.74829908084409	30	36	descriptive only	NA	NA	NA	NA	NA	NA	NA	NA	NA	NA	NA	NA	NA	NA	NA
spatial	figures/stage10e_desc/source_data/Fig10E_DESC_1_case4_spatial_source_data.tsv	452ce84d1ebe64fd247b6ce303433521701c4c1d3d52176bf3728ccc31f3dbb6	case4	1	GAAATGGGATGTAAAC-1	Adenoma	8480	8328	17	13	TRUE	0.927315120113785	7.91681829895865	30	36	descriptive only	NA	NA	NA	NA	NA	NA	NA	NA	NA	NA	NA	NA	NA	NA	NA
spatial	figures/stage10e_desc/source_data/Fig10E_DESC_1_case4_spatial_source_data.tsv	452ce84d1ebe64fd247b6ce303433521701c4c1d3d52176bf3728ccc31f3dbb6	case4	1	CATTCCCTAAGTACAA-1	Adenoma	8594	8262	18	12	TRUE	0.873863216062177	7.6957691721275	30	36	descriptive only	NA	NA	NA	NA	NA	NA	NA	NA	NA	NA	NA	NA	NA	NA	NA
spatial	figures/stage10e_desc/source_data/Fig10E_DESC_1_case4_spatial_source_data.tsv	452ce84d1ebe64fd247b6ce303433521701c4c1d3d52176bf3728ccc31f3dbb6	case4	1	AGTTCTGCGTTGTATC-1	Adenoma	8479	8196	19	13	TRUE	0.906543440883482	7.8400181067035	30	36	descriptive only	NA	NA	NA	NA	NA	NA	NA	NA	NA	NA	NA	NA	NA	NA	NA
spatial	figures/stage10e_desc/source_data/Fig10E_DESC_1_case4_spatial_source_data.tsv	452ce84d1ebe64fd247b6ce303433521701c4c1d3d52176bf3728ccc31f3dbb6	case4	1	ACCCTATAGGACTGAG-1	Adenoma	8594	8130	20	12	TRUE	0.865707334663544	7.64236043179334	30	36	descriptive only	NA	NA	NA	NA	NA	NA	NA	NA	NA	NA	NA	NA	NA	NA	NA
spatial	figures/stage10e_desc/source_data/Fig10E_DESC_1_case4_spatial_source_data.tsv	452ce84d1ebe64fd247b6ce303433521701c4c1d3d52176bf3728ccc31f3dbb6	case4	1	TTAGATAGGTCGATAC-1	Adenoma	8479	8065	21	13	TRUE	0.954376934738868	7.75683580785081	30	36	descriptive only	NA	NA	NA	NA	NA	NA	NA	NA	NA	NA	NA	NA	NA	NA	NA
spatial	figures/stage10e_desc/source_data/Fig10E_DESC_1_case4_spatial_source_data.tsv	452ce84d1ebe64fd247b6ce303433521701c4c1d3d52176bf3728ccc31f3dbb6	case4	1	ATTGATAGCAACGAGA-1	Adenoma	8593	7999	22	12	TRUE	0.874419507095252	7.57115343819302	30	36	descriptive only	NA	NA	NA	NA	NA	NA	NA	NA	NA	NA	NA	NA	NA	NA	NA
spatial	figures/stage10e_desc/source_data/Fig10E_DESC_1_case4_spatial_source_data.tsv	452ce84d1ebe64fd247b6ce303433521701c4c1d3d52176bf3728ccc31f3dbb6	case4	1	TCTCGGCTCCAGGACT-1	Adenoma	8479	7933	23	13	TRUE	0.967256883394836	7.79444494725883	30	36	descriptive only	NA	NA	NA	NA	NA	NA	NA	NA	NA	NA	NA	NA	NA	NA	NA
spatial	figures/stage10e_desc/source_data/Fig10E_DESC_1_case4_spatial_source_data.tsv	452ce84d1ebe64fd247b6ce303433521701c4c1d3d52176bf3728ccc31f3dbb6	case4	1	CTTGAGGTTATCCCGA-1	Adenoma	8593	7867	24	12	TRUE	0.89449495956366	7.5462175277503	30	36	descriptive only	NA	NA	NA	NA	NA	NA	NA	NA	NA	NA	NA	NA	NA	NA	NA
spatial	figures/stage10e_desc/source_data/Fig10E_DESC_1_case4_spatial_source_data.tsv	452ce84d1ebe64fd247b6ce303433521701c4c1d3d52176bf3728ccc31f3dbb6	case4	1	AACTCCTAATCCCATG-1	Normal	8580	3393	92	12	TRUE	0.930109990755052	8.2225289912695	30	36	descriptive only	NA	NA	NA	NA	NA	NA	NA	NA	NA	NA	NA	NA	NA	NA	NA
spatial	figures/stage10e_desc/source_data/Fig10E_DESC_1_case4_spatial_source_data.tsv	452ce84d1ebe64fd247b6ce303433521701c4c1d3d52176bf3728ccc31f3dbb6	case4	1	GCTCATTACTGCATGT-1	Normal	8465	3327	93	13	TRUE	0.947138897109418	8.13868357575159	30	36	descriptive only	NA	NA	NA	NA	NA	NA	NA	NA	NA	NA	NA	NA	NA	NA	NA
spatial	figures/stage10e_desc/source_data/Fig10E_DESC_1_case4_spatial_source_data.tsv	452ce84d1ebe64fd247b6ce303433521701c4c1d3d52176bf3728ccc31f3dbb6	case4	1	TCTCGAACGAGGTCAC-1	Normal	8579	3261	94	12	TRUE	0.886678845337131	8.10009339562774	30	36	descriptive only	NA	NA	NA	NA	NA	NA	NA	NA	NA	NA	NA	NA	NA	NA	NA
spatial	figures/stage10e_desc/source_data/Fig10E_DESC_1_case4_spatial_source_data.tsv	452ce84d1ebe64fd247b6ce303433521701c4c1d3d52176bf3728ccc31f3dbb6	case4	1	TCACTACGACCAATGC-1	Normal	8464	3196	95	13	TRUE	0.889500388652569	8.22787125811647	30	36	descriptive only	NA	NA	NA	NA	NA	NA	NA	NA	NA	NA	NA	NA	NA	NA	NA
spatial	figures/stage10e_desc/source_data/Fig10E_DESC_1_case4_spatial_source_data.tsv	452ce84d1ebe64fd247b6ce303433521701c4c1d3d52176bf3728ccc31f3dbb6	case4	1	TGCACAGTGAAGTTAT-1	Normal	8578	2866	100	12	TRUE	0.807361839407079	8.02351691815076	30	36	descriptive only	NA	NA	NA	NA	NA	NA	NA	NA	NA	NA	NA	NA	NA	NA	NA
spatial	figures/stage10e_desc/source_data/Fig10E_DESC_1_case4_spatial_source_data.tsv	452ce84d1ebe64fd247b6ce303433521701c4c1d3d52176bf3728ccc31f3dbb6	case4	1	CTATTGTGTTTGGTCA-1	Normal	8463	2801	101	13	TRUE	0.911894224246394	8.02642838023798	30	36	descriptive only	NA	NA	NA	NA	NA	NA	NA	NA	NA	NA	NA	NA	NA	NA	NA
spatial	figures/stage10e_desc/source_data/Fig10E_DESC_1_case4_spatial_source_data.tsv	452ce84d1ebe64fd247b6ce303433521701c4c1d3d52176bf3728ccc31f3dbb6	case4	1	TGCGAGCCCTTCCGCG-1	Normal	8578	2735	102	12	TRUE	0.870928174150254	8.11583445823544	30	36	descriptive only	NA	NA	NA	NA	NA	NA	NA	NA	NA	NA	NA	NA	NA	NA	NA
spatial	figures/stage10e_desc/source_data/Fig10E_DESC_1_case4_spatial_source_data.tsv	452ce84d1ebe64fd247b6ce303433521701c4c1d3d52176bf3728ccc31f3dbb6	case4	1	TTGAAAGGTGTAAAGG-1	Normal	8463	2669	103	13	TRUE	0.841038271013836	7.95867679133955	30	36	descriptive only	NA	NA	NA	NA	NA	NA	NA	NA	NA	NA	NA	NA	NA	NA	NA
spatial	figures/stage10e_desc/source_data/Fig10E_DESC_1_case4_spatial_source_data.tsv	452ce84d1ebe64fd247b6ce303433521701c4c1d3d52176bf3728ccc31f3dbb6	case4	1	GGTGCAGAGCCTATCG-1	Normal	8577	2603	104	12	TRUE	0.770521402508907	8.20134239302731	30	36	descriptive only	NA	NA	NA	NA	NA	NA	NA	NA	NA	NA	NA	NA	NA	NA	NA
spatial	figures/stage10e_desc/source_data/Fig10E_DESC_1_case4_spatial_source_data.tsv	452ce84d1ebe64fd247b6ce303433521701c4c1d3d52176bf3728ccc31f3dbb6	case4	1	ACTATATGCTGTGTTC-1	Normal	8462	2538	105	13	TRUE	0.659168071827023	7.86947526549227	30	36	descriptive only	NA	NA	NA	NA	NA	NA	NA	NA	NA	NA	NA	NA	NA	NA	NA
spatial	figures/stage10e_desc/source_data/Fig10E_DESC_1_case4_spatial_source_data.tsv	452ce84d1ebe64fd247b6ce303433521701c4c1d3d52176bf3728ccc31f3dbb6	case4	1	TCCTGGCGCTGCCTGG-1	Normal	8577	2472	106	12	TRUE	0.689960183910861	8.05708885105351	30	36	descriptive only	NA	NA	NA	NA	NA	NA	NA	NA	NA	NA	NA	NA	NA	NA	NA
spatial	figures/stage10e_desc/source_data/Fig10E_DESC_1_case4_spatial_source_data.tsv	452ce84d1ebe64fd247b6ce303433521701c4c1d3d52176bf3728ccc31f3dbb6	case4	1	GAGCCGAGCGTTTATT-1	Normal	8462	2406	107	13	TRUE	0.801148300807473	7.86117058142906	30	36	descriptive only	NA	NA	NA	NA	NA	NA	NA	NA	NA	NA	NA	NA	NA	NA	NA
spatial	figures/stage10e_desc/source_data/Fig10E_DESC_1_case4_spatial_source_data.tsv	452ce84d1ebe64fd247b6ce303433521701c4c1d3d52176bf3728ccc31f3dbb6	case4	1	AGAATGCGGGTTCGGA-1	Normal	8576	2340	108	12	TRUE	0.717010394502057	8.0205021879656	30	36	descriptive only	NA	NA	NA	NA	NA	NA	NA	NA	NA	NA	NA	NA	NA	NA	NA
spatial	figures/stage10e_desc/source_data/Fig10E_DESC_1_case4_spatial_source_data.tsv	452ce84d1ebe64fd247b6ce303433521701c4c1d3d52176bf3728ccc31f3dbb6	case4	1	ATGCGACAATTGGTCC-1	Normal	8462	2275	109	13	TRUE	0.602616740767491	7.97407628861681	30	36	descriptive only	NA	NA	NA	NA	NA	NA	NA	NA	NA	NA	NA	NA	NA	NA	NA
spatial	figures/stage10e_desc/source_data/Fig10E_DESC_1_case4_spatial_source_data.tsv	452ce84d1ebe64fd247b6ce303433521701c4c1d3d52176bf3728ccc31f3dbb6	case4	1	TTCCGGCTCGACTTCT-1	Normal	8576	2208	110	12	TRUE	0.680789255424508	7.80817166017334	30	36	descriptive only	NA	NA	NA	NA	NA	NA	NA	NA	NA	NA	NA	NA	NA	NA	NA
spatial	figures/stage10e_desc/source_data/Fig10E_DESC_1_case4_spatial_source_data.tsv	452ce84d1ebe64fd247b6ce303433521701c4c1d3d52176bf3728ccc31f3dbb6	case4	1	TGATTATGGCACGCAG-1	Normal	8461	2143	111	13	TRUE	0.413750412786779	7.86468759238192	30	36	descriptive only	NA	NA	NA	NA	NA	NA	NA	NA	NA	NA	NA	NA	NA	NA	NA
spatial	figures/stage10e_desc/source_data/Fig10E_DESC_1_case4_spatial_source_data.tsv	452ce84d1ebe64fd247b6ce303433521701c4c1d3d52176bf3728ccc31f3dbb6	case4	1	GGTTTGACAAGAAGCT-1	Normal	8576	2077	112	12	TRUE	0.709771915921256	7.85061708256624	30	36	descriptive only	NA	NA	NA	NA	NA	NA	NA	NA	NA	NA	NA	NA	NA	NA	NA
spatial	figures/stage10e_desc/source_data/Fig10E_DESC_1_case4_spatial_source_data.tsv	452ce84d1ebe64fd247b6ce303433521701c4c1d3d52176bf3728ccc31f3dbb6	case4	1	GCAGCTATGGACAGGT-1	Normal	8461	2011	113	13	TRUE	0.695684732937424	7.94908690502691	30	36	descriptive only	NA	NA	NA	NA	NA	NA	NA	NA	NA	NA	NA	NA	NA	NA	NA
spatial	figures/stage10e_desc/source_data/Fig10E_DESC_1_case4_spatial_source_data.tsv	452ce84d1ebe64fd247b6ce303433521701c4c1d3d52176bf3728ccc31f3dbb6	case4	1	CACCATGATCGCAAAG-1	Normal	8575	1945	114	12	TRUE	0.638652258286474	7.86726122426931	30	36	descriptive only	NA	NA	NA	NA	NA	NA	NA	NA	NA	NA	NA	NA	NA	NA	NA
spatial	figures/stage10e_desc/source_data/Fig10E_DESC_1_case4_spatial_source_data.tsv	452ce84d1ebe64fd247b6ce303433521701c4c1d3d52176bf3728ccc31f3dbb6	case4	1	GTCGGAAGGATACCAG-1	Normal	8461	1880	115	13	TRUE	0.708685362225043	8.02752903227591	30	36	descriptive only	NA	NA	NA	NA	NA	NA	NA	NA	NA	NA	NA	NA	NA	NA	NA
spatial	figures/stage10e_desc/source_data/Fig10E_DESC_1_case4_spatial_source_data.tsv	452ce84d1ebe64fd247b6ce303433521701c4c1d3d52176bf3728ccc31f3dbb6	case4	1	GGCCCAGTTATCAGCA-1	Normal	8575	1814	116	12	TRUE	0.756679905349984	7.88666320006575	30	36	descriptive only	NA	NA	NA	NA	NA	NA	NA	NA	NA	NA	NA	NA	NA	NA	NA
spatial	figures/stage10e_desc/source_data/Fig10E_DESC_1_case4_spatial_source_data.tsv	452ce84d1ebe64fd247b6ce303433521701c4c1d3d52176bf3728ccc31f3dbb6	case4	1	GGGCCTATTTAAGTAT-1	Normal	8460	1748	117	13	TRUE	0.668150792258529	7.75669742842362	30	36	descriptive only	NA	NA	NA	NA	NA	NA	NA	NA	NA	NA	NA	NA	NA	NA	NA
spatial	figures/stage10e_desc/source_data/Fig10E_DESC_1_case4_spatial_source_data.tsv	452ce84d1ebe64fd247b6ce303433521701c4c1d3d52176bf3728ccc31f3dbb6	case4	1	GTTGTTACATTGCGCT-1	Normal	8574	1682	118	12	TRUE	0.728631254681578	7.72106912944201	30	36	descriptive only	NA	NA	NA	NA	NA	NA	NA	NA	NA	NA	NA	NA	NA	NA	NA
spatial	figures/stage10e_desc/source_data/Fig10E_DESC_1_case4_spatial_source_data.tsv	452ce84d1ebe64fd247b6ce303433521701c4c1d3d52176bf3728ccc31f3dbb6	case4	1	CAACTCCGTAACTTGC-1	Normal	8460	1617	119	13	TRUE	0.784198391535486	7.73934366951252	30	36	descriptive only	NA	NA	NA	NA	NA	NA	NA	NA	NA	NA	NA	NA	NA	NA	NA
spatial	figures/stage10e_desc/source_data/Fig10E_DESC_1_case4_spatial_source_data.tsv	452ce84d1ebe64fd247b6ce303433521701c4c1d3d52176bf3728ccc31f3dbb6	case4	1	GATCTTTGCTCAAAGA-1	Normal	8574	1550	120	12	TRUE	0.580609099789668	7.74551370832705	30	36	descriptive only	NA	NA	NA	NA	NA	NA	NA	NA	NA	NA	NA	NA	NA	NA	NA
spatial	figures/stage10e_desc/source_data/Fig10E_DESC_1_case4_spatial_source_data.tsv	452ce84d1ebe64fd247b6ce303433521701c4c1d3d52176bf3728ccc31f3dbb6	case4	1	TCGCTTAATTACGAAG-1	Normal	8459	1485	121	13	TRUE	0.879904657194122	7.53614294923822	30	36	descriptive only	NA	NA	NA	NA	NA	NA	NA	NA	NA	NA	NA	NA	NA	NA	NA
spatial	figures/stage10e_desc/source_data/Fig10E_DESC_1_case4_spatial_source_data.tsv	452ce84d1ebe64fd247b6ce303433521701c4c1d3d52176bf3728ccc31f3dbb6	case4	1	CGATCATTAGAGGCAC-1	Normal	8574	1419	122	12	TRUE	0.677635879407783	7.88659996163999	30	36	descriptive only	NA	NA	NA	NA	NA	NA	NA	NA	NA	NA	NA	NA	NA	NA	NA
spatial	figures/stage10e_desc/source_data/Fig10E_DESC_1_case4_spatial_source_data.tsv	452ce84d1ebe64fd247b6ce303433521701c4c1d3d52176bf3728ccc31f3dbb6	case4	1	TCGCACTAACGTTTGT-1	Adenoma	8369	9447	0	14	TRUE	0.936547115325561	7.88667409534443	30	36	descriptive only	NA	NA	NA	NA	NA	NA	NA	NA	NA	NA	NA	NA	NA	NA	NA
spatial	figures/stage10e_desc/source_data/Fig10E_DESC_1_case4_spatial_source_data.tsv	452ce84d1ebe64fd247b6ce303433521701c4c1d3d52176bf3728ccc31f3dbb6	case4	1	CACGTCGGGTTCTAGA-1	Adenoma	8254	9381	1	15	TRUE	0.864961329812044	7.69668567480484	30	36	descriptive only	NA	NA	NA	NA	NA	NA	NA	NA	NA	NA	NA	NA	NA	NA	NA
spatial	figures/stage10e_desc/source_data/Fig10E_DESC_1_case4_spatial_source_data.tsv	452ce84d1ebe64fd247b6ce303433521701c4c1d3d52176bf3728ccc31f3dbb6	case4	1	GGAGTACACATGAGCT-1	Adenoma	8368	9315	2	14	TRUE	0.900579516893225	7.73282787093214	30	36	descriptive only	NA	NA	NA	NA	NA	NA	NA	NA	NA	NA	NA	NA	NA	NA	NA
spatial	figures/stage10e_desc/source_data/Fig10E_DESC_1_case4_spatial_source_data.tsv	452ce84d1ebe64fd247b6ce303433521701c4c1d3d52176bf3728ccc31f3dbb6	case4	1	GTGTGTCGACGTCGCT-1	Adenoma	8254	9250	3	15	TRUE	0.888574704471809	7.81586055673804	30	36	descriptive only	NA	NA	NA	NA	NA	NA	NA	NA	NA	NA	NA	NA	NA	NA	NA
spatial	figures/stage10e_desc/source_data/Fig10E_DESC_1_case4_spatial_source_data.tsv	452ce84d1ebe64fd247b6ce303433521701c4c1d3d52176bf3728ccc31f3dbb6	case4	1	GAAGCTCTTTGCTTAG-1	Adenoma	8368	9184	4	14	TRUE	0.894077597176227	7.80840729440459	30	36	descriptive only	NA	NA	NA	NA	NA	NA	NA	NA	NA	NA	NA	NA	NA	NA	NA
spatial	figures/stage10e_desc/source_data/Fig10E_DESC_1_case4_spatial_source_data.tsv	452ce84d1ebe64fd247b6ce303433521701c4c1d3d52176bf3728ccc31f3dbb6	case4	1	ACACCGAGCGCTCTTT-1	Adenoma	8253	9118	5	15	TRUE	0.862017086030372	7.88133881276942	30	36	descriptive only	NA	NA	NA	NA	NA	NA	NA	NA	NA	NA	NA	NA	NA	NA	NA
spatial	figures/stage10e_desc/source_data/Fig10E_DESC_1_case4_spatial_source_data.tsv	452ce84d1ebe64fd247b6ce303433521701c4c1d3d52176bf3728ccc31f3dbb6	case4	1	CGTAATAATTACGAGT-1	Adenoma	8367	9052	6	14	TRUE	0.97131382978172	7.74425625284557	30	36	descriptive only	NA	NA	NA	NA	NA	NA	NA	NA	NA	NA	NA	NA	NA	NA	NA
spatial	figures/stage10e_desc/source_data/Fig10E_DESC_1_case4_spatial_source_data.tsv	452ce84d1ebe64fd247b6ce303433521701c4c1d3d52176bf3728ccc31f3dbb6	case4	1	CATCAACACCTACTAA-1	Adenoma	8253	8986	7	15	TRUE	0.811286599977383	7.81906536788792	30	36	descriptive only	NA	NA	NA	NA	NA	NA	NA	NA	NA	NA	NA	NA	NA	NA	NA
spatial	figures/stage10e_desc/source_data/Fig10E_DESC_1_case4_spatial_source_data.tsv	452ce84d1ebe64fd247b6ce303433521701c4c1d3d52176bf3728ccc31f3dbb6	case4	1	CCAAGTTTCTACAGAT-1	Adenoma	8367	8920	8	14	TRUE	0.850380620325797	7.78833665696313	30	36	descriptive only	NA	NA	NA	NA	NA	NA	NA	NA	NA	NA	NA	NA	NA	NA	NA
spatial	figures/stage10e_desc/source_data/Fig10E_DESC_1_case4_spatial_source_data.tsv	452ce84d1ebe64fd247b6ce303433521701c4c1d3d52176bf3728ccc31f3dbb6	case4	1	ACGGGTCATGTGACTT-1	Adenoma	8252	8855	9	15	TRUE	0.918674491810679	7.85852029627538	30	36	descriptive only	NA	NA	NA	NA	NA	NA	NA	NA	NA	NA	NA	NA	NA	NA	NA
spatial	figures/stage10e_desc/source_data/Fig10E_DESC_1_case4_spatial_source_data.tsv	452ce84d1ebe64fd247b6ce303433521701c4c1d3d52176bf3728ccc31f3dbb6	case4	1	AGTGTGCTAAGATCGC-1	Adenoma	8367	8789	10	14	TRUE	0.917850733247788	7.90459267972854	30	36	descriptive only	NA	NA	NA	NA	NA	NA	NA	NA	NA	NA	NA	NA	NA	NA	NA
spatial	figures/stage10e_desc/source_data/Fig10E_DESC_1_case4_spatial_source_data.tsv	452ce84d1ebe64fd247b6ce303433521701c4c1d3d52176bf3728ccc31f3dbb6	case4	1	GGCGGTTTGCCGGTGC-1	Adenoma	8252	8723	11	15	TRUE	0.687990133626593	7.80884546026129	30	36	descriptive only	NA	NA	NA	NA	NA	NA	NA	NA	NA	NA	NA	NA	NA	NA	NA
spatial	figures/stage10e_desc/source_data/Fig10E_DESC_1_case4_spatial_source_data.tsv	452ce84d1ebe64fd247b6ce303433521701c4c1d3d52176bf3728ccc31f3dbb6	case4	1	GTATAATCTCCCGGAT-1	Adenoma	8366	8657	12	14	TRUE	0.932514577644094	7.61882698526728	30	36	descriptive only	NA	NA	NA	NA	NA	NA	NA	NA	NA	NA	NA	NA	NA	NA	NA
spatial	figures/stage10e_desc/source_data/Fig10E_DESC_1_case4_spatial_source_data.tsv	452ce84d1ebe64fd247b6ce303433521701c4c1d3d52176bf3728ccc31f3dbb6	case4	1	TAGTCCGTATGCATAA-1	Adenoma	8252	8592	13	15	TRUE	0.9109725380445	7.88754708438573	30	36	descriptive only	NA	NA	NA	NA	NA	NA	NA	NA	NA	NA	NA	NA	NA	NA	NA
spatial	figures/stage10e_desc/source_data/Fig10E_DESC_1_case4_spatial_source_data.tsv	452ce84d1ebe64fd247b6ce303433521701c4c1d3d52176bf3728ccc31f3dbb6	case4	1	CACTTCGTCTTATCTC-1	Adenoma	8366	8526	14	14	TRUE	0.934113904897788	7.8962916452009	30	36	descriptive only	NA	NA	NA	NA	NA	NA	NA	NA	NA	NA	NA	NA	NA	NA	NA
spatial	figures/stage10e_desc/source_data/Fig10E_DESC_1_case4_spatial_source_data.tsv	452ce84d1ebe64fd247b6ce303433521701c4c1d3d52176bf3728ccc31f3dbb6	case4	1	CATCCGCAGGCCCGAA-1	Adenoma	8251	8460	15	15	TRUE	0.813731099097597	7.71075192340574	30	36	descriptive only	NA	NA	NA	NA	NA	NA	NA	NA	NA	NA	NA	NA	NA	NA	NA
spatial	figures/stage10e_desc/source_data/Fig10E_DESC_1_case4_spatial_source_data.tsv	452ce84d1ebe64fd247b6ce303433521701c4c1d3d52176bf3728ccc31f3dbb6	case4	1	CCCTGATGTAACTCGT-1	Adenoma	8366	8394	16	14	TRUE	0.926746447083173	7.86514942045717	30	36	descriptive only	NA	NA	NA	NA	NA	NA	NA	NA	NA	NA	NA	NA	NA	NA	NA
spatial	figures/stage10e_desc/source_data/Fig10E_DESC_1_case4_spatial_source_data.tsv	452ce84d1ebe64fd247b6ce303433521701c4c1d3d52176bf3728ccc31f3dbb6	case4	1	CCATAGTCAGTAACCC-1	Adenoma	8251	8329	17	15	TRUE	0.741736290578337	7.88037159761845	30	36	descriptive only	NA	NA	NA	NA	NA	NA	NA	NA	NA	NA	NA	NA	NA	NA	NA
spatial	figures/stage10e_desc/source_data/Fig10E_DESC_1_case4_spatial_source_data.tsv	452ce84d1ebe64fd247b6ce303433521701c4c1d3d52176bf3728ccc31f3dbb6	case4	1	CGGGCCATAGCCGCAC-1	Adenoma	8365	8262	18	14	TRUE	0.88341188596499	7.87876949862347	30	36	descriptive only	NA	NA	NA	NA	NA	NA	NA	NA	NA	NA	NA	NA	NA	NA	NA
spatial	figures/stage10e_desc/source_data/Fig10E_DESC_1_case4_spatial_source_data.tsv	452ce84d1ebe64fd247b6ce303433521701c4c1d3d52176bf3728ccc31f3dbb6	case4	1	CTCCGGCTTGTAGACA-1	Adenoma	8250	8197	19	15	TRUE	0.944075933693479	7.8664320938597	30	36	descriptive only	NA	NA	NA	NA	NA	NA	NA	NA	NA	NA	NA	NA	NA	NA	NA
spatial	figures/stage10e_desc/source_data/Fig10E_DESC_1_case4_spatial_source_data.tsv	452ce84d1ebe64fd247b6ce303433521701c4c1d3d52176bf3728ccc31f3dbb6	case4	1	AACTTGCGTTCTCGCG-1	Adenoma	8365	8131	20	14	TRUE	0.875714568226469	7.9253461522301	30	36	descriptive only	NA	NA	NA	NA	NA	NA	NA	NA	NA	NA	NA	NA	NA	NA	NA
spatial	figures/stage10e_desc/source_data/Fig10E_DESC_1_case4_spatial_source_data.tsv	452ce84d1ebe64fd247b6ce303433521701c4c1d3d52176bf3728ccc31f3dbb6	case4	1	AATGAGTTCGCATATG-1	Adenoma	8250	8065	21	15	TRUE	0.914253054958615	7.752043568269	30	36	descriptive only	NA	NA	NA	NA	NA	NA	NA	NA	NA	NA	NA	NA	NA	NA	NA
spatial	figures/stage10e_desc/source_data/Fig10E_DESC_1_case4_spatial_source_data.tsv	452ce84d1ebe64fd247b6ce303433521701c4c1d3d52176bf3728ccc31f3dbb6	case4	1	CGAGGCCAGGCATTGG-1	Adenoma	8364	7999	22	14	TRUE	0.892673914993995	7.67715756505072	30	36	descriptive only	NA	NA	NA	NA	NA	NA	NA	NA	NA	NA	NA	NA	NA	NA	NA
spatial	figures/stage10e_desc/source_data/Fig10E_DESC_1_case4_spatial_source_data.tsv	452ce84d1ebe64fd247b6ce303433521701c4c1d3d52176bf3728ccc31f3dbb6	case4	1	TCTGCGTCCGGTTTCT-1	Adenoma	8250	7934	23	15	TRUE	0.888528741259888	7.78600623785672	30	36	descriptive only	NA	NA	NA	NA	NA	NA	NA	NA	NA	NA	NA	NA	NA	NA	NA
spatial	figures/stage10e_desc/source_data/Fig10E_DESC_1_case4_spatial_source_data.tsv	452ce84d1ebe64fd247b6ce303433521701c4c1d3d52176bf3728ccc31f3dbb6	case4	1	TGCAATTTGGGCACGG-1	Normal	8348	2604	104	14	TRUE	0.741277636115246	7.74853261974865	30	36	descriptive only	NA	NA	NA	NA	NA	NA	NA	NA	NA	NA	NA	NA	NA	NA	NA
spatial	figures/stage10e_desc/source_data/Fig10E_DESC_1_case4_spatial_source_data.tsv	452ce84d1ebe64fd247b6ce303433521701c4c1d3d52176bf3728ccc31f3dbb6	case4	1	GCTGGACCCAAAGTGG-1	Normal	8348	2472	106	14	TRUE	0.918481778571629	7.73052671343094	30	36	descriptive only	NA	NA	NA	NA	NA	NA	NA	NA	NA	NA	NA	NA	NA	NA	NA
spatial	figures/stage10e_desc/source_data/Fig10E_DESC_1_case4_spatial_source_data.tsv	452ce84d1ebe64fd247b6ce303433521701c4c1d3d52176bf3728ccc31f3dbb6	case4	1	ATTCCTAAGACGTGGA-1	Normal	8233	2407	107	15	TRUE	0.889290346656437	7.70387629954234	30	36	descriptive only	NA	NA	NA	NA	NA	NA	NA	NA	NA	NA	NA	NA	NA	NA	NA
spatial	figures/stage10e_desc/source_data/Fig10E_DESC_1_case4_spatial_source_data.tsv	452ce84d1ebe64fd247b6ce303433521701c4c1d3d52176bf3728ccc31f3dbb6	case4	1	TCCGGAGGAAGGGCTG-1	Normal	8347	2341	108	14	TRUE	0.861301928602986	7.74756690952271	30	36	descriptive only	NA	NA	NA	NA	NA	NA	NA	NA	NA	NA	NA	NA	NA	NA	NA
spatial	figures/stage10e_desc/source_data/Fig10E_DESC_1_case4_spatial_source_data.tsv	452ce84d1ebe64fd247b6ce303433521701c4c1d3d52176bf3728ccc31f3dbb6	case4	1	TCGGTGACCGCTCCGG-1	Normal	8233	2275	109	15	TRUE	0.861618308595858	7.63091690642432	30	36	descriptive only	NA	NA	NA	NA	NA	NA	NA	NA	NA	NA	NA	NA	NA	NA	NA
spatial	figures/stage10e_desc/source_data/Fig10E_DESC_1_case4_spatial_source_data.tsv	452ce84d1ebe64fd247b6ce303433521701c4c1d3d52176bf3728ccc31f3dbb6	case4	1	TCCGAAGTAGTCACCA-1	Normal	8347	2209	110	14	TRUE	0.649912988089597	7.72705597125655	30	36	descriptive only	NA	NA	NA	NA	NA	NA	NA	NA	NA	NA	NA	NA	NA	NA	NA
spatial	figures/stage10e_desc/source_data/Fig10E_DESC_1_case4_spatial_source_data.tsv	452ce84d1ebe64fd247b6ce303433521701c4c1d3d52176bf3728ccc31f3dbb6	case4	1	CATGTAGGAGCGCCAA-1	Normal	8232	2144	111	15	TRUE	0.868637024617583	7.67091577266225	30	36	descriptive only	NA	NA	NA	NA	NA	NA	NA	NA	NA	NA	NA	NA	NA	NA	NA
spatial	figures/stage10e_desc/source_data/Fig10E_DESC_1_case4_spatial_source_data.tsv	452ce84d1ebe64fd247b6ce303433521701c4c1d3d52176bf3728ccc31f3dbb6	case4	1	CACAAGAAAGATATTA-1	Normal	8347	2078	112	14	TRUE	0.880686804287085	7.69247055088782	30	36	descriptive only	NA	NA	NA	NA	NA	NA	NA	NA	NA	NA	NA	NA	NA	NA	NA
spatial	figures/stage10e_desc/source_data/Fig10E_DESC_1_case4_spatial_source_data.tsv	452ce84d1ebe64fd247b6ce303433521701c4c1d3d52176bf3728ccc31f3dbb6	case4	1	AGGGTCAGTAACCCTA-1	Normal	8232	2012	113	15	TRUE	0.871176291506084	7.61176628624649	30	36	descriptive only	NA	NA	NA	NA	NA	NA	NA	NA	NA	NA	NA	NA	NA	NA	NA
spatial	figures/stage10e_desc/source_data/Fig10E_DESC_1_case4_spatial_source_data.tsv	452ce84d1ebe64fd247b6ce303433521701c4c1d3d52176bf3728ccc31f3dbb6	case4	1	TAAGCCCTTACGACCA-1	Normal	8346	1946	114	14	TRUE	0.836017240866033	7.64570800585807	30	36	descriptive only	NA	NA	NA	NA	NA	NA	NA	NA	NA	NA	NA	NA	NA	NA	NA
spatial	figures/stage10e_desc/source_data/Fig10E_DESC_1_case4_spatial_source_data.tsv	452ce84d1ebe64fd247b6ce303433521701c4c1d3d52176bf3728ccc31f3dbb6	case4	1	ATACCGTCATCCATAA-1	Normal	8232	1880	115	15	TRUE	0.950789058562669	7.4855760559504	30	36	descriptive only	NA	NA	NA	NA	NA	NA	NA	NA	NA	NA	NA	NA	NA	NA	NA
spatial	figures/stage10e_desc/source_data/Fig10E_DESC_1_case4_spatial_source_data.tsv	452ce84d1ebe64fd247b6ce303433521701c4c1d3d52176bf3728ccc31f3dbb6	case4	1	GGACGTCCATAGTTGG-1	Normal	8346	1814	116	14	TRUE	0.809617092177021	7.70863426785956	30	36	descriptive only	NA	NA	NA	NA	NA	NA	NA	NA	NA	NA	NA	NA	NA	NA	NA
spatial	figures/stage10e_desc/source_data/Fig10E_DESC_1_case4_spatial_source_data.tsv	452ce84d1ebe64fd247b6ce303433521701c4c1d3d52176bf3728ccc31f3dbb6	case4	1	CATCAAACTGGCGCCC-1	Normal	8231	1749	117	15	TRUE	0.857886395435622	7.56026078334716	30	36	descriptive only	NA	NA	NA	NA	NA	NA	NA	NA	NA	NA	NA	NA	NA	NA	NA
spatial	figures/stage10e_desc/source_data/Fig10E_DESC_1_case4_spatial_source_data.tsv	452ce84d1ebe64fd247b6ce303433521701c4c1d3d52176bf3728ccc31f3dbb6	case4	1	AAACGTGTTCGCCCTA-1	Normal	8345	1683	118	14	TRUE	0.910818701366979	7.63188154149398	30	36	descriptive only	NA	NA	NA	NA	NA	NA	NA	NA	NA	NA	NA	NA	NA	NA	NA
spatial	figures/stage10e_desc/source_data/Fig10E_DESC_1_case4_spatial_source_data.tsv	452ce84d1ebe64fd247b6ce303433521701c4c1d3d52176bf3728ccc31f3dbb6	case4	1	AAATTGGTGAGAAGCA-1	Normal	8231	1617	119	15	TRUE	0.921053709034767	7.53489751269841	30	36	descriptive only	NA	NA	NA	NA	NA	NA	NA	NA	NA	NA	NA	NA	NA	NA	NA
spatial	figures/stage10e_desc/source_data/Fig10E_DESC_1_case4_spatial_source_data.tsv	452ce84d1ebe64fd247b6ce303433521701c4c1d3d52176bf3728ccc31f3dbb6	case4	1	GGTCATTGTAGTCATA-1	Normal	8345	1551	120	14	TRUE	0.868127696563108	7.57106052350572	30	36	descriptive only	NA	NA	NA	NA	NA	NA	NA	NA	NA	NA	NA	NA	NA	NA	NA
spatial	figures/stage10e_desc/source_data/Fig10E_DESC_1_case4_spatial_source_data.tsv	452ce84d1ebe64fd247b6ce303433521701c4c1d3d52176bf3728ccc31f3dbb6	case4	1	TGCAGTGAGGCTCGGG-1	Normal	8230	1486	121	15	TRUE	0.962763671177662	7.63601525511201	30	36	descriptive only	NA	NA	NA	NA	NA	NA	NA	NA	NA	NA	NA	NA	NA	NA	NA
spatial	figures/stage10e_desc/source_data/Fig10E_DESC_1_case4_spatial_source_data.tsv	452ce84d1ebe64fd247b6ce303433521701c4c1d3d52176bf3728ccc31f3dbb6	case4	1	GAACATTAGTATGTTA-1	Normal	8345	1420	122	14	TRUE	0.676636406861838	7.6280890534547	30	36	descriptive only	NA	NA	NA	NA	NA	NA	NA	NA	NA	NA	NA	NA	NA	NA	NA
spatial	figures/stage10e_desc/source_data/Fig10E_DESC_1_case4_spatial_source_data.tsv	452ce84d1ebe64fd247b6ce303433521701c4c1d3d52176bf3728ccc31f3dbb6	case4	1	GGTTTGCGAACACGTA-1	Normal	8230	1354	123	15	TRUE	0.795873460457349	7.66500888153496	30	36	descriptive only	NA	NA	NA	NA	NA	NA	NA	NA	NA	NA	NA	NA	NA	NA	NA
spatial	figures/stage10e_desc/source_data/Fig10E_DESC_1_case4_spatial_source_data.tsv	452ce84d1ebe64fd247b6ce303433521701c4c1d3d52176bf3728ccc31f3dbb6	case4	1	TAGAAACACAATAGTG-1	Adenoma	8140	9447	0	16	TRUE	0.989704836244039	7.82879866562642	30	36	descriptive only	NA	NA	NA	NA	NA	NA	NA	NA	NA	NA	NA	NA	NA	NA	NA
spatial	figures/stage10e_desc/source_data/Fig10E_DESC_1_case4_spatial_source_data.tsv	452ce84d1ebe64fd247b6ce303433521701c4c1d3d52176bf3728ccc31f3dbb6	case4	1	CAGTAGATGATGTCCG-1	Adenoma	8025	9382	1	17	TRUE	0.955594930084835	7.84550327862317	30	36	descriptive only	NA	NA	NA	NA	NA	NA	NA	NA	NA	NA	NA	NA	NA	NA	NA
spatial	figures/stage10e_desc/source_data/Fig10E_DESC_1_case4_spatial_source_data.tsv	452ce84d1ebe64fd247b6ce303433521701c4c1d3d52176bf3728ccc31f3dbb6	case4	1	TCTTAACTCGGATGTA-1	Adenoma	8139	9316	2	16	TRUE	0.751901320427248	7.86505307853227	30	36	descriptive only	NA	NA	NA	NA	NA	NA	NA	NA	NA	NA	NA	NA	NA	NA	NA
spatial	figures/stage10e_desc/source_data/Fig10E_DESC_1_case4_spatial_source_data.tsv	452ce84d1ebe64fd247b6ce303433521701c4c1d3d52176bf3728ccc31f3dbb6	case4	1	TACATCTTGTTTCTTG-1	Adenoma	8025	9250	3	17	TRUE	0.889801551676977	7.69675736975276	30	36	descriptive only	NA	NA	NA	NA	NA	NA	NA	NA	NA	NA	NA	NA	NA	NA	NA
spatial	figures/stage10e_desc/source_data/Fig10E_DESC_1_case4_spatial_source_data.tsv	452ce84d1ebe64fd247b6ce303433521701c4c1d3d52176bf3728ccc31f3dbb6	case4	1	TTCATAGGGTGTCCAT-1	Adenoma	8139	9184	4	16	TRUE	0.868739662311985	7.84427335823086	30	36	descriptive only	NA	NA	NA	NA	NA	NA	NA	NA	NA	NA	NA	NA	NA	NA	NA
spatial	figures/stage10e_desc/source_data/Fig10E_DESC_1_case4_spatial_source_data.tsv	452ce84d1ebe64fd247b6ce303433521701c4c1d3d52176bf3728ccc31f3dbb6	case4	1	TGAAGTAGCTTACGGA-1	Adenoma	8024	9119	5	17	TRUE	0.876419426715849	7.97085843437618	30	36	descriptive only	NA	NA	NA	NA	NA	NA	NA	NA	NA	NA	NA	NA	NA	NA	NA
spatial	figures/stage10e_desc/source_data/Fig10E_DESC_1_case4_spatial_source_data.tsv	452ce84d1ebe64fd247b6ce303433521701c4c1d3d52176bf3728ccc31f3dbb6	case4	1	GCACAAGTGGATCATA-1	Adenoma	8139	9053	6	16	TRUE	0.809424426410277	7.85996084683829	30	36	descriptive only	NA	NA	NA	NA	NA	NA	NA	NA	NA	NA	NA	NA	NA	NA	NA
spatial	figures/stage10e_desc/source_data/Fig10E_DESC_1_case4_spatial_source_data.tsv	452ce84d1ebe64fd247b6ce303433521701c4c1d3d52176bf3728ccc31f3dbb6	case4	1	GGGCGAATTTCTCCAC-1	Adenoma	8024	8987	7	17	TRUE	0.987340213845435	7.88012722334598	30	36	descriptive only	NA	NA	NA	NA	NA	NA	NA	NA	NA	NA	NA	NA	NA	NA	NA
spatial	figures/stage10e_desc/source_data/Fig10E_DESC_1_case4_spatial_source_data.tsv	452ce84d1ebe64fd247b6ce303433521701c4c1d3d52176bf3728ccc31f3dbb6	case4	1	ATGTTCCTGCCCACCT-1	Adenoma	8138	8921	8	16	TRUE	0.856114228177775	7.73126244309587	30	36	descriptive only	NA	NA	NA	NA	NA	NA	NA	NA	NA	NA	NA	NA	NA	NA	NA
spatial	figures/stage10e_desc/source_data/Fig10E_DESC_1_case4_spatial_source_data.tsv	452ce84d1ebe64fd247b6ce303433521701c4c1d3d52176bf3728ccc31f3dbb6	case4	1	GCTCAACCTCTTAGAG-1	Adenoma	8023	8856	9	17	TRUE	0.852725354634703	7.77988286585382	30	36	descriptive only	NA	NA	NA	NA	NA	NA	NA	NA	NA	NA	NA	NA	NA	NA	NA
spatial	figures/stage10e_desc/source_data/Fig10E_DESC_1_case4_spatial_source_data.tsv	452ce84d1ebe64fd247b6ce303433521701c4c1d3d52176bf3728ccc31f3dbb6	case4	1	ATAGCTGCTCTTGTTA-1	Adenoma	8138	8789	10	16	TRUE	0.802710248014676	7.75216640553158	30	36	descriptive only	NA	NA	NA	NA	NA	NA	NA	NA	NA	NA	NA	NA	NA	NA	NA
spatial	figures/stage10e_desc/source_data/Fig10E_DESC_1_case4_spatial_source_data.tsv	452ce84d1ebe64fd247b6ce303433521701c4c1d3d52176bf3728ccc31f3dbb6	case4	1	CGTCAGCTATTTACTC-1	Adenoma	8023	8724	11	17	TRUE	0.897714166580344	7.68829520370756	30	36	descriptive only	NA	NA	NA	NA	NA	NA	NA	NA	NA	NA	NA	NA	NA	NA	NA
spatial	figures/stage10e_desc/source_data/Fig10E_DESC_1_case4_spatial_source_data.tsv	452ce84d1ebe64fd247b6ce303433521701c4c1d3d52176bf3728ccc31f3dbb6	case4	1	ATCTGATAGTGTCTTA-1	Adenoma	8137	8658	12	16	TRUE	0.817624625086607	7.74826210738689	30	36	descriptive only	NA	NA	NA	NA	NA	NA	NA	NA	NA	NA	NA	NA	NA	NA	NA
spatial	figures/stage10e_desc/source_data/Fig10E_DESC_1_case4_spatial_source_data.tsv	452ce84d1ebe64fd247b6ce303433521701c4c1d3d52176bf3728ccc31f3dbb6	case4	1	TGCACTATGTGAGTGC-1	Adenoma	8023	8592	13	17	TRUE	0.930594773255553	7.7084454946374	30	36	descriptive only	NA	NA	NA	NA	NA	NA	NA	NA	NA	NA	NA	NA	NA	NA	NA
spatial	figures/stage10e_desc/source_data/Fig10E_DESC_1_case4_spatial_source_data.tsv	452ce84d1ebe64fd247b6ce303433521701c4c1d3d52176bf3728ccc31f3dbb6	case4	1	CCGACAAACACATGAG-1	Adenoma	8137	8526	14	16	TRUE	0.908762722318418	7.58830036903027	30	36	descriptive only	NA	NA	NA	NA	NA	NA	NA	NA	NA	NA	NA	NA	NA	NA	NA
spatial	figures/stage10e_desc/source_data/Fig10E_DESC_1_case4_spatial_source_data.tsv	452ce84d1ebe64fd247b6ce303433521701c4c1d3d52176bf3728ccc31f3dbb6	case4	1	GCCTTGTATATGCAGT-1	Adenoma	8022	8461	15	17	TRUE	0.844934360890329	7.46029024493084	30	36	descriptive only	NA	NA	NA	NA	NA	NA	NA	NA	NA	NA	NA	NA	NA	NA	NA
spatial	figures/stage10e_desc/source_data/Fig10E_DESC_1_case4_spatial_source_data.tsv	452ce84d1ebe64fd247b6ce303433521701c4c1d3d52176bf3728ccc31f3dbb6	case4	1	ATAATACCGTTAGCCG-1	Adenoma	8137	8395	16	16	TRUE	0.918850130043263	7.72324249500916	30	36	descriptive only	NA	NA	NA	NA	NA	NA	NA	NA	NA	NA	NA	NA	NA	NA	NA
spatial	figures/stage10e_desc/source_data/Fig10E_DESC_1_case4_spatial_source_data.tsv	452ce84d1ebe64fd247b6ce303433521701c4c1d3d52176bf3728ccc31f3dbb6	case4	1	ACACTCCAATGTCACT-1	Adenoma	8022	8329	17	17	TRUE	0.873320485365341	7.76215715422439	30	36	descriptive only	NA	NA	NA	NA	NA	NA	NA	NA	NA	NA	NA	NA	NA	NA	NA
spatial	figures/stage10e_desc/source_data/Fig10E_DESC_1_case4_spatial_source_data.tsv	452ce84d1ebe64fd247b6ce303433521701c4c1d3d52176bf3728ccc31f3dbb6	case4	1	AGTTGCTGACTGATAT-1	Adenoma	8136	8263	18	16	TRUE	0.901384441030563	7.82730316781799	30	36	descriptive only	NA	NA	NA	NA	NA	NA	NA	NA	NA	NA	NA	NA	NA	NA	NA
spatial	figures/stage10e_desc/source_data/Fig10E_DESC_1_case4_spatial_source_data.tsv	452ce84d1ebe64fd247b6ce303433521701c4c1d3d52176bf3728ccc31f3dbb6	case4	1	GGCGCTCCTCATCAAT-1	Adenoma	8021	8198	19	17	TRUE	0.823675522366234	7.83954120938133	30	36	descriptive only	NA	NA	NA	NA	NA	NA	NA	NA	NA	NA	NA	NA	NA	NA	NA
spatial	figures/stage10e_desc/source_data/Fig10E_DESC_1_case4_spatial_source_data.tsv	452ce84d1ebe64fd247b6ce303433521701c4c1d3d52176bf3728ccc31f3dbb6	case4	1	TGCCTGACATCGGTCA-1	Adenoma	8136	8131	20	16	TRUE	0.907191791890382	7.64296561965674	30	36	descriptive only	NA	NA	NA	NA	NA	NA	NA	NA	NA	NA	NA	NA	NA	NA	NA
spatial	figures/stage10e_desc/source_data/Fig10E_DESC_1_case4_spatial_source_data.tsv	452ce84d1ebe64fd247b6ce303433521701c4c1d3d52176bf3728ccc31f3dbb6	case4	1	TTGGCCATCTTGCGCT-1	Adenoma	8021	8066	21	17	TRUE	0.830052793628793	7.73260353235339	30	36	descriptive only	NA	NA	NA	NA	NA	NA	NA	NA	NA	NA	NA	NA	NA	NA	NA
spatial	figures/stage10e_desc/source_data/Fig10E_DESC_1_case4_spatial_source_data.tsv	452ce84d1ebe64fd247b6ce303433521701c4c1d3d52176bf3728ccc31f3dbb6	case4	1	CAGTGGTTGCACATGA-1	Adenoma	8135	8000	22	16	TRUE	0.901414116513117	7.56220221268168	30	36	descriptive only	NA	NA	NA	NA	NA	NA	NA	NA	NA	NA	NA	NA	NA	NA	NA
spatial	figures/stage10e_desc/source_data/Fig10E_DESC_1_case4_spatial_source_data.tsv	452ce84d1ebe64fd247b6ce303433521701c4c1d3d52176bf3728ccc31f3dbb6	case4	1	AGAATTGTTTGACATA-1	Adenoma	8021	7934	23	17	TRUE	0.838263883329087	7.7820216855359	30	36	descriptive only	NA	NA	NA	NA	NA	NA	NA	NA	NA	NA	NA	NA	NA	NA	NA
spatial	figures/stage10e_desc/source_data/Fig10E_DESC_1_case4_spatial_source_data.tsv	452ce84d1ebe64fd247b6ce303433521701c4c1d3d52176bf3728ccc31f3dbb6	case4	1	AAATGCTCGTTACGTT-1	Adenoma	8135	7868	24	16	TRUE	0.930565884839888	7.76678766329261	30	36	descriptive only	NA	NA	NA	NA	NA	NA	NA	NA	NA	NA	NA	NA	NA	NA	NA
spatial	figures/stage10e_desc/source_data/Fig10E_DESC_1_case4_spatial_source_data.tsv	452ce84d1ebe64fd247b6ce303433521701c4c1d3d52176bf3728ccc31f3dbb6	case4	1	CACCTAATAGAGTCGT-1	Adenoma	8020	7803	25	17	TRUE	0.791315021039896	7.8914907759636	30	36	descriptive only	NA	NA	NA	NA	NA	NA	NA	NA	NA	NA	NA	NA	NA	NA	NA
spatial	figures/stage10e_desc/source_data/Fig10E_DESC_1_case4_spatial_source_data.tsv	452ce84d1ebe64fd247b6ce303433521701c4c1d3d52176bf3728ccc31f3dbb6	case4	1	TCGTAAGCTCCGAGGA-1	Normal	8119	2473	106	16	TRUE	0.855878898447977	7.67149297510477	30	36	descriptive only	NA	NA	NA	NA	NA	NA	NA	NA	NA	NA	NA	NA	NA	NA	NA
spatial	figures/stage10e_desc/source_data/Fig10E_DESC_1_case4_spatial_source_data.tsv	452ce84d1ebe64fd247b6ce303433521701c4c1d3d52176bf3728ccc31f3dbb6	case4	1	TATATTACAAATGTCG-1	Normal	8004	2408	107	17	TRUE	0.867222805358324	7.58454737203432	30	36	descriptive only	NA	NA	NA	NA	NA	NA	NA	NA	NA	NA	NA	NA	NA	NA	NA
spatial	figures/stage10e_desc/source_data/Fig10E_DESC_1_case4_spatial_source_data.tsv	452ce84d1ebe64fd247b6ce303433521701c4c1d3d52176bf3728ccc31f3dbb6	case4	1	CGCGAGAGGGACTTGT-1	Normal	8118	2341	108	16	TRUE	0.839686592076669	7.61251175560234	30	36	descriptive only	NA	NA	NA	NA	NA	NA	NA	NA	NA	NA	NA	NA	NA	NA	NA
spatial	figures/stage10e_desc/source_data/Fig10E_DESC_1_case4_spatial_source_data.tsv	452ce84d1ebe64fd247b6ce303433521701c4c1d3d52176bf3728ccc31f3dbb6	case4	1	GGACCTACGGTAACGT-1	Normal	8004	2276	109	17	TRUE	0.862703109632408	7.53308921853164	30	36	descriptive only	NA	NA	NA	NA	NA	NA	NA	NA	NA	NA	NA	NA	NA	NA	NA
spatial	figures/stage10e_desc/source_data/Fig10E_DESC_1_case4_spatial_source_data.tsv	452ce84d1ebe64fd247b6ce303433521701c4c1d3d52176bf3728ccc31f3dbb6	case4	1	GAAATATGCTTGAATG-1	Normal	8118	2210	110	16	TRUE	0.820738044511458	7.61263251893856	30	36	descriptive only	NA	NA	NA	NA	NA	NA	NA	NA	NA	NA	NA	NA	NA	NA	NA
spatial	figures/stage10e_desc/source_data/Fig10E_DESC_1_case4_spatial_source_data.tsv	452ce84d1ebe64fd247b6ce303433521701c4c1d3d52176bf3728ccc31f3dbb6	case4	1	CCGTATTAGCGCAGTT-1	Normal	8003	2144	111	17	TRUE	0.770995322331909	7.4974123578447	30	36	descriptive only	NA	NA	NA	NA	NA	NA	NA	NA	NA	NA	NA	NA	NA	NA	NA
spatial	figures/stage10e_desc/source_data/Fig10E_DESC_1_case4_spatial_source_data.tsv	452ce84d1ebe64fd247b6ce303433521701c4c1d3d52176bf3728ccc31f3dbb6	case4	1	AGGCGTCTATGGACGG-1	Normal	8118	2078	112	16	TRUE	0.931949507480678	7.4561432940563	30	36	descriptive only	NA	NA	NA	NA	NA	NA	NA	NA	NA	NA	NA	NA	NA	NA	NA
spatial	figures/stage10e_desc/source_data/Fig10E_DESC_1_case4_spatial_source_data.tsv	452ce84d1ebe64fd247b6ce303433521701c4c1d3d52176bf3728ccc31f3dbb6	case4	1	AACATCGATACGTCTA-1	Normal	8003	2013	113	17	TRUE	0.90864726288086	7.57142278986562	30	36	descriptive only	NA	NA	NA	NA	NA	NA	NA	NA	NA	NA	NA	NA	NA	NA	NA
spatial	figures/stage10e_desc/source_data/Fig10E_DESC_1_case4_spatial_source_data.tsv	452ce84d1ebe64fd247b6ce303433521701c4c1d3d52176bf3728ccc31f3dbb6	case4	1	TGAATATGCTATAAAC-1	Normal	8117	1947	114	16	TRUE	0.879591659137102	7.49021837000842	30	36	descriptive only	NA	NA	NA	NA	NA	NA	NA	NA	NA	NA	NA	NA	NA	NA	NA
spatial	figures/stage10e_desc/source_data/Fig10E_DESC_1_case4_spatial_source_data.tsv	452ce84d1ebe64fd247b6ce303433521701c4c1d3d52176bf3728ccc31f3dbb6	case4	1	ACCAAACACCCAGCGA-1	Normal	8003	1881	115	17	TRUE	0.9341025745607	7.44089253842106	30	36	descriptive only	NA	NA	NA	NA	NA	NA	NA	NA	NA	NA	NA	NA	NA	NA	NA
spatial	figures/stage10e_desc/source_data/Fig10E_DESC_1_case4_spatial_source_data.tsv	452ce84d1ebe64fd247b6ce303433521701c4c1d3d52176bf3728ccc31f3dbb6	case4	1	TGGCTTGTACAAGCTT-1	Normal	8117	1815	116	16	TRUE	0.604973567583933	7.49852890753724	30	36	descriptive only	NA	NA	NA	NA	NA	NA	NA	NA	NA	NA	NA	NA	NA	NA	NA
spatial	figures/stage10e_desc/source_data/Fig10E_DESC_1_case4_spatial_source_data.tsv	452ce84d1ebe64fd247b6ce303433521701c4c1d3d52176bf3728ccc31f3dbb6	case4	1	GAATGAAGGTCTTCAG-1	Normal	8002	1750	117	17	TRUE	0.815818912181996	7.57864357115573	30	36	descriptive only	NA	NA	NA	NA	NA	NA	NA	NA	NA	NA	NA	NA	NA	NA	NA
spatial	figures/stage10e_desc/source_data/Fig10E_DESC_1_case4_spatial_source_data.tsv	452ce84d1ebe64fd247b6ce303433521701c4c1d3d52176bf3728ccc31f3dbb6	case4	1	AGATACCAGCACTTCA-1	Normal	8116	1683	118	16	TRUE	0.97609496932736	7.45905494600672	30	36	descriptive only	NA	NA	NA	NA	NA	NA	NA	NA	NA	NA	NA	NA	NA	NA	NA
spatial	figures/stage10e_desc/source_data/Fig10E_DESC_1_case4_spatial_source_data.tsv	452ce84d1ebe64fd247b6ce303433521701c4c1d3d52176bf3728ccc31f3dbb6	case4	1	GCGGTCCCGGTGAAGG-1	Normal	8002	1618	119	17	TRUE	0.883467374907596	7.47487748164991	30	36	descriptive only	NA	NA	NA	NA	NA	NA	NA	NA	NA	NA	NA	NA	NA	NA	NA
spatial	figures/stage10e_desc/source_data/Fig10E_DESC_1_case4_spatial_source_data.tsv	452ce84d1ebe64fd247b6ce303433521701c4c1d3d52176bf3728ccc31f3dbb6	case4	1	GAGGCATTTGCAGCAG-1	Normal	8116	1552	120	16	TRUE	0.865960581409637	7.49267273645965	30	36	descriptive only	NA	NA	NA	NA	NA	NA	NA	NA	NA	NA	NA	NA	NA	NA	NA
spatial	figures/stage10e_desc/source_data/Fig10E_DESC_1_case4_spatial_source_data.tsv	452ce84d1ebe64fd247b6ce303433521701c4c1d3d52176bf3728ccc31f3dbb6	case4	1	GGCAAGCCAGGGATAG-1	Normal	8001	1486	121	17	TRUE	0.955401158175776	7.52367862090295	30	36	descriptive only	NA	NA	NA	NA	NA	NA	NA	NA	NA	NA	NA	NA	NA	NA	NA
spatial	figures/stage10e_desc/source_data/Fig10E_DESC_1_case4_spatial_source_data.tsv	452ce84d1ebe64fd247b6ce303433521701c4c1d3d52176bf3728ccc31f3dbb6	case4	1	TCTACGGGCTCAGTTG-1	Normal	8116	1420	122	16	TRUE	0.986975133406234	7.54745392491769	30	36	descriptive only	NA	NA	NA	NA	NA	NA	NA	NA	NA	NA	NA	NA	NA	NA	NA
spatial	figures/stage10e_desc/source_data/Fig10E_DESC_1_case4_spatial_source_data.tsv	452ce84d1ebe64fd247b6ce303433521701c4c1d3d52176bf3728ccc31f3dbb6	case4	1	TCTGCGAATCGTTCGC-1	Normal	8001	1355	123	17	TRUE	0.962676620580229	7.60920047776309	30	36	descriptive only	NA	NA	NA	NA	NA	NA	NA	NA	NA	NA	NA	NA	NA	NA	NA
spatial	figures/stage10e_desc/source_data/Fig10E_DESC_1_case4_spatial_source_data.tsv	452ce84d1ebe64fd247b6ce303433521701c4c1d3d52176bf3728ccc31f3dbb6	case4	1	GCGATGTCTGTGCTTG-1	Adenoma	7911	9448	0	18	TRUE	0.899193192876895	7.91019464758461	30	36	descriptive only	NA	NA	NA	NA	NA	NA	NA	NA	NA	NA	NA	NA	NA	NA	NA
spatial	figures/stage10e_desc/source_data/Fig10E_DESC_1_case4_spatial_source_data.tsv	452ce84d1ebe64fd247b6ce303433521701c4c1d3d52176bf3728ccc31f3dbb6	case4	1	ATTAACACCTGAGATA-1	Adenoma	7796	9383	1	19	TRUE	0.846277352178812	7.77746585382557	30	36	descriptive only	NA	NA	NA	NA	NA	NA	NA	NA	NA	NA	NA	NA	NA	NA	NA
spatial	figures/stage10e_desc/source_data/Fig10E_DESC_1_case4_spatial_source_data.tsv	452ce84d1ebe64fd247b6ce303433521701c4c1d3d52176bf3728ccc31f3dbb6	case4	1	GAAATCTGACCAAGTT-1	Adenoma	7910	9316	2	18	TRUE	0.948115350540448	7.76676323125184	30	36	descriptive only	NA	NA	NA	NA	NA	NA	NA	NA	NA	NA	NA	NA	NA	NA	NA
spatial	figures/stage10e_desc/source_data/Fig10E_DESC_1_case4_spatial_source_data.tsv	452ce84d1ebe64fd247b6ce303433521701c4c1d3d52176bf3728ccc31f3dbb6	case4	1	CCTGACAAACTCGCGC-1	Adenoma	7796	9251	3	19	TRUE	0.929110848793587	7.79769907667616	30	36	descriptive only	NA	NA	NA	NA	NA	NA	NA	NA	NA	NA	NA	NA	NA	NA	NA
spatial	figures/stage10e_desc/source_data/Fig10E_DESC_1_case4_spatial_source_data.tsv	452ce84d1ebe64fd247b6ce303433521701c4c1d3d52176bf3728ccc31f3dbb6	case4	1	ATGTCATTTCCCATTG-1	Adenoma	7910	9185	4	18	TRUE	0.983692488347771	7.6744187707823	30	36	descriptive only	NA	NA	NA	NA	NA	NA	NA	NA	NA	NA	NA	NA	NA	NA	NA
spatial	figures/stage10e_desc/source_data/Fig10E_DESC_1_case4_spatial_source_data.tsv	452ce84d1ebe64fd247b6ce303433521701c4c1d3d52176bf3728ccc31f3dbb6	case4	1	GCGGTGCGGAGCATCG-1	Adenoma	7795	9119	5	19	TRUE	0.821306227365997	7.73431645228361	30	36	descriptive only	NA	NA	NA	NA	NA	NA	NA	NA	NA	NA	NA	NA	NA	NA	NA
spatial	figures/stage10e_desc/source_data/Fig10E_DESC_1_case4_spatial_source_data.tsv	452ce84d1ebe64fd247b6ce303433521701c4c1d3d52176bf3728ccc31f3dbb6	case4	1	CGGAAAGCAAATGTGC-1	Adenoma	7910	9053	6	18	TRUE	0.836670981789262	7.85145509971199	30	36	descriptive only	NA	NA	NA	NA	NA	NA	NA	NA	NA	NA	NA	NA	NA	NA	NA
spatial	figures/stage10e_desc/source_data/Fig10E_DESC_1_case4_spatial_source_data.tsv	452ce84d1ebe64fd247b6ce303433521701c4c1d3d52176bf3728ccc31f3dbb6	case4	1	GCTGAGCAACGGTTCT-1	Adenoma	7795	8988	7	19	TRUE	0.842163367144089	7.74576374615876	30	36	descriptive only	NA	NA	NA	NA	NA	NA	NA	NA	NA	NA	NA	NA	NA	NA	NA
spatial	figures/stage10e_desc/source_data/Fig10E_DESC_1_case4_spatial_source_data.tsv	452ce84d1ebe64fd247b6ce303433521701c4c1d3d52176bf3728ccc31f3dbb6	case4	1	TCACTCTTCGTCTGTC-1	Adenoma	7909	8922	8	18	TRUE	0.824880507366629	7.94930657864631	30	36	descriptive only	NA	NA	NA	NA	NA	NA	NA	NA	NA	NA	NA	NA	NA	NA	NA
spatial	figures/stage10e_desc/source_data/Fig10E_DESC_1_case4_spatial_source_data.tsv	452ce84d1ebe64fd247b6ce303433521701c4c1d3d52176bf3728ccc31f3dbb6	case4	1	GATCTTCATTGTCCTC-1	Adenoma	7794	8856	9	19	TRUE	0.835414601562334	7.62851194025341	30	36	descriptive only	NA	NA	NA	NA	NA	NA	NA	NA	NA	NA	NA	NA	NA	NA	NA
spatial	figures/stage10e_desc/source_data/Fig10E_DESC_1_case4_spatial_source_data.tsv	452ce84d1ebe64fd247b6ce303433521701c4c1d3d52176bf3728ccc31f3dbb6	case4	1	ACTCGATGTATTTCAT-1	Adenoma	7909	8790	10	18	TRUE	0.953873168150077	7.91335878691614	30	36	descriptive only	NA	NA	NA	NA	NA	NA	NA	NA	NA	NA	NA	NA	NA	NA	NA
spatial	figures/stage10e_desc/source_data/Fig10E_DESC_1_case4_spatial_source_data.tsv	452ce84d1ebe64fd247b6ce303433521701c4c1d3d52176bf3728ccc31f3dbb6	case4	1	TGAAGAGCGGTCCTAG-1	Adenoma	7794	8725	11	19	TRUE	0.751113658685867	7.80864093263488	30	36	descriptive only	NA	NA	NA	NA	NA	NA	NA	NA	NA	NA	NA	NA	NA	NA	NA
spatial	figures/stage10e_desc/source_data/Fig10E_DESC_1_case4_spatial_source_data.tsv	452ce84d1ebe64fd247b6ce303433521701c4c1d3d52176bf3728ccc31f3dbb6	case4	1	TAAACGTCGTCAATGA-1	Adenoma	7908	8659	12	18	TRUE	0.916761739754631	7.81133238077007	30	36	descriptive only	NA	NA	NA	NA	NA	NA	NA	NA	NA	NA	NA	NA	NA	NA	NA
spatial	figures/stage10e_desc/source_data/Fig10E_DESC_1_case4_spatial_source_data.tsv	452ce84d1ebe64fd247b6ce303433521701c4c1d3d52176bf3728ccc31f3dbb6	case4	1	ACGTTATTGGTCACTC-1	Adenoma	7794	8593	13	19	TRUE	0.948494115651799	7.77607700674569	30	36	descriptive only	NA	NA	NA	NA	NA	NA	NA	NA	NA	NA	NA	NA	NA	NA	NA
spatial	figures/stage10e_desc/source_data/Fig10E_DESC_1_case4_spatial_source_data.tsv	452ce84d1ebe64fd247b6ce303433521701c4c1d3d52176bf3728ccc31f3dbb6	case4	1	ATAGCCTCAGTACCCA-1	Adenoma	7908	8527	14	18	TRUE	0.731895325820794	7.81138485901836	30	36	descriptive only	NA	NA	NA	NA	NA	NA	NA	NA	NA	NA	NA	NA	NA	NA	NA
spatial	figures/stage10e_desc/source_data/Fig10E_DESC_1_case4_spatial_source_data.tsv	452ce84d1ebe64fd247b6ce303433521701c4c1d3d52176bf3728ccc31f3dbb6	case4	1	CGGGAGTATACCGCCG-1	Adenoma	7793	8461	15	19	TRUE	0.915796921099815	7.78457346927642	30	36	descriptive only	NA	NA	NA	NA	NA	NA	NA	NA	NA	NA	NA	NA	NA	NA	NA
spatial	figures/stage10e_desc/source_data/Fig10E_DESC_1_case4_spatial_source_data.tsv	452ce84d1ebe64fd247b6ce303433521701c4c1d3d52176bf3728ccc31f3dbb6	case4	1	GTCCTACAGGCGGCTC-1	Adenoma	7908	8395	16	18	TRUE	0.859658624267032	7.74269426143351	30	36	descriptive only	NA	NA	NA	NA	NA	NA	NA	NA	NA	NA	NA	NA	NA	NA	NA
spatial	figures/stage10e_desc/source_data/Fig10E_DESC_1_case4_spatial_source_data.tsv	452ce84d1ebe64fd247b6ce303433521701c4c1d3d52176bf3728ccc31f3dbb6	case4	1	CGGATAAGCGGACATG-1	Adenoma	7793	8330	17	19	TRUE	0.907376602727985	7.73688975803156	30	36	descriptive only	NA	NA	NA	NA	NA	NA	NA	NA	NA	NA	NA	NA	NA	NA	NA
spatial	figures/stage10e_desc/source_data/Fig10E_DESC_1_case4_spatial_source_data.tsv	452ce84d1ebe64fd247b6ce303433521701c4c1d3d52176bf3728ccc31f3dbb6	case4	1	AACTTCTGCGTCTATC-1	Adenoma	7907	8264	18	18	TRUE	0.884989753759079	7.70534611255072	30	36	descriptive only	NA	NA	NA	NA	NA	NA	NA	NA	NA	NA	NA	NA	NA	NA	NA
spatial	figures/stage10e_desc/source_data/Fig10E_DESC_1_case4_spatial_source_data.tsv	452ce84d1ebe64fd247b6ce303433521701c4c1d3d52176bf3728ccc31f3dbb6	case4	1	GGGTTCAGACGAACAA-1	Adenoma	7792	8198	19	19	TRUE	0.922574505200194	7.83136199656852	30	36	descriptive only	NA	NA	NA	NA	NA	NA	NA	NA	NA	NA	NA	NA	NA	NA	NA
spatial	figures/stage10e_desc/source_data/Fig10E_DESC_1_case4_spatial_source_data.tsv	452ce84d1ebe64fd247b6ce303433521701c4c1d3d52176bf3728ccc31f3dbb6	case4	1	AGTCTGGACATCCTTG-1	Adenoma	7907	8132	20	18	TRUE	0.954358200284527	7.76932855979656	30	36	descriptive only	NA	NA	NA	NA	NA	NA	NA	NA	NA	NA	NA	NA	NA	NA	NA
spatial	figures/stage10e_desc/source_data/Fig10E_DESC_1_case4_spatial_source_data.tsv	452ce84d1ebe64fd247b6ce303433521701c4c1d3d52176bf3728ccc31f3dbb6	case4	1	TTGAACGAATCCTTTG-1	Adenoma	7792	8067	21	19	TRUE	0.946271829626331	7.80295920641476	30	36	descriptive only	NA	NA	NA	NA	NA	NA	NA	NA	NA	NA	NA	NA	NA	NA	NA
spatial	figures/stage10e_desc/source_data/Fig10E_DESC_1_case4_spatial_source_data.tsv	452ce84d1ebe64fd247b6ce303433521701c4c1d3d52176bf3728ccc31f3dbb6	case4	1	GAAATACTAAACGTTT-1	Adenoma	7906	8001	22	18	TRUE	0.933313091078357	7.81731248243174	30	36	descriptive only	NA	NA	NA	NA	NA	NA	NA	NA	NA	NA	NA	NA	NA	NA	NA
spatial	figures/stage10e_desc/source_data/Fig10E_DESC_1_case4_spatial_source_data.tsv	452ce84d1ebe64fd247b6ce303433521701c4c1d3d52176bf3728ccc31f3dbb6	case4	1	CCCGCGCAATGCACCC-1	Adenoma	7792	7935	23	19	TRUE	0.927534206945616	7.83971189706524	30	36	descriptive only	NA	NA	NA	NA	NA	NA	NA	NA	NA	NA	NA	NA	NA	NA	NA
spatial	figures/stage10e_desc/source_data/Fig10E_DESC_1_case4_spatial_source_data.tsv	452ce84d1ebe64fd247b6ce303433521701c4c1d3d52176bf3728ccc31f3dbb6	case4	1	TTCGGCTAGAGATGGT-1	Adenoma	7906	7869	24	18	TRUE	0.963095475014042	7.86235055313409	30	36	descriptive only	NA	NA	NA	NA	NA	NA	NA	NA	NA	NA	NA	NA	NA	NA	NA
spatial	figures/stage10e_desc/source_data/Fig10E_DESC_1_case4_spatial_source_data.tsv	452ce84d1ebe64fd247b6ce303433521701c4c1d3d52176bf3728ccc31f3dbb6	case4	1	GACACGAGTTAGAGGA-1	Adenoma	7791	7804	25	19	TRUE	0.960811993814206	7.86276478735194	30	36	descriptive only	NA	NA	NA	NA	NA	NA	NA	NA	NA	NA	NA	NA	NA	NA	NA
spatial	figures/stage10e_desc/source_data/Fig10E_DESC_1_case4_spatial_source_data.tsv	452ce84d1ebe64fd247b6ce303433521701c4c1d3d52176bf3728ccc31f3dbb6	case4	1	ACGGAGCGCAAATTAC-1	Normal	7889	2342	108	18	TRUE	0.860644040592367	7.49939886454569	30	36	descriptive only	NA	NA	NA	NA	NA	NA	NA	NA	NA	NA	NA	NA	NA	NA	NA
spatial	figures/stage10e_desc/source_data/Fig10E_DESC_1_case4_spatial_source_data.tsv	452ce84d1ebe64fd247b6ce303433521701c4c1d3d52176bf3728ccc31f3dbb6	case4	1	GAATAGCCCTGCGGTC-1	Normal	7889	2210	110	18	TRUE	0.850029937201899	7.65030185032827	30	36	descriptive only	NA	NA	NA	NA	NA	NA	NA	NA	NA	NA	NA	NA	NA	NA	NA
spatial	figures/stage10e_desc/source_data/Fig10E_DESC_1_case4_spatial_source_data.tsv	452ce84d1ebe64fd247b6ce303433521701c4c1d3d52176bf3728ccc31f3dbb6	case4	1	CCGAGCTGTGCTTGTC-1	Normal	7889	2079	112	18	TRUE	0.751878393120724	7.56600270346847	30	36	descriptive only	NA	NA	NA	NA	NA	NA	NA	NA	NA	NA	NA	NA	NA	NA	NA
spatial	figures/stage10e_desc/source_data/Fig10E_DESC_1_case4_spatial_source_data.tsv	452ce84d1ebe64fd247b6ce303433521701c4c1d3d52176bf3728ccc31f3dbb6	case4	1	TGGGTTCCCGGACGGA-1	Adenoma	7682	9449	0	20	TRUE	0.850193113115991	7.85902671846252	30	36	descriptive only	NA	NA	NA	NA	NA	NA	NA	NA	NA	NA	NA	NA	NA	NA	NA
spatial	figures/stage10e_desc/source_data/Fig10E_DESC_1_case4_spatial_source_data.tsv	452ce84d1ebe64fd247b6ce303433521701c4c1d3d52176bf3728ccc31f3dbb6	case4	1	GCTGCGCCTCCCACGT-1	Adenoma	7567	9383	1	21	TRUE	0.937037417461608	7.7732118328144	30	36	descriptive only	NA	NA	NA	NA	NA	NA	NA	NA	NA	NA	NA	NA	NA	NA	NA
spatial	figures/stage10e_desc/source_data/Fig10E_DESC_1_case4_spatial_source_data.tsv	452ce84d1ebe64fd247b6ce303433521701c4c1d3d52176bf3728ccc31f3dbb6	case4	1	CTGTTGGCTCTTCTGA-1	Adenoma	7681	9317	2	20	TRUE	0.953734634574127	7.76952503383061	30	36	descriptive only	NA	NA	NA	NA	NA	NA	NA	NA	NA	NA	NA	NA	NA	NA	NA
spatial	figures/stage10e_desc/source_data/Fig10E_DESC_1_case4_spatial_source_data.tsv	452ce84d1ebe64fd247b6ce303433521701c4c1d3d52176bf3728ccc31f3dbb6	case4	1	TTGTTCTAGATACGCT-1	Adenoma	7567	9252	3	21	TRUE	0.950171099090293	7.91024883678299	30	36	descriptive only	NA	NA	NA	NA	NA	NA	NA	NA	NA	NA	NA	NA	NA	NA	NA
spatial	figures/stage10e_desc/source_data/Fig10E_DESC_1_case4_spatial_source_data.tsv	452ce84d1ebe64fd247b6ce303433521701c4c1d3d52176bf3728ccc31f3dbb6	case4	1	CCCTCAAGCTCTTAGT-1	Adenoma	7681	9186	4	20	TRUE	0.940850960728693	7.81176885309903	30	36	descriptive only	NA	NA	NA	NA	NA	NA	NA	NA	NA	NA	NA	NA	NA	NA	NA
spatial	figures/stage10e_desc/source_data/Fig10E_DESC_1_case4_spatial_source_data.tsv	452ce84d1ebe64fd247b6ce303433521701c4c1d3d52176bf3728ccc31f3dbb6	case4	1	TGGTCTAGCTTACATG-1	Adenoma	7566	9120	5	21	TRUE	0.77495136252009	7.7552955088807	30	36	descriptive only	NA	NA	NA	NA	NA	NA	NA	NA	NA	NA	NA	NA	NA	NA	NA
spatial	figures/stage10e_desc/source_data/Fig10E_DESC_1_case4_spatial_source_data.tsv	452ce84d1ebe64fd247b6ce303433521701c4c1d3d52176bf3728ccc31f3dbb6	case4	1	ATGCACCTTCCTTAAT-1	Adenoma	7681	9054	6	20	TRUE	0.869478137402802	7.90946771421769	30	36	descriptive only	NA	NA	NA	NA	NA	NA	NA	NA	NA	NA	NA	NA	NA	NA	NA
spatial	figures/stage10e_desc/source_data/Fig10E_DESC_1_case4_spatial_source_data.tsv	452ce84d1ebe64fd247b6ce303433521701c4c1d3d52176bf3728ccc31f3dbb6	case4	1	GGGATACGGTAATAAT-1	Adenoma	7566	8989	7	21	TRUE	0.879735621202666	7.84243915800727	30	36	descriptive only	NA	NA	NA	NA	NA	NA	NA	NA	NA	NA	NA	NA	NA	NA	NA
spatial	figures/stage10e_desc/source_data/Fig10E_DESC_1_case4_spatial_source_data.tsv	452ce84d1ebe64fd247b6ce303433521701c4c1d3d52176bf3728ccc31f3dbb6	case4	1	AGTTCACCGGTTGGAC-1	Adenoma	7680	8922	8	20	TRUE	0.726174790500678	7.91027642268737	30	36	descriptive only	NA	NA	NA	NA	NA	NA	NA	NA	NA	NA	NA	NA	NA	NA	NA
spatial	figures/stage10e_desc/source_data/Fig10E_DESC_1_case4_spatial_source_data.tsv	452ce84d1ebe64fd247b6ce303433521701c4c1d3d52176bf3728ccc31f3dbb6	case4	1	GACATACTGTCGCAGA-1	Adenoma	7565	8857	9	21	TRUE	0.927767065554364	7.68179489036429	30	36	descriptive only	NA	NA	NA	NA	NA	NA	NA	NA	NA	NA	NA	NA	NA	NA	NA
spatial	figures/stage10e_desc/source_data/Fig10E_DESC_1_case4_spatial_source_data.tsv	452ce84d1ebe64fd247b6ce303433521701c4c1d3d52176bf3728ccc31f3dbb6	case4	1	TGGACACCGTTGCTTG-1	Adenoma	7680	8791	10	20	TRUE	0.82285805705197	7.73830884191475	30	36	descriptive only	NA	NA	NA	NA	NA	NA	NA	NA	NA	NA	NA	NA	NA	NA	NA
spatial	figures/stage10e_desc/source_data/Fig10E_DESC_1_case4_spatial_source_data.tsv	452ce84d1ebe64fd247b6ce303433521701c4c1d3d52176bf3728ccc31f3dbb6	case4	1	TGCGATGCTAATGGCT-1	Adenoma	7565	8725	11	21	TRUE	0.930607873889928	7.76521847553779	30	36	descriptive only	NA	NA	NA	NA	NA	NA	NA	NA	NA	NA	NA	NA	NA	NA	NA
spatial	figures/stage10e_desc/source_data/Fig10E_DESC_1_case4_spatial_source_data.tsv	452ce84d1ebe64fd247b6ce303433521701c4c1d3d52176bf3728ccc31f3dbb6	case4	1	TTCTGTTTCCTGTCGC-1	Adenoma	7679	8659	12	20	TRUE	0.912660118942234	7.75420316752419	30	36	descriptive only	NA	NA	NA	NA	NA	NA	NA	NA	NA	NA	NA	NA	NA	NA	NA
spatial	figures/stage10e_desc/source_data/Fig10E_DESC_1_case4_spatial_source_data.tsv	452ce84d1ebe64fd247b6ce303433521701c4c1d3d52176bf3728ccc31f3dbb6	case4	1	CGTTGTAAACGTCAGG-1	Adenoma	7565	8594	13	21	TRUE	0.858150612426448	7.90562234172167	30	36	descriptive only	NA	NA	NA	NA	NA	NA	NA	NA	NA	NA	NA	NA	NA	NA	NA
spatial	figures/stage10e_desc/source_data/Fig10E_DESC_1_case4_spatial_source_data.tsv	452ce84d1ebe64fd247b6ce303433521701c4c1d3d52176bf3728ccc31f3dbb6	case4	1	GATCGGCGATAAGTCG-1	Adenoma	7679	8528	14	20	TRUE	0.932791641867284	7.84417157389126	30	36	descriptive only	NA	NA	NA	NA	NA	NA	NA	NA	NA	NA	NA	NA	NA	NA	NA
spatial	figures/stage10e_desc/source_data/Fig10E_DESC_1_case4_spatial_source_data.tsv	452ce84d1ebe64fd247b6ce303433521701c4c1d3d52176bf3728ccc31f3dbb6	case4	1	AGCCTTAAAGCGGAAG-1	Adenoma	7564	8462	15	21	TRUE	0.990335452983152	7.88793111051036	30	36	descriptive only	NA	NA	NA	NA	NA	NA	NA	NA	NA	NA	NA	NA	NA	NA	NA
spatial	figures/stage10e_desc/source_data/Fig10E_DESC_1_case4_spatial_source_data.tsv	452ce84d1ebe64fd247b6ce303433521701c4c1d3d52176bf3728ccc31f3dbb6	case4	1	TCCGTAACCACAATCC-1	Adenoma	7679	8396	16	20	TRUE	0.690517000768095	7.8538508335764	30	36	descriptive only	NA	NA	NA	NA	NA	NA	NA	NA	NA	NA	NA	NA	NA	NA	NA
spatial	figures/stage10e_desc/source_data/Fig10E_DESC_1_case4_spatial_source_data.tsv	452ce84d1ebe64fd247b6ce303433521701c4c1d3d52176bf3728ccc31f3dbb6	case4	1	GAATGCCGAAATGACC-1	Adenoma	7564	8331	17	21	TRUE	0.86875709148772	7.90164303644072	30	36	descriptive only	NA	NA	NA	NA	NA	NA	NA	NA	NA	NA	NA	NA	NA	NA	NA
spatial	figures/stage10e_desc/source_data/Fig10E_DESC_1_case4_spatial_source_data.tsv	452ce84d1ebe64fd247b6ce303433521701c4c1d3d52176bf3728ccc31f3dbb6	case4	1	TATACTCATGCGGCAA-1	Adenoma	7678	8264	18	20	TRUE	0.766947539813661	7.66635281432329	30	36	descriptive only	NA	NA	NA	NA	NA	NA	NA	NA	NA	NA	NA	NA	NA	NA	NA
spatial	figures/stage10e_desc/source_data/Fig10E_DESC_1_case4_spatial_source_data.tsv	452ce84d1ebe64fd247b6ce303433521701c4c1d3d52176bf3728ccc31f3dbb6	case4	1	TAGTGTCAGAAACGGC-1	Adenoma	7564	8199	19	21	TRUE	0.642860908516469	7.79983790362022	30	36	descriptive only	NA	NA	NA	NA	NA	NA	NA	NA	NA	NA	NA	NA	NA	NA	NA
spatial	figures/stage10e_desc/source_data/Fig10E_DESC_1_case4_spatial_source_data.tsv	452ce84d1ebe64fd247b6ce303433521701c4c1d3d52176bf3728ccc31f3dbb6	case4	1	CGTCATACCATATCCA-1	Adenoma	7678	8133	20	20	TRUE	0.896285130038968	7.75557871595803	30	36	descriptive only	NA	NA	NA	NA	NA	NA	NA	NA	NA	NA	NA	NA	NA	NA	NA
spatial	figures/stage10e_desc/source_data/Fig10E_DESC_1_case4_spatial_source_data.tsv	452ce84d1ebe64fd247b6ce303433521701c4c1d3d52176bf3728ccc31f3dbb6	case4	1	TAGTACCTTAGTGGTC-1	Adenoma	7563	8067	21	21	TRUE	0.730743205455377	7.56415238852862	30	36	descriptive only	NA	NA	NA	NA	NA	NA	NA	NA	NA	NA	NA	NA	NA	NA	NA
spatial	figures/stage10e_desc/source_data/Fig10E_DESC_1_case4_spatial_source_data.tsv	452ce84d1ebe64fd247b6ce303433521701c4c1d3d52176bf3728ccc31f3dbb6	case4	1	CTGGCGGGAATAAGTA-1	Adenoma	7677	8001	22	20	TRUE	0.913190244378224	7.75355655669453	30	36	descriptive only	NA	NA	NA	NA	NA	NA	NA	NA	NA	NA	NA	NA	NA	NA	NA
spatial	figures/stage10e_desc/source_data/Fig10E_DESC_1_case4_spatial_source_data.tsv	452ce84d1ebe64fd247b6ce303433521701c4c1d3d52176bf3728ccc31f3dbb6	case4	1	AGTGTGGTCTATTGTG-1	Adenoma	7563	7936	23	21	TRUE	0.888842192215325	7.69321503996524	30	36	descriptive only	NA	NA	NA	NA	NA	NA	NA	NA	NA	NA	NA	NA	NA	NA	NA
spatial	figures/stage10e_desc/source_data/Fig10E_DESC_1_case4_spatial_source_data.tsv	452ce84d1ebe64fd247b6ce303433521701c4c1d3d52176bf3728ccc31f3dbb6	case4	1	GCTATCGCGGCGCAAC-1	Adenoma	7677	7870	24	20	TRUE	0.893466192039845	7.63404741657188	30	36	descriptive only	NA	NA	NA	NA	NA	NA	NA	NA	NA	NA	NA	NA	NA	NA	NA
spatial	figures/stage10e_desc/source_data/Fig10E_DESC_1_case4_spatial_source_data.tsv	452ce84d1ebe64fd247b6ce303433521701c4c1d3d52176bf3728ccc31f3dbb6	case4	1	CAGTAATCCCTCCCAG-1	Adenoma	7562	7804	25	21	TRUE	0.796235955950219	7.87582503733323	30	36	descriptive only	NA	NA	NA	NA	NA	NA	NA	NA	NA	NA	NA	NA	NA	NA	NA
spatial	figures/stage10e_desc/source_data/Fig10E_DESC_1_case4_spatial_source_data.tsv	452ce84d1ebe64fd247b6ce303433521701c4c1d3d52176bf3728ccc31f3dbb6	case4	1	CTAATTTCAACAACAC-1	Adenoma	7562	7673	27	21	TRUE	0.696663511595411	7.60495606191253	30	36	descriptive only	NA	NA	NA	NA	NA	NA	NA	NA	NA	NA	NA	NA	NA	NA	NA
spatial	figures/stage10e_desc/source_data/Fig10E_DESC_1_case4_spatial_source_data.tsv	452ce84d1ebe64fd247b6ce303433521701c4c1d3d52176bf3728ccc31f3dbb6	case4	1	GTTCAAATCAGATGTC-1	Adenoma	7453	9449	0	22	TRUE	0.941855334589979	7.75779197178574	30	36	descriptive only	NA	NA	NA	NA	NA	NA	NA	NA	NA	NA	NA	NA	NA	NA	NA
spatial	figures/stage10e_desc/source_data/Fig10E_DESC_1_case4_spatial_source_data.tsv	452ce84d1ebe64fd247b6ce303433521701c4c1d3d52176bf3728ccc31f3dbb6	case4	1	CATGGCTCCCTATGTC-1	Adenoma	7338	9384	1	23	TRUE	0.881166682411497	7.83897812792565	30	36	descriptive only	NA	NA	NA	NA	NA	NA	NA	NA	NA	NA	NA	NA	NA	NA	NA
spatial	figures/stage10e_desc/source_data/Fig10E_DESC_1_case4_spatial_source_data.tsv	452ce84d1ebe64fd247b6ce303433521701c4c1d3d52176bf3728ccc31f3dbb6	case4	1	GGCCACACGAAAGCCT-1	Adenoma	7452	9318	2	22	TRUE	0.871757937348101	7.88121297703312	30	36	descriptive only	NA	NA	NA	NA	NA	NA	NA	NA	NA	NA	NA	NA	NA	NA	NA
spatial	figures/stage10e_desc/source_data/Fig10E_DESC_1_case4_spatial_source_data.tsv	452ce84d1ebe64fd247b6ce303433521701c4c1d3d52176bf3728ccc31f3dbb6	case4	1	GAAGCCGGGTAAGCTC-1	Adenoma	7338	9252	3	23	TRUE	0.934278753519664	7.77419699844136	30	36	descriptive only	NA	NA	NA	NA	NA	NA	NA	NA	NA	NA	NA	NA	NA	NA	NA
spatial	figures/stage10e_desc/source_data/Fig10E_DESC_1_case4_spatial_source_data.tsv	452ce84d1ebe64fd247b6ce303433521701c4c1d3d52176bf3728ccc31f3dbb6	case4	1	TTGCGCTCTCTCGCTT-1	Adenoma	7452	9186	4	22	TRUE	0.920538759702989	7.83819274073178	30	36	descriptive only	NA	NA	NA	NA	NA	NA	NA	NA	NA	NA	NA	NA	NA	NA	NA
spatial	figures/stage10e_desc/source_data/Fig10E_DESC_1_case4_spatial_source_data.tsv	452ce84d1ebe64fd247b6ce303433521701c4c1d3d52176bf3728ccc31f3dbb6	case4	1	TACATGACCTTATCCG-1	Adenoma	7337	9121	5	23	TRUE	0.871400167580475	7.71832752235474	30	36	descriptive only	NA	NA	NA	NA	NA	NA	NA	NA	NA	NA	NA	NA	NA	NA	NA
spatial	figures/stage10e_desc/source_data/Fig10E_DESC_1_case4_spatial_source_data.tsv	452ce84d1ebe64fd247b6ce303433521701c4c1d3d52176bf3728ccc31f3dbb6	case4	1	GTCCTTCTACAACCCA-1	Adenoma	7452	9055	6	22	TRUE	0.863254851545346	7.86640213779721	30	36	descriptive only	NA	NA	NA	NA	NA	NA	NA	NA	NA	NA	NA	NA	NA	NA	NA
spatial	figures/stage10e_desc/source_data/Fig10E_DESC_1_case4_spatial_source_data.tsv	452ce84d1ebe64fd247b6ce303433521701c4c1d3d52176bf3728ccc31f3dbb6	case4	1	TATATGCTGGGTTGCC-1	Adenoma	7337	8989	7	23	TRUE	0.841786218826664	7.6724493487304	30	36	descriptive only	NA	NA	NA	NA	NA	NA	NA	NA	NA	NA	NA	NA	NA	NA	NA
spatial	figures/stage10e_desc/source_data/Fig10E_DESC_1_case4_spatial_source_data.tsv	452ce84d1ebe64fd247b6ce303433521701c4c1d3d52176bf3728ccc31f3dbb6	case4	1	GTTTATGGGATTTAGA-1	Adenoma	7451	8923	8	22	TRUE	0.92802422626371	7.81614753528429	30	36	descriptive only	NA	NA	NA	NA	NA	NA	NA	NA	NA	NA	NA	NA	NA	NA	NA
spatial	figures/stage10e_desc/source_data/Fig10E_DESC_1_case4_spatial_source_data.tsv	452ce84d1ebe64fd247b6ce303433521701c4c1d3d52176bf3728ccc31f3dbb6	case4	1	GGAACCCGAACAAGAA-1	Adenoma	7337	8858	9	23	TRUE	0.891524256445334	7.80215118141414	30	36	descriptive only	NA	NA	NA	NA	NA	NA	NA	NA	NA	NA	NA	NA	NA	NA	NA
spatial	figures/stage10e_desc/source_data/Fig10E_DESC_1_case4_spatial_source_data.tsv	452ce84d1ebe64fd247b6ce303433521701c4c1d3d52176bf3728ccc31f3dbb6	case4	1	AACGTTATCAGCACCT-1	Adenoma	7451	8791	10	22	TRUE	0.85521033567447	7.79291008411274	30	36	descriptive only	NA	NA	NA	NA	NA	NA	NA	NA	NA	NA	NA	NA	NA	NA	NA
spatial	figures/stage10e_desc/source_data/Fig10E_DESC_1_case4_spatial_source_data.tsv	452ce84d1ebe64fd247b6ce303433521701c4c1d3d52176bf3728ccc31f3dbb6	case4	1	CATCGTCCGGTTACTA-1	Adenoma	7336	8726	11	23	TRUE	0.869032819216639	7.90387694203548	30	36	descriptive only	NA	NA	NA	NA	NA	NA	NA	NA	NA	NA	NA	NA	NA	NA	NA
spatial	figures/stage10e_desc/source_data/Fig10E_DESC_1_case4_spatial_source_data.tsv	452ce84d1ebe64fd247b6ce303433521701c4c1d3d52176bf3728ccc31f3dbb6	case4	1	AGACAGCTCAGAATCC-1	Adenoma	7450	8660	12	22	TRUE	0.94993978242553	7.81783001980393	30	36	descriptive only	NA	NA	NA	NA	NA	NA	NA	NA	NA	NA	NA	NA	NA	NA	NA
spatial	figures/stage10e_desc/source_data/Fig10E_DESC_1_case4_spatial_source_data.tsv	452ce84d1ebe64fd247b6ce303433521701c4c1d3d52176bf3728ccc31f3dbb6	case4	1	GCAGATCCTCGCAAAT-1	Adenoma	7336	8594	13	23	TRUE	0.839782964788482	7.95218844315914	30	36	descriptive only	NA	NA	NA	NA	NA	NA	NA	NA	NA	NA	NA	NA	NA	NA	NA
spatial	figures/stage10e_desc/source_data/Fig10E_DESC_1_case4_spatial_source_data.tsv	452ce84d1ebe64fd247b6ce303433521701c4c1d3d52176bf3728ccc31f3dbb6	case4	1	GGGTCATGCGTACCAT-1	Adenoma	7450	8528	14	22	TRUE	0.823832157498474	7.74350364498905	30	36	descriptive only	NA	NA	NA	NA	NA	NA	NA	NA	NA	NA	NA	NA	NA	NA	NA
spatial	figures/stage10e_desc/source_data/Fig10E_DESC_1_case4_spatial_source_data.tsv	452ce84d1ebe64fd247b6ce303433521701c4c1d3d52176bf3728ccc31f3dbb6	case4	1	CTGGTCATTCCAATCC-1	Adenoma	7335	8463	15	23	TRUE	0.820375380219958	7.76149244125187	30	36	descriptive only	NA	NA	NA	NA	NA	NA	NA	NA	NA	NA	NA	NA	NA	NA	NA
spatial	figures/stage10e_desc/source_data/Fig10E_DESC_1_case4_spatial_source_data.tsv	452ce84d1ebe64fd247b6ce303433521701c4c1d3d52176bf3728ccc31f3dbb6	case4	1	TCAGGGCGCAAACTCG-1	Adenoma	7450	8397	16	22	TRUE	0.780029515397534	7.87477914923755	30	36	descriptive only	NA	NA	NA	NA	NA	NA	NA	NA	NA	NA	NA	NA	NA	NA	NA
spatial	figures/stage10e_desc/source_data/Fig10E_DESC_1_case4_spatial_source_data.tsv	452ce84d1ebe64fd247b6ce303433521701c4c1d3d52176bf3728ccc31f3dbb6	case4	1	GATGCCAGCAGAAGGC-1	Adenoma	7335	8331	17	23	TRUE	0.826190887259248	7.71048529228537	30	36	descriptive only	NA	NA	NA	NA	NA	NA	NA	NA	NA	NA	NA	NA	NA	NA	NA
spatial	figures/stage10e_desc/source_data/Fig10E_DESC_1_case4_spatial_source_data.tsv	452ce84d1ebe64fd247b6ce303433521701c4c1d3d52176bf3728ccc31f3dbb6	case4	1	GTTATTAACGTGGGAG-1	Adenoma	7449	8265	18	22	TRUE	0.965106417603894	7.81148476697465	30	36	descriptive only	NA	NA	NA	NA	NA	NA	NA	NA	NA	NA	NA	NA	NA	NA	NA
spatial	figures/stage10e_desc/source_data/Fig10E_DESC_1_case4_spatial_source_data.tsv	452ce84d1ebe64fd247b6ce303433521701c4c1d3d52176bf3728ccc31f3dbb6	case4	1	AATACAATGTTTCAGG-1	Adenoma	7335	8200	19	23	TRUE	0.855776959634819	7.75847504552976	30	36	descriptive only	NA	NA	NA	NA	NA	NA	NA	NA	NA	NA	NA	NA	NA	NA	NA
spatial	figures/stage10e_desc/source_data/Fig10E_DESC_1_case4_spatial_source_data.tsv	452ce84d1ebe64fd247b6ce303433521701c4c1d3d52176bf3728ccc31f3dbb6	case4	1	TTGCTGCACCTATCCA-1	Adenoma	7449	8134	20	22	TRUE	0.732874360240694	7.8111904547718	30	36	descriptive only	NA	NA	NA	NA	NA	NA	NA	NA	NA	NA	NA	NA	NA	NA	NA
spatial	figures/stage10e_desc/source_data/Fig10E_DESC_1_case4_spatial_source_data.tsv	452ce84d1ebe64fd247b6ce303433521701c4c1d3d52176bf3728ccc31f3dbb6	case4	1	CCAGAGACAAAGCCGG-1	Adenoma	7334	8068	21	23	TRUE	0.778971499891927	7.82440893212073	30	36	descriptive only	NA	NA	NA	NA	NA	NA	NA	NA	NA	NA	NA	NA	NA	NA	NA
spatial	figures/stage10e_desc/source_data/Fig10E_DESC_1_case4_spatial_source_data.tsv	452ce84d1ebe64fd247b6ce303433521701c4c1d3d52176bf3728ccc31f3dbb6	case4	1	CCGAAGTATATTGTTC-1	Adenoma	7448	8002	22	22	TRUE	0.786924089331255	7.7717805897059	30	36	descriptive only	NA	NA	NA	NA	NA	NA	NA	NA	NA	NA	NA	NA	NA	NA	NA
spatial	figures/stage10e_desc/source_data/Fig10E_DESC_1_case4_spatial_source_data.tsv	452ce84d1ebe64fd247b6ce303433521701c4c1d3d52176bf3728ccc31f3dbb6	case4	1	GCTAAACCTGAGGTGA-1	Adenoma	7334	7936	23	23	TRUE	0.796639245779841	7.76002025622546	30	36	descriptive only	NA	NA	NA	NA	NA	NA	NA	NA	NA	NA	NA	NA	NA	NA	NA
spatial	figures/stage10e_desc/source_data/Fig10E_DESC_1_case4_spatial_source_data.tsv	452ce84d1ebe64fd247b6ce303433521701c4c1d3d52176bf3728ccc31f3dbb6	case4	1	TCATACTTACAGATCC-1	Adenoma	7448	7870	24	22	TRUE	0.744788247210637	7.86969982960007	30	36	descriptive only	NA	NA	NA	NA	NA	NA	NA	NA	NA	NA	NA	NA	NA	NA	NA
spatial	figures/stage10e_desc/source_data/Fig10E_DESC_1_case4_spatial_source_data.tsv	452ce84d1ebe64fd247b6ce303433521701c4c1d3d52176bf3728ccc31f3dbb6	case4	1	CGAGCACTTCAAGTTT-1	Adenoma	7333	7805	25	23	TRUE	0.841180541973611	7.5573652487272	30	36	descriptive only	NA	NA	NA	NA	NA	NA	NA	NA	NA	NA	NA	NA	NA	NA	NA
spatial	figures/stage10e_desc/source_data/Fig10E_DESC_1_case4_spatial_source_data.tsv	452ce84d1ebe64fd247b6ce303433521701c4c1d3d52176bf3728ccc31f3dbb6	case4	1	TAGCAACCTGTCACAA-1	Adenoma	7448	7739	26	22	TRUE	0.727539658968007	7.61869817908873	30	36	descriptive only	NA	NA	NA	NA	NA	NA	NA	NA	NA	NA	NA	NA	NA	NA	NA
spatial	figures/stage10e_desc/source_data/Fig10E_DESC_1_case4_spatial_source_data.tsv	452ce84d1ebe64fd247b6ce303433521701c4c1d3d52176bf3728ccc31f3dbb6	case4	1	TGGGAAATGCCTTTCC-1	Adenoma	7333	7673	27	23	TRUE	0.859216313670893	7.69463501778462	30	36	descriptive only	NA	NA	NA	NA	NA	NA	NA	NA	NA	NA	NA	NA	NA	NA	NA
spatial	figures/stage10e_desc/source_data/Fig10E_DESC_1_case4_spatial_source_data.tsv	452ce84d1ebe64fd247b6ce303433521701c4c1d3d52176bf3728ccc31f3dbb6	case4	1	CGCAATCGATCATTAG-1	Adenoma	7224	9450	0	24	TRUE	0.896413402545849	7.87189580478241	30	36	descriptive only	NA	NA	NA	NA	NA	NA	NA	NA	NA	NA	NA	NA	NA	NA	NA
spatial	figures/stage10e_desc/source_data/Fig10E_DESC_1_case4_spatial_source_data.tsv	452ce84d1ebe64fd247b6ce303433521701c4c1d3d52176bf3728ccc31f3dbb6	case4	1	TGGTTATGCTTGCGGT-1	Adenoma	7109	9385	1	25	TRUE	0.855193067160933	7.76027531908143	30	36	descriptive only	NA	NA	NA	NA	NA	NA	NA	NA	NA	NA	NA	NA	NA	NA	NA
spatial	figures/stage10e_desc/source_data/Fig10E_DESC_1_case4_spatial_source_data.tsv	452ce84d1ebe64fd247b6ce303433521701c4c1d3d52176bf3728ccc31f3dbb6	case4	1	GGCTTGGCTCTCACCT-1	Adenoma	7223	9319	2	24	TRUE	0.799187106849718	7.86021320610808	30	36	descriptive only	NA	NA	NA	NA	NA	NA	NA	NA	NA	NA	NA	NA	NA	NA	NA
spatial	figures/stage10e_desc/source_data/Fig10E_DESC_1_case4_spatial_source_data.tsv	452ce84d1ebe64fd247b6ce303433521701c4c1d3d52176bf3728ccc31f3dbb6	case4	1	ATTGGTAGGATCCGCT-1	Adenoma	7109	9253	3	25	TRUE	0.917153914592748	7.7957117365946	30	36	descriptive only	NA	NA	NA	NA	NA	NA	NA	NA	NA	NA	NA	NA	NA	NA	NA
spatial	figures/stage10e_desc/source_data/Fig10E_DESC_1_case4_spatial_source_data.tsv	452ce84d1ebe64fd247b6ce303433521701c4c1d3d52176bf3728ccc31f3dbb6	case4	1	TCAGGGCGACTTCCTT-1	Adenoma	7223	9187	4	24	TRUE	0.910744391843533	7.74888761421879	30	36	descriptive only	NA	NA	NA	NA	NA	NA	NA	NA	NA	NA	NA	NA	NA	NA	NA
spatial	figures/stage10e_desc/source_data/Fig10E_DESC_1_case4_spatial_source_data.tsv	452ce84d1ebe64fd247b6ce303433521701c4c1d3d52176bf3728ccc31f3dbb6	case4	1	TCTGCAGATTCGAGTC-1	Adenoma	7108	9122	5	25	TRUE	0.79954831964437	7.80532783991351	30	36	descriptive only	NA	NA	NA	NA	NA	NA	NA	NA	NA	NA	NA	NA	NA	NA	NA
spatial	figures/stage10e_desc/source_data/Fig10E_DESC_1_case4_spatial_source_data.tsv	452ce84d1ebe64fd247b6ce303433521701c4c1d3d52176bf3728ccc31f3dbb6	case4	1	CTCTCGCTGTACTATG-1	Adenoma	7223	9055	6	24	TRUE	0.82586976433558	7.67080489896033	30	36	descriptive only	NA	NA	NA	NA	NA	NA	NA	NA	NA	NA	NA	NA	NA	NA	NA
spatial	figures/stage10e_desc/source_data/Fig10E_DESC_1_case4_spatial_source_data.tsv	452ce84d1ebe64fd247b6ce303433521701c4c1d3d52176bf3728ccc31f3dbb6	case4	1	AATAGTCGCGAGTCGG-1	Adenoma	7108	8990	7	25	TRUE	0.71513821746015	7.78764355376641	30	36	descriptive only	NA	NA	NA	NA	NA	NA	NA	NA	NA	NA	NA	NA	NA	NA	NA
spatial	figures/stage10e_desc/source_data/Fig10E_DESC_1_case4_spatial_source_data.tsv	452ce84d1ebe64fd247b6ce303433521701c4c1d3d52176bf3728ccc31f3dbb6	case4	1	AGTTACCCTTAAGACT-1	Adenoma	7222	8924	8	24	TRUE	0.828603352898184	7.69208659013714	30	36	descriptive only	NA	NA	NA	NA	NA	NA	NA	NA	NA	NA	NA	NA	NA	NA	NA
spatial	figures/stage10e_desc/source_data/Fig10E_DESC_1_case4_spatial_source_data.tsv	452ce84d1ebe64fd247b6ce303433521701c4c1d3d52176bf3728ccc31f3dbb6	case4	1	CTTAAATAAGACCCAT-1	Adenoma	7108	8858	9	25	TRUE	0.945652006791056	7.83154001468351	30	36	descriptive only	NA	NA	NA	NA	NA	NA	NA	NA	NA	NA	NA	NA	NA	NA	NA
spatial	figures/stage10e_desc/source_data/Fig10E_DESC_1_case4_spatial_source_data.tsv	452ce84d1ebe64fd247b6ce303433521701c4c1d3d52176bf3728ccc31f3dbb6	case4	1	GGTTGTGCTCTTGTCC-1	Adenoma	7222	8792	10	24	TRUE	0.877843174979993	7.7362013776241	30	36	descriptive only	NA	NA	NA	NA	NA	NA	NA	NA	NA	NA	NA	NA	NA	NA	NA
spatial	figures/stage10e_desc/source_data/Fig10E_DESC_1_case4_spatial_source_data.tsv	452ce84d1ebe64fd247b6ce303433521701c4c1d3d52176bf3728ccc31f3dbb6	case4	1	GTGAGTCTAAGACGGA-1	Adenoma	7107	8727	11	25	TRUE	0.851339201000316	7.79845226452035	30	36	descriptive only	NA	NA	NA	NA	NA	NA	NA	NA	NA	NA	NA	NA	NA	NA	NA
spatial	figures/stage10e_desc/source_data/Fig10E_DESC_1_case4_spatial_source_data.tsv	452ce84d1ebe64fd247b6ce303433521701c4c1d3d52176bf3728ccc31f3dbb6	case4	1	CGCGACACTGCGCAGC-1	Adenoma	7221	8661	12	24	TRUE	0.947903054929155	7.74892710483953	30	36	descriptive only	NA	NA	NA	NA	NA	NA	NA	NA	NA	NA	NA	NA	NA	NA	NA
spatial	figures/stage10e_desc/source_data/Fig10E_DESC_1_case4_spatial_source_data.tsv	452ce84d1ebe64fd247b6ce303433521701c4c1d3d52176bf3728ccc31f3dbb6	case4	1	GCTCGCGGTTCCGCTC-1	Adenoma	7107	8595	13	25	TRUE	0.832221244643753	7.82571623343944	30	36	descriptive only	NA	NA	NA	NA	NA	NA	NA	NA	NA	NA	NA	NA	NA	NA	NA
spatial	figures/stage10e_desc/source_data/Fig10E_DESC_1_case4_spatial_source_data.tsv	452ce84d1ebe64fd247b6ce303433521701c4c1d3d52176bf3728ccc31f3dbb6	case4	1	TTAACTCACGCGTGGA-1	Adenoma	7221	8529	14	24	TRUE	0.8924898460223	7.69403468430839	30	36	descriptive only	NA	NA	NA	NA	NA	NA	NA	NA	NA	NA	NA	NA	NA	NA	NA
spatial	figures/stage10e_desc/source_data/Fig10E_DESC_1_case4_spatial_source_data.tsv	452ce84d1ebe64fd247b6ce303433521701c4c1d3d52176bf3728ccc31f3dbb6	case4	1	GGAACGGCCTGCAGCC-1	Adenoma	7106	8464	15	25	TRUE	0.897699475702007	7.88457649388302	30	36	descriptive only	NA	NA	NA	NA	NA	NA	NA	NA	NA	NA	NA	NA	NA	NA	NA
spatial	figures/stage10e_desc/source_data/Fig10E_DESC_1_case4_spatial_source_data.tsv	452ce84d1ebe64fd247b6ce303433521701c4c1d3d52176bf3728ccc31f3dbb6	case4	1	GTAGAAACGGGTGGAG-1	Adenoma	7221	8397	16	24	TRUE	0.784041300776702	7.83830123071668	30	36	descriptive only	NA	NA	NA	NA	NA	NA	NA	NA	NA	NA	NA	NA	NA	NA	NA
spatial	figures/stage10e_desc/source_data/Fig10E_DESC_1_case4_spatial_source_data.tsv	452ce84d1ebe64fd247b6ce303433521701c4c1d3d52176bf3728ccc31f3dbb6	case4	1	TAATGAAAGACCCTTG-1	Adenoma	7106	8332	17	25	TRUE	0.68066225546705	7.71446064691588	30	36	descriptive only	NA	NA	NA	NA	NA	NA	NA	NA	NA	NA	NA	NA	NA	NA	NA
spatial	figures/stage10e_desc/source_data/Fig10E_DESC_1_case4_spatial_source_data.tsv	452ce84d1ebe64fd247b6ce303433521701c4c1d3d52176bf3728ccc31f3dbb6	case4	1	AGGCTTGCTAGACACC-1	Adenoma	7220	8266	18	24	TRUE	0.838568492342422	7.79590490701167	30	36	descriptive only	NA	NA	NA	NA	NA	NA	NA	NA	NA	NA	NA	NA	NA	NA	NA
spatial	figures/stage10e_desc/source_data/Fig10E_DESC_1_case4_spatial_source_data.tsv	452ce84d1ebe64fd247b6ce303433521701c4c1d3d52176bf3728ccc31f3dbb6	case4	1	TTGCGTAGTTTGAGGA-1	Adenoma	7106	8200	19	25	TRUE	0.927830515323707	7.51477592283966	30	36	descriptive only	NA	NA	NA	NA	NA	NA	NA	NA	NA	NA	NA	NA	NA	NA	NA
spatial	figures/stage10e_desc/source_data/Fig10E_DESC_1_case4_spatial_source_data.tsv	452ce84d1ebe64fd247b6ce303433521701c4c1d3d52176bf3728ccc31f3dbb6	case4	1	CGCCCTTGAAGGCTGA-1	Adenoma	7220	8134	20	24	TRUE	0.867976173500856	7.75294024798267	30	36	descriptive only	NA	NA	NA	NA	NA	NA	NA	NA	NA	NA	NA	NA	NA	NA	NA
spatial	figures/stage10e_desc/source_data/Fig10E_DESC_1_case4_spatial_source_data.tsv	452ce84d1ebe64fd247b6ce303433521701c4c1d3d52176bf3728ccc31f3dbb6	case4	1	CCCGGTGGAAGAACCT-1	Adenoma	7105	8069	21	25	TRUE	0.713300142758059	7.86202749093744	30	36	descriptive only	NA	NA	NA	NA	NA	NA	NA	NA	NA	NA	NA	NA	NA	NA	NA
spatial	figures/stage10e_desc/source_data/Fig10E_DESC_1_case4_spatial_source_data.tsv	452ce84d1ebe64fd247b6ce303433521701c4c1d3d52176bf3728ccc31f3dbb6	case4	1	TTAACACCTCGAACAT-1	Adenoma	7219	8003	22	24	TRUE	0.928254791083939	7.80591421484712	30	36	descriptive only	NA	NA	NA	NA	NA	NA	NA	NA	NA	NA	NA	NA	NA	NA	NA
spatial	figures/stage10e_desc/source_data/Fig10E_DESC_1_case4_spatial_source_data.tsv	452ce84d1ebe64fd247b6ce303433521701c4c1d3d52176bf3728ccc31f3dbb6	case4	1	GATTCCTATACGGCGC-1	Adenoma	7105	7937	23	25	TRUE	0.878960305525996	7.78068422153743	30	36	descriptive only	NA	NA	NA	NA	NA	NA	NA	NA	NA	NA	NA	NA	NA	NA	NA
spatial	figures/stage10e_desc/source_data/Fig10E_DESC_1_case4_spatial_source_data.tsv	452ce84d1ebe64fd247b6ce303433521701c4c1d3d52176bf3728ccc31f3dbb6	case4	1	TTACCCTAACAGTCCT-1	Adenoma	7219	7871	24	24	TRUE	0.836254393682381	7.77497596809505	30	36	descriptive only	NA	NA	NA	NA	NA	NA	NA	NA	NA	NA	NA	NA	NA	NA	NA
spatial	figures/stage10e_desc/source_data/Fig10E_DESC_1_case4_spatial_source_data.tsv	452ce84d1ebe64fd247b6ce303433521701c4c1d3d52176bf3728ccc31f3dbb6	case4	1	ACCCACCTACATGCTC-1	Adenoma	7104	7806	25	25	TRUE	0.950438624498584	7.84213815278156	30	36	descriptive only	NA	NA	NA	NA	NA	NA	NA	NA	NA	NA	NA	NA	NA	NA	NA
spatial	figures/stage10e_desc/source_data/Fig10E_DESC_1_case4_spatial_source_data.tsv	452ce84d1ebe64fd247b6ce303433521701c4c1d3d52176bf3728ccc31f3dbb6	case4	1	AAAGGGCAGCTTGAAT-1	Adenoma	7219	7739	26	24	TRUE	0.895106016636989	7.75691696028673	30	36	descriptive only	NA	NA	NA	NA	NA	NA	NA	NA	NA	NA	NA	NA	NA	NA	NA
spatial	figures/stage10e_desc/source_data/Fig10E_DESC_1_case4_spatial_source_data.tsv	452ce84d1ebe64fd247b6ce303433521701c4c1d3d52176bf3728ccc31f3dbb6	case4	1	CACACAGGGATAGATT-1	Adenoma	7104	7674	27	25	TRUE	0.798306108783958	7.84982467600798	30	36	descriptive only	NA	NA	NA	NA	NA	NA	NA	NA	NA	NA	NA	NA	NA	NA	NA
spatial	figures/stage10e_desc/source_data/Fig10E_DESC_1_case4_spatial_source_data.tsv	452ce84d1ebe64fd247b6ce303433521701c4c1d3d52176bf3728ccc31f3dbb6	case4	1	AGAGCGTACAAGCTCG-1	Adenoma	7218	7608	28	24	TRUE	0.772994769465311	7.79649731910902	30	36	descriptive only	NA	NA	NA	NA	NA	NA	NA	NA	NA	NA	NA	NA	NA	NA	NA
spatial	figures/stage10e_desc/source_data/Fig10E_DESC_1_case4_spatial_source_data.tsv	452ce84d1ebe64fd247b6ce303433521701c4c1d3d52176bf3728ccc31f3dbb6	case4	1	TCTTACGGCATCCGAC-1	Adenoma	7104	7542	29	25	TRUE	0.866723750088306	7.89226521616281	30	36	descriptive only	NA	NA	NA	NA	NA	NA	NA	NA	NA	NA	NA	NA	NA	NA	NA
spatial	figures/stage10e_desc/source_data/Fig10E_DESC_1_case4_spatial_source_data.tsv	452ce84d1ebe64fd247b6ce303433521701c4c1d3d52176bf3728ccc31f3dbb6	case4	1	AAATGTATCTTATCCC-1	Adenoma	6995	9451	0	26	TRUE	0.906969296409438	7.75676618144126	30	36	descriptive only	NA	NA	NA	NA	NA	NA	NA	NA	NA	NA	NA	NA	NA	NA	NA
spatial	figures/stage10e_desc/source_data/Fig10E_DESC_1_case4_spatial_source_data.tsv	452ce84d1ebe64fd247b6ce303433521701c4c1d3d52176bf3728ccc31f3dbb6	case4	1	ACTCTAAACCTGGGAT-1	Adenoma	6880	9385	1	27	TRUE	0.925884385339183	7.83308755395012	30	36	descriptive only	NA	NA	NA	NA	NA	NA	NA	NA	NA	NA	NA	NA	NA	NA	NA
spatial	figures/stage10e_desc/source_data/Fig10E_DESC_1_case4_spatial_source_data.tsv	452ce84d1ebe64fd247b6ce303433521701c4c1d3d52176bf3728ccc31f3dbb6	case4	1	GCTGGCAGGTGCCGTG-1	Adenoma	6994	9319	2	26	TRUE	0.917383489375164	7.83235438247612	30	36	descriptive only	NA	NA	NA	NA	NA	NA	NA	NA	NA	NA	NA	NA	NA	NA	NA
spatial	figures/stage10e_desc/source_data/Fig10E_DESC_1_case4_spatial_source_data.tsv	452ce84d1ebe64fd247b6ce303433521701c4c1d3d52176bf3728ccc31f3dbb6	case4	1	CTCATTCGTGAACATC-1	Adenoma	6880	9254	3	27	TRUE	0.878884705436494	7.91583346196572	30	36	descriptive only	NA	NA	NA	NA	NA	NA	NA	NA	NA	NA	NA	NA	NA	NA	NA
spatial	figures/stage10e_desc/source_data/Fig10E_DESC_1_case4_spatial_source_data.tsv	452ce84d1ebe64fd247b6ce303433521701c4c1d3d52176bf3728ccc31f3dbb6	case4	1	TCGCCGGATGGGCAAG-1	Adenoma	6994	9188	4	26	TRUE	0.85073402409486	7.86250963538556	30	36	descriptive only	NA	NA	NA	NA	NA	NA	NA	NA	NA	NA	NA	NA	NA	NA	NA
spatial	figures/stage10e_desc/source_data/Fig10E_DESC_1_case4_spatial_source_data.tsv	452ce84d1ebe64fd247b6ce303433521701c4c1d3d52176bf3728ccc31f3dbb6	case4	1	GGACTAAGTCAGGAGT-1	Adenoma	6879	9122	5	27	TRUE	0.696365956821281	7.67717305524568	30	36	descriptive only	NA	NA	NA	NA	NA	NA	NA	NA	NA	NA	NA	NA	NA	NA	NA
spatial	figures/stage10e_desc/source_data/Fig10E_DESC_1_case4_spatial_source_data.tsv	452ce84d1ebe64fd247b6ce303433521701c4c1d3d52176bf3728ccc31f3dbb6	case4	1	TATCAAAGGTCTGTAA-1	Adenoma	6994	9056	6	26	TRUE	0.902104195543287	7.95671332157785	30	36	descriptive only	NA	NA	NA	NA	NA	NA	NA	NA	NA	NA	NA	NA	NA	NA	NA
spatial	figures/stage10e_desc/source_data/Fig10E_DESC_1_case4_spatial_source_data.tsv	452ce84d1ebe64fd247b6ce303433521701c4c1d3d52176bf3728ccc31f3dbb6	case4	1	TTCAGTTTGTGGCAGC-1	Adenoma	6879	8991	7	27	TRUE	0.725036219520237	7.99225791081612	30	36	descriptive only	NA	NA	NA	NA	NA	NA	NA	NA	NA	NA	NA	NA	NA	NA	NA
spatial	figures/stage10e_desc/source_data/Fig10E_DESC_1_case4_spatial_source_data.tsv	452ce84d1ebe64fd247b6ce303433521701c4c1d3d52176bf3728ccc31f3dbb6	case4	1	TGTTCATAAATGTGCT-1	Adenoma	6993	8924	8	26	TRUE	0.818459851786113	7.80007846195288	30	36	descriptive only	NA	NA	NA	NA	NA	NA	NA	NA	NA	NA	NA	NA	NA	NA	NA
spatial	figures/stage10e_desc/source_data/Fig10E_DESC_1_case4_spatial_source_data.tsv	452ce84d1ebe64fd247b6ce303433521701c4c1d3d52176bf3728ccc31f3dbb6	case4	1	CTTAGCCCGGATAGTG-1	Adenoma	6879	8859	9	27	TRUE	0.875938055362647	7.87845669097888	30	36	descriptive only	NA	NA	NA	NA	NA	NA	NA	NA	NA	NA	NA	NA	NA	NA	NA
spatial	figures/stage10e_desc/source_data/Fig10E_DESC_1_case4_spatial_source_data.tsv	452ce84d1ebe64fd247b6ce303433521701c4c1d3d52176bf3728ccc31f3dbb6	case4	1	GATGCGAATGGTATTA-1	Adenoma	6993	8793	10	26	TRUE	0.916939825523865	7.89173134356427	30	36	descriptive only	NA	NA	NA	NA	NA	NA	NA	NA	NA	NA	NA	NA	NA	NA	NA
spatial	figures/stage10e_desc/source_data/Fig10E_DESC_1_case4_spatial_source_data.tsv	452ce84d1ebe64fd247b6ce303433521701c4c1d3d52176bf3728ccc31f3dbb6	case4	1	TCTAACTGTATGTAAA-1	Adenoma	6878	8727	11	27	TRUE	0.780074371514851	7.82471348518125	30	36	descriptive only	NA	NA	NA	NA	NA	NA	NA	NA	NA	NA	NA	NA	NA	NA	NA
spatial	figures/stage10e_desc/source_data/Fig10E_DESC_1_case4_spatial_source_data.tsv	452ce84d1ebe64fd247b6ce303433521701c4c1d3d52176bf3728ccc31f3dbb6	case4	1	TTAAACCTGGTTCCTT-1	Adenoma	6992	8661	12	26	TRUE	0.710856104522642	7.66577935671414	30	36	descriptive only	NA	NA	NA	NA	NA	NA	NA	NA	NA	NA	NA	NA	NA	NA	NA
spatial	figures/stage10e_desc/source_data/Fig10E_DESC_1_case4_spatial_source_data.tsv	452ce84d1ebe64fd247b6ce303433521701c4c1d3d52176bf3728ccc31f3dbb6	case4	1	GCTAAGTAAAGGCGAT-1	Adenoma	6878	8596	13	27	TRUE	0.90867845975005	7.83294102888261	30	36	descriptive only	NA	NA	NA	NA	NA	NA	NA	NA	NA	NA	NA	NA	NA	NA	NA
spatial	figures/stage10e_desc/source_data/Fig10E_DESC_1_case4_spatial_source_data.tsv	452ce84d1ebe64fd247b6ce303433521701c4c1d3d52176bf3728ccc31f3dbb6	case4	1	AGTTACCGCACATGGT-1	Adenoma	6992	8530	14	26	TRUE	0.927424817370923	7.61261282943987	30	36	descriptive only	NA	NA	NA	NA	NA	NA	NA	NA	NA	NA	NA	NA	NA	NA	NA
spatial	figures/stage10e_desc/source_data/Fig10E_DESC_1_case4_spatial_source_data.tsv	452ce84d1ebe64fd247b6ce303433521701c4c1d3d52176bf3728ccc31f3dbb6	case4	1	GACTGCGGCACGTGTA-1	Adenoma	6877	8464	15	27	TRUE	0.776789675893679	7.87091562600114	30	36	descriptive only	NA	NA	NA	NA	NA	NA	NA	NA	NA	NA	NA	NA	NA	NA	NA
spatial	figures/stage10e_desc/source_data/Fig10E_DESC_1_case4_spatial_source_data.tsv	452ce84d1ebe64fd247b6ce303433521701c4c1d3d52176bf3728ccc31f3dbb6	case4	1	TGGTGATCGTATTTGT-1	Adenoma	6992	8398	16	26	TRUE	0.986635989798943	7.95184787581935	30	36	descriptive only	NA	NA	NA	NA	NA	NA	NA	NA	NA	NA	NA	NA	NA	NA	NA
spatial	figures/stage10e_desc/source_data/Fig10E_DESC_1_case4_spatial_source_data.tsv	452ce84d1ebe64fd247b6ce303433521701c4c1d3d52176bf3728ccc31f3dbb6	case4	1	TTATCGCCTGCGAAGC-1	Adenoma	6877	8333	17	27	TRUE	0.948893730961719	7.63788106340472	30	36	descriptive only	NA	NA	NA	NA	NA	NA	NA	NA	NA	NA	NA	NA	NA	NA	NA
spatial	figures/stage10e_desc/source_data/Fig10E_DESC_1_case4_spatial_source_data.tsv	452ce84d1ebe64fd247b6ce303433521701c4c1d3d52176bf3728ccc31f3dbb6	case4	1	TGGAATTAGACGCTTT-1	Adenoma	6991	8266	18	26	TRUE	0.89103313918765	7.78551516357197	30	36	descriptive only	NA	NA	NA	NA	NA	NA	NA	NA	NA	NA	NA	NA	NA	NA	NA
spatial	figures/stage10e_desc/source_data/Fig10E_DESC_1_case4_spatial_source_data.tsv	452ce84d1ebe64fd247b6ce303433521701c4c1d3d52176bf3728ccc31f3dbb6	case4	1	TCGTCACACTGTTAGC-1	Adenoma	6877	8201	19	27	TRUE	0.934937481326917	7.73118951844787	30	36	descriptive only	NA	NA	NA	NA	NA	NA	NA	NA	NA	NA	NA	NA	NA	NA	NA
spatial	figures/stage10e_desc/source_data/Fig10E_DESC_1_case4_spatial_source_data.tsv	452ce84d1ebe64fd247b6ce303433521701c4c1d3d52176bf3728ccc31f3dbb6	case4	1	TTATGTTTGCGATAGA-1	Adenoma	6991	8135	20	26	TRUE	0.826414214598427	7.8296788734298	30	36	descriptive only	NA	NA	NA	NA	NA	NA	NA	NA	NA	NA	NA	NA	NA	NA	NA
spatial	figures/stage10e_desc/source_data/Fig10E_DESC_1_case4_spatial_source_data.tsv	452ce84d1ebe64fd247b6ce303433521701c4c1d3d52176bf3728ccc31f3dbb6	case4	1	GGTGCTGATCACAAAG-1	Adenoma	6876	8069	21	27	TRUE	0.93150793851708	7.86792679711996	30	36	descriptive only	NA	NA	NA	NA	NA	NA	NA	NA	NA	NA	NA	NA	NA	NA	NA
spatial	figures/stage10e_desc/source_data/Fig10E_DESC_1_case4_spatial_source_data.tsv	452ce84d1ebe64fd247b6ce303433521701c4c1d3d52176bf3728ccc31f3dbb6	case4	1	CATAGCCGCCCGGGAT-1	Adenoma	6990	8003	22	26	TRUE	0.977724208760041	7.89820185081343	30	36	descriptive only	NA	NA	NA	NA	NA	NA	NA	NA	NA	NA	NA	NA	NA	NA	NA
spatial	figures/stage10e_desc/source_data/Fig10E_DESC_1_case4_spatial_source_data.tsv	452ce84d1ebe64fd247b6ce303433521701c4c1d3d52176bf3728ccc31f3dbb6	case4	1	GGTTAGTTACGGCGCC-1	Adenoma	6876	7938	23	27	TRUE	0.916092162415781	7.92624486479319	30	36	descriptive only	NA	NA	NA	NA	NA	NA	NA	NA	NA	NA	NA	NA	NA	NA	NA
spatial	figures/stage10e_desc/source_data/Fig10E_DESC_1_case4_spatial_source_data.tsv	452ce84d1ebe64fd247b6ce303433521701c4c1d3d52176bf3728ccc31f3dbb6	case4	1	ATTCCCACATAAACAA-1	Adenoma	6990	7872	24	26	TRUE	0.916114273947496	7.95927784705682	30	36	descriptive only	NA	NA	NA	NA	NA	NA	NA	NA	NA	NA	NA	NA	NA	NA	NA
spatial	figures/stage10e_desc/source_data/Fig10E_DESC_1_case4_spatial_source_data.tsv	452ce84d1ebe64fd247b6ce303433521701c4c1d3d52176bf3728ccc31f3dbb6	case4	1	ATTCAGTAGCAGGGTC-1	Adenoma	6875	7806	25	27	TRUE	0.905959117661527	7.95737435603821	30	36	descriptive only	NA	NA	NA	NA	NA	NA	NA	NA	NA	NA	NA	NA	NA	NA	NA
spatial	figures/stage10e_desc/source_data/Fig10E_DESC_1_case4_spatial_source_data.tsv	452ce84d1ebe64fd247b6ce303433521701c4c1d3d52176bf3728ccc31f3dbb6	case4	1	CAGTTCCGCGGGTCGA-1	Adenoma	6990	7740	26	26	TRUE	0.821604608903525	8.01903980885154	30	36	descriptive only	NA	NA	NA	NA	NA	NA	NA	NA	NA	NA	NA	NA	NA	NA	NA
spatial	figures/stage10e_desc/source_data/Fig10E_DESC_1_case4_spatial_source_data.tsv	452ce84d1ebe64fd247b6ce303433521701c4c1d3d52176bf3728ccc31f3dbb6	case4	1	AAGAGATGAATCGGTA-1	Adenoma	6875	7675	27	27	TRUE	0.709650679860459	8.01666861521288	30	36	descriptive only	NA	NA	NA	NA	NA	NA	NA	NA	NA	NA	NA	NA	NA	NA	NA
spatial	figures/stage10e_desc/source_data/Fig10E_DESC_1_case4_spatial_source_data.tsv	452ce84d1ebe64fd247b6ce303433521701c4c1d3d52176bf3728ccc31f3dbb6	case4	1	CGCAATTCTACAATAA-1	Adenoma	6989	7609	28	26	TRUE	0.739792998270859	7.9694291477999	30	36	descriptive only	NA	NA	NA	NA	NA	NA	NA	NA	NA	NA	NA	NA	NA	NA	NA
spatial	figures/stage10e_desc/source_data/Fig10E_DESC_1_case4_spatial_source_data.tsv	452ce84d1ebe64fd247b6ce303433521701c4c1d3d52176bf3728ccc31f3dbb6	case4	1	TAACGCTTTGAGAGCG-1	Adenoma	6875	7543	29	27	TRUE	0.785060092885931	7.96711023038594	30	36	descriptive only	NA	NA	NA	NA	NA	NA	NA	NA	NA	NA	NA	NA	NA	NA	NA
spatial	figures/stage10e_desc/source_data/Fig10E_DESC_1_case4_spatial_source_data.tsv	452ce84d1ebe64fd247b6ce303433521701c4c1d3d52176bf3728ccc31f3dbb6	case4	1	AGGCTATGGTTAGCTT-1	Adenoma	6989	7477	30	26	TRUE	0.754392096641276	7.95159538366048	30	36	descriptive only	NA	NA	NA	NA	NA	NA	NA	NA	NA	NA	NA	NA	NA	NA	NA
spatial	figures/stage10e_desc/source_data/Fig10E_DESC_1_case4_spatial_source_data.tsv	452ce84d1ebe64fd247b6ce303433521701c4c1d3d52176bf3728ccc31f3dbb6	case4	1	GGCCCGTATACCATGC-1	Adenoma	6857	1621	119	27	TRUE	0.841719692127695	7.69959582520976	30	36	descriptive only	NA	NA	NA	NA	NA	NA	NA	NA	NA	NA	NA	NA	NA	NA	NA
spatial	figures/stage10e_desc/source_data/Fig10E_DESC_1_case4_spatial_source_data.tsv	452ce84d1ebe64fd247b6ce303433521701c4c1d3d52176bf3728ccc31f3dbb6	case4	1	GAGATGACAATCCTTA-1	Adenoma	6857	1490	121	27	TRUE	0.800412673042464	7.78139608763994	30	36	descriptive only	NA	NA	NA	NA	NA	NA	NA	NA	NA	NA	NA	NA	NA	NA	NA
spatial	figures/stage10e_desc/source_data/Fig10E_DESC_1_case4_spatial_source_data.tsv	452ce84d1ebe64fd247b6ce303433521701c4c1d3d52176bf3728ccc31f3dbb6	case4	1	GAACGATAAGTTAAAG-1	Adenoma	6856	1358	123	27	TRUE	0.704308245253436	7.68579427085147	30	36	descriptive only	NA	NA	NA	NA	NA	NA	NA	NA	NA	NA	NA	NA	NA	NA	NA
spatial	figures/stage10e_desc/source_data/Fig10E_DESC_1_case4_spatial_source_data.tsv	452ce84d1ebe64fd247b6ce303433521701c4c1d3d52176bf3728ccc31f3dbb6	case4	1	CCAATAGATTTCATCT-1	Adenoma	6766	9452	0	28	TRUE	0.943367751646742	7.81559679765099	30	36	descriptive only	NA	NA	NA	NA	NA	NA	NA	NA	NA	NA	NA	NA	NA	NA	NA
spatial	figures/stage10e_desc/source_data/Fig10E_DESC_1_case4_spatial_source_data.tsv	452ce84d1ebe64fd247b6ce303433521701c4c1d3d52176bf3728ccc31f3dbb6	case4	1	GGGCACGAATTGGCCG-1	Adenoma	6651	9386	1	29	TRUE	0.920012229577561	7.78166625546315	30	36	descriptive only	NA	NA	NA	NA	NA	NA	NA	NA	NA	NA	NA	NA	NA	NA	NA
spatial	figures/stage10e_desc/source_data/Fig10E_DESC_1_case4_spatial_source_data.tsv	452ce84d1ebe64fd247b6ce303433521701c4c1d3d52176bf3728ccc31f3dbb6	case4	1	TCGTTGACAGGGTCCC-1	Adenoma	6765	9320	2	28	TRUE	0.920213340489981	7.7391297384646	30	36	descriptive only	NA	NA	NA	NA	NA	NA	NA	NA	NA	NA	NA	NA	NA	NA	NA
spatial	figures/stage10e_desc/source_data/Fig10E_DESC_1_case4_spatial_source_data.tsv	452ce84d1ebe64fd247b6ce303433521701c4c1d3d52176bf3728ccc31f3dbb6	case4	1	ATCGTATTCCGAGAAC-1	Adenoma	6651	9254	3	29	TRUE	0.904405495111897	7.68999807874615	30	36	descriptive only	NA	NA	NA	NA	NA	NA	NA	NA	NA	NA	NA	NA	NA	NA	NA
spatial	figures/stage10e_desc/source_data/Fig10E_DESC_1_case4_spatial_source_data.tsv	452ce84d1ebe64fd247b6ce303433521701c4c1d3d52176bf3728ccc31f3dbb6	case4	1	GGGAATTCTGTCCAGT-1	Adenoma	6765	9188	4	28	TRUE	0.689987790287328	7.8049386362723	30	36	descriptive only	NA	NA	NA	NA	NA	NA	NA	NA	NA	NA	NA	NA	NA	NA	NA
spatial	figures/stage10e_desc/source_data/Fig10E_DESC_1_case4_spatial_source_data.tsv	452ce84d1ebe64fd247b6ce303433521701c4c1d3d52176bf3728ccc31f3dbb6	case4	1	ACGCGTTTCTTAAGAG-1	Adenoma	6650	9123	5	29	TRUE	0.936507642590135	7.83209108565764	30	36	descriptive only	NA	NA	NA	NA	NA	NA	NA	NA	NA	NA	NA	NA	NA	NA	NA
spatial	figures/stage10e_desc/source_data/Fig10E_DESC_1_case4_spatial_source_data.tsv	452ce84d1ebe64fd247b6ce303433521701c4c1d3d52176bf3728ccc31f3dbb6	case4	1	GAGAGCGCAGTCCCTG-1	Adenoma	6765	9057	6	28	TRUE	0.860326851408005	7.82280444508785	30	36	descriptive only	NA	NA	NA	NA	NA	NA	NA	NA	NA	NA	NA	NA	NA	NA	NA
spatial	figures/stage10e_desc/source_data/Fig10E_DESC_1_case4_spatial_source_data.tsv	452ce84d1ebe64fd247b6ce303433521701c4c1d3d52176bf3728ccc31f3dbb6	case4	1	GTCCTATTGTTGTGGT-1	Adenoma	6650	8991	7	29	TRUE	0.871226766982711	7.88027090259612	30	36	descriptive only	NA	NA	NA	NA	NA	NA	NA	NA	NA	NA	NA	NA	NA	NA	NA
spatial	figures/stage10e_desc/source_data/Fig10E_DESC_1_case4_spatial_source_data.tsv	452ce84d1ebe64fd247b6ce303433521701c4c1d3d52176bf3728ccc31f3dbb6	case4	1	CATCTGCAGGATCATT-1	Adenoma	6764	8925	8	28	TRUE	0.870110726703703	7.68459677684639	30	36	descriptive only	NA	NA	NA	NA	NA	NA	NA	NA	NA	NA	NA	NA	NA	NA	NA
spatial	figures/stage10e_desc/source_data/Fig10E_DESC_1_case4_spatial_source_data.tsv	452ce84d1ebe64fd247b6ce303433521701c4c1d3d52176bf3728ccc31f3dbb6	case4	1	GAGTCGACAGACCCTC-1	Adenoma	6650	8860	9	29	TRUE	0.816072891299888	7.78274635318078	30	36	descriptive only	NA	NA	NA	NA	NA	NA	NA	NA	NA	NA	NA	NA	NA	NA	NA
spatial	figures/stage10e_desc/source_data/Fig10E_DESC_1_case4_spatial_source_data.tsv	452ce84d1ebe64fd247b6ce303433521701c4c1d3d52176bf3728ccc31f3dbb6	case4	1	AAGTGCAAAGGTAGAC-1	Adenoma	6764	8794	10	28	TRUE	0.946817105854682	7.77909815829916	30	36	descriptive only	NA	NA	NA	NA	NA	NA	NA	NA	NA	NA	NA	NA	NA	NA	NA
spatial	figures/stage10e_desc/source_data/Fig10E_DESC_1_case4_spatial_source_data.tsv	452ce84d1ebe64fd247b6ce303433521701c4c1d3d52176bf3728ccc31f3dbb6	case4	1	AGGGTGGATAGTGCAT-1	Adenoma	6649	8728	11	29	TRUE	0.852486090488895	7.86996922226996	30	36	descriptive only	NA	NA	NA	NA	NA	NA	NA	NA	NA	NA	NA	NA	NA	NA	NA
spatial	figures/stage10e_desc/source_data/Fig10E_DESC_1_case4_spatial_source_data.tsv	452ce84d1ebe64fd247b6ce303433521701c4c1d3d52176bf3728ccc31f3dbb6	case4	1	TGATAGCGGGATTCTA-1	Adenoma	6763	8662	12	28	TRUE	0.857010398498689	7.75270381611755	30	36	descriptive only	NA	NA	NA	NA	NA	NA	NA	NA	NA	NA	NA	NA	NA	NA	NA
spatial	figures/stage10e_desc/source_data/Fig10E_DESC_1_case4_spatial_source_data.tsv	452ce84d1ebe64fd247b6ce303433521701c4c1d3d52176bf3728ccc31f3dbb6	case4	1	GTCAGTTTGGTAGTCG-1	Adenoma	6649	8596	13	29	TRUE	0.828232717753873	7.50466787377101	30	36	descriptive only	NA	NA	NA	NA	NA	NA	NA	NA	NA	NA	NA	NA	NA	NA	NA
spatial	figures/stage10e_desc/source_data/Fig10E_DESC_1_case4_spatial_source_data.tsv	452ce84d1ebe64fd247b6ce303433521701c4c1d3d52176bf3728ccc31f3dbb6	case4	1	GCATTCGAAATGAACA-1	Adenoma	6763	8530	14	28	TRUE	0.955966730444969	7.74987699562296	30	36	descriptive only	NA	NA	NA	NA	NA	NA	NA	NA	NA	NA	NA	NA	NA	NA	NA
spatial	figures/stage10e_desc/source_data/Fig10E_DESC_1_case4_spatial_source_data.tsv	452ce84d1ebe64fd247b6ce303433521701c4c1d3d52176bf3728ccc31f3dbb6	case4	1	AAAGACTGGGCGCTTT-1	Adenoma	6648	8465	15	29	TRUE	0.931570303332095	7.77448606520727	30	36	descriptive only	NA	NA	NA	NA	NA	NA	NA	NA	NA	NA	NA	NA	NA	NA	NA
spatial	figures/stage10e_desc/source_data/Fig10E_DESC_1_case4_spatial_source_data.tsv	452ce84d1ebe64fd247b6ce303433521701c4c1d3d52176bf3728ccc31f3dbb6	case4	1	TAACAATATTTGTTGC-1	Adenoma	6763	8399	16	28	TRUE	0.705944664752168	7.68857559292138	30	36	descriptive only	NA	NA	NA	NA	NA	NA	NA	NA	NA	NA	NA	NA	NA	NA	NA
spatial	figures/stage10e_desc/source_data/Fig10E_DESC_1_case4_spatial_source_data.tsv	452ce84d1ebe64fd247b6ce303433521701c4c1d3d52176bf3728ccc31f3dbb6	case4	1	CCAGCTTCCGCCCGCA-1	Adenoma	6648	8333	17	29	TRUE	0.838686742501562	7.94050580258857	30	36	descriptive only	NA	NA	NA	NA	NA	NA	NA	NA	NA	NA	NA	NA	NA	NA	NA
spatial	figures/stage10e_desc/source_data/Fig10E_DESC_1_case4_spatial_source_data.tsv	452ce84d1ebe64fd247b6ce303433521701c4c1d3d52176bf3728ccc31f3dbb6	case4	1	GATATGGATTACGCGG-1	Adenoma	6762	8267	18	28	TRUE	0.944999558534267	7.84864269968905	30	36	descriptive only	NA	NA	NA	NA	NA	NA	NA	NA	NA	NA	NA	NA	NA	NA	NA
spatial	figures/stage10e_desc/source_data/Fig10E_DESC_1_case4_spatial_source_data.tsv	452ce84d1ebe64fd247b6ce303433521701c4c1d3d52176bf3728ccc31f3dbb6	case4	1	AGAGCAGTTATGAGAC-1	Adenoma	6648	8202	19	29	TRUE	0.932791017435694	7.95591841770766	30	36	descriptive only	NA	NA	NA	NA	NA	NA	NA	NA	NA	NA	NA	NA	NA	NA	NA
spatial	figures/stage10e_desc/source_data/Fig10E_DESC_1_case4_spatial_source_data.tsv	452ce84d1ebe64fd247b6ce303433521701c4c1d3d52176bf3728ccc31f3dbb6	case4	1	TCACATCTTATCTGAT-1	Adenoma	6762	8136	20	28	TRUE	0.762082433380348	7.83153307334313	30	36	descriptive only	NA	NA	NA	NA	NA	NA	NA	NA	NA	NA	NA	NA	NA	NA	NA
spatial	figures/stage10e_desc/source_data/Fig10E_DESC_1_case4_spatial_source_data.tsv	452ce84d1ebe64fd247b6ce303433521701c4c1d3d52176bf3728ccc31f3dbb6	case4	1	TATGAAGACAGGTGCG-1	Adenoma	6647	8070	21	29	TRUE	0.93876642213331	7.97953018387712	30	36	descriptive only	NA	NA	NA	NA	NA	NA	NA	NA	NA	NA	NA	NA	NA	NA	NA
spatial	figures/stage10e_desc/source_data/Fig10E_DESC_1_case4_spatial_source_data.tsv	452ce84d1ebe64fd247b6ce303433521701c4c1d3d52176bf3728ccc31f3dbb6	case4	1	TACCTGCTGCACTGTG-1	Adenoma	6762	8004	22	28	TRUE	0.788420618760477	8.04503170239278	30	36	descriptive only	NA	NA	NA	NA	NA	NA	NA	NA	NA	NA	NA	NA	NA	NA	NA
spatial	figures/stage10e_desc/source_data/Fig10E_DESC_1_case4_spatial_source_data.tsv	452ce84d1ebe64fd247b6ce303433521701c4c1d3d52176bf3728ccc31f3dbb6	case4	1	TAGGTCCAAGTAAGGA-1	Adenoma	6647	7939	23	29	TRUE	0.866898174833159	7.96851222091068	30	36	descriptive only	NA	NA	NA	NA	NA	NA	NA	NA	NA	NA	NA	NA	NA	NA	NA
spatial	figures/stage10e_desc/source_data/Fig10E_DESC_1_case4_spatial_source_data.tsv	452ce84d1ebe64fd247b6ce303433521701c4c1d3d52176bf3728ccc31f3dbb6	case4	1	GAAACTCGTGCGATGC-1	Adenoma	6761	7872	24	28	TRUE	0.917074398619051	7.91346534442959	30	36	descriptive only	NA	NA	NA	NA	NA	NA	NA	NA	NA	NA	NA	NA	NA	NA	NA
spatial	figures/stage10e_desc/source_data/Fig10E_DESC_1_case4_spatial_source_data.tsv	452ce84d1ebe64fd247b6ce303433521701c4c1d3d52176bf3728ccc31f3dbb6	case4	1	AACAATTACTCTACGC-1	Adenoma	6646	7807	25	29	TRUE	0.906471294441495	7.97878095498295	30	36	descriptive only	NA	NA	NA	NA	NA	NA	NA	NA	NA	NA	NA	NA	NA	NA	NA
spatial	figures/stage10e_desc/source_data/Fig10E_DESC_1_case4_spatial_source_data.tsv	452ce84d1ebe64fd247b6ce303433521701c4c1d3d52176bf3728ccc31f3dbb6	case4	1	CCGCACGTGACCTCGG-1	Adenoma	6761	7741	26	28	TRUE	0.786807460038054	8.0708032047288	30	36	descriptive only	NA	NA	NA	NA	NA	NA	NA	NA	NA	NA	NA	NA	NA	NA	NA
spatial	figures/stage10e_desc/source_data/Fig10E_DESC_1_case4_spatial_source_data.tsv	452ce84d1ebe64fd247b6ce303433521701c4c1d3d52176bf3728ccc31f3dbb6	case4	1	AACTTGCCCGTATGCA-1	Adenoma	6646	7675	27	29	TRUE	0.929277525012783	7.96860233488515	30	36	descriptive only	NA	NA	NA	NA	NA	NA	NA	NA	NA	NA	NA	NA	NA	NA	NA
spatial	figures/stage10e_desc/source_data/Fig10E_DESC_1_case4_spatial_source_data.tsv	452ce84d1ebe64fd247b6ce303433521701c4c1d3d52176bf3728ccc31f3dbb6	case4	1	GGGTATGTATGCACTT-1	Adenoma	6760	7609	28	28	TRUE	0.777834034428206	7.98495783837372	30	36	descriptive only	NA	NA	NA	NA	NA	NA	NA	NA	NA	NA	NA	NA	NA	NA	NA
spatial	figures/stage10e_desc/source_data/Fig10E_DESC_1_case4_spatial_source_data.tsv	452ce84d1ebe64fd247b6ce303433521701c4c1d3d52176bf3728ccc31f3dbb6	case4	1	TTCGTACTCCAGAACG-1	Adenoma	6646	7544	29	29	TRUE	0.892563427885077	7.81337478058107	30	36	descriptive only	NA	NA	NA	NA	NA	NA	NA	NA	NA	NA	NA	NA	NA	NA	NA
spatial	figures/stage10e_desc/source_data/Fig10E_DESC_1_case4_spatial_source_data.tsv	452ce84d1ebe64fd247b6ce303433521701c4c1d3d52176bf3728ccc31f3dbb6	case4	1	GAATTTCTCGCTGCAG-1	Adenoma	6760	7478	30	28	TRUE	0.861121242281906	7.82031903326746	30	36	descriptive only	NA	NA	NA	NA	NA	NA	NA	NA	NA	NA	NA	NA	NA	NA	NA
spatial	figures/stage10e_desc/source_data/Fig10E_DESC_1_case4_spatial_source_data.tsv	452ce84d1ebe64fd247b6ce303433521701c4c1d3d52176bf3728ccc31f3dbb6	case4	1	AACAGGATGGGCCGCG-1	Adenoma	6645	7412	31	29	TRUE	0.79795277385208	8.03006764273378	30	36	descriptive only	NA	NA	NA	NA	NA	NA	NA	NA	NA	NA	NA	NA	NA	NA	NA
spatial	figures/stage10e_desc/source_data/Fig10E_DESC_1_case4_spatial_source_data.tsv	452ce84d1ebe64fd247b6ce303433521701c4c1d3d52176bf3728ccc31f3dbb6	case4	1	TCCCGTCGCGTCATAG-1	Adenoma	6629	1885	115	29	TRUE	0.741140170008334	7.70890263182875	30	36	descriptive only	NA	NA	NA	NA	NA	NA	NA	NA	NA	NA	NA	NA	NA	NA	NA
spatial	figures/stage10e_desc/source_data/Fig10E_DESC_1_case4_spatial_source_data.tsv	452ce84d1ebe64fd247b6ce303433521701c4c1d3d52176bf3728ccc31f3dbb6	case4	1	CGCATCCATCAGCCAG-1	Adenoma	6743	1819	116	28	TRUE	0.722663557655349	7.66254999128982	30	36	descriptive only	NA	NA	NA	NA	NA	NA	NA	NA	NA	NA	NA	NA	NA	NA	NA
spatial	figures/stage10e_desc/source_data/Fig10E_DESC_1_case4_spatial_source_data.tsv	452ce84d1ebe64fd247b6ce303433521701c4c1d3d52176bf3728ccc31f3dbb6	case4	1	CTGCACCTAGTCCACA-1	Adenoma	6628	1754	117	29	TRUE	0.689327966599551	7.68416611845463	30	36	descriptive only	NA	NA	NA	NA	NA	NA	NA	NA	NA	NA	NA	NA	NA	NA	NA
spatial	figures/stage10e_desc/source_data/Fig10E_DESC_1_case4_spatial_source_data.tsv	452ce84d1ebe64fd247b6ce303433521701c4c1d3d52176bf3728ccc31f3dbb6	case4	1	CGAGGATCGGGAACGA-1	Adenoma	6743	1688	118	28	TRUE	0.881014783429849	7.68574633825318	30	36	descriptive only	NA	NA	NA	NA	NA	NA	NA	NA	NA	NA	NA	NA	NA	NA	NA
spatial	figures/stage10e_desc/source_data/Fig10E_DESC_1_case4_spatial_source_data.tsv	452ce84d1ebe64fd247b6ce303433521701c4c1d3d52176bf3728ccc31f3dbb6	case4	1	CAATGAGGTTCGACTA-1	Adenoma	6628	1622	119	29	TRUE	0.832059624002481	7.8265015931356	30	36	descriptive only	NA	NA	NA	NA	NA	NA	NA	NA	NA	NA	NA	NA	NA	NA	NA
spatial	figures/stage10e_desc/source_data/Fig10E_DESC_1_case4_spatial_source_data.tsv	452ce84d1ebe64fd247b6ce303433521701c4c1d3d52176bf3728ccc31f3dbb6	case4	1	TCTGACGGGCTAACCC-1	Adenoma	6742	1556	120	28	TRUE	0.879196639112256	7.61969300592427	30	36	descriptive only	NA	NA	NA	NA	NA	NA	NA	NA	NA	NA	NA	NA	NA	NA	NA
spatial	figures/stage10e_desc/source_data/Fig10E_DESC_1_case4_spatial_source_data.tsv	452ce84d1ebe64fd247b6ce303433521701c4c1d3d52176bf3728ccc31f3dbb6	case4	1	TTCTATGCCTTTCGCA-1	Adenoma	6628	1490	121	29	TRUE	0.563445294937007	7.51634355059389	30	36	descriptive only	NA	NA	NA	NA	NA	NA	NA	NA	NA	NA	NA	NA	NA	NA	NA
spatial	figures/stage10e_desc/source_data/Fig10E_DESC_1_case4_spatial_source_data.tsv	452ce84d1ebe64fd247b6ce303433521701c4c1d3d52176bf3728ccc31f3dbb6	case4	1	AGAGTATAGTGTTACG-1	Adenoma	6742	1424	122	28	TRUE	0.589277124623224	7.56556408251585	30	36	descriptive only	NA	NA	NA	NA	NA	NA	NA	NA	NA	NA	NA	NA	NA	NA	NA
spatial	figures/stage10e_desc/source_data/Fig10E_DESC_1_case4_spatial_source_data.tsv	452ce84d1ebe64fd247b6ce303433521701c4c1d3d52176bf3728ccc31f3dbb6	case4	1	CCATTGTTTCCTCCAT-1	Adenoma	6627	1359	123	29	TRUE	0.678120781180269	7.76329913228599	30	36	descriptive only	NA	NA	NA	NA	NA	NA	NA	NA	NA	NA	NA	NA	NA	NA	NA
spatial	figures/stage10e_desc/source_data/Fig10E_DESC_1_case4_spatial_source_data.tsv	452ce84d1ebe64fd247b6ce303433521701c4c1d3d52176bf3728ccc31f3dbb6	case4	1	CTCATCACTTAGTGAT-1	Adenoma	6741	1293	124	28	TRUE	0.535408748609694	7.69495225023882	30	36	descriptive only	NA	NA	NA	NA	NA	NA	NA	NA	NA	NA	NA	NA	NA	NA	NA
spatial	figures/stage10e_desc/source_data/Fig10E_DESC_1_case4_spatial_source_data.tsv	452ce84d1ebe64fd247b6ce303433521701c4c1d3d52176bf3728ccc31f3dbb6	case4	1	GTCTTCCTCACCTAAG-1	Adenoma	6537	9452	0	30	TRUE	0.971805139835766	7.69564118367647	30	36	descriptive only	NA	NA	NA	NA	NA	NA	NA	NA	NA	NA	NA	NA	NA	NA	NA
spatial	figures/stage10e_desc/source_data/Fig10E_DESC_1_case4_spatial_source_data.tsv	452ce84d1ebe64fd247b6ce303433521701c4c1d3d52176bf3728ccc31f3dbb6	case4	1	GGTGATGAAGGAAGTG-1	Adenoma	6422	9387	1	31	TRUE	0.876987434359685	7.69423513984866	30	36	descriptive only	NA	NA	NA	NA	NA	NA	NA	NA	NA	NA	NA	NA	NA	NA	NA
spatial	figures/stage10e_desc/source_data/Fig10E_DESC_1_case4_spatial_source_data.tsv	452ce84d1ebe64fd247b6ce303433521701c4c1d3d52176bf3728ccc31f3dbb6	case4	1	TCAATACAATTGCTGC-1	Adenoma	6536	9321	2	30	TRUE	0.984885102200344	7.81799550908426	30	36	descriptive only	NA	NA	NA	NA	NA	NA	NA	NA	NA	NA	NA	NA	NA	NA	NA
spatial	figures/stage10e_desc/source_data/Fig10E_DESC_1_case4_spatial_source_data.tsv	452ce84d1ebe64fd247b6ce303433521701c4c1d3d52176bf3728ccc31f3dbb6	case4	1	GCAACCCAAGTTGTTT-1	Adenoma	6422	9255	3	31	TRUE	0.969038441020485	7.76812631857612	30	36	descriptive only	NA	NA	NA	NA	NA	NA	NA	NA	NA	NA	NA	NA	NA	NA	NA
spatial	figures/stage10e_desc/source_data/Fig10E_DESC_1_case4_spatial_source_data.tsv	452ce84d1ebe64fd247b6ce303433521701c4c1d3d52176bf3728ccc31f3dbb6	case4	1	ATGAAGTGGACCCAGC-1	Adenoma	6536	9189	4	30	TRUE	0.868068905714505	7.85836885597586	30	36	descriptive only	NA	NA	NA	NA	NA	NA	NA	NA	NA	NA	NA	NA	NA	NA	NA
spatial	figures/stage10e_desc/source_data/Fig10E_DESC_1_case4_spatial_source_data.tsv	452ce84d1ebe64fd247b6ce303433521701c4c1d3d52176bf3728ccc31f3dbb6	case4	1	GAGAATCTCACGATCA-1	Adenoma	6421	9124	5	31	TRUE	0.951304100752205	7.88277482295298	30	36	descriptive only	NA	NA	NA	NA	NA	NA	NA	NA	NA	NA	NA	NA	NA	NA	NA
spatial	figures/stage10e_desc/source_data/Fig10E_DESC_1_case4_spatial_source_data.tsv	452ce84d1ebe64fd247b6ce303433521701c4c1d3d52176bf3728ccc31f3dbb6	case4	1	TATATCATTGATCAGT-1	Adenoma	6536	9057	6	30	TRUE	0.570355766893743	7.61939692501063	30	36	descriptive only	NA	NA	NA	NA	NA	NA	NA	NA	NA	NA	NA	NA	NA	NA	NA
spatial	figures/stage10e_desc/source_data/Fig10E_DESC_1_case4_spatial_source_data.tsv	452ce84d1ebe64fd247b6ce303433521701c4c1d3d52176bf3728ccc31f3dbb6	case4	1	AACTTTACGGGAGCTT-1	Adenoma	6421	8992	7	31	TRUE	0.917716137879495	7.78946881880202	30	36	descriptive only	NA	NA	NA	NA	NA	NA	NA	NA	NA	NA	NA	NA	NA	NA	NA
spatial	figures/stage10e_desc/source_data/Fig10E_DESC_1_case4_spatial_source_data.tsv	452ce84d1ebe64fd247b6ce303433521701c4c1d3d52176bf3728ccc31f3dbb6	case4	1	TTCTTGTGTCCATCAG-1	Adenoma	6535	8926	8	30	TRUE	0.90615363073688	7.70059217262472	30	36	descriptive only	NA	NA	NA	NA	NA	NA	NA	NA	NA	NA	NA	NA	NA	NA	NA
spatial	figures/stage10e_desc/source_data/Fig10E_DESC_1_case4_spatial_source_data.tsv	452ce84d1ebe64fd247b6ce303433521701c4c1d3d52176bf3728ccc31f3dbb6	case4	1	ACAATTTAGGAGGCTC-1	Adenoma	6421	8860	9	31	TRUE	0.965574783229125	7.947116997995	30	36	descriptive only	NA	NA	NA	NA	NA	NA	NA	NA	NA	NA	NA	NA	NA	NA	NA
spatial	figures/stage10e_desc/source_data/Fig10E_DESC_1_case4_spatial_source_data.tsv	452ce84d1ebe64fd247b6ce303433521701c4c1d3d52176bf3728ccc31f3dbb6	case4	1	ATACTTGTTCTCGAGC-1	Adenoma	6535	8794	10	30	TRUE	0.862254153018375	7.65460206377069	30	36	descriptive only	NA	NA	NA	NA	NA	NA	NA	NA	NA	NA	NA	NA	NA	NA	NA
spatial	figures/stage10e_desc/source_data/Fig10E_DESC_1_case4_spatial_source_data.tsv	452ce84d1ebe64fd247b6ce303433521701c4c1d3d52176bf3728ccc31f3dbb6	case4	1	CACGGGATTGAGGGTT-1	Adenoma	6420	8729	11	31	TRUE	0.617868487550191	7.77055161943444	30	36	descriptive only	NA	NA	NA	NA	NA	NA	NA	NA	NA	NA	NA	NA	NA	NA	NA
spatial	figures/stage10e_desc/source_data/Fig10E_DESC_1_case4_spatial_source_data.tsv	452ce84d1ebe64fd247b6ce303433521701c4c1d3d52176bf3728ccc31f3dbb6	case4	1	GTTAATGTCTATCTTA-1	Adenoma	6535	8663	12	30	TRUE	0.871811941853868	7.71144070500191	30	36	descriptive only	NA	NA	NA	NA	NA	NA	NA	NA	NA	NA	NA	NA	NA	NA	NA
spatial	figures/stage10e_desc/source_data/Fig10E_DESC_1_case4_spatial_source_data.tsv	452ce84d1ebe64fd247b6ce303433521701c4c1d3d52176bf3728ccc31f3dbb6	case4	1	GCGTTATATTTGGAAC-1	Adenoma	6420	8597	13	31	TRUE	0.862564813910008	7.71590972877907	30	36	descriptive only	NA	NA	NA	NA	NA	NA	NA	NA	NA	NA	NA	NA	NA	NA	NA
spatial	figures/stage10e_desc/source_data/Fig10E_DESC_1_case4_spatial_source_data.tsv	452ce84d1ebe64fd247b6ce303433521701c4c1d3d52176bf3728ccc31f3dbb6	case4	1	CGTCAAGGCTATAAAT-1	Adenoma	6534	8531	14	30	TRUE	0.86281031594482	7.75687887833703	30	36	descriptive only	NA	NA	NA	NA	NA	NA	NA	NA	NA	NA	NA	NA	NA	NA	NA
spatial	figures/stage10e_desc/source_data/Fig10E_DESC_1_case4_spatial_source_data.tsv	452ce84d1ebe64fd247b6ce303433521701c4c1d3d52176bf3728ccc31f3dbb6	case4	1	TTAGCTCTGTAATCCG-1	Adenoma	6419	8466	15	31	TRUE	0.842222797113505	7.91319746005994	30	36	descriptive only	NA	NA	NA	NA	NA	NA	NA	NA	NA	NA	NA	NA	NA	NA	NA
spatial	figures/stage10e_desc/source_data/Fig10E_DESC_1_case4_spatial_source_data.tsv	452ce84d1ebe64fd247b6ce303433521701c4c1d3d52176bf3728ccc31f3dbb6	case4	1	AATGGTCCACCGTTCA-1	Adenoma	6534	8399	16	30	TRUE	0.871929741731991	7.91472680937679	30	36	descriptive only	NA	NA	NA	NA	NA	NA	NA	NA	NA	NA	NA	NA	NA	NA	NA
spatial	figures/stage10e_desc/source_data/Fig10E_DESC_1_case4_spatial_source_data.tsv	452ce84d1ebe64fd247b6ce303433521701c4c1d3d52176bf3728ccc31f3dbb6	case4	1	GTCATTGCATTGACCC-1	Adenoma	6419	8334	17	31	TRUE	0.945792165977646	8.00575364849719	30	36	descriptive only	NA	NA	NA	NA	NA	NA	NA	NA	NA	NA	NA	NA	NA	NA	NA
spatial	figures/stage10e_desc/source_data/Fig10E_DESC_1_case4_spatial_source_data.tsv	452ce84d1ebe64fd247b6ce303433521701c4c1d3d52176bf3728ccc31f3dbb6	case4	1	TGTCCGTGGCGCCTTT-1	Adenoma	6533	8268	18	30	TRUE	0.888086920039452	7.98451445026045	30	36	descriptive only	NA	NA	NA	NA	NA	NA	NA	NA	NA	NA	NA	NA	NA	NA	NA
spatial	figures/stage10e_desc/source_data/Fig10E_DESC_1_case4_spatial_source_data.tsv	452ce84d1ebe64fd247b6ce303433521701c4c1d3d52176bf3728ccc31f3dbb6	case4	1	TCAACTAACGTATAAC-1	Adenoma	6419	8202	19	31	TRUE	0.892448966729156	8.00865203053037	30	36	descriptive only	NA	NA	NA	NA	NA	NA	NA	NA	NA	NA	NA	NA	NA	NA	NA
spatial	figures/stage10e_desc/source_data/Fig10E_DESC_1_case4_spatial_source_data.tsv	452ce84d1ebe64fd247b6ce303433521701c4c1d3d52176bf3728ccc31f3dbb6	case4	1	TCCTCTCCAGTTGTCC-1	Adenoma	6533	8136	20	30	TRUE	0.946328350231526	8.03028018422953	30	36	descriptive only	NA	NA	NA	NA	NA	NA	NA	NA	NA	NA	NA	NA	NA	NA	NA
spatial	figures/stage10e_desc/source_data/Fig10E_DESC_1_case4_spatial_source_data.tsv	452ce84d1ebe64fd247b6ce303433521701c4c1d3d52176bf3728ccc31f3dbb6	case4	1	TGTGTTCGTATCCAAG-1	Adenoma	6418	8071	21	31	TRUE	0.886541184262617	7.92142969474892	30	36	descriptive only	NA	NA	NA	NA	NA	NA	NA	NA	NA	NA	NA	NA	NA	NA	NA
spatial	figures/stage10e_desc/source_data/Fig10E_DESC_1_case4_spatial_source_data.tsv	452ce84d1ebe64fd247b6ce303433521701c4c1d3d52176bf3728ccc31f3dbb6	case4	1	CCGCGTAGGTAAGGGC-1	Adenoma	6533	8005	22	30	TRUE	0.923323376451729	7.91126252213481	30	36	descriptive only	NA	NA	NA	NA	NA	NA	NA	NA	NA	NA	NA	NA	NA	NA	NA
spatial	figures/stage10e_desc/source_data/Fig10E_DESC_1_case4_spatial_source_data.tsv	452ce84d1ebe64fd247b6ce303433521701c4c1d3d52176bf3728ccc31f3dbb6	case4	1	CTGCGGGTGAAATGTT-1	Adenoma	6418	7939	23	31	TRUE	0.905342680875878	7.94304059225954	30	36	descriptive only	NA	NA	NA	NA	NA	NA	NA	NA	NA	NA	NA	NA	NA	NA	NA
spatial	figures/stage10e_desc/source_data/Fig10E_DESC_1_case4_spatial_source_data.tsv	452ce84d1ebe64fd247b6ce303433521701c4c1d3d52176bf3728ccc31f3dbb6	case4	1	TATCTACAGAGGTAAT-1	Adenoma	6532	7873	24	30	TRUE	0.864035771208395	8.09986964071775	30	36	descriptive only	NA	NA	NA	NA	NA	NA	NA	NA	NA	NA	NA	NA	NA	NA	NA
spatial	figures/stage10e_desc/source_data/Fig10E_DESC_1_case4_spatial_source_data.tsv	452ce84d1ebe64fd247b6ce303433521701c4c1d3d52176bf3728ccc31f3dbb6	case4	1	CTACTCTAGGCCCGGC-1	Adenoma	6417	7808	25	31	TRUE	0.941565132035605	7.80148264068867	30	36	descriptive only	NA	NA	NA	NA	NA	NA	NA	NA	NA	NA	NA	NA	NA	NA	NA
spatial	figures/stage10e_desc/source_data/Fig10E_DESC_1_case4_spatial_source_data.tsv	452ce84d1ebe64fd247b6ce303433521701c4c1d3d52176bf3728ccc31f3dbb6	case4	1	ACAAGCAGTGCCTAGC-1	Adenoma	6532	7741	26	30	TRUE	0.936252348934082	8.02956901093991	30	36	descriptive only	NA	NA	NA	NA	NA	NA	NA	NA	NA	NA	NA	NA	NA	NA	NA
spatial	figures/stage10e_desc/source_data/Fig10E_DESC_1_case4_spatial_source_data.tsv	452ce84d1ebe64fd247b6ce303433521701c4c1d3d52176bf3728ccc31f3dbb6	case4	1	TACAAGTCTCGTGCAT-1	Adenoma	6417	7676	27	31	TRUE	0.919180906522276	7.86881046665134	30	36	descriptive only	NA	NA	NA	NA	NA	NA	NA	NA	NA	NA	NA	NA	NA	NA	NA
spatial	figures/stage10e_desc/source_data/Fig10E_DESC_1_case4_spatial_source_data.tsv	452ce84d1ebe64fd247b6ce303433521701c4c1d3d52176bf3728ccc31f3dbb6	case4	1	TCGGAATGCGCTCTGA-1	Adenoma	6531	7610	28	30	TRUE	0.835322188923567	7.88701640367394	30	36	descriptive only	NA	NA	NA	NA	NA	NA	NA	NA	NA	NA	NA	NA	NA	NA	NA
spatial	figures/stage10e_desc/source_data/Fig10E_DESC_1_case4_spatial_source_data.tsv	452ce84d1ebe64fd247b6ce303433521701c4c1d3d52176bf3728ccc31f3dbb6	case4	1	TCGCGTCCAGAAGGTC-1	Adenoma	6417	7544	29	31	TRUE	0.923324785680388	7.85804182945853	30	36	descriptive only	NA	NA	NA	NA	NA	NA	NA	NA	NA	NA	NA	NA	NA	NA	NA
spatial	figures/stage10e_desc/source_data/Fig10E_DESC_1_case4_spatial_source_data.tsv	452ce84d1ebe64fd247b6ce303433521701c4c1d3d52176bf3728ccc31f3dbb6	case4	1	TATGGCCCGGCCTCGC-1	Adenoma	6531	7478	30	30	TRUE	0.752824145186901	7.93212321023885	30	36	descriptive only	NA	NA	NA	NA	NA	NA	NA	NA	NA	NA	NA	NA	NA	NA	NA
spatial	figures/stage10e_desc/source_data/Fig10E_DESC_1_case4_spatial_source_data.tsv	452ce84d1ebe64fd247b6ce303433521701c4c1d3d52176bf3728ccc31f3dbb6	case4	1	GCTGGCATATTCACCT-1	Adenoma	6416	7413	31	31	TRUE	0.922176308226827	7.84764630974285	30	36	descriptive only	NA	NA	NA	NA	NA	NA	NA	NA	NA	NA	NA	NA	NA	NA	NA
spatial	figures/stage10e_desc/source_data/Fig10E_DESC_1_case4_spatial_source_data.tsv	452ce84d1ebe64fd247b6ce303433521701c4c1d3d52176bf3728ccc31f3dbb6	case4	1	GGGTGCATATGAAAGC-1	Adenoma	6515	2083	112	30	TRUE	0.717431656716906	7.68575057634847	30	36	descriptive only	NA	NA	NA	NA	NA	NA	NA	NA	NA	NA	NA	NA	NA	NA	NA
spatial	figures/stage10e_desc/source_data/Fig10E_DESC_1_case4_spatial_source_data.tsv	452ce84d1ebe64fd247b6ce303433521701c4c1d3d52176bf3728ccc31f3dbb6	case4	1	TGATGGCTGTTTCTGA-1	Adenoma	6514	1951	114	30	TRUE	0.734980893010534	7.74914089084041	30	36	descriptive only	NA	NA	NA	NA	NA	NA	NA	NA	NA	NA	NA	NA	NA	NA	NA
spatial	figures/stage10e_desc/source_data/Fig10E_DESC_1_case4_spatial_source_data.tsv	452ce84d1ebe64fd247b6ce303433521701c4c1d3d52176bf3728ccc31f3dbb6	case4	1	AAATAAGGTAGTGCCC-1	Adenoma	6400	1886	115	31	TRUE	0.772510069549397	7.48668259796775	30	36	descriptive only	NA	NA	NA	NA	NA	NA	NA	NA	NA	NA	NA	NA	NA	NA	NA
spatial	figures/stage10e_desc/source_data/Fig10E_DESC_1_case4_spatial_source_data.tsv	452ce84d1ebe64fd247b6ce303433521701c4c1d3d52176bf3728ccc31f3dbb6	case4	1	CCACTATCCGGGTCAC-1	Adenoma	6514	1820	116	30	TRUE	0.805755900163573	7.74714193777078	30	36	descriptive only	NA	NA	NA	NA	NA	NA	NA	NA	NA	NA	NA	NA	NA	NA	NA
spatial	figures/stage10e_desc/source_data/Fig10E_DESC_1_case4_spatial_source_data.tsv	452ce84d1ebe64fd247b6ce303433521701c4c1d3d52176bf3728ccc31f3dbb6	case4	1	ACACCACATAATTAGC-1	Adenoma	6399	1754	117	31	TRUE	0.622289436322066	7.6492335343867	30	36	descriptive only	NA	NA	NA	NA	NA	NA	NA	NA	NA	NA	NA	NA	NA	NA	NA
spatial	figures/stage10e_desc/source_data/Fig10E_DESC_1_case4_spatial_source_data.tsv	452ce84d1ebe64fd247b6ce303433521701c4c1d3d52176bf3728ccc31f3dbb6	case4	1	CGCGGTAAGTCTAGCT-1	Adenoma	6514	1688	118	30	TRUE	0.579063537410506	7.72072776879148	30	36	descriptive only	NA	NA	NA	NA	NA	NA	NA	NA	NA	NA	NA	NA	NA	NA	NA
spatial	figures/stage10e_desc/source_data/Fig10E_DESC_1_case4_spatial_source_data.tsv	452ce84d1ebe64fd247b6ce303433521701c4c1d3d52176bf3728ccc31f3dbb6	case4	1	GCGGGCATTACGATGC-1	Adenoma	6399	1623	119	31	TRUE	0.558143658957752	7.85426568378268	30	36	descriptive only	NA	NA	NA	NA	NA	NA	NA	NA	NA	NA	NA	NA	NA	NA	NA
spatial	figures/stage10e_desc/source_data/Fig10E_DESC_1_case4_spatial_source_data.tsv	452ce84d1ebe64fd247b6ce303433521701c4c1d3d52176bf3728ccc31f3dbb6	case4	1	AGGATTGCTTACGACA-1	Adenoma	6513	1557	120	30	TRUE	0.638878765393522	7.81168698987266	30	36	descriptive only	NA	NA	NA	NA	NA	NA	NA	NA	NA	NA	NA	NA	NA	NA	NA
spatial	figures/stage10e_desc/source_data/Fig10E_DESC_1_case4_spatial_source_data.tsv	452ce84d1ebe64fd247b6ce303433521701c4c1d3d52176bf3728ccc31f3dbb6	case4	1	CTCGGGATAACACCTA-1	Adenoma	6399	1491	121	31	TRUE	0.430443743571087	7.97736219182208	30	36	descriptive only	NA	NA	NA	NA	NA	NA	NA	NA	NA	NA	NA	NA	NA	NA	NA
spatial	figures/stage10e_desc/source_data/Fig10E_DESC_1_case4_spatial_source_data.tsv	452ce84d1ebe64fd247b6ce303433521701c4c1d3d52176bf3728ccc31f3dbb6	case4	1	GTCGTCTGGTTGGCTA-1	Adenoma	6513	1425	122	30	TRUE	0.497744726507056	7.7533904642022	30	36	descriptive only	NA	NA	NA	NA	NA	NA	NA	NA	NA	NA	NA	NA	NA	NA	NA
spatial	figures/stage10e_desc/source_data/Fig10E_DESC_1_case4_spatial_source_data.tsv	452ce84d1ebe64fd247b6ce303433521701c4c1d3d52176bf3728ccc31f3dbb6	case4	1	GCAATTAGTCGCACCG-1	Adenoma	6398	1360	123	31	TRUE	0.42777579808506	7.80630265913365	30	36	descriptive only	NA	NA	NA	NA	NA	NA	NA	NA	NA	NA	NA	NA	NA	NA	NA
spatial	figures/stage10e_desc/source_data/Fig10E_DESC_1_case4_spatial_source_data.tsv	452ce84d1ebe64fd247b6ce303433521701c4c1d3d52176bf3728ccc31f3dbb6	case4	1	GTGACCTAAAGAATAA-1	Adenoma	6512	1293	124	30	TRUE	0.582873140605274	7.60927427441879	30	36	descriptive only	NA	NA	NA	NA	NA	NA	NA	NA	NA	NA	NA	NA	NA	NA	NA
spatial	figures/stage10e_desc/source_data/Fig10E_DESC_1_case4_spatial_source_data.tsv	452ce84d1ebe64fd247b6ce303433521701c4c1d3d52176bf3728ccc31f3dbb6	case4	1	CCATACTCGCCTCTCC-1	Adenoma	6308	9453	0	32	TRUE	0.872868401118739	7.81454197814236	30	36	descriptive only	NA	NA	NA	NA	NA	NA	NA	NA	NA	NA	NA	NA	NA	NA	NA
spatial	figures/stage10e_desc/source_data/Fig10E_DESC_1_case4_spatial_source_data.tsv	452ce84d1ebe64fd247b6ce303433521701c4c1d3d52176bf3728ccc31f3dbb6	case4	1	ACGATACCTATCCTGA-1	Adenoma	6193	9387	1	33	TRUE	0.983314596219113	7.74181013473279	30	36	descriptive only	NA	NA	NA	NA	NA	NA	NA	NA	NA	NA	NA	NA	NA	NA	NA
spatial	figures/stage10e_desc/source_data/Fig10E_DESC_1_case4_spatial_source_data.tsv	452ce84d1ebe64fd247b6ce303433521701c4c1d3d52176bf3728ccc31f3dbb6	case4	1	CTCACCAGTACAAGTG-1	Adenoma	6308	9321	2	32	TRUE	0.971105414242812	7.72246058900687	30	36	descriptive only	NA	NA	NA	NA	NA	NA	NA	NA	NA	NA	NA	NA	NA	NA	NA
spatial	figures/stage10e_desc/source_data/Fig10E_DESC_1_case4_spatial_source_data.tsv	452ce84d1ebe64fd247b6ce303433521701c4c1d3d52176bf3728ccc31f3dbb6	case4	1	CGAAGACGGTGAGTGC-1	Adenoma	6193	9256	3	33	TRUE	0.984350622356191	7.74624790255443	30	36	descriptive only	NA	NA	NA	NA	NA	NA	NA	NA	NA	NA	NA	NA	NA	NA	NA
spatial	figures/stage10e_desc/source_data/Fig10E_DESC_1_case4_spatial_source_data.tsv	452ce84d1ebe64fd247b6ce303433521701c4c1d3d52176bf3728ccc31f3dbb6	case4	1	AAATTAATAAGCGCGA-1	Adenoma	6307	9190	4	32	TRUE	0.900831245718759	7.76924042882801	30	36	descriptive only	NA	NA	NA	NA	NA	NA	NA	NA	NA	NA	NA	NA	NA	NA	NA
spatial	figures/stage10e_desc/source_data/Fig10E_DESC_1_case4_spatial_source_data.tsv	452ce84d1ebe64fd247b6ce303433521701c4c1d3d52176bf3728ccc31f3dbb6	case4	1	GGGCCCTTATCTATAC-1	Adenoma	6192	9124	5	33	TRUE	0.952317719202511	7.80053542975013	30	36	descriptive only	NA	NA	NA	NA	NA	NA	NA	NA	NA	NA	NA	NA	NA	NA	NA
spatial	figures/stage10e_desc/source_data/Fig10E_DESC_1_case4_spatial_source_data.tsv	452ce84d1ebe64fd247b6ce303433521701c4c1d3d52176bf3728ccc31f3dbb6	case4	1	CTGCCCACGAAGCGTT-1	Adenoma	6307	9058	6	32	TRUE	0.951502552191238	7.75419181042002	30	36	descriptive only	NA	NA	NA	NA	NA	NA	NA	NA	NA	NA	NA	NA	NA	NA	NA
spatial	figures/stage10e_desc/source_data/Fig10E_DESC_1_case4_spatial_source_data.tsv	452ce84d1ebe64fd247b6ce303433521701c4c1d3d52176bf3728ccc31f3dbb6	case4	1	GGACAAGTTGCAGTGA-1	Adenoma	6192	8993	7	33	TRUE	0.880528160794619	7.76318939461573	30	36	descriptive only	NA	NA	NA	NA	NA	NA	NA	NA	NA	NA	NA	NA	NA	NA	NA
spatial	figures/stage10e_desc/source_data/Fig10E_DESC_1_case4_spatial_source_data.tsv	452ce84d1ebe64fd247b6ce303433521701c4c1d3d52176bf3728ccc31f3dbb6	case4	1	GTCCGAGAGCAATCAT-1	Adenoma	6306	8927	8	32	TRUE	0.892277834433928	7.80382815096231	30	36	descriptive only	NA	NA	NA	NA	NA	NA	NA	NA	NA	NA	NA	NA	NA	NA	NA
spatial	figures/stage10e_desc/source_data/Fig10E_DESC_1_case4_spatial_source_data.tsv	452ce84d1ebe64fd247b6ce303433521701c4c1d3d52176bf3728ccc31f3dbb6	case4	1	ATGGCAGCCGAGAAAC-1	Adenoma	6192	8861	9	33	TRUE	0.929378683095905	7.81230224379174	30	36	descriptive only	NA	NA	NA	NA	NA	NA	NA	NA	NA	NA	NA	NA	NA	NA	NA
spatial	figures/stage10e_desc/source_data/Fig10E_DESC_1_case4_spatial_source_data.tsv	452ce84d1ebe64fd247b6ce303433521701c4c1d3d52176bf3728ccc31f3dbb6	case4	1	CCTCGGATGCTACCTG-1	Adenoma	6306	8795	10	32	TRUE	0.931984228150042	7.8298230114652	30	36	descriptive only	NA	NA	NA	NA	NA	NA	NA	NA	NA	NA	NA	NA	NA	NA	NA
spatial	figures/stage10e_desc/source_data/Fig10E_DESC_1_case4_spatial_source_data.tsv	452ce84d1ebe64fd247b6ce303433521701c4c1d3d52176bf3728ccc31f3dbb6	case4	1	ATACGGTGAAGATGCA-1	Adenoma	6191	8729	11	33	TRUE	0.988758218989143	7.75577455674673	30	36	descriptive only	NA	NA	NA	NA	NA	NA	NA	NA	NA	NA	NA	NA	NA	NA	NA
spatial	figures/stage10e_desc/source_data/Fig10E_DESC_1_case4_spatial_source_data.tsv	452ce84d1ebe64fd247b6ce303433521701c4c1d3d52176bf3728ccc31f3dbb6	case4	1	ACATCAGCTGGGACGC-1	Adenoma	6306	8663	12	32	TRUE	0.941944739130572	7.81058143242301	30	36	descriptive only	NA	NA	NA	NA	NA	NA	NA	NA	NA	NA	NA	NA	NA	NA	NA
spatial	figures/stage10e_desc/source_data/Fig10E_DESC_1_case4_spatial_source_data.tsv	452ce84d1ebe64fd247b6ce303433521701c4c1d3d52176bf3728ccc31f3dbb6	case4	1	GGTTGTGTAGCCTGGC-1	Adenoma	6191	8598	13	33	TRUE	0.974414944974462	7.9296110195946	30	36	descriptive only	NA	NA	NA	NA	NA	NA	NA	NA	NA	NA	NA	NA	NA	NA	NA
spatial	figures/stage10e_desc/source_data/Fig10E_DESC_1_case4_spatial_source_data.tsv	452ce84d1ebe64fd247b6ce303433521701c4c1d3d52176bf3728ccc31f3dbb6	case4	1	CCTGCGTTCTACGCTT-1	Adenoma	6305	8532	14	32	TRUE	0.939843797603924	7.93300542710367	30	36	descriptive only	NA	NA	NA	NA	NA	NA	NA	NA	NA	NA	NA	NA	NA	NA	NA
spatial	figures/stage10e_desc/source_data/Fig10E_DESC_1_case4_spatial_source_data.tsv	452ce84d1ebe64fd247b6ce303433521701c4c1d3d52176bf3728ccc31f3dbb6	case4	1	GAACGTTAGGAAGACG-1	Adenoma	6190	8466	15	33	TRUE	0.835937295740935	7.95044650171635	30	36	descriptive only	NA	NA	NA	NA	NA	NA	NA	NA	NA	NA	NA	NA	NA	NA	NA
spatial	figures/stage10e_desc/source_data/Fig10E_DESC_1_case4_spatial_source_data.tsv	452ce84d1ebe64fd247b6ce303433521701c4c1d3d52176bf3728ccc31f3dbb6	case4	1	CTGATAGTGTATCTCA-1	Adenoma	6305	8400	16	32	TRUE	0.870097856958011	8.00681775970531	30	36	descriptive only	NA	NA	NA	NA	NA	NA	NA	NA	NA	NA	NA	NA	NA	NA	NA
spatial	figures/stage10e_desc/source_data/Fig10E_DESC_1_case4_spatial_source_data.tsv	452ce84d1ebe64fd247b6ce303433521701c4c1d3d52176bf3728ccc31f3dbb6	case4	1	TTCTGCGAGCGCCCTT-1	Adenoma	6190	8335	17	33	TRUE	0.79871661110604	7.95695589995458	30	36	descriptive only	NA	NA	NA	NA	NA	NA	NA	NA	NA	NA	NA	NA	NA	NA	NA
spatial	figures/stage10e_desc/source_data/Fig10E_DESC_1_case4_spatial_source_data.tsv	452ce84d1ebe64fd247b6ce303433521701c4c1d3d52176bf3728ccc31f3dbb6	case4	1	CTTTGGCGCTTTATAC-1	Adenoma	6304	8269	18	32	TRUE	0.928145861231527	8.09306863198925	30	36	descriptive only	NA	NA	NA	NA	NA	NA	NA	NA	NA	NA	NA	NA	NA	NA	NA
spatial	figures/stage10e_desc/source_data/Fig10E_DESC_1_case4_spatial_source_data.tsv	452ce84d1ebe64fd247b6ce303433521701c4c1d3d52176bf3728ccc31f3dbb6	case4	1	TCCGAACTTGGCTTAC-1	Adenoma	6190	8203	19	33	TRUE	0.751490901431801	7.87018238771156	30	36	descriptive only	NA	NA	NA	NA	NA	NA	NA	NA	NA	NA	NA	NA	NA	NA	NA
spatial	figures/stage10e_desc/source_data/Fig10E_DESC_1_case4_spatial_source_data.tsv	452ce84d1ebe64fd247b6ce303433521701c4c1d3d52176bf3728ccc31f3dbb6	case4	1	TAGATTCCTGGTTATT-1	Adenoma	6304	8137	20	32	TRUE	0.926733839644409	7.91081122177291	30	36	descriptive only	NA	NA	NA	NA	NA	NA	NA	NA	NA	NA	NA	NA	NA	NA	NA
spatial	figures/stage10e_desc/source_data/Fig10E_DESC_1_case4_spatial_source_data.tsv	452ce84d1ebe64fd247b6ce303433521701c4c1d3d52176bf3728ccc31f3dbb6	case4	1	CCGACAAAGGGAGTGC-1	Adenoma	6189	8071	21	33	TRUE	0.886472742190049	7.96082312356139	30	36	descriptive only	NA	NA	NA	NA	NA	NA	NA	NA	NA	NA	NA	NA	NA	NA	NA
spatial	figures/stage10e_desc/source_data/Fig10E_DESC_1_case4_spatial_source_data.tsv	452ce84d1ebe64fd247b6ce303433521701c4c1d3d52176bf3728ccc31f3dbb6	case4	1	CCATGGCCCTTGTACC-1	Adenoma	6304	8005	22	32	TRUE	0.868462638737408	7.862327117178	30	36	descriptive only	NA	NA	NA	NA	NA	NA	NA	NA	NA	NA	NA	NA	NA	NA	NA
spatial	figures/stage10e_desc/source_data/Fig10E_DESC_1_case4_spatial_source_data.tsv	452ce84d1ebe64fd247b6ce303433521701c4c1d3d52176bf3728ccc31f3dbb6	case4	1	GAAATATCACCATCAG-1	Adenoma	6189	7940	23	33	TRUE	0.792399189785856	7.83795317181083	30	36	descriptive only	NA	NA	NA	NA	NA	NA	NA	NA	NA	NA	NA	NA	NA	NA	NA
spatial	figures/stage10e_desc/source_data/Fig10E_DESC_1_case4_spatial_source_data.tsv	452ce84d1ebe64fd247b6ce303433521701c4c1d3d52176bf3728ccc31f3dbb6	case4	1	ACGAAATGGGCGGCAC-1	Adenoma	6303	7874	24	32	TRUE	0.813332084571492	7.96454588967517	30	36	descriptive only	NA	NA	NA	NA	NA	NA	NA	NA	NA	NA	NA	NA	NA	NA	NA
spatial	figures/stage10e_desc/source_data/Fig10E_DESC_1_case4_spatial_source_data.tsv	452ce84d1ebe64fd247b6ce303433521701c4c1d3d52176bf3728ccc31f3dbb6	case4	1	GTGAGCGTGCTGCACT-1	Adenoma	6189	7808	25	33	TRUE	0.782454135208728	7.96796360465601	30	36	descriptive only	NA	NA	NA	NA	NA	NA	NA	NA	NA	NA	NA	NA	NA	NA	NA
spatial	figures/stage10e_desc/source_data/Fig10E_DESC_1_case4_spatial_source_data.tsv	452ce84d1ebe64fd247b6ce303433521701c4c1d3d52176bf3728ccc31f3dbb6	case4	1	CCGCGGGTACGAAGAA-1	Adenoma	6303	7742	26	32	TRUE	0.859761040303535	7.89649460054583	30	36	descriptive only	NA	NA	NA	NA	NA	NA	NA	NA	NA	NA	NA	NA	NA	NA	NA
spatial	figures/stage10e_desc/source_data/Fig10E_DESC_1_case4_spatial_source_data.tsv	452ce84d1ebe64fd247b6ce303433521701c4c1d3d52176bf3728ccc31f3dbb6	case4	1	TCCCTGGCTCGCTGGA-1	Adenoma	6188	7677	27	33	TRUE	0.795510951055251	7.94649610379824	30	36	descriptive only	NA	NA	NA	NA	NA	NA	NA	NA	NA	NA	NA	NA	NA	NA	NA
spatial	figures/stage10e_desc/source_data/Fig10E_DESC_1_case4_spatial_source_data.tsv	452ce84d1ebe64fd247b6ce303433521701c4c1d3d52176bf3728ccc31f3dbb6	case4	1	CAGCTTAGTAGGTAGC-1	Adenoma	6302	7611	28	32	TRUE	0.879977944244476	8.07772276884378	30	36	descriptive only	NA	NA	NA	NA	NA	NA	NA	NA	NA	NA	NA	NA	NA	NA	NA
spatial	figures/stage10e_desc/source_data/Fig10E_DESC_1_case4_spatial_source_data.tsv	452ce84d1ebe64fd247b6ce303433521701c4c1d3d52176bf3728ccc31f3dbb6	case4	1	ACCTAATCGACTTCCT-1	Adenoma	6302	7479	30	32	TRUE	0.887760655481065	7.83968734134503	30	36	descriptive only	NA	NA	NA	NA	NA	NA	NA	NA	NA	NA	NA	NA	NA	NA	NA
spatial	figures/stage10e_desc/source_data/Fig10E_DESC_1_case4_spatial_source_data.tsv	452ce84d1ebe64fd247b6ce303433521701c4c1d3d52176bf3728ccc31f3dbb6	case4	1	ATGTAAGGCTGCTCTT-1	Adenoma	6286	2084	112	32	TRUE	0.513866527066131	7.80292279352842	30	36	descriptive only	NA	NA	NA	NA	NA	NA	NA	NA	NA	NA	NA	NA	NA	NA	NA
spatial	figures/stage10e_desc/source_data/Fig10E_DESC_1_case4_spatial_source_data.tsv	452ce84d1ebe64fd247b6ce303433521701c4c1d3d52176bf3728ccc31f3dbb6	case4	1	ATTATAGCTACTTTAC-1	Adenoma	6171	1887	115	33	TRUE	0.266492487490216	7.58322568916484	30	36	descriptive only	NA	NA	NA	NA	NA	NA	NA	NA	NA	NA	NA	NA	NA	NA	NA
spatial	figures/stage10e_desc/source_data/Fig10E_DESC_1_case4_spatial_source_data.tsv	452ce84d1ebe64fd247b6ce303433521701c4c1d3d52176bf3728ccc31f3dbb6	case4	1	CGTGTGTTAAACCCTG-1	Adenoma	6285	1820	116	32	TRUE	0.587097875606561	7.73654778964382	30	36	descriptive only	NA	NA	NA	NA	NA	NA	NA	NA	NA	NA	NA	NA	NA	NA	NA
spatial	figures/stage10e_desc/source_data/Fig10E_DESC_1_case4_spatial_source_data.tsv	452ce84d1ebe64fd247b6ce303433521701c4c1d3d52176bf3728ccc31f3dbb6	case4	1	TTGGTATGGCTTGTGT-1	Adenoma	6170	1755	117	33	TRUE	0.332295041700284	7.7200419242485	30	36	descriptive only	NA	NA	NA	NA	NA	NA	NA	NA	NA	NA	NA	NA	NA	NA	NA
spatial	figures/stage10e_desc/source_data/Fig10E_DESC_1_case4_spatial_source_data.tsv	452ce84d1ebe64fd247b6ce303433521701c4c1d3d52176bf3728ccc31f3dbb6	case4	1	CATTCCCATTCCGTCG-1	Adenoma	6285	1689	118	32	TRUE	0.566028358925018	7.58149076206159	30	36	descriptive only	NA	NA	NA	NA	NA	NA	NA	NA	NA	NA	NA	NA	NA	NA	NA
spatial	figures/stage10e_desc/source_data/Fig10E_DESC_1_case4_spatial_source_data.tsv	452ce84d1ebe64fd247b6ce303433521701c4c1d3d52176bf3728ccc31f3dbb6	case4	1	TGCCGAAAGCGTATTC-1	Adenoma	6170	1623	119	33	TRUE	0.509265800469358	7.59976834841932	30	36	descriptive only	NA	NA	NA	NA	NA	NA	NA	NA	NA	NA	NA	NA	NA	NA	NA
spatial	figures/stage10e_desc/source_data/Fig10E_DESC_1_case4_spatial_source_data.tsv	452ce84d1ebe64fd247b6ce303433521701c4c1d3d52176bf3728ccc31f3dbb6	case4	1	CAACACATCTCCTGCC-1	Adenoma	6284	1557	120	32	TRUE	0.461410124530702	7.83626778011608	30	36	descriptive only	NA	NA	NA	NA	NA	NA	NA	NA	NA	NA	NA	NA	NA	NA	NA
spatial	figures/stage10e_desc/source_data/Fig10E_DESC_1_case4_spatial_source_data.tsv	452ce84d1ebe64fd247b6ce303433521701c4c1d3d52176bf3728ccc31f3dbb6	case4	1	CTGCCTCATATGCAAC-1	Adenoma	6170	1492	121	33	TRUE	0.678486600865447	7.93792737929323	30	36	descriptive only	NA	NA	NA	NA	NA	NA	NA	NA	NA	NA	NA	NA	NA	NA	NA
spatial	figures/stage10e_desc/source_data/Fig10E_DESC_1_case4_spatial_source_data.tsv	452ce84d1ebe64fd247b6ce303433521701c4c1d3d52176bf3728ccc31f3dbb6	case4	1	TCCCGCCTATGTGCGT-1	Adenoma	6284	1426	122	32	TRUE	0.549640485763492	7.69469639760294	30	36	descriptive only	NA	NA	NA	NA	NA	NA	NA	NA	NA	NA	NA	NA	NA	NA	NA
spatial	figures/stage10e_desc/source_data/Fig10E_DESC_1_case4_spatial_source_data.tsv	452ce84d1ebe64fd247b6ce303433521701c4c1d3d52176bf3728ccc31f3dbb6	case4	1	GGTTACCCGACACTTT-1	Adenoma	6169	1360	123	33	TRUE	0.499512290161718	7.9004213340595	30	36	descriptive only	NA	NA	NA	NA	NA	NA	NA	NA	NA	NA	NA	NA	NA	NA	NA
spatial	figures/stage10e_desc/source_data/Fig10E_DESC_1_case4_spatial_source_data.tsv	452ce84d1ebe64fd247b6ce303433521701c4c1d3d52176bf3728ccc31f3dbb6	case4	1	CCAGCGGGATCACCAG-1	Adenoma	6284	1294	124	32	TRUE	0.568527726778617	7.82762115937291	30	36	descriptive only	NA	NA	NA	NA	NA	NA	NA	NA	NA	NA	NA	NA	NA	NA	NA
spatial	figures/stage10e_desc/source_data/Fig10E_DESC_1_case4_spatial_source_data.tsv	452ce84d1ebe64fd247b6ce303433521701c4c1d3d52176bf3728ccc31f3dbb6	case4	1	ATGTTTCGGCCCGGAG-1	Adenoma	6169	1229	125	33	TRUE	0.442761634325363	7.8896560703258	30	36	descriptive only	NA	NA	NA	NA	NA	NA	NA	NA	NA	NA	NA	NA	NA	NA	NA
spatial	figures/stage10e_desc/source_data/Fig10E_DESC_1_case4_spatial_source_data.tsv	452ce84d1ebe64fd247b6ce303433521701c4c1d3d52176bf3728ccc31f3dbb6	case4	1	GGTATGAAAGAACTGA-1	Adenoma	6079	9454	0	34	TRUE	0.52584468048778	7.78665250862897	30	36	descriptive only	NA	NA	NA	NA	NA	NA	NA	NA	NA	NA	NA	NA	NA	NA	NA
spatial	figures/stage10e_desc/source_data/Fig10E_DESC_1_case4_spatial_source_data.tsv	452ce84d1ebe64fd247b6ce303433521701c4c1d3d52176bf3728ccc31f3dbb6	case4	1	GTGGCCTAATATCATT-1	Adenoma	5964	9388	1	35	TRUE	0.980867577698442	7.75585943039818	30	36	descriptive only	NA	NA	NA	NA	NA	NA	NA	NA	NA	NA	NA	NA	NA	NA	NA
spatial	figures/stage10e_desc/source_data/Fig10E_DESC_1_case4_spatial_source_data.tsv	452ce84d1ebe64fd247b6ce303433521701c4c1d3d52176bf3728ccc31f3dbb6	case4	1	CCTGTGAAACCGTAAC-1	Adenoma	6079	9322	2	34	TRUE	0.548805883805486	7.65366997615068	30	36	descriptive only	NA	NA	NA	NA	NA	NA	NA	NA	NA	NA	NA	NA	NA	NA	NA
spatial	figures/stage10e_desc/source_data/Fig10E_DESC_1_case4_spatial_source_data.tsv	452ce84d1ebe64fd247b6ce303433521701c4c1d3d52176bf3728ccc31f3dbb6	case4	1	GGCAGAGAGATCGGGA-1	Adenoma	5964	9257	3	35	TRUE	0.981012605727793	7.9539989543676	30	36	descriptive only	NA	NA	NA	NA	NA	NA	NA	NA	NA	NA	NA	NA	NA	NA	NA
spatial	figures/stage10e_desc/source_data/Fig10E_DESC_1_case4_spatial_source_data.tsv	452ce84d1ebe64fd247b6ce303433521701c4c1d3d52176bf3728ccc31f3dbb6	case4	1	TAGCGTCGAATATTGA-1	Adenoma	6078	9190	4	34	TRUE	0.760642248548516	7.82374662120573	30	36	descriptive only	NA	NA	NA	NA	NA	NA	NA	NA	NA	NA	NA	NA	NA	NA	NA
spatial	figures/stage10e_desc/source_data/Fig10E_DESC_1_case4_spatial_source_data.tsv	452ce84d1ebe64fd247b6ce303433521701c4c1d3d52176bf3728ccc31f3dbb6	case4	1	CGCCGACTATTCGCTA-1	Adenoma	5963	9125	5	35	TRUE	0.928138569140824	7.79970940136084	30	36	descriptive only	NA	NA	NA	NA	NA	NA	NA	NA	NA	NA	NA	NA	NA	NA	NA
spatial	figures/stage10e_desc/source_data/Fig10E_DESC_1_case4_spatial_source_data.tsv	452ce84d1ebe64fd247b6ce303433521701c4c1d3d52176bf3728ccc31f3dbb6	case4	1	TCTGGCGCAAGCCGGG-1	Adenoma	6078	9059	6	34	TRUE	0.96382705073377	7.79484207880146	30	36	descriptive only	NA	NA	NA	NA	NA	NA	NA	NA	NA	NA	NA	NA	NA	NA	NA
spatial	figures/stage10e_desc/source_data/Fig10E_DESC_1_case4_spatial_source_data.tsv	452ce84d1ebe64fd247b6ce303433521701c4c1d3d52176bf3728ccc31f3dbb6	case4	1	AGTGGTTGCGTATAGG-1	Adenoma	5963	8993	7	35	TRUE	0.876151374316848	7.78373961092267	30	36	descriptive only	NA	NA	NA	NA	NA	NA	NA	NA	NA	NA	NA	NA	NA	NA	NA
spatial	figures/stage10e_desc/source_data/Fig10E_DESC_1_case4_spatial_source_data.tsv	452ce84d1ebe64fd247b6ce303433521701c4c1d3d52176bf3728ccc31f3dbb6	case4	1	ATCGGTTACCTAGTAA-1	Adenoma	6077	8927	8	34	TRUE	0.894898917464011	7.88128554157833	30	36	descriptive only	NA	NA	NA	NA	NA	NA	NA	NA	NA	NA	NA	NA	NA	NA	NA
spatial	figures/stage10e_desc/source_data/Fig10E_DESC_1_case4_spatial_source_data.tsv	452ce84d1ebe64fd247b6ce303433521701c4c1d3d52176bf3728ccc31f3dbb6	case4	1	CCTGCCCGTTGTCTAG-1	Adenoma	5963	8862	9	35	TRUE	0.713396601561927	7.80287976225438	30	36	descriptive only	NA	NA	NA	NA	NA	NA	NA	NA	NA	NA	NA	NA	NA	NA	NA
spatial	figures/stage10e_desc/source_data/Fig10E_DESC_1_case4_spatial_source_data.tsv	452ce84d1ebe64fd247b6ce303433521701c4c1d3d52176bf3728ccc31f3dbb6	case4	1	GCACACGCCCATGGTC-1	Adenoma	6077	8796	10	34	TRUE	0.960237632794545	7.87499070613464	30	36	descriptive only	NA	NA	NA	NA	NA	NA	NA	NA	NA	NA	NA	NA	NA	NA	NA
spatial	figures/stage10e_desc/source_data/Fig10E_DESC_1_case4_spatial_source_data.tsv	452ce84d1ebe64fd247b6ce303433521701c4c1d3d52176bf3728ccc31f3dbb6	case4	1	AGTACGGCCCGTATCG-1	Adenoma	5962	8730	11	35	TRUE	0.95294998248048	8.00515947989022	30	36	descriptive only	NA	NA	NA	NA	NA	NA	NA	NA	NA	NA	NA	NA	NA	NA	NA
spatial	figures/stage10e_desc/source_data/Fig10E_DESC_1_case4_spatial_source_data.tsv	452ce84d1ebe64fd247b6ce303433521701c4c1d3d52176bf3728ccc31f3dbb6	case4	1	TATCTAGCCTAAAGGA-1	Adenoma	6077	8664	12	34	TRUE	0.721134625625246	8.05165526607757	30	36	descriptive only	NA	NA	NA	NA	NA	NA	NA	NA	NA	NA	NA	NA	NA	NA	NA
spatial	figures/stage10e_desc/source_data/Fig10E_DESC_1_case4_spatial_source_data.tsv	452ce84d1ebe64fd247b6ce303433521701c4c1d3d52176bf3728ccc31f3dbb6	case4	1	CACTCGGTTAGGAGGA-1	Adenoma	5962	8599	13	35	TRUE	0.807628868643232	7.99173674610637	30	36	descriptive only	NA	NA	NA	NA	NA	NA	NA	NA	NA	NA	NA	NA	NA	NA	NA
spatial	figures/stage10e_desc/source_data/Fig10E_DESC_1_case4_spatial_source_data.tsv	452ce84d1ebe64fd247b6ce303433521701c4c1d3d52176bf3728ccc31f3dbb6	case4	1	ATGTTCGTCGACCCAC-1	Adenoma	6076	8532	14	34	TRUE	0.906945982986424	8.02781329115369	30	36	descriptive only	NA	NA	NA	NA	NA	NA	NA	NA	NA	NA	NA	NA	NA	NA	NA
spatial	figures/stage10e_desc/source_data/Fig10E_DESC_1_case4_spatial_source_data.tsv	452ce84d1ebe64fd247b6ce303433521701c4c1d3d52176bf3728ccc31f3dbb6	case4	1	TTCCTCTGCCCGAATA-1	Adenoma	5962	8467	15	35	TRUE	0.821378411259572	7.99303277654654	30	36	descriptive only	NA	NA	NA	NA	NA	NA	NA	NA	NA	NA	NA	NA	NA	NA	NA
spatial	figures/stage10e_desc/source_data/Fig10E_DESC_1_case4_spatial_source_data.tsv	452ce84d1ebe64fd247b6ce303433521701c4c1d3d52176bf3728ccc31f3dbb6	case4	1	TTACTATCGGCTTCTC-1	Adenoma	6076	8401	16	34	TRUE	0.761042193443406	7.86151423986681	30	36	descriptive only	NA	NA	NA	NA	NA	NA	NA	NA	NA	NA	NA	NA	NA	NA	NA
spatial	figures/stage10e_desc/source_data/Fig10E_DESC_1_case4_spatial_source_data.tsv	452ce84d1ebe64fd247b6ce303433521701c4c1d3d52176bf3728ccc31f3dbb6	case4	1	GCCGCATTAGTCCGGC-1	Adenoma	5961	8335	17	35	TRUE	0.90471654664222	8.06177669809764	30	36	descriptive only	NA	NA	NA	NA	NA	NA	NA	NA	NA	NA	NA	NA	NA	NA	NA
spatial	figures/stage10e_desc/source_data/Fig10E_DESC_1_case4_spatial_source_data.tsv	452ce84d1ebe64fd247b6ce303433521701c4c1d3d52176bf3728ccc31f3dbb6	case4	1	TAAGGGCTGGGAGAGG-1	Adenoma	6075	8269	18	34	TRUE	0.818633235381137	7.94214302675443	30	36	descriptive only	NA	NA	NA	NA	NA	NA	NA	NA	NA	NA	NA	NA	NA	NA	NA
spatial	figures/stage10e_desc/source_data/Fig10E_DESC_1_case4_spatial_source_data.tsv	452ce84d1ebe64fd247b6ce303433521701c4c1d3d52176bf3728ccc31f3dbb6	case4	1	AGCACTACCGGCCTGT-1	Adenoma	6075	8138	20	34	TRUE	0.644858007593862	8.01566584881511	30	36	descriptive only	NA	NA	NA	NA	NA	NA	NA	NA	NA	NA	NA	NA	NA	NA	NA
spatial	figures/stage10e_desc/source_data/Fig10E_DESC_1_case4_spatial_source_data.tsv	452ce84d1ebe64fd247b6ce303433521701c4c1d3d52176bf3728ccc31f3dbb6	case4	1	TTAGTAGGGCGGCGGG-1	Adenoma	6074	7743	26	34	TRUE	0.778002411971986	7.93256256287336	30	36	descriptive only	NA	NA	NA	NA	NA	NA	NA	NA	NA	NA	NA	NA	NA	NA	NA
spatial	figures/stage10e_desc/source_data/Fig10E_DESC_1_case4_spatial_source_data.tsv	452ce84d1ebe64fd247b6ce303433521701c4c1d3d52176bf3728ccc31f3dbb6	case4	1	GGTATAGTGACACATA-1	Adenoma	6057	1953	114	34	TRUE	0.368444111800169	7.53180886307181	30	36	descriptive only	NA	NA	NA	NA	NA	NA	NA	NA	NA	NA	NA	NA	NA	NA	NA
spatial	figures/stage10e_desc/source_data/Fig10E_DESC_1_case4_spatial_source_data.tsv	452ce84d1ebe64fd247b6ce303433521701c4c1d3d52176bf3728ccc31f3dbb6	case4	1	AAATTCCAGGTCCAAA-1	Adenoma	5942	1887	115	35	TRUE	0.529096138991891	7.64040743954399	30	36	descriptive only	NA	NA	NA	NA	NA	NA	NA	NA	NA	NA	NA	NA	NA	NA	NA
spatial	figures/stage10e_desc/source_data/Fig10E_DESC_1_case4_spatial_source_data.tsv	452ce84d1ebe64fd247b6ce303433521701c4c1d3d52176bf3728ccc31f3dbb6	case4	1	TCTTTAGCAGGCGAAC-1	Adenoma	6056	1821	116	34	TRUE	0.458912811325696	7.53653348759223	30	36	descriptive only	NA	NA	NA	NA	NA	NA	NA	NA	NA	NA	NA	NA	NA	NA	NA
spatial	figures/stage10e_desc/source_data/Fig10E_DESC_1_case4_spatial_source_data.tsv	452ce84d1ebe64fd247b6ce303433521701c4c1d3d52176bf3728ccc31f3dbb6	case4	1	TATTGACATTTCTGCC-1	Adenoma	5941	1756	117	35	TRUE	0.679377932482237	7.80121813140666	30	36	descriptive only	NA	NA	NA	NA	NA	NA	NA	NA	NA	NA	NA	NA	NA	NA	NA
spatial	figures/stage10e_desc/source_data/Fig10E_DESC_1_case4_spatial_source_data.tsv	452ce84d1ebe64fd247b6ce303433521701c4c1d3d52176bf3728ccc31f3dbb6	case4	1	TCTGATCGGGTGCTAG-1	Adenoma	6056	1690	118	34	TRUE	0.481746099743245	7.75662902044582	30	36	descriptive only	NA	NA	NA	NA	NA	NA	NA	NA	NA	NA	NA	NA	NA	NA	NA
spatial	figures/stage10e_desc/source_data/Fig10E_DESC_1_case4_spatial_source_data.tsv	452ce84d1ebe64fd247b6ce303433521701c4c1d3d52176bf3728ccc31f3dbb6	case4	1	GGCCCGGAGCATGTCT-1	Adenoma	5941	1624	119	35	TRUE	0.454253649982302	7.99666842432462	30	36	descriptive only	NA	NA	NA	NA	NA	NA	NA	NA	NA	NA	NA	NA	NA	NA	NA
spatial	figures/stage10e_desc/source_data/Fig10E_DESC_1_case4_spatial_source_data.tsv	452ce84d1ebe64fd247b6ce303433521701c4c1d3d52176bf3728ccc31f3dbb6	case4	1	GGGCGCAGCGTTACTC-1	Adenoma	6055	1558	120	34	TRUE	0.509352423940894	7.77348029439667	30	36	descriptive only	NA	NA	NA	NA	NA	NA	NA	NA	NA	NA	NA	NA	NA	NA	NA
spatial	figures/stage10e_desc/source_data/Fig10E_DESC_1_case4_spatial_source_data.tsv	452ce84d1ebe64fd247b6ce303433521701c4c1d3d52176bf3728ccc31f3dbb6	case4	1	TTGGCGATCCGAATAT-1	Adenoma	5941	1493	121	35	TRUE	0.454725291307674	7.92596121077496	30	36	descriptive only	NA	NA	NA	NA	NA	NA	NA	NA	NA	NA	NA	NA	NA	NA	NA
spatial	figures/stage10e_desc/source_data/Fig10E_DESC_1_case4_spatial_source_data.tsv	452ce84d1ebe64fd247b6ce303433521701c4c1d3d52176bf3728ccc31f3dbb6	case4	1	CCACGTAAATTAGACT-1	Adenoma	6055	1426	122	34	TRUE	0.452871377992539	7.82793854426714	30	36	descriptive only	NA	NA	NA	NA	NA	NA	NA	NA	NA	NA	NA	NA	NA	NA	NA
spatial	figures/stage10e_desc/source_data/Fig10E_DESC_1_case4_spatial_source_data.tsv	452ce84d1ebe64fd247b6ce303433521701c4c1d3d52176bf3728ccc31f3dbb6	case4	1	TCTGATTGGAAATGGA-1	Adenoma	5940	1361	123	35	TRUE	0.492068767516332	7.80949349679507	30	36	descriptive only	NA	NA	NA	NA	NA	NA	NA	NA	NA	NA	NA	NA	NA	NA	NA
spatial	figures/stage10e_desc/source_data/Fig10E_DESC_1_case4_spatial_source_data.tsv	452ce84d1ebe64fd247b6ce303433521701c4c1d3d52176bf3728ccc31f3dbb6	case4	1	ATGGCGGAATAGTCGC-1	Adenoma	6055	1295	124	34	TRUE	0.462627666502989	7.8311249514228	30	36	descriptive only	NA	NA	NA	NA	NA	NA	NA	NA	NA	NA	NA	NA	NA	NA	NA
spatial	figures/stage10e_desc/source_data/Fig10E_DESC_1_case4_spatial_source_data.tsv	452ce84d1ebe64fd247b6ce303433521701c4c1d3d52176bf3728ccc31f3dbb6	case4	1	ATCGCTTTACGTCTCA-1	Adenoma	5940	1229	125	35	TRUE	0.453874367179135	7.92382224947281	30	36	descriptive only	NA	NA	NA	NA	NA	NA	NA	NA	NA	NA	NA	NA	NA	NA	NA
spatial	figures/stage10e_desc/source_data/Fig10E_DESC_1_case4_spatial_source_data.tsv	452ce84d1ebe64fd247b6ce303433521701c4c1d3d52176bf3728ccc31f3dbb6	case4	1	TCGCCCACTGCGAGAG-1	Adenoma	5850	9323	2	36	TRUE	0.97453519313078	7.73671841819107	30	36	descriptive only	NA	NA	NA	NA	NA	NA	NA	NA	NA	NA	NA	NA	NA	NA	NA
spatial	figures/stage10e_desc/source_data/Fig10E_DESC_1_case4_spatial_source_data.tsv	452ce84d1ebe64fd247b6ce303433521701c4c1d3d52176bf3728ccc31f3dbb6	case4	1	AGCCGCAAATTCAAAT-1	Adenoma	5735	9257	3	37	TRUE	0.919185149219668	7.82453049631088	30	36	descriptive only	NA	NA	NA	NA	NA	NA	NA	NA	NA	NA	NA	NA	NA	NA	NA
spatial	figures/stage10e_desc/source_data/Fig10E_DESC_1_case4_spatial_source_data.tsv	452ce84d1ebe64fd247b6ce303433521701c4c1d3d52176bf3728ccc31f3dbb6	case4	1	TTAACGTTAAAGCCTG-1	Adenoma	5849	9191	4	36	TRUE	0.961616084343214	7.8243599969549	30	36	descriptive only	NA	NA	NA	NA	NA	NA	NA	NA	NA	NA	NA	NA	NA	NA	NA
spatial	figures/stage10e_desc/source_data/Fig10E_DESC_1_case4_spatial_source_data.tsv	452ce84d1ebe64fd247b6ce303433521701c4c1d3d52176bf3728ccc31f3dbb6	case4	1	CAGCGCCAACACGATA-1	Adenoma	5734	9126	5	37	TRUE	0.87973238858998	7.84024299038371	30	36	descriptive only	NA	NA	NA	NA	NA	NA	NA	NA	NA	NA	NA	NA	NA	NA	NA
spatial	figures/stage10e_desc/source_data/Fig10E_DESC_1_case4_spatial_source_data.tsv	452ce84d1ebe64fd247b6ce303433521701c4c1d3d52176bf3728ccc31f3dbb6	case4	1	ATCCAATGGTACCGAA-1	Adenoma	5849	9059	6	36	TRUE	0.870671967931393	7.769568289961	30	36	descriptive only	NA	NA	NA	NA	NA	NA	NA	NA	NA	NA	NA	NA	NA	NA	NA
spatial	figures/stage10e_desc/source_data/Fig10E_DESC_1_case4_spatial_source_data.tsv	452ce84d1ebe64fd247b6ce303433521701c4c1d3d52176bf3728ccc31f3dbb6	case4	1	GTGCTGCAGATAAGGA-1	Adenoma	5734	8994	7	37	TRUE	0.838436179645966	7.86570440152754	30	36	descriptive only	NA	NA	NA	NA	NA	NA	NA	NA	NA	NA	NA	NA	NA	NA	NA
spatial	figures/stage10e_desc/source_data/Fig10E_DESC_1_case4_spatial_source_data.tsv	452ce84d1ebe64fd247b6ce303433521701c4c1d3d52176bf3728ccc31f3dbb6	case4	1	GGCCTTTGCAACTGGC-1	Adenoma	5848	8928	8	36	TRUE	0.578981517124625	7.72957234289207	30	36	descriptive only	NA	NA	NA	NA	NA	NA	NA	NA	NA	NA	NA	NA	NA	NA	NA
spatial	figures/stage10e_desc/source_data/Fig10E_DESC_1_case4_spatial_source_data.tsv	452ce84d1ebe64fd247b6ce303433521701c4c1d3d52176bf3728ccc31f3dbb6	case4	1	GTCGTACCTACGATTG-1	Adenoma	5734	8862	9	37	TRUE	0.686158730456017	7.96422337305342	30	36	descriptive only	NA	NA	NA	NA	NA	NA	NA	NA	NA	NA	NA	NA	NA	NA	NA
spatial	figures/stage10e_desc/source_data/Fig10E_DESC_1_case4_spatial_source_data.tsv	452ce84d1ebe64fd247b6ce303433521701c4c1d3d52176bf3728ccc31f3dbb6	case4	1	TAGAAATTCACGTATA-1	Adenoma	5848	8796	10	36	TRUE	0.884303922387299	7.92387861310796	30	36	descriptive only	NA	NA	NA	NA	NA	NA	NA	NA	NA	NA	NA	NA	NA	NA	NA
spatial	figures/stage10e_desc/source_data/Fig10E_DESC_1_case4_spatial_source_data.tsv	452ce84d1ebe64fd247b6ce303433521701c4c1d3d52176bf3728ccc31f3dbb6	case4	1	AGAATAAATCTTCAGG-1	Adenoma	5733	8731	11	37	TRUE	0.778986756616217	7.98502179962831	30	36	descriptive only	NA	NA	NA	NA	NA	NA	NA	NA	NA	NA	NA	NA	NA	NA	NA
spatial	figures/stage10e_desc/source_data/Fig10E_DESC_1_case4_spatial_source_data.tsv	452ce84d1ebe64fd247b6ce303433521701c4c1d3d52176bf3728ccc31f3dbb6	case4	1	CATTGCGAAATGGGCG-1	Adenoma	5848	8665	12	36	TRUE	0.857499845315338	8.02722384661398	30	36	descriptive only	NA	NA	NA	NA	NA	NA	NA	NA	NA	NA	NA	NA	NA	NA	NA
spatial	figures/stage10e_desc/source_data/Fig10E_DESC_1_case4_spatial_source_data.tsv	452ce84d1ebe64fd247b6ce303433521701c4c1d3d52176bf3728ccc31f3dbb6	case4	1	GTCTACTCAATTACAA-1	Adenoma	5733	8599	13	37	TRUE	0.839472320741801	7.76724170914588	30	36	descriptive only	NA	NA	NA	NA	NA	NA	NA	NA	NA	NA	NA	NA	NA	NA	NA
spatial	figures/stage10e_desc/source_data/Fig10E_DESC_1_case4_spatial_source_data.tsv	452ce84d1ebe64fd247b6ce303433521701c4c1d3d52176bf3728ccc31f3dbb6	case4	1	TGTAATGACCACAATA-1	Adenoma	5847	8533	14	36	TRUE	0.906163988806893	7.98606590383119	30	36	descriptive only	NA	NA	NA	NA	NA	NA	NA	NA	NA	NA	NA	NA	NA	NA	NA
spatial	figures/stage10e_desc/source_data/Fig10E_DESC_1_case4_spatial_source_data.tsv	452ce84d1ebe64fd247b6ce303433521701c4c1d3d52176bf3728ccc31f3dbb6	case4	1	AAAGTCGACCCTCAGT-1	Adenoma	5733	8468	15	37	TRUE	0.830203759956573	7.92419158364943	30	36	descriptive only	NA	NA	NA	NA	NA	NA	NA	NA	NA	NA	NA	NA	NA	NA	NA
spatial	figures/stage10e_desc/source_data/Fig10E_DESC_1_case4_spatial_source_data.tsv	452ce84d1ebe64fd247b6ce303433521701c4c1d3d52176bf3728ccc31f3dbb6	case4	1	CCTGTCCCTCACGTTA-1	Adenoma	5828	1953	114	36	TRUE	0.641172877629003	7.66477480319296	30	36	descriptive only	NA	NA	NA	NA	NA	NA	NA	NA	NA	NA	NA	NA	NA	NA	NA
spatial	figures/stage10e_desc/source_data/Fig10E_DESC_1_case4_spatial_source_data.tsv	452ce84d1ebe64fd247b6ce303433521701c4c1d3d52176bf3728ccc31f3dbb6	case4	1	CAATGTGCCAACCCTT-1	Adenoma	5713	1888	115	37	TRUE	0.588949349321685	7.70688565310889	30	36	descriptive only	NA	NA	NA	NA	NA	NA	NA	NA	NA	NA	NA	NA	NA	NA	NA
spatial	figures/stage10e_desc/source_data/Fig10E_DESC_1_case4_spatial_source_data.tsv	452ce84d1ebe64fd247b6ce303433521701c4c1d3d52176bf3728ccc31f3dbb6	case4	1	GTTAAGTTAGAGTGGG-1	Adenoma	5827	1822	116	36	TRUE	0.539353910363359	7.58266502917707	30	36	descriptive only	NA	NA	NA	NA	NA	NA	NA	NA	NA	NA	NA	NA	NA	NA	NA
spatial	figures/stage10e_desc/source_data/Fig10E_DESC_1_case4_spatial_source_data.tsv	452ce84d1ebe64fd247b6ce303433521701c4c1d3d52176bf3728ccc31f3dbb6	case4	1	CTGGGATACGCTACCC-1	Adenoma	5712	1756	117	37	TRUE	0.528108456304736	7.80711596522222	30	36	descriptive only	NA	NA	NA	NA	NA	NA	NA	NA	NA	NA	NA	NA	NA	NA	NA
spatial	figures/stage10e_desc/source_data/Fig10E_DESC_1_case4_spatial_source_data.tsv	452ce84d1ebe64fd247b6ce303433521701c4c1d3d52176bf3728ccc31f3dbb6	case4	1	AACCTGTCACGGAATT-1	Adenoma	5827	1690	118	36	TRUE	0.427076798026435	7.86091654467762	30	36	descriptive only	NA	NA	NA	NA	NA	NA	NA	NA	NA	NA	NA	NA	NA	NA	NA
spatial	figures/stage10e_desc/source_data/Fig10E_DESC_1_case4_spatial_source_data.tsv	452ce84d1ebe64fd247b6ce303433521701c4c1d3d52176bf3728ccc31f3dbb6	case4	1	ACTGCGGACACACCGT-1	Adenoma	5712	1625	119	37	TRUE	0.435542973108299	7.82483987380855	30	36	descriptive only	NA	NA	NA	NA	NA	NA	NA	NA	NA	NA	NA	NA	NA	NA	NA
spatial	figures/stage10e_desc/source_data/Fig10E_DESC_1_case4_spatial_source_data.tsv	452ce84d1ebe64fd247b6ce303433521701c4c1d3d52176bf3728ccc31f3dbb6	case4	1	CCGTGAGGCATTCATG-1	Adenoma	5826	1559	120	36	TRUE	0.436469576619146	7.85121898416422	30	36	descriptive only	NA	NA	NA	NA	NA	NA	NA	NA	NA	NA	NA	NA	NA	NA	NA
spatial	figures/stage10e_desc/source_data/Fig10E_DESC_1_case4_spatial_source_data.tsv	452ce84d1ebe64fd247b6ce303433521701c4c1d3d52176bf3728ccc31f3dbb6	case4	1	GCCCAGATGCTGGAGA-1	Adenoma	5712	1493	121	37	TRUE	0.357576065811681	7.92934833387861	30	36	descriptive only	NA	NA	NA	NA	NA	NA	NA	NA	NA	NA	NA	NA	NA	NA	NA
spatial	figures/stage10e_desc/source_data/Fig10E_DESC_1_case4_spatial_source_data.tsv	452ce84d1ebe64fd247b6ce303433521701c4c1d3d52176bf3728ccc31f3dbb6	case4	1	TCTGGCCGTTCAAGTT-1	Adenoma	5826	1427	122	36	TRUE	0.334865245733498	7.90279776948956	30	36	descriptive only	NA	NA	NA	NA	NA	NA	NA	NA	NA	NA	NA	NA	NA	NA	NA
spatial	figures/stage10e_desc/source_data/Fig10E_DESC_1_case4_spatial_source_data.tsv	452ce84d1ebe64fd247b6ce303433521701c4c1d3d52176bf3728ccc31f3dbb6	case4	1	ATACGAAGGCTTTCCA-1	Adenoma	5711	1362	123	37	TRUE	0.405202953634713	7.85547781921529	30	36	descriptive only	NA	NA	NA	NA	NA	NA	NA	NA	NA	NA	NA	NA	NA	NA	NA
spatial	figures/stage10e_desc/source_data/Fig10E_DESC_1_case4_spatial_source_data.tsv	452ce84d1ebe64fd247b6ce303433521701c4c1d3d52176bf3728ccc31f3dbb6	case4	1	GATCCGAATATAAGTG-1	Adenoma	5826	1295	124	36	TRUE	0.435764170168755	7.9781134547033	30	36	descriptive only	NA	NA	NA	NA	NA	NA	NA	NA	NA	NA	NA	NA	NA	NA	NA
spatial	figures/stage10e_desc/source_data/Fig10E_DESC_1_case4_spatial_source_data.tsv	452ce84d1ebe64fd247b6ce303433521701c4c1d3d52176bf3728ccc31f3dbb6	case4	1	GTGGAGCATGTCGGCC-1	Adenoma	5711	1230	125	37	TRUE	0.429659037508389	7.9864835742943	30	36	descriptive only	NA	NA	NA	NA	NA	NA	NA	NA	NA	NA	NA	NA	NA	NA	NA
spatial	figures/stage10e_desc/source_data/Fig10E_DESC_1_case4_spatial_source_data.tsv	452ce84d1ebe64fd247b6ce303433521701c4c1d3d52176bf3728ccc31f3dbb6	case4	1	GACCGTTACATGCGAC-1	Adenoma	5620	9060	6	38	TRUE	0.779828635839408	7.84006423827654	30	36	descriptive only	NA	NA	NA	NA	NA	NA	NA	NA	NA	NA	NA	NA	NA	NA	NA
spatial	figures/stage10e_desc/source_data/Fig10E_DESC_1_case4_spatial_source_data.tsv	452ce84d1ebe64fd247b6ce303433521701c4c1d3d52176bf3728ccc31f3dbb6	case4	1	CCTCCTGAGCCCACAT-1	Adenoma	5619	8929	8	38	TRUE	0.840538815733743	7.97588665272346	30	36	descriptive only	NA	NA	NA	NA	NA	NA	NA	NA	NA	NA	NA	NA	NA	NA	NA
spatial	figures/stage10e_desc/source_data/Fig10E_DESC_1_case4_spatial_source_data.tsv	452ce84d1ebe64fd247b6ce303433521701c4c1d3d52176bf3728ccc31f3dbb6	case4	1	CCGCGATTTGGTAGGT-1	Adenoma	5505	8863	9	39	TRUE	0.763925377246962	8.08103726991191	30	36	descriptive only	NA	NA	NA	NA	NA	NA	NA	NA	NA	NA	NA	NA	NA	NA	NA
spatial	figures/stage10e_desc/source_data/Fig10E_DESC_1_case4_spatial_source_data.tsv	452ce84d1ebe64fd247b6ce303433521701c4c1d3d52176bf3728ccc31f3dbb6	case4	1	CCCTGACTAACAAATT-1	Adenoma	5619	8665	12	38	TRUE	0.823488162360668	8.09062297502909	30	36	descriptive only	NA	NA	NA	NA	NA	NA	NA	NA	NA	NA	NA	NA	NA	NA	NA
spatial	figures/stage10e_desc/source_data/Fig10E_DESC_1_case4_spatial_source_data.tsv	452ce84d1ebe64fd247b6ce303433521701c4c1d3d52176bf3728ccc31f3dbb6	case4	1	CCGGTAATGGCTAGTC-1	Adenoma	5599	1954	114	38	TRUE	0.419175431010761	7.77270892540303	30	36	descriptive only	NA	NA	NA	NA	NA	NA	NA	NA	NA	NA	NA	NA	NA	NA	NA
spatial	figures/stage10e_desc/source_data/Fig10E_DESC_1_case4_spatial_source_data.tsv	452ce84d1ebe64fd247b6ce303433521701c4c1d3d52176bf3728ccc31f3dbb6	case4	1	GTCTTGAGGAGCAGTG-1	Adenoma	5598	1823	116	38	TRUE	0.440654100680548	7.71908909438627	30	36	descriptive only	NA	NA	NA	NA	NA	NA	NA	NA	NA	NA	NA	NA	NA	NA	NA
spatial	figures/stage10e_desc/source_data/Fig10E_DESC_1_case4_spatial_source_data.tsv	452ce84d1ebe64fd247b6ce303433521701c4c1d3d52176bf3728ccc31f3dbb6	case4	1	TCCCAAAGCCCTAAAT-1	Adenoma	5483	1757	117	39	TRUE	0.505249742973393	7.89318127387714	30	36	descriptive only	NA	NA	NA	NA	NA	NA	NA	NA	NA	NA	NA	NA	NA	NA	NA
spatial	figures/stage10e_desc/source_data/Fig10E_DESC_1_case4_spatial_source_data.tsv	452ce84d1ebe64fd247b6ce303433521701c4c1d3d52176bf3728ccc31f3dbb6	case4	1	TTGAGCGCCACGTGAT-1	Adenoma	5598	1691	118	38	TRUE	0.50745495719506	7.75885248767599	30	36	descriptive only	NA	NA	NA	NA	NA	NA	NA	NA	NA	NA	NA	NA	NA	NA	NA
spatial	figures/stage10e_desc/source_data/Fig10E_DESC_1_case4_spatial_source_data.tsv	452ce84d1ebe64fd247b6ce303433521701c4c1d3d52176bf3728ccc31f3dbb6	case4	1	TTGAGTCCCGCTGCTG-1	Adenoma	5483	1625	119	39	TRUE	0.472640935774694	7.89206700809084	30	36	descriptive only	NA	NA	NA	NA	NA	NA	NA	NA	NA	NA	NA	NA	NA	NA	NA
spatial	figures/stage10e_desc/source_data/Fig10E_DESC_1_case4_spatial_source_data.tsv	452ce84d1ebe64fd247b6ce303433521701c4c1d3d52176bf3728ccc31f3dbb6	case4	1	ATGGAACCTTTGCACA-1	Adenoma	5597	1559	120	38	TRUE	0.397646305134656	7.94699582203293	30	36	descriptive only	NA	NA	NA	NA	NA	NA	NA	NA	NA	NA	NA	NA	NA	NA	NA
spatial	figures/stage10e_desc/source_data/Fig10E_DESC_1_case4_spatial_source_data.tsv	452ce84d1ebe64fd247b6ce303433521701c4c1d3d52176bf3728ccc31f3dbb6	case4	1	GCTAGCACCTGGGCCA-1	Adenoma	5483	1494	121	39	TRUE	0.433649908193935	7.89658099280647	30	36	descriptive only	NA	NA	NA	NA	NA	NA	NA	NA	NA	NA	NA	NA	NA	NA	NA
spatial	figures/stage10e_desc/source_data/Fig10E_DESC_1_case4_spatial_source_data.tsv	452ce84d1ebe64fd247b6ce303433521701c4c1d3d52176bf3728ccc31f3dbb6	case4	1	CGCCGTCTACCCATCG-1	Adenoma	5597	1428	122	38	TRUE	0.420252153257391	7.91900877420243	30	36	descriptive only	NA	NA	NA	NA	NA	NA	NA	NA	NA	NA	NA	NA	NA	NA	NA
spatial	figures/stage10e_desc/source_data/Fig10E_DESC_1_case4_spatial_source_data.tsv	452ce84d1ebe64fd247b6ce303433521701c4c1d3d52176bf3728ccc31f3dbb6	case4	1	GATAGGTGTCCCGGGC-1	Adenoma	5482	1362	123	39	TRUE	0.414181829845595	7.8613034456945	30	36	descriptive only	NA	NA	NA	NA	NA	NA	NA	NA	NA	NA	NA	NA	NA	NA	NA
spatial	figures/stage10e_desc/source_data/Fig10E_DESC_1_case4_spatial_source_data.tsv	452ce84d1ebe64fd247b6ce303433521701c4c1d3d52176bf3728ccc31f3dbb6	case4	1	AGGTATGCGGACATTA-1	Adenoma	5597	1296	124	38	TRUE	0.388340301094707	8.00001831796482	30	36	descriptive only	NA	NA	NA	NA	NA	NA	NA	NA	NA	NA	NA	NA	NA	NA	NA
spatial	figures/stage10e_desc/source_data/Fig10E_DESC_1_case4_spatial_source_data.tsv	452ce84d1ebe64fd247b6ce303433521701c4c1d3d52176bf3728ccc31f3dbb6	case4	1	TTGGTTCGCTCAAAGG-1	Adenoma	5482	1231	125	39	TRUE	0.44484936290184	7.98426993200881	30	36	descriptive only	NA	NA	NA	NA	NA	NA	NA	NA	NA	NA	NA	NA	NA	NA	NA
spatial	figures/stage10e_desc/source_data/Fig10E_DESC_1_case4_spatial_source_data.tsv	452ce84d1ebe64fd247b6ce303433521701c4c1d3d52176bf3728ccc31f3dbb6	case4	1	TAAAGACAACCCTTTA-1	Adenoma	5369	1692	118	40	TRUE	0.614816801028221	7.68277736433481	30	36	descriptive only	NA	NA	NA	NA	NA	NA	NA	NA	NA	NA	NA	NA	NA	NA	NA
spatial	figures/stage10e_desc/source_data/Fig10E_DESC_1_case4_spatial_source_data.tsv	452ce84d1ebe64fd247b6ce303433521701c4c1d3d52176bf3728ccc31f3dbb6	case4	1	GTTGCGCTAACATTAC-1	Adenoma	5254	1626	119	41	TRUE	0.512361904579141	7.90048489735343	30	36	descriptive only	NA	NA	NA	NA	NA	NA	NA	NA	NA	NA	NA	NA	NA	NA	NA
spatial	figures/stage10e_desc/source_data/Fig10E_DESC_1_case4_spatial_source_data.tsv	452ce84d1ebe64fd247b6ce303433521701c4c1d3d52176bf3728ccc31f3dbb6	case4	1	GCTGAACTCTCCAGGG-1	Adenoma	5368	1560	120	40	TRUE	0.417293330840193	7.93109170813755	30	36	descriptive only	NA	NA	NA	NA	NA	NA	NA	NA	NA	NA	NA	NA	NA	NA	NA
spatial	figures/stage10e_desc/source_data/Fig10E_DESC_1_case4_spatial_source_data.tsv	452ce84d1ebe64fd247b6ce303433521701c4c1d3d52176bf3728ccc31f3dbb6	case4	1	AGCCCTGTCGCACCGT-1	Adenoma	5254	1495	121	41	TRUE	0.537962593354302	7.87300581194165	30	36	descriptive only	NA	NA	NA	NA	NA	NA	NA	NA	NA	NA	NA	NA	NA	NA	NA
spatial	figures/stage10e_desc/source_data/Fig10E_DESC_1_case4_spatial_source_data.tsv	452ce84d1ebe64fd247b6ce303433521701c4c1d3d52176bf3728ccc31f3dbb6	case4	1	AGCGCTAGAGCGATGT-1	Adenoma	5368	1428	122	40	TRUE	0.477616829360405	7.84154918539242	30	36	descriptive only	NA	NA	NA	NA	NA	NA	NA	NA	NA	NA	NA	NA	NA	NA	NA
spatial	figures/stage10e_desc/source_data/Fig10E_DESC_1_case4_spatial_source_data.tsv	452ce84d1ebe64fd247b6ce303433521701c4c1d3d52176bf3728ccc31f3dbb6	case4	1	TGCGCCGTTAATAACG-1	Adenoma	5253	1363	123	41	TRUE	0.53691878427003	7.8916863121773	30	36	descriptive only	NA	NA	NA	NA	NA	NA	NA	NA	NA	NA	NA	NA	NA	NA	NA
spatial	figures/stage10e_desc/source_data/Fig10E_DESC_1_case4_spatial_source_data.tsv	452ce84d1ebe64fd247b6ce303433521701c4c1d3d52176bf3728ccc31f3dbb6	case4	1	TGACAACGCATGTCGC-1	Adenoma	5368	1297	124	40	TRUE	0.486221190765772	7.94479293432219	30	36	descriptive only	NA	NA	NA	NA	NA	NA	NA	NA	NA	NA	NA	NA	NA	NA	NA
spatial	figures/stage10e_desc/source_data/Fig10E_DESC_1_case4_spatial_source_data.tsv	452ce84d1ebe64fd247b6ce303433521701c4c1d3d52176bf3728ccc31f3dbb6	case4	1	TAGCCATTTCAAAGTC-1	Adenoma	5031	3601	89	43	TRUE	0.568691082951694	7.8313872702334	30	36	descriptive only	NA	NA	NA	NA	NA	NA	NA	NA	NA	NA	NA	NA	NA	NA	NA
spatial	figures/stage10e_desc/source_data/Fig10E_DESC_1_case4_spatial_source_data.tsv	452ce84d1ebe64fd247b6ce303433521701c4c1d3d52176bf3728ccc31f3dbb6	case4	1	ATGCCATTTGCGACCA-1	Adenoma	5031	3469	91	43	TRUE	0.513412277781074	7.63335671119787	30	36	descriptive only	NA	NA	NA	NA	NA	NA	NA	NA	NA	NA	NA	NA	NA	NA	NA
spatial	figures/stage10e_desc/source_data/Fig10E_DESC_1_case4_spatial_source_data.tsv	452ce84d1ebe64fd247b6ce303433521701c4c1d3d52176bf3728ccc31f3dbb6	case4	1	CGATAATACTCAGGTT-1	Adenoma	5026	1758	117	43	TRUE	0.584519041789641	7.91061302504558	30	36	descriptive only	NA	NA	NA	NA	NA	NA	NA	NA	NA	NA	NA	NA	NA	NA	NA
spatial	figures/stage10e_desc/source_data/Fig10E_DESC_1_case4_spatial_source_data.tsv	452ce84d1ebe64fd247b6ce303433521701c4c1d3d52176bf3728ccc31f3dbb6	case4	1	GTAAGTCCACACTCTA-1	Adenoma	5025	1627	119	43	TRUE	0.539695367631452	7.87382893503212	30	36	descriptive only	NA	NA	NA	NA	NA	NA	NA	NA	NA	NA	NA	NA	NA	NA	NA
spatial	figures/stage10e_desc/source_data/Fig10E_DESC_1_case4_spatial_source_data.tsv	452ce84d1ebe64fd247b6ce303433521701c4c1d3d52176bf3728ccc31f3dbb6	case4	1	ATGAGGGCAGCGGCTA-1	Adenoma	5139	1561	120	42	TRUE	0.580377364782786	7.74161296083914	30	36	descriptive only	NA	NA	NA	NA	NA	NA	NA	NA	NA	NA	NA	NA	NA	NA	NA
spatial	figures/stage10e_desc/source_data/Fig10E_DESC_1_case4_spatial_source_data.tsv	452ce84d1ebe64fd247b6ce303433521701c4c1d3d52176bf3728ccc31f3dbb6	case4	1	GCCGCACTCCGTTTCA-1	Adenoma	5025	1495	121	43	TRUE	0.579819840478	7.8849869819199	30	36	descriptive only	NA	NA	NA	NA	NA	NA	NA	NA	NA	NA	NA	NA	NA	NA	NA
spatial	figures/stage10e_desc/source_data/Fig10E_DESC_1_case4_spatial_source_data.tsv	452ce84d1ebe64fd247b6ce303433521701c4c1d3d52176bf3728ccc31f3dbb6	case4	1	GAGCACGGCGCCTCTT-1	Adenoma	5139	1429	122	42	TRUE	0.619645604977618	7.87269602426496	30	36	descriptive only	NA	NA	NA	NA	NA	NA	NA	NA	NA	NA	NA	NA	NA	NA	NA
spatial	figures/stage10e_desc/source_data/Fig10E_DESC_1_case4_spatial_source_data.tsv	452ce84d1ebe64fd247b6ce303433521701c4c1d3d52176bf3728ccc31f3dbb6	case4	1	ACAATTTGGCCATATT-1	Adenoma	5024	1364	123	43	TRUE	0.590569521533712	7.8905923656939	30	36	descriptive only	NA	NA	NA	NA	NA	NA	NA	NA	NA	NA	NA	NA	NA	NA	NA
spatial	figures/stage10e_desc/source_data/Fig10E_DESC_1_case4_spatial_source_data.tsv	452ce84d1ebe64fd247b6ce303433521701c4c1d3d52176bf3728ccc31f3dbb6	case4	1	CTGGTTCGCGAGCTAC-1	Adenoma	5139	1298	124	42	TRUE	0.562291988108525	7.76433699515374	30	36	descriptive only	NA	NA	NA	NA	NA	NA	NA	NA	NA	NA	NA	NA	NA	NA	NA
spatial	figures/stage10e_desc/source_data/Fig10E_DESC_1_case4_spatial_source_data.tsv	452ce84d1ebe64fd247b6ce303433521701c4c1d3d52176bf3728ccc31f3dbb6	case4	1	GACGGTCCTAGGGTGT-1	Adenoma	5024	1232	125	43	TRUE	0.588029324701494	7.83414020455993	30	36	descriptive only	NA	NA	NA	NA	NA	NA	NA	NA	NA	NA	NA	NA	NA	NA	NA
spatial	figures/stage10e_desc/source_data/Fig10E_DESC_1_case4_spatial_source_data.tsv	452ce84d1ebe64fd247b6ce303433521701c4c1d3d52176bf3728ccc31f3dbb6	case4	1	CATGGTAAGTAGCGTT-1	Adenoma	4805	4654	73	45	TRUE	0.874952961065817	7.95302899179605	30	36	descriptive only	NA	NA	NA	NA	NA	NA	NA	NA	NA	NA	NA	NA	NA	NA	NA
spatial	figures/stage10e_desc/source_data/Fig10E_DESC_1_case4_spatial_source_data.tsv	452ce84d1ebe64fd247b6ce303433521701c4c1d3d52176bf3728ccc31f3dbb6	case4	1	TGCCCGTACCGTTAAA-1	Adenoma	4805	4523	75	45	TRUE	0.767662753492414	7.83727929869611	30	36	descriptive only	NA	NA	NA	NA	NA	NA	NA	NA	NA	NA	NA	NA	NA	NA	NA
spatial	figures/stage10e_desc/source_data/Fig10E_DESC_1_case4_spatial_source_data.tsv	452ce84d1ebe64fd247b6ce303433521701c4c1d3d52176bf3728ccc31f3dbb6	case4	1	GAGATCTTCCATGACA-1	Adenoma	4804	4391	77	45	TRUE	0.811853306619472	7.78821081947851	30	36	descriptive only	NA	NA	NA	NA	NA	NA	NA	NA	NA	NA	NA	NA	NA	NA	NA
spatial	figures/stage10e_desc/source_data/Fig10E_DESC_1_case4_spatial_source_data.tsv	452ce84d1ebe64fd247b6ce303433521701c4c1d3d52176bf3728ccc31f3dbb6	case4	1	AATGACGTAGGATGTC-1	Adenoma	4919	4325	78	44	TRUE	0.677725789568463	7.81627257780726	30	36	descriptive only	NA	NA	NA	NA	NA	NA	NA	NA	NA	NA	NA	NA	NA	NA	NA
spatial	figures/stage10e_desc/source_data/Fig10E_DESC_1_case4_spatial_source_data.tsv	452ce84d1ebe64fd247b6ce303433521701c4c1d3d52176bf3728ccc31f3dbb6	case4	1	GTGGTGGCCAAGTGAA-1	Adenoma	4804	4259	79	45	TRUE	0.720979650260171	7.76291497306611	30	36	descriptive only	NA	NA	NA	NA	NA	NA	NA	NA	NA	NA	NA	NA	NA	NA	NA
spatial	figures/stage10e_desc/source_data/Fig10E_DESC_1_case4_spatial_source_data.tsv	452ce84d1ebe64fd247b6ce303433521701c4c1d3d52176bf3728ccc31f3dbb6	case4	1	TCCCGTGTGCAATTTG-1	Adenoma	4918	4193	80	44	TRUE	0.841142914665763	7.71841400720479	30	36	descriptive only	NA	NA	NA	NA	NA	NA	NA	NA	NA	NA	NA	NA	NA	NA	NA
spatial	figures/stage10e_desc/source_data/Fig10E_DESC_1_case4_spatial_source_data.tsv	452ce84d1ebe64fd247b6ce303433521701c4c1d3d52176bf3728ccc31f3dbb6	case4	1	ACATCGTATGCAATGG-1	Adenoma	4804	4128	81	45	TRUE	0.742339267791184	7.64004488576937	30	36	descriptive only	NA	NA	NA	NA	NA	NA	NA	NA	NA	NA	NA	NA	NA	NA	NA
spatial	figures/stage10e_desc/source_data/Fig10E_DESC_1_case4_spatial_source_data.tsv	452ce84d1ebe64fd247b6ce303433521701c4c1d3d52176bf3728ccc31f3dbb6	case4	1	GCGAAACTTAACTGGA-1	Adenoma	4918	4062	82	44	TRUE	0.692996631009669	7.65869193571782	30	36	descriptive only	NA	NA	NA	NA	NA	NA	NA	NA	NA	NA	NA	NA	NA	NA	NA
spatial	figures/stage10e_desc/source_data/Fig10E_DESC_1_case4_spatial_source_data.tsv	452ce84d1ebe64fd247b6ce303433521701c4c1d3d52176bf3728ccc31f3dbb6	case4	1	AATTGAACGCTCTGGT-1	Adenoma	4803	3996	83	45	TRUE	0.843115193226827	7.54103459456844	30	36	descriptive only	NA	NA	NA	NA	NA	NA	NA	NA	NA	NA	NA	NA	NA	NA	NA
spatial	figures/stage10e_desc/source_data/Fig10E_DESC_1_case4_spatial_source_data.tsv	452ce84d1ebe64fd247b6ce303433521701c4c1d3d52176bf3728ccc31f3dbb6	case4	1	ACAAATGGTAGTGTTT-1	Adenoma	4918	3930	84	44	TRUE	0.692883155179686	7.80201632988533	30	36	descriptive only	NA	NA	NA	NA	NA	NA	NA	NA	NA	NA	NA	NA	NA	NA	NA
spatial	figures/stage10e_desc/source_data/Fig10E_DESC_1_case4_spatial_source_data.tsv	452ce84d1ebe64fd247b6ce303433521701c4c1d3d52176bf3728ccc31f3dbb6	case4	1	ATGGTCGCGTGGTTTC-1	Adenoma	4803	3865	85	45	TRUE	0.820319563698851	7.72015445957509	30	36	descriptive only	NA	NA	NA	NA	NA	NA	NA	NA	NA	NA	NA	NA	NA	NA	NA
spatial	figures/stage10e_desc/source_data/Fig10E_DESC_1_case4_spatial_source_data.tsv	452ce84d1ebe64fd247b6ce303433521701c4c1d3d52176bf3728ccc31f3dbb6	case4	1	TGTTATTGTATGTGGC-1	Adenoma	4917	3798	86	44	TRUE	0.766899880262369	7.80037803654294	30	36	descriptive only	NA	NA	NA	NA	NA	NA	NA	NA	NA	NA	NA	NA	NA	NA	NA
spatial	figures/stage10e_desc/source_data/Fig10E_DESC_1_case4_spatial_source_data.tsv	452ce84d1ebe64fd247b6ce303433521701c4c1d3d52176bf3728ccc31f3dbb6	case4	1	TTCCGGTTACCCACTT-1	Adenoma	4802	3733	87	45	TRUE	0.738679146904235	7.76575838150652	30	36	descriptive only	NA	NA	NA	NA	NA	NA	NA	NA	NA	NA	NA	NA	NA	NA	NA
spatial	figures/stage10e_desc/source_data/Fig10E_DESC_1_case4_spatial_source_data.tsv	452ce84d1ebe64fd247b6ce303433521701c4c1d3d52176bf3728ccc31f3dbb6	case4	1	GAGTGTGCGGTACCCA-1	Adenoma	4917	3667	88	44	TRUE	0.673095111899687	7.87284911938949	30	36	descriptive only	NA	NA	NA	NA	NA	NA	NA	NA	NA	NA	NA	NA	NA	NA	NA
spatial	figures/stage10e_desc/source_data/Fig10E_DESC_1_case4_spatial_source_data.tsv	452ce84d1ebe64fd247b6ce303433521701c4c1d3d52176bf3728ccc31f3dbb6	case4	1	CAAGATATTATAACGT-1	Adenoma	4802	3601	89	45	TRUE	0.701463755541239	7.8223672752801	30	36	descriptive only	NA	NA	NA	NA	NA	NA	NA	NA	NA	NA	NA	NA	NA	NA	NA
spatial	figures/stage10e_desc/source_data/Fig10E_DESC_1_case4_spatial_source_data.tsv	452ce84d1ebe64fd247b6ce303433521701c4c1d3d52176bf3728ccc31f3dbb6	case4	1	ACACACCAGGACCAGT-1	Adenoma	4916	3535	90	44	TRUE	0.658458327454786	7.75800346612088	30	36	descriptive only	NA	NA	NA	NA	NA	NA	NA	NA	NA	NA	NA	NA	NA	NA	NA
spatial	figures/stage10e_desc/source_data/Fig10E_DESC_1_case4_spatial_source_data.tsv	452ce84d1ebe64fd247b6ce303433521701c4c1d3d52176bf3728ccc31f3dbb6	case4	1	ATGGGCCTCGGCCTCT-1	Adenoma	4802	3470	91	45	TRUE	0.661870749724106	7.82766664970976	30	36	descriptive only	NA	NA	NA	NA	NA	NA	NA	NA	NA	NA	NA	NA	NA	NA	NA
spatial	figures/stage10e_desc/source_data/Fig10E_DESC_1_case4_spatial_source_data.tsv	452ce84d1ebe64fd247b6ce303433521701c4c1d3d52176bf3728ccc31f3dbb6	case4	1	AAGGTGATAAACCAGC-1	Adenoma	4916	3404	92	44	TRUE	0.786457259151749	7.79638675356448	30	36	descriptive only	NA	NA	NA	NA	NA	NA	NA	NA	NA	NA	NA	NA	NA	NA	NA
spatial	figures/stage10e_desc/source_data/Fig10E_DESC_1_case4_spatial_source_data.tsv	452ce84d1ebe64fd247b6ce303433521701c4c1d3d52176bf3728ccc31f3dbb6	case4	1	TGTGGCTCCCACCAAC-1	Adenoma	4911	1693	118	44	TRUE	0.55863998384798	7.85515306127938	30	36	descriptive only	NA	NA	NA	NA	NA	NA	NA	NA	NA	NA	NA	NA	NA	NA	NA
spatial	figures/stage10e_desc/source_data/Fig10E_DESC_1_case4_spatial_source_data.tsv	452ce84d1ebe64fd247b6ce303433521701c4c1d3d52176bf3728ccc31f3dbb6	case4	1	CCGCCGTTGAGGATAA-1	Adenoma	4796	1628	119	45	TRUE	0.591674362691493	7.77624044828475	30	36	descriptive only	NA	NA	NA	NA	NA	NA	NA	NA	NA	NA	NA	NA	NA	NA	NA
spatial	figures/stage10e_desc/source_data/Fig10E_DESC_1_case4_spatial_source_data.tsv	452ce84d1ebe64fd247b6ce303433521701c4c1d3d52176bf3728ccc31f3dbb6	case4	1	CAATACGAGAGTCTGA-1	Adenoma	4910	1561	120	44	TRUE	0.654299176334859	7.83718995766643	30	36	descriptive only	NA	NA	NA	NA	NA	NA	NA	NA	NA	NA	NA	NA	NA	NA	NA
spatial	figures/stage10e_desc/source_data/Fig10E_DESC_1_case4_spatial_source_data.tsv	452ce84d1ebe64fd247b6ce303433521701c4c1d3d52176bf3728ccc31f3dbb6	case4	1	CATCTAGTGAAGGGAA-1	Adenoma	4796	1496	121	45	TRUE	0.682340132460399	7.76975880296059	30	36	descriptive only	NA	NA	NA	NA	NA	NA	NA	NA	NA	NA	NA	NA	NA	NA	NA
spatial	figures/stage10e_desc/source_data/Fig10E_DESC_1_case4_spatial_source_data.tsv	452ce84d1ebe64fd247b6ce303433521701c4c1d3d52176bf3728ccc31f3dbb6	case4	1	GGTGGAGGTTGATACG-1	Adenoma	4910	1430	122	44	TRUE	0.624315385155469	7.75558861773588	30	36	descriptive only	NA	NA	NA	NA	NA	NA	NA	NA	NA	NA	NA	NA	NA	NA	NA
spatial	figures/stage10e_desc/source_data/Fig10E_DESC_1_case4_spatial_source_data.tsv	452ce84d1ebe64fd247b6ce303433521701c4c1d3d52176bf3728ccc31f3dbb6	case4	1	CCGCACACGAACGTGT-1	Adenoma	4795	1364	123	45	TRUE	0.56419428782242	7.93678507145435	30	36	descriptive only	NA	NA	NA	NA	NA	NA	NA	NA	NA	NA	NA	NA	NA	NA	NA
spatial	figures/stage10e_desc/source_data/Fig10E_DESC_1_case4_spatial_source_data.tsv	452ce84d1ebe64fd247b6ce303433521701c4c1d3d52176bf3728ccc31f3dbb6	case4	1	AGAACCCAGCGTGACA-1	Adenoma	4910	1298	124	44	TRUE	0.613750574227791	7.879292947658	30	36	descriptive only	NA	NA	NA	NA	NA	NA	NA	NA	NA	NA	NA	NA	NA	NA	NA
spatial	figures/stage10e_desc/source_data/Fig10E_DESC_1_case4_spatial_source_data.tsv	452ce84d1ebe64fd247b6ce303433521701c4c1d3d52176bf3728ccc31f3dbb6	case4	1	GCGCTCGATCACCTGT-1	Adenoma	4795	1233	125	45	TRUE	0.593453342922711	7.87193810383419	30	36	descriptive only	NA	NA	NA	NA	NA	NA	NA	NA	NA	NA	NA	NA	NA	NA	NA
spatial	figures/stage10e_desc/source_data/Fig10E_DESC_1_case4_spatial_source_data.tsv	452ce84d1ebe64fd247b6ce303433521701c4c1d3d52176bf3728ccc31f3dbb6	case4	1	GTACGCTTCATTGCAC-1	Adenoma	4691	4720	72	46	TRUE	0.829767014716191	7.83743466240385	30	36	descriptive only	NA	NA	NA	NA	NA	NA	NA	NA	NA	NA	NA	NA	NA	NA	NA
spatial	figures/stage10e_desc/source_data/Fig10E_DESC_1_case4_spatial_source_data.tsv	452ce84d1ebe64fd247b6ce303433521701c4c1d3d52176bf3728ccc31f3dbb6	case4	1	CACATATTAGCAGGAT-1	Adenoma	4576	4655	73	47	TRUE	0.954772114530694	8.00779222967756	30	36	descriptive only	NA	NA	NA	NA	NA	NA	NA	NA	NA	NA	NA	NA	NA	NA	NA
spatial	figures/stage10e_desc/source_data/Fig10E_DESC_1_case4_spatial_source_data.tsv	452ce84d1ebe64fd247b6ce303433521701c4c1d3d52176bf3728ccc31f3dbb6	case4	1	CAAGAGGGCGGAGTAC-1	Adenoma	4691	4589	74	46	TRUE	0.947593430266362	7.86557932881837	30	36	descriptive only	NA	NA	NA	NA	NA	NA	NA	NA	NA	NA	NA	NA	NA	NA	NA
spatial	figures/stage10e_desc/source_data/Fig10E_DESC_1_case4_spatial_source_data.tsv	452ce84d1ebe64fd247b6ce303433521701c4c1d3d52176bf3728ccc31f3dbb6	case4	1	TCGCAAAGATGCATTT-1	Adenoma	4576	4523	75	47	TRUE	0.973957600088989	7.89182041094194	30	36	descriptive only	NA	NA	NA	NA	NA	NA	NA	NA	NA	NA	NA	NA	NA	NA	NA
spatial	figures/stage10e_desc/source_data/Fig10E_DESC_1_case4_spatial_source_data.tsv	452ce84d1ebe64fd247b6ce303433521701c4c1d3d52176bf3728ccc31f3dbb6	case4	1	GTCGTTATTCGCTTAT-1	Adenoma	4690	4457	76	46	TRUE	0.862769054599219	7.93810790754533	30	36	descriptive only	NA	NA	NA	NA	NA	NA	NA	NA	NA	NA	NA	NA	NA	NA	NA
spatial	figures/stage10e_desc/source_data/Fig10E_DESC_1_case4_spatial_source_data.tsv	452ce84d1ebe64fd247b6ce303433521701c4c1d3d52176bf3728ccc31f3dbb6	case4	1	TCGTGTACTATGGATG-1	Adenoma	4575	4392	77	47	TRUE	0.883490008512948	7.9852488115018	30	36	descriptive only	NA	NA	NA	NA	NA	NA	NA	NA	NA	NA	NA	NA	NA	NA	NA
spatial	figures/stage10e_desc/source_data/Fig10E_DESC_1_case4_spatial_source_data.tsv	452ce84d1ebe64fd247b6ce303433521701c4c1d3d52176bf3728ccc31f3dbb6	case4	1	GCGGAGAGGGAGAACG-1	Adenoma	4690	4326	78	46	TRUE	0.85985135996204	7.86084825296653	30	36	descriptive only	NA	NA	NA	NA	NA	NA	NA	NA	NA	NA	NA	NA	NA	NA	NA
spatial	figures/stage10e_desc/source_data/Fig10E_DESC_1_case4_spatial_source_data.tsv	452ce84d1ebe64fd247b6ce303433521701c4c1d3d52176bf3728ccc31f3dbb6	case4	1	TCACAGGGAATCGCAA-1	Adenoma	4575	4260	79	47	TRUE	0.774968076776449	7.93753484257847	30	36	descriptive only	NA	NA	NA	NA	NA	NA	NA	NA	NA	NA	NA	NA	NA	NA	NA
spatial	figures/stage10e_desc/source_data/Fig10E_DESC_1_case4_spatial_source_data.tsv	452ce84d1ebe64fd247b6ce303433521701c4c1d3d52176bf3728ccc31f3dbb6	case4	1	GACTGCACCAGCCCAG-1	Adenoma	4689	4194	80	46	TRUE	0.85477558594085	7.88531246331491	30	36	descriptive only	NA	NA	NA	NA	NA	NA	NA	NA	NA	NA	NA	NA	NA	NA	NA
spatial	figures/stage10e_desc/source_data/Fig10E_DESC_1_case4_spatial_source_data.tsv	452ce84d1ebe64fd247b6ce303433521701c4c1d3d52176bf3728ccc31f3dbb6	case4	1	TCCGCTGTCATCCCGG-1	Adenoma	4575	4128	81	47	TRUE	0.925449026749268	7.91478481228866	30	36	descriptive only	NA	NA	NA	NA	NA	NA	NA	NA	NA	NA	NA	NA	NA	NA	NA
spatial	figures/stage10e_desc/source_data/Fig10E_DESC_1_case4_spatial_source_data.tsv	452ce84d1ebe64fd247b6ce303433521701c4c1d3d52176bf3728ccc31f3dbb6	case4	1	AGATACTCAAGATCGA-1	Adenoma	4689	4062	82	46	TRUE	0.721620268626438	7.81836085937941	30	36	descriptive only	NA	NA	NA	NA	NA	NA	NA	NA	NA	NA	NA	NA	NA	NA	NA
spatial	figures/stage10e_desc/source_data/Fig10E_DESC_1_case4_spatial_source_data.tsv	452ce84d1ebe64fd247b6ce303433521701c4c1d3d52176bf3728ccc31f3dbb6	case4	1	ACTGAATGGCGAAAGT-1	Adenoma	4574	3997	83	47	TRUE	0.805085797933363	7.74897897780488	30	36	descriptive only	NA	NA	NA	NA	NA	NA	NA	NA	NA	NA	NA	NA	NA	NA	NA
spatial	figures/stage10e_desc/source_data/Fig10E_DESC_1_case4_spatial_source_data.tsv	452ce84d1ebe64fd247b6ce303433521701c4c1d3d52176bf3728ccc31f3dbb6	case4	1	TCCTACATCCACGGCC-1	Adenoma	4689	3931	84	46	TRUE	0.822365149163081	7.85443758861575	30	36	descriptive only	NA	NA	NA	NA	NA	NA	NA	NA	NA	NA	NA	NA	NA	NA	NA
spatial	figures/stage10e_desc/source_data/Fig10E_DESC_1_case4_spatial_source_data.tsv	452ce84d1ebe64fd247b6ce303433521701c4c1d3d52176bf3728ccc31f3dbb6	case4	1	TTCAGCCCTGGTCCAC-1	Adenoma	4574	3865	85	47	TRUE	0.946205319432252	7.87560063710289	30	36	descriptive only	NA	NA	NA	NA	NA	NA	NA	NA	NA	NA	NA	NA	NA	NA	NA
spatial	figures/stage10e_desc/source_data/Fig10E_DESC_1_case4_spatial_source_data.tsv	452ce84d1ebe64fd247b6ce303433521701c4c1d3d52176bf3728ccc31f3dbb6	case4	1	TTAGAGTTTAGAAGGA-1	Adenoma	4688	3799	86	46	TRUE	0.950110204943653	7.78826729795543	30	36	descriptive only	NA	NA	NA	NA	NA	NA	NA	NA	NA	NA	NA	NA	NA	NA	NA
spatial	figures/stage10e_desc/source_data/Fig10E_DESC_1_case4_spatial_source_data.tsv	452ce84d1ebe64fd247b6ce303433521701c4c1d3d52176bf3728ccc31f3dbb6	case4	1	GGTTAGCTATATGTCT-1	Adenoma	4573	3734	87	47	TRUE	0.898394236303901	7.89097563406616	30	36	descriptive only	NA	NA	NA	NA	NA	NA	NA	NA	NA	NA	NA	NA	NA	NA	NA
spatial	figures/stage10e_desc/source_data/Fig10E_DESC_1_case4_spatial_source_data.tsv	452ce84d1ebe64fd247b6ce303433521701c4c1d3d52176bf3728ccc31f3dbb6	case4	1	CTGGTTTCGAGCAAGA-1	Adenoma	4688	3668	88	46	TRUE	0.820628747846943	7.7939044852596	30	36	descriptive only	NA	NA	NA	NA	NA	NA	NA	NA	NA	NA	NA	NA	NA	NA	NA
spatial	figures/stage10e_desc/source_data/Fig10E_DESC_1_case4_spatial_source_data.tsv	452ce84d1ebe64fd247b6ce303433521701c4c1d3d52176bf3728ccc31f3dbb6	case4	1	TGGGCCCATACTAATT-1	Adenoma	4573	3602	89	47	TRUE	0.935721493163584	7.80249785756032	30	36	descriptive only	NA	NA	NA	NA	NA	NA	NA	NA	NA	NA	NA	NA	NA	NA	NA
spatial	figures/stage10e_desc/source_data/Fig10E_DESC_1_case4_spatial_source_data.tsv	452ce84d1ebe64fd247b6ce303433521701c4c1d3d52176bf3728ccc31f3dbb6	case4	1	ACTTATTTATGTGCCA-1	Adenoma	4687	3536	90	46	TRUE	0.588436728742415	7.80065879119225	30	36	descriptive only	NA	NA	NA	NA	NA	NA	NA	NA	NA	NA	NA	NA	NA	NA	NA
spatial	figures/stage10e_desc/source_data/Fig10E_DESC_1_case4_spatial_source_data.tsv	452ce84d1ebe64fd247b6ce303433521701c4c1d3d52176bf3728ccc31f3dbb6	case4	1	TTAGTTATTCGTGGCA-1	Adenoma	4573	3471	91	47	TRUE	0.824700685932574	7.66346272029285	30	36	descriptive only	NA	NA	NA	NA	NA	NA	NA	NA	NA	NA	NA	NA	NA	NA	NA
spatial	figures/stage10e_desc/source_data/Fig10E_DESC_1_case4_spatial_source_data.tsv	452ce84d1ebe64fd247b6ce303433521701c4c1d3d52176bf3728ccc31f3dbb6	case4	1	AACCGCTAAGGGATGC-1	Adenoma	4687	3404	92	46	TRUE	0.706344224748056	7.83420979681426	30	36	descriptive only	NA	NA	NA	NA	NA	NA	NA	NA	NA	NA	NA	NA	NA	NA	NA
spatial	figures/stage10e_desc/source_data/Fig10E_DESC_1_case4_spatial_source_data.tsv	452ce84d1ebe64fd247b6ce303433521701c4c1d3d52176bf3728ccc31f3dbb6	case4	1	ATACGTCCACTCCTGT-1	Adenoma	4572	3339	93	47	TRUE	0.698280937633378	7.78098607931654	30	36	descriptive only	NA	NA	NA	NA	NA	NA	NA	NA	NA	NA	NA	NA	NA	NA	NA
spatial	figures/stage10e_desc/source_data/Fig10E_DESC_1_case4_spatial_source_data.tsv	452ce84d1ebe64fd247b6ce303433521701c4c1d3d52176bf3728ccc31f3dbb6	case4	1	CACACAGCTTGCGCTC-1	Adenoma	4568	1891	115	47	TRUE	0.569587584929009	7.79989094670998	30	36	descriptive only	NA	NA	NA	NA	NA	NA	NA	NA	NA	NA	NA	NA	NA	NA	NA
spatial	figures/stage10e_desc/source_data/Fig10E_DESC_1_case4_spatial_source_data.tsv	452ce84d1ebe64fd247b6ce303433521701c4c1d3d52176bf3728ccc31f3dbb6	case4	1	GCAAACGTCGCCAGGT-1	Adenoma	4568	1760	117	47	TRUE	0.641087362424778	7.83533252223734	30	36	descriptive only	NA	NA	NA	NA	NA	NA	NA	NA	NA	NA	NA	NA	NA	NA	NA
spatial	figures/stage10e_desc/source_data/Fig10E_DESC_1_case4_spatial_source_data.tsv	452ce84d1ebe64fd247b6ce303433521701c4c1d3d52176bf3728ccc31f3dbb6	case4	1	GAATAGCATTTAGGGT-1	Adenoma	4682	1694	118	46	TRUE	0.626823412690009	7.91966707439879	30	36	descriptive only	NA	NA	NA	NA	NA	NA	NA	NA	NA	NA	NA	NA	NA	NA	NA
spatial	figures/stage10e_desc/source_data/Fig10E_DESC_1_case4_spatial_source_data.tsv	452ce84d1ebe64fd247b6ce303433521701c4c1d3d52176bf3728ccc31f3dbb6	case4	1	TACTGTTTCTCTGGTA-1	Adenoma	4567	1628	119	47	TRUE	0.652301042176059	7.75472794156298	30	36	descriptive only	NA	NA	NA	NA	NA	NA	NA	NA	NA	NA	NA	NA	NA	NA	NA
spatial	figures/stage10e_desc/source_data/Fig10E_DESC_1_case4_spatial_source_data.tsv	452ce84d1ebe64fd247b6ce303433521701c4c1d3d52176bf3728ccc31f3dbb6	case4	1	TCCTATCATAGGTAAC-1	Adenoma	4681	1562	120	46	TRUE	0.589668125025706	7.74548651639311	30	36	descriptive only	NA	NA	NA	NA	NA	NA	NA	NA	NA	NA	NA	NA	NA	NA	NA
spatial	figures/stage10e_desc/source_data/Fig10E_DESC_1_case4_spatial_source_data.tsv	452ce84d1ebe64fd247b6ce303433521701c4c1d3d52176bf3728ccc31f3dbb6	case4	1	TTCGGTGGAGACGCCC-1	Adenoma	4567	1497	121	47	TRUE	0.596754041727114	8.01365447270644	30	36	descriptive only	NA	NA	NA	NA	NA	NA	NA	NA	NA	NA	NA	NA	NA	NA	NA
spatial	figures/stage10e_desc/source_data/Fig10E_DESC_1_case4_spatial_source_data.tsv	452ce84d1ebe64fd247b6ce303433521701c4c1d3d52176bf3728ccc31f3dbb6	case4	1	TGTTGCCGTCGTCCCA-1	Adenoma	4681	1430	122	46	TRUE	0.604944322213483	7.90932219063599	30	36	descriptive only	NA	NA	NA	NA	NA	NA	NA	NA	NA	NA	NA	NA	NA	NA	NA
spatial	figures/stage10e_desc/source_data/Fig10E_DESC_1_case4_spatial_source_data.tsv	452ce84d1ebe64fd247b6ce303433521701c4c1d3d52176bf3728ccc31f3dbb6	case4	1	CCAACTTGATAGATCC-1	Adenoma	4566	1365	123	47	TRUE	0.633212761019362	7.86402716366992	30	36	descriptive only	NA	NA	NA	NA	NA	NA	NA	NA	NA	NA	NA	NA	NA	NA	NA
spatial	figures/stage10e_desc/source_data/Fig10E_DESC_1_case4_spatial_source_data.tsv	452ce84d1ebe64fd247b6ce303433521701c4c1d3d52176bf3728ccc31f3dbb6	case4	1	CAAAGGTCATCTGAAA-1	Adenoma	4681	1299	124	46	TRUE	0.591513168399535	7.86396753496447	30	36	descriptive only	NA	NA	NA	NA	NA	NA	NA	NA	NA	NA	NA	NA	NA	NA	NA
spatial	figures/stage10e_desc/source_data/Fig10E_DESC_1_case4_spatial_source_data.tsv	452ce84d1ebe64fd247b6ce303433521701c4c1d3d52176bf3728ccc31f3dbb6	case4	1	CTAGCTTAATGGTCCC-1	Adenoma	4566	1233	125	47	TRUE	0.582529743804112	7.93198793678263	30	36	descriptive only	NA	NA	NA	NA	NA	NA	NA	NA	NA	NA	NA	NA	NA	NA	NA
spatial	figures/stage10e_desc/source_data/Fig10E_DESC_1_case4_spatial_source_data.tsv	452ce84d1ebe64fd247b6ce303433521701c4c1d3d52176bf3728ccc31f3dbb6	case4	1	AGGCCACATTGGTTAC-1	Adenoma	4680	1167	126	46	TRUE	0.544024846028731	7.99915451339682	30	36	descriptive only	NA	NA	NA	NA	NA	NA	NA	NA	NA	NA	NA	NA	NA	NA	NA
spatial	figures/stage10e_desc/source_data/Fig10E_DESC_1_case4_spatial_source_data.tsv	452ce84d1ebe64fd247b6ce303433521701c4c1d3d52176bf3728ccc31f3dbb6	case4	1	CCGAACCTTCCCGGCC-1	Adenoma	4348	4787	71	49	TRUE	0.787144377791053	7.69940160888167	30	36	descriptive only	NA	NA	NA	NA	NA	NA	NA	NA	NA	NA	NA	NA	NA	NA	NA
spatial	figures/stage10e_desc/source_data/Fig10E_DESC_1_case4_spatial_source_data.tsv	452ce84d1ebe64fd247b6ce303433521701c4c1d3d52176bf3728ccc31f3dbb6	case4	1	TCAGACGCTATAGAAG-1	Adenoma	4462	4721	72	48	TRUE	0.975376538782692	7.76938464404852	30	36	descriptive only	NA	NA	NA	NA	NA	NA	NA	NA	NA	NA	NA	NA	NA	NA	NA
spatial	figures/stage10e_desc/source_data/Fig10E_DESC_1_case4_spatial_source_data.tsv	452ce84d1ebe64fd247b6ce303433521701c4c1d3d52176bf3728ccc31f3dbb6	case4	1	CAGGCGCCATGCTAGG-1	Adenoma	4347	4656	73	49	TRUE	0.931526003903595	7.96302926729161	30	36	descriptive only	NA	NA	NA	NA	NA	NA	NA	NA	NA	NA	NA	NA	NA	NA	NA
spatial	figures/stage10e_desc/source_data/Fig10E_DESC_1_case4_spatial_source_data.tsv	452ce84d1ebe64fd247b6ce303433521701c4c1d3d52176bf3728ccc31f3dbb6	case4	1	CACTCGAGCTGAACAA-1	Adenoma	4462	4589	74	48	TRUE	0.963843270766251	7.81020010778246	30	36	descriptive only	NA	NA	NA	NA	NA	NA	NA	NA	NA	NA	NA	NA	NA	NA	NA
spatial	figures/stage10e_desc/source_data/Fig10E_DESC_1_case4_spatial_source_data.tsv	452ce84d1ebe64fd247b6ce303433521701c4c1d3d52176bf3728ccc31f3dbb6	case4	1	ACAAGGAAATCCGCCC-1	Adenoma	4347	4524	75	49	TRUE	0.954980160754863	7.89471971822704	30	36	descriptive only	NA	NA	NA	NA	NA	NA	NA	NA	NA	NA	NA	NA	NA	NA	NA
spatial	figures/stage10e_desc/source_data/Fig10E_DESC_1_case4_spatial_source_data.tsv	452ce84d1ebe64fd247b6ce303433521701c4c1d3d52176bf3728ccc31f3dbb6	case4	1	ACCACGTGCAGCTATA-1	Adenoma	4461	4458	76	48	TRUE	0.923424151350858	7.91506898959652	30	36	descriptive only	NA	NA	NA	NA	NA	NA	NA	NA	NA	NA	NA	NA	NA	NA	NA
spatial	figures/stage10e_desc/source_data/Fig10E_DESC_1_case4_spatial_source_data.tsv	452ce84d1ebe64fd247b6ce303433521701c4c1d3d52176bf3728ccc31f3dbb6	case4	1	ACGGCGACGATGGGAA-1	Adenoma	4346	4392	77	49	TRUE	0.910684280532424	7.9436154308934	30	36	descriptive only	NA	NA	NA	NA	NA	NA	NA	NA	NA	NA	NA	NA	NA	NA	NA
spatial	figures/stage10e_desc/source_data/Fig10E_DESC_1_case4_spatial_source_data.tsv	452ce84d1ebe64fd247b6ce303433521701c4c1d3d52176bf3728ccc31f3dbb6	case4	1	TTACTAAAGGACTTTA-1	Adenoma	4461	4326	78	48	TRUE	0.884323177570795	7.89029214616863	30	36	descriptive only	NA	NA	NA	NA	NA	NA	NA	NA	NA	NA	NA	NA	NA	NA	NA
spatial	figures/stage10e_desc/source_data/Fig10E_DESC_1_case4_spatial_source_data.tsv	452ce84d1ebe64fd247b6ce303433521701c4c1d3d52176bf3728ccc31f3dbb6	case4	1	GGCTGAAATAGCAAAG-1	Adenoma	4346	4261	79	49	TRUE	0.945789388162115	7.98912704995346	30	36	descriptive only	NA	NA	NA	NA	NA	NA	NA	NA	NA	NA	NA	NA	NA	NA	NA
spatial	figures/stage10e_desc/source_data/Fig10E_DESC_1_case4_spatial_source_data.tsv	452ce84d1ebe64fd247b6ce303433521701c4c1d3d52176bf3728ccc31f3dbb6	case4	1	TTAGACGAGTCACCTC-1	Adenoma	4460	4195	80	48	TRUE	0.910113945420782	7.77073725729608	30	36	descriptive only	NA	NA	NA	NA	NA	NA	NA	NA	NA	NA	NA	NA	NA	NA	NA
spatial	figures/stage10e_desc/source_data/Fig10E_DESC_1_case4_spatial_source_data.tsv	452ce84d1ebe64fd247b6ce303433521701c4c1d3d52176bf3728ccc31f3dbb6	case4	1	GTAGTCGCGGGAATCA-1	Adenoma	4346	4129	81	49	TRUE	0.860744892990628	7.93800676617942	30	36	descriptive only	NA	NA	NA	NA	NA	NA	NA	NA	NA	NA	NA	NA	NA	NA	NA
spatial	figures/stage10e_desc/source_data/Fig10E_DESC_1_case4_spatial_source_data.tsv	452ce84d1ebe64fd247b6ce303433521701c4c1d3d52176bf3728ccc31f3dbb6	case4	1	GCAAACCCTACATTAT-1	Adenoma	4460	4063	82	48	TRUE	0.852446836684141	7.85334573726982	30	36	descriptive only	NA	NA	NA	NA	NA	NA	NA	NA	NA	NA	NA	NA	NA	NA	NA
spatial	figures/stage10e_desc/source_data/Fig10E_DESC_1_case4_spatial_source_data.tsv	452ce84d1ebe64fd247b6ce303433521701c4c1d3d52176bf3728ccc31f3dbb6	case4	1	GTTAAAGTAGGACTGG-1	Adenoma	4345	3998	83	49	TRUE	0.902984624461289	7.81734310284828	30	36	descriptive only	NA	NA	NA	NA	NA	NA	NA	NA	NA	NA	NA	NA	NA	NA	NA
spatial	figures/stage10e_desc/source_data/Fig10E_DESC_1_case4_spatial_source_data.tsv	452ce84d1ebe64fd247b6ce303433521701c4c1d3d52176bf3728ccc31f3dbb6	case4	1	ACCCTCCCTTGCTATT-1	Adenoma	4460	3931	84	48	TRUE	0.867715080800912	7.76801750915784	30	36	descriptive only	NA	NA	NA	NA	NA	NA	NA	NA	NA	NA	NA	NA	NA	NA	NA
spatial	figures/stage10e_desc/source_data/Fig10E_DESC_1_case4_spatial_source_data.tsv	452ce84d1ebe64fd247b6ce303433521701c4c1d3d52176bf3728ccc31f3dbb6	case4	1	CATGTCTCATTTATGG-1	Adenoma	4345	3866	85	49	TRUE	0.848213826514255	7.82544418457071	30	36	descriptive only	NA	NA	NA	NA	NA	NA	NA	NA	NA	NA	NA	NA	NA	NA	NA
spatial	figures/stage10e_desc/source_data/Fig10E_DESC_1_case4_spatial_source_data.tsv	452ce84d1ebe64fd247b6ce303433521701c4c1d3d52176bf3728ccc31f3dbb6	case4	1	AATAGAATCTGTTTCA-1	Adenoma	4459	3800	86	48	TRUE	0.813871865065784	7.78670012977034	30	36	descriptive only	NA	NA	NA	NA	NA	NA	NA	NA	NA	NA	NA	NA	NA	NA	NA
spatial	figures/stage10e_desc/source_data/Fig10E_DESC_1_case4_spatial_source_data.tsv	452ce84d1ebe64fd247b6ce303433521701c4c1d3d52176bf3728ccc31f3dbb6	case4	1	TCTCATGAGATAGGGT-1	Adenoma	4345	3734	87	49	TRUE	0.890476780820733	7.75121303779889	30	36	descriptive only	NA	NA	NA	NA	NA	NA	NA	NA	NA	NA	NA	NA	NA	NA	NA
spatial	figures/stage10e_desc/source_data/Fig10E_DESC_1_case4_spatial_source_data.tsv	452ce84d1ebe64fd247b6ce303433521701c4c1d3d52176bf3728ccc31f3dbb6	case4	1	ATGACTATGCGACATT-1	Adenoma	4459	3668	88	48	TRUE	0.771075829788018	7.94428232063667	30	36	descriptive only	NA	NA	NA	NA	NA	NA	NA	NA	NA	NA	NA	NA	NA	NA	NA
spatial	figures/stage10e_desc/source_data/Fig10E_DESC_1_case4_spatial_source_data.tsv	452ce84d1ebe64fd247b6ce303433521701c4c1d3d52176bf3728ccc31f3dbb6	case4	1	CCTAACCCAAACAAGT-1	Adenoma	4344	3603	89	49	TRUE	0.587141734466037	7.77240175028367	30	36	descriptive only	NA	NA	NA	NA	NA	NA	NA	NA	NA	NA	NA	NA	NA	NA	NA
spatial	figures/stage10e_desc/source_data/Fig10E_DESC_1_case4_spatial_source_data.tsv	452ce84d1ebe64fd247b6ce303433521701c4c1d3d52176bf3728ccc31f3dbb6	case4	1	AGTCAAGATGACACTT-1	Adenoma	4458	3537	90	48	TRUE	0.883145739331929	7.95912807145546	30	36	descriptive only	NA	NA	NA	NA	NA	NA	NA	NA	NA	NA	NA	NA	NA	NA	NA
spatial	figures/stage10e_desc/source_data/Fig10E_DESC_1_case4_spatial_source_data.tsv	452ce84d1ebe64fd247b6ce303433521701c4c1d3d52176bf3728ccc31f3dbb6	case4	1	CGGGAGCTTCAGTGTA-1	Adenoma	4344	3471	91	49	TRUE	0.783659563013937	7.88739220524374	30	36	descriptive only	NA	NA	NA	NA	NA	NA	NA	NA	NA	NA	NA	NA	NA	NA	NA
spatial	figures/stage10e_desc/source_data/Fig10E_DESC_1_case4_spatial_source_data.tsv	452ce84d1ebe64fd247b6ce303433521701c4c1d3d52176bf3728ccc31f3dbb6	case4	1	CCACAGTACCCATCCT-1	Adenoma	4458	3405	92	48	TRUE	0.688918127521921	7.8244813624033	30	36	descriptive only	NA	NA	NA	NA	NA	NA	NA	NA	NA	NA	NA	NA	NA	NA	NA
spatial	figures/stage10e_desc/source_data/Fig10E_DESC_1_case4_spatial_source_data.tsv	452ce84d1ebe64fd247b6ce303433521701c4c1d3d52176bf3728ccc31f3dbb6	case4	1	GAGCGCGCACGAGTAG-1	Adenoma	4343	3340	93	49	TRUE	0.753434062692464	7.68406304965184	30	36	descriptive only	NA	NA	NA	NA	NA	NA	NA	NA	NA	NA	NA	NA	NA	NA	NA
spatial	figures/stage10e_desc/source_data/Fig10E_DESC_1_case4_spatial_source_data.tsv	452ce84d1ebe64fd247b6ce303433521701c4c1d3d52176bf3728ccc31f3dbb6	case4	1	ACCAGTGCGGGAGACG-1	Adenoma	4458	3273	94	48	TRUE	0.89713909086177	7.59354595818944	30	36	descriptive only	NA	NA	NA	NA	NA	NA	NA	NA	NA	NA	NA	NA	NA	NA	NA
spatial	figures/stage10e_desc/source_data/Fig10E_DESC_1_case4_spatial_source_data.tsv	452ce84d1ebe64fd247b6ce303433521701c4c1d3d52176bf3728ccc31f3dbb6	case4	1	TCCTTACGACGGTCCG-1	Adenoma	4343	3208	95	49	TRUE	0.830586786798266	7.70751248549497	30	36	descriptive only	NA	NA	NA	NA	NA	NA	NA	NA	NA	NA	NA	NA	NA	NA	NA
spatial	figures/stage10e_desc/source_data/Fig10E_DESC_1_case4_spatial_source_data.tsv	452ce84d1ebe64fd247b6ce303433521701c4c1d3d52176bf3728ccc31f3dbb6	case4	1	AACAGGTAGTATGGAT-1	Adenoma	4339	2024	113	49	TRUE	0.629951654815346	7.84025156670039	30	36	descriptive only	NA	NA	NA	NA	NA	NA	NA	NA	NA	NA	NA	NA	NA	NA	NA
spatial	figures/stage10e_desc/source_data/Fig10E_DESC_1_case4_spatial_source_data.tsv	452ce84d1ebe64fd247b6ce303433521701c4c1d3d52176bf3728ccc31f3dbb6	case4	1	GAACGCGGGTCACACG-1	Adenoma	4454	1958	114	48	TRUE	0.556877006509746	7.83891772899391	30	36	descriptive only	NA	NA	NA	NA	NA	NA	NA	NA	NA	NA	NA	NA	NA	NA	NA
spatial	figures/stage10e_desc/source_data/Fig10E_DESC_1_case4_spatial_source_data.tsv	452ce84d1ebe64fd247b6ce303433521701c4c1d3d52176bf3728ccc31f3dbb6	case4	1	TGTTTGAGATCGTCAG-1	Adenoma	4339	1892	115	49	TRUE	0.643730158706911	7.93799620927769	30	36	descriptive only	NA	NA	NA	NA	NA	NA	NA	NA	NA	NA	NA	NA	NA	NA	NA
spatial	figures/stage10e_desc/source_data/Fig10E_DESC_1_case4_spatial_source_data.tsv	452ce84d1ebe64fd247b6ce303433521701c4c1d3d52176bf3728ccc31f3dbb6	case4	1	ATCTCGTGAGCGAAAC-1	Adenoma	4453	1826	116	48	TRUE	0.558055465564236	7.89835977655451	30	36	descriptive only	NA	NA	NA	NA	NA	NA	NA	NA	NA	NA	NA	NA	NA	NA	NA
spatial	figures/stage10e_desc/source_data/Fig10E_DESC_1_case4_spatial_source_data.tsv	452ce84d1ebe64fd247b6ce303433521701c4c1d3d52176bf3728ccc31f3dbb6	case4	1	CTGAGAAAGTTCGGCG-1	Adenoma	4339	1761	117	49	TRUE	0.527486061350575	7.7803047884283	30	36	descriptive only	NA	NA	NA	NA	NA	NA	NA	NA	NA	NA	NA	NA	NA	NA	NA
spatial	figures/stage10e_desc/source_data/Fig10E_DESC_1_case4_spatial_source_data.tsv	452ce84d1ebe64fd247b6ce303433521701c4c1d3d52176bf3728ccc31f3dbb6	case4	1	ATTACCACACTGCCTG-1	Adenoma	4453	1694	118	48	TRUE	0.666551499810005	7.85557348754597	30	36	descriptive only	NA	NA	NA	NA	NA	NA	NA	NA	NA	NA	NA	NA	NA	NA	NA
spatial	figures/stage10e_desc/source_data/Fig10E_DESC_1_case4_spatial_source_data.tsv	452ce84d1ebe64fd247b6ce303433521701c4c1d3d52176bf3728ccc31f3dbb6	case4	1	CTGCTGTCTAACGAGC-1	Adenoma	4338	1629	119	49	TRUE	0.567830470565404	7.93085365333112	30	36	descriptive only	NA	NA	NA	NA	NA	NA	NA	NA	NA	NA	NA	NA	NA	NA	NA
spatial	figures/stage10e_desc/source_data/Fig10E_DESC_1_case4_spatial_source_data.tsv	452ce84d1ebe64fd247b6ce303433521701c4c1d3d52176bf3728ccc31f3dbb6	case4	1	CGTGGAAGCCTCGTAC-1	Adenoma	4453	1563	120	48	TRUE	0.627798433531688	7.86178566172848	30	36	descriptive only	NA	NA	NA	NA	NA	NA	NA	NA	NA	NA	NA	NA	NA	NA	NA
spatial	figures/stage10e_desc/source_data/Fig10E_DESC_1_case4_spatial_source_data.tsv	452ce84d1ebe64fd247b6ce303433521701c4c1d3d52176bf3728ccc31f3dbb6	case4	1	GGACTCACAAATTAGG-1	Adenoma	4338	1497	121	49	TRUE	0.553305567194561	7.85251665451229	30	36	descriptive only	NA	NA	NA	NA	NA	NA	NA	NA	NA	NA	NA	NA	NA	NA	NA
spatial	figures/stage10e_desc/source_data/Fig10E_DESC_1_case4_spatial_source_data.tsv	452ce84d1ebe64fd247b6ce303433521701c4c1d3d52176bf3728ccc31f3dbb6	case4	1	CTTTGCTGTCATGGAT-1	Adenoma	4452	1431	122	48	TRUE	0.657351296290994	7.84831554538191	30	36	descriptive only	NA	NA	NA	NA	NA	NA	NA	NA	NA	NA	NA	NA	NA	NA	NA
spatial	figures/stage10e_desc/source_data/Fig10E_DESC_1_case4_spatial_source_data.tsv	452ce84d1ebe64fd247b6ce303433521701c4c1d3d52176bf3728ccc31f3dbb6	case4	1	GGTGTTGGGCGTCTTA-1	Adenoma	4337	1366	123	49	TRUE	0.585331478243405	7.79271872715035	30	36	descriptive only	NA	NA	NA	NA	NA	NA	NA	NA	NA	NA	NA	NA	NA	NA	NA
spatial	figures/stage10e_desc/source_data/Fig10E_DESC_1_case4_spatial_source_data.tsv	452ce84d1ebe64fd247b6ce303433521701c4c1d3d52176bf3728ccc31f3dbb6	case4	1	TACCATGTATTGATTT-1	Adenoma	4452	1300	124	48	TRUE	0.629618839237765	7.77389240982864	30	36	descriptive only	NA	NA	NA	NA	NA	NA	NA	NA	NA	NA	NA	NA	NA	NA	NA
spatial	figures/stage10e_desc/source_data/Fig10E_DESC_1_case4_spatial_source_data.tsv	452ce84d1ebe64fd247b6ce303433521701c4c1d3d52176bf3728ccc31f3dbb6	case4	1	GGTCTCCAAGTAGTGC-1	Adenoma	4337	1234	125	49	TRUE	0.627930502791593	7.82999914443473	30	36	descriptive only	NA	NA	NA	NA	NA	NA	NA	NA	NA	NA	NA	NA	NA	NA	NA
spatial	figures/stage10e_desc/source_data/Fig10E_DESC_1_case4_spatial_source_data.tsv	452ce84d1ebe64fd247b6ce303433521701c4c1d3d52176bf3728ccc31f3dbb6	case4	1	TGCCAGTACGTGGAGA-1	Adenoma	4119	4788	71	51	TRUE	0.877307543129573	7.39023411455839	30	36	descriptive only	NA	NA	NA	NA	NA	NA	NA	NA	NA	NA	NA	NA	NA	NA	NA
spatial	figures/stage10e_desc/source_data/Fig10E_DESC_1_case4_spatial_source_data.tsv	452ce84d1ebe64fd247b6ce303433521701c4c1d3d52176bf3728ccc31f3dbb6	case4	1	ATAAGGTGGAGAACAT-1	Adenoma	4233	4722	72	50	TRUE	0.919412665438555	7.80690209443944	30	36	descriptive only	NA	NA	NA	NA	NA	NA	NA	NA	NA	NA	NA	NA	NA	NA	NA
spatial	figures/stage10e_desc/source_data/Fig10E_DESC_1_case4_spatial_source_data.tsv	452ce84d1ebe64fd247b6ce303433521701c4c1d3d52176bf3728ccc31f3dbb6	case4	1	CTTTAATATTGGTCGA-1	Adenoma	4118	4656	73	51	TRUE	0.875401173399553	7.59062947593511	30	36	descriptive only	NA	NA	NA	NA	NA	NA	NA	NA	NA	NA	NA	NA	NA	NA	NA
spatial	figures/stage10e_desc/source_data/Fig10E_DESC_1_case4_spatial_source_data.tsv	452ce84d1ebe64fd247b6ce303433521701c4c1d3d52176bf3728ccc31f3dbb6	case4	1	TGGTTCAACGGGTAAT-1	Adenoma	4233	4590	74	50	TRUE	0.912752762625806	7.94705451397661	30	36	descriptive only	NA	NA	NA	NA	NA	NA	NA	NA	NA	NA	NA	NA	NA	NA	NA
spatial	figures/stage10e_desc/source_data/Fig10E_DESC_1_case4_spatial_source_data.tsv	452ce84d1ebe64fd247b6ce303433521701c4c1d3d52176bf3728ccc31f3dbb6	case4	1	GCTGCTACTGCGTAGC-1	Adenoma	4118	4525	75	51	TRUE	0.849549416420235	7.86298509935683	30	36	descriptive only	NA	NA	NA	NA	NA	NA	NA	NA	NA	NA	NA	NA	NA	NA	NA
spatial	figures/stage10e_desc/source_data/Fig10E_DESC_1_case4_spatial_source_data.tsv	452ce84d1ebe64fd247b6ce303433521701c4c1d3d52176bf3728ccc31f3dbb6	case4	1	CTGCACAACTACATAT-1	Adenoma	4232	4459	76	50	TRUE	0.915868959491592	7.96434437266538	30	36	descriptive only	NA	NA	NA	NA	NA	NA	NA	NA	NA	NA	NA	NA	NA	NA	NA
spatial	figures/stage10e_desc/source_data/Fig10E_DESC_1_case4_spatial_source_data.tsv	452ce84d1ebe64fd247b6ce303433521701c4c1d3d52176bf3728ccc31f3dbb6	case4	1	ATATTCCACATAGTGA-1	Adenoma	4118	4393	77	51	TRUE	0.865337820234126	7.799144305286	30	36	descriptive only	NA	NA	NA	NA	NA	NA	NA	NA	NA	NA	NA	NA	NA	NA	NA
spatial	figures/stage10e_desc/source_data/Fig10E_DESC_1_case4_spatial_source_data.tsv	452ce84d1ebe64fd247b6ce303433521701c4c1d3d52176bf3728ccc31f3dbb6	case4	1	TGGCAAACTAAATTAC-1	Adenoma	4232	4327	78	50	TRUE	0.907229326302908	7.80746208608279	30	36	descriptive only	NA	NA	NA	NA	NA	NA	NA	NA	NA	NA	NA	NA	NA	NA	NA
spatial	figures/stage10e_desc/source_data/Fig10E_DESC_1_case4_spatial_source_data.tsv	452ce84d1ebe64fd247b6ce303433521701c4c1d3d52176bf3728ccc31f3dbb6	case4	1	ACCGCAATAACTGCCT-1	Adenoma	4117	4261	79	51	TRUE	0.916811725585484	7.84499174880108	30	36	descriptive only	NA	NA	NA	NA	NA	NA	NA	NA	NA	NA	NA	NA	NA	NA	NA
spatial	figures/stage10e_desc/source_data/Fig10E_DESC_1_case4_spatial_source_data.tsv	452ce84d1ebe64fd247b6ce303433521701c4c1d3d52176bf3728ccc31f3dbb6	case4	1	TCGCACCAGGAGGCAG-1	Adenoma	4231	4195	80	50	TRUE	0.909625644289366	7.9145205227238	30	36	descriptive only	NA	NA	NA	NA	NA	NA	NA	NA	NA	NA	NA	NA	NA	NA	NA
spatial	figures/stage10e_desc/source_data/Fig10E_DESC_1_case4_spatial_source_data.tsv	452ce84d1ebe64fd247b6ce303433521701c4c1d3d52176bf3728ccc31f3dbb6	case4	1	ACTTCAGGCTGATCCC-1	Adenoma	4117	4130	81	51	TRUE	0.921267303364497	7.84172618561788	30	36	descriptive only	NA	NA	NA	NA	NA	NA	NA	NA	NA	NA	NA	NA	NA	NA	NA
spatial	figures/stage10e_desc/source_data/Fig10E_DESC_1_case4_spatial_source_data.tsv	452ce84d1ebe64fd247b6ce303433521701c4c1d3d52176bf3728ccc31f3dbb6	case4	1	ACAAATCGCACCGAAT-1	Adenoma	4231	4064	82	50	TRUE	0.749178758128323	7.81017015136645	30	36	descriptive only	NA	NA	NA	NA	NA	NA	NA	NA	NA	NA	NA	NA	NA	NA	NA
spatial	figures/stage10e_desc/source_data/Fig10E_DESC_1_case4_spatial_source_data.tsv	452ce84d1ebe64fd247b6ce303433521701c4c1d3d52176bf3728ccc31f3dbb6	case4	1	TCTGATGTATTCTGTC-1	Adenoma	4116	3998	83	51	TRUE	0.663771153747984	7.7598193964311	30	36	descriptive only	NA	NA	NA	NA	NA	NA	NA	NA	NA	NA	NA	NA	NA	NA	NA
spatial	figures/stage10e_desc/source_data/Fig10E_DESC_1_case4_spatial_source_data.tsv	452ce84d1ebe64fd247b6ce303433521701c4c1d3d52176bf3728ccc31f3dbb6	case4	1	CTTTACCGAATAGTAG-1	Adenoma	4231	3932	84	50	TRUE	0.873596575315253	7.81633059297399	30	36	descriptive only	NA	NA	NA	NA	NA	NA	NA	NA	NA	NA	NA	NA	NA	NA	NA
spatial	figures/stage10e_desc/source_data/Fig10E_DESC_1_case4_spatial_source_data.tsv	452ce84d1ebe64fd247b6ce303433521701c4c1d3d52176bf3728ccc31f3dbb6	case4	1	GCAGATCCATAAGACT-1	Adenoma	4116	3867	85	51	TRUE	0.933520602257278	7.93251954920412	30	36	descriptive only	NA	NA	NA	NA	NA	NA	NA	NA	NA	NA	NA	NA	NA	NA	NA
spatial	figures/stage10e_desc/source_data/Fig10E_DESC_1_case4_spatial_source_data.tsv	452ce84d1ebe64fd247b6ce303433521701c4c1d3d52176bf3728ccc31f3dbb6	case4	1	TTCCTCGGACTAACCA-1	Adenoma	4230	3801	86	50	TRUE	0.906982865985471	7.84239197698217	30	36	descriptive only	NA	NA	NA	NA	NA	NA	NA	NA	NA	NA	NA	NA	NA	NA	NA
spatial	figures/stage10e_desc/source_data/Fig10E_DESC_1_case4_spatial_source_data.tsv	452ce84d1ebe64fd247b6ce303433521701c4c1d3d52176bf3728ccc31f3dbb6	case4	1	TTATCCGGGATCTATA-1	Adenoma	4116	3735	87	51	TRUE	0.745036065261689	7.89092133046058	30	36	descriptive only	NA	NA	NA	NA	NA	NA	NA	NA	NA	NA	NA	NA	NA	NA	NA
spatial	figures/stage10e_desc/source_data/Fig10E_DESC_1_case4_spatial_source_data.tsv	452ce84d1ebe64fd247b6ce303433521701c4c1d3d52176bf3728ccc31f3dbb6	case4	1	CTGGAAGACACGGTGG-1	Adenoma	4230	3669	88	50	TRUE	0.757757405330096	7.90509976551604	30	36	descriptive only	NA	NA	NA	NA	NA	NA	NA	NA	NA	NA	NA	NA	NA	NA	NA
spatial	figures/stage10e_desc/source_data/Fig10E_DESC_1_case4_spatial_source_data.tsv	452ce84d1ebe64fd247b6ce303433521701c4c1d3d52176bf3728ccc31f3dbb6	case4	1	GTTCGTCTAAAGAACT-1	Adenoma	4115	3603	89	51	TRUE	0.927181144433273	7.78484042205187	30	36	descriptive only	NA	NA	NA	NA	NA	NA	NA	NA	NA	NA	NA	NA	NA	NA	NA
spatial	figures/stage10e_desc/source_data/Fig10E_DESC_1_case4_spatial_source_data.tsv	452ce84d1ebe64fd247b6ce303433521701c4c1d3d52176bf3728ccc31f3dbb6	case4	1	GTCTATTGGTTCCGGT-1	Adenoma	4229	3537	90	50	TRUE	0.780637849840825	7.96769753164852	30	36	descriptive only	NA	NA	NA	NA	NA	NA	NA	NA	NA	NA	NA	NA	NA	NA	NA
spatial	figures/stage10e_desc/source_data/Fig10E_DESC_1_case4_spatial_source_data.tsv	452ce84d1ebe64fd247b6ce303433521701c4c1d3d52176bf3728ccc31f3dbb6	case4	1	CTAGGCGCCCTATCAG-1	Adenoma	4115	3472	91	51	TRUE	0.827914185686012	7.95474897322874	30	36	descriptive only	NA	NA	NA	NA	NA	NA	NA	NA	NA	NA	NA	NA	NA	NA	NA
spatial	figures/stage10e_desc/source_data/Fig10E_DESC_1_case4_spatial_source_data.tsv	452ce84d1ebe64fd247b6ce303433521701c4c1d3d52176bf3728ccc31f3dbb6	case4	1	AACGGACGTACGTATA-1	Adenoma	4229	3406	92	50	TRUE	0.864110091414182	8.07940392040765	30	36	descriptive only	NA	NA	NA	NA	NA	NA	NA	NA	NA	NA	NA	NA	NA	NA	NA
spatial	figures/stage10e_desc/source_data/Fig10E_DESC_1_case4_spatial_source_data.tsv	452ce84d1ebe64fd247b6ce303433521701c4c1d3d52176bf3728ccc31f3dbb6	case4	1	AACACACGCTCGCCGC-1	Adenoma	4114	3340	93	51	TRUE	0.769128162880701	7.67791078721545	30	36	descriptive only	NA	NA	NA	NA	NA	NA	NA	NA	NA	NA	NA	NA	NA	NA	NA
spatial	figures/stage10e_desc/source_data/Fig10E_DESC_1_case4_spatial_source_data.tsv	452ce84d1ebe64fd247b6ce303433521701c4c1d3d52176bf3728ccc31f3dbb6	case4	1	GCTACTATAGTAGAGT-1	Adenoma	4229	3274	94	50	TRUE	0.653305748723085	7.7405536106612	30	36	descriptive only	NA	NA	NA	NA	NA	NA	NA	NA	NA	NA	NA	NA	NA	NA	NA
spatial	figures/stage10e_desc/source_data/Fig10E_DESC_1_case4_spatial_source_data.tsv	452ce84d1ebe64fd247b6ce303433521701c4c1d3d52176bf3728ccc31f3dbb6	case4	1	AGCATATCAATATGCT-1	Adenoma	4114	3209	95	51	TRUE	0.747841899085808	7.83375642327478	30	36	descriptive only	NA	NA	NA	NA	NA	NA	NA	NA	NA	NA	NA	NA	NA	NA	NA
spatial	figures/stage10e_desc/source_data/Fig10E_DESC_1_case4_spatial_source_data.tsv	452ce84d1ebe64fd247b6ce303433521701c4c1d3d52176bf3728ccc31f3dbb6	case4	1	CGAACAGTATGGGCGT-1	Adenoma	4228	3143	96	50	TRUE	0.674878166038157	7.63299088918237	30	36	descriptive only	NA	NA	NA	NA	NA	NA	NA	NA	NA	NA	NA	NA	NA	NA	NA
spatial	figures/stage10e_desc/source_data/Fig10E_DESC_1_case4_spatial_source_data.tsv	452ce84d1ebe64fd247b6ce303433521701c4c1d3d52176bf3728ccc31f3dbb6	case4	1	ACAATTGTGTCTCTTT-1	Adenoma	4114	3077	97	51	TRUE	0.73569641113905	7.5953161545323	30	36	descriptive only	NA	NA	NA	NA	NA	NA	NA	NA	NA	NA	NA	NA	NA	NA	NA
spatial	figures/stage10e_desc/source_data/Fig10E_DESC_1_case4_spatial_source_data.tsv	452ce84d1ebe64fd247b6ce303433521701c4c1d3d52176bf3728ccc31f3dbb6	case4	1	ATTGCGATCAGTAACT-1	Adenoma	4113	2946	99	51	TRUE	0.627711299702411	7.74072501248868	30	36	descriptive only	NA	NA	NA	NA	NA	NA	NA	NA	NA	NA	NA	NA	NA	NA	NA
spatial	figures/stage10e_desc/source_data/Fig10E_DESC_1_case4_spatial_source_data.tsv	452ce84d1ebe64fd247b6ce303433521701c4c1d3d52176bf3728ccc31f3dbb6	case4	1	AGAGGCTTCGGAAACC-1	Adenoma	4113	2814	101	51	TRUE	0.496446142716025	7.69887127910197	30	36	descriptive only	NA	NA	NA	NA	NA	NA	NA	NA	NA	NA	NA	NA	NA	NA	NA
spatial	figures/stage10e_desc/source_data/Fig10E_DESC_1_case4_spatial_source_data.tsv	452ce84d1ebe64fd247b6ce303433521701c4c1d3d52176bf3728ccc31f3dbb6	case4	1	GAGCGCAAATACTCCG-1	Adenoma	4112	2419	107	51	TRUE	0.420512506555897	7.6026909314914	30	36	descriptive only	NA	NA	NA	NA	NA	NA	NA	NA	NA	NA	NA	NA	NA	NA	NA
spatial	figures/stage10e_desc/source_data/Fig10E_DESC_1_case4_spatial_source_data.tsv	452ce84d1ebe64fd247b6ce303433521701c4c1d3d52176bf3728ccc31f3dbb6	case4	1	TTGGGACGTAAGAGTT-1	Adenoma	4111	2288	109	51	TRUE	0.666508931760888	7.58115979657578	30	36	descriptive only	NA	NA	NA	NA	NA	NA	NA	NA	NA	NA	NA	NA	NA	NA	NA
spatial	figures/stage10e_desc/source_data/Fig10E_DESC_1_case4_spatial_source_data.tsv	452ce84d1ebe64fd247b6ce303433521701c4c1d3d52176bf3728ccc31f3dbb6	case4	1	AGACCGCTCCGCGGTT-1	Adenoma	4111	2156	111	51	TRUE	0.500517432361859	7.76705238013175	30	36	descriptive only	NA	NA	NA	NA	NA	NA	NA	NA	NA	NA	NA	NA	NA	NA	NA
spatial	figures/stage10e_desc/source_data/Fig10E_DESC_1_case4_spatial_source_data.tsv	452ce84d1ebe64fd247b6ce303433521701c4c1d3d52176bf3728ccc31f3dbb6	case4	1	CCAAATAACAAGATTC-1	Adenoma	4110	2024	113	51	TRUE	0.646824956249438	7.74690951484522	30	36	descriptive only	NA	NA	NA	NA	NA	NA	NA	NA	NA	NA	NA	NA	NA	NA	NA
spatial	figures/stage10e_desc/source_data/Fig10E_DESC_1_case4_spatial_source_data.tsv	452ce84d1ebe64fd247b6ce303433521701c4c1d3d52176bf3728ccc31f3dbb6	case4	1	TCTTTAGAGTCTAACA-1	Adenoma	4225	1958	114	50	TRUE	0.729414698062317	7.87024259075726	30	36	descriptive only	NA	NA	NA	NA	NA	NA	NA	NA	NA	NA	NA	NA	NA	NA	NA
spatial	figures/stage10e_desc/source_data/Fig10E_DESC_1_case4_spatial_source_data.tsv	452ce84d1ebe64fd247b6ce303433521701c4c1d3d52176bf3728ccc31f3dbb6	case4	1	CTCCCAATGAGTCGCG-1	Adenoma	4110	1893	115	51	TRUE	0.613309121872029	7.64676114851436	30	36	descriptive only	NA	NA	NA	NA	NA	NA	NA	NA	NA	NA	NA	NA	NA	NA	NA
spatial	figures/stage10e_desc/source_data/Fig10E_DESC_1_case4_spatial_source_data.tsv	452ce84d1ebe64fd247b6ce303433521701c4c1d3d52176bf3728ccc31f3dbb6	case4	1	TAGTCTTTCCGAATTG-1	Adenoma	4224	1827	116	50	TRUE	0.500783648104148	7.72416213723106	30	36	descriptive only	NA	NA	NA	NA	NA	NA	NA	NA	NA	NA	NA	NA	NA	NA	NA
spatial	figures/stage10e_desc/source_data/Fig10E_DESC_1_case4_spatial_source_data.tsv	452ce84d1ebe64fd247b6ce303433521701c4c1d3d52176bf3728ccc31f3dbb6	case4	1	GAGTAAACCGGAAAGT-1	Adenoma	4110	1761	117	51	TRUE	0.588692500430502	7.92433880299596	30	36	descriptive only	NA	NA	NA	NA	NA	NA	NA	NA	NA	NA	NA	NA	NA	NA	NA
spatial	figures/stage10e_desc/source_data/Fig10E_DESC_1_case4_spatial_source_data.tsv	452ce84d1ebe64fd247b6ce303433521701c4c1d3d52176bf3728ccc31f3dbb6	case4	1	GATCTCGACGCTGTGG-1	Adenoma	4224	1695	118	50	TRUE	0.596083967033768	7.93813074552007	30	36	descriptive only	NA	NA	NA	NA	NA	NA	NA	NA	NA	NA	NA	NA	NA	NA	NA
spatial	figures/stage10e_desc/source_data/Fig10E_DESC_1_case4_spatial_source_data.tsv	452ce84d1ebe64fd247b6ce303433521701c4c1d3d52176bf3728ccc31f3dbb6	case4	1	CTGACATAGAAATAGA-1	Adenoma	4109	1630	119	51	TRUE	0.588854953408612	8.04056351290902	30	36	descriptive only	NA	NA	NA	NA	NA	NA	NA	NA	NA	NA	NA	NA	NA	NA	NA
spatial	figures/stage10e_desc/source_data/Fig10E_DESC_1_case4_spatial_source_data.tsv	452ce84d1ebe64fd247b6ce303433521701c4c1d3d52176bf3728ccc31f3dbb6	case4	1	TATACCGAGTGCCACA-1	Adenoma	4224	1563	120	50	TRUE	0.587773017435573	7.87014255807161	30	36	descriptive only	NA	NA	NA	NA	NA	NA	NA	NA	NA	NA	NA	NA	NA	NA	NA
spatial	figures/stage10e_desc/source_data/Fig10E_DESC_1_case4_spatial_source_data.tsv	452ce84d1ebe64fd247b6ce303433521701c4c1d3d52176bf3728ccc31f3dbb6	case4	1	TCCGAACGTTGCCGCT-1	Adenoma	4109	1498	121	51	TRUE	0.525136956264629	7.85408109136706	30	36	descriptive only	NA	NA	NA	NA	NA	NA	NA	NA	NA	NA	NA	NA	NA	NA	NA
spatial	figures/stage10e_desc/source_data/Fig10E_DESC_1_case4_spatial_source_data.tsv	452ce84d1ebe64fd247b6ce303433521701c4c1d3d52176bf3728ccc31f3dbb6	case4	1	GCAGAAGGTAATCTCC-1	Adenoma	4223	1432	122	50	TRUE	0.549416737565008	7.86895703922376	30	36	descriptive only	NA	NA	NA	NA	NA	NA	NA	NA	NA	NA	NA	NA	NA	NA	NA
spatial	figures/stage10e_desc/source_data/Fig10E_DESC_1_case4_spatial_source_data.tsv	452ce84d1ebe64fd247b6ce303433521701c4c1d3d52176bf3728ccc31f3dbb6	case4	1	GGTACTAAGTGCTTTG-1	Adenoma	4108	1366	123	51	TRUE	0.504022896162067	7.98943824777894	30	36	descriptive only	NA	NA	NA	NA	NA	NA	NA	NA	NA	NA	NA	NA	NA	NA	NA
spatial	figures/stage10e_desc/source_data/Fig10E_DESC_1_case4_spatial_source_data.tsv	452ce84d1ebe64fd247b6ce303433521701c4c1d3d52176bf3728ccc31f3dbb6	case4	1	CAGAATATTCGTTATC-1	Adenoma	4223	1300	124	50	TRUE	0.612193636822156	7.9614837794861	30	36	descriptive only	NA	NA	NA	NA	NA	NA	NA	NA	NA	NA	NA	NA	NA	NA	NA
spatial	figures/stage10e_desc/source_data/Fig10E_DESC_1_case4_spatial_source_data.tsv	452ce84d1ebe64fd247b6ce303433521701c4c1d3d52176bf3728ccc31f3dbb6	case4	1	TAATCAACCAAATGGG-1	Adenoma	4108	1235	125	51	TRUE	0.51913942898361	7.87955433316794	30	36	descriptive only	NA	NA	NA	NA	NA	NA	NA	NA	NA	NA	NA	NA	NA	NA	NA
spatial	figures/stage10e_desc/source_data/Fig10E_DESC_1_case4_spatial_source_data.tsv	452ce84d1ebe64fd247b6ce303433521701c4c1d3d52176bf3728ccc31f3dbb6	case4	1	GAGATGGGAGTCGACA-1	Adenoma	4004	4722	72	52	TRUE	0.94286826080293	7.70611168128753	30	36	descriptive only	NA	NA	NA	NA	NA	NA	NA	NA	NA	NA	NA	NA	NA	NA	NA
spatial	figures/stage10e_desc/source_data/Fig10E_DESC_1_case4_spatial_source_data.tsv	452ce84d1ebe64fd247b6ce303433521701c4c1d3d52176bf3728ccc31f3dbb6	case4	1	AACGATAATGCCGTAG-1	Adenoma	3889	4657	73	53	TRUE	0.923786661416719	7.61216338809369	30	36	descriptive only	NA	NA	NA	NA	NA	NA	NA	NA	NA	NA	NA	NA	NA	NA	NA
spatial	figures/stage10e_desc/source_data/Fig10E_DESC_1_case4_spatial_source_data.tsv	452ce84d1ebe64fd247b6ce303433521701c4c1d3d52176bf3728ccc31f3dbb6	case4	1	TGGTCCCACGCTACGG-1	Adenoma	4004	4591	74	52	TRUE	0.967991917053044	7.55419567041128	30	36	descriptive only	NA	NA	NA	NA	NA	NA	NA	NA	NA	NA	NA	NA	NA	NA	NA
spatial	figures/stage10e_desc/source_data/Fig10E_DESC_1_case4_spatial_source_data.tsv	452ce84d1ebe64fd247b6ce303433521701c4c1d3d52176bf3728ccc31f3dbb6	case4	1	CTGCTTGGCGATAGCT-1	Adenoma	3889	4525	75	53	TRUE	0.922324949142638	7.48372082259444	30	36	descriptive only	NA	NA	NA	NA	NA	NA	NA	NA	NA	NA	NA	NA	NA	NA	NA
spatial	figures/stage10e_desc/source_data/Fig10E_DESC_1_case4_spatial_source_data.tsv	452ce84d1ebe64fd247b6ce303433521701c4c1d3d52176bf3728ccc31f3dbb6	case4	1	ATCGGAGACAGACGGC-1	Adenoma	4003	4459	76	52	TRUE	0.945639865211794	7.64458656069072	30	36	descriptive only	NA	NA	NA	NA	NA	NA	NA	NA	NA	NA	NA	NA	NA	NA	NA
spatial	figures/stage10e_desc/source_data/Fig10E_DESC_1_case4_spatial_source_data.tsv	452ce84d1ebe64fd247b6ce303433521701c4c1d3d52176bf3728ccc31f3dbb6	case4	1	TAGCGTCCGGTGTGGT-1	Adenoma	3889	4394	77	53	TRUE	0.85841934090496	7.76761995612398	30	36	descriptive only	NA	NA	NA	NA	NA	NA	NA	NA	NA	NA	NA	NA	NA	NA	NA
spatial	figures/stage10e_desc/source_data/Fig10E_DESC_1_case4_spatial_source_data.tsv	452ce84d1ebe64fd247b6ce303433521701c4c1d3d52176bf3728ccc31f3dbb6	case4	1	GTTGAGTCCCGCCGGT-1	Adenoma	4003	4328	78	52	TRUE	0.974131425992452	7.93906702992759	30	36	descriptive only	NA	NA	NA	NA	NA	NA	NA	NA	NA	NA	NA	NA	NA	NA	NA
spatial	figures/stage10e_desc/source_data/Fig10E_DESC_1_case4_spatial_source_data.tsv	452ce84d1ebe64fd247b6ce303433521701c4c1d3d52176bf3728ccc31f3dbb6	case4	1	AAATAGGGTGCTATTG-1	Adenoma	3888	4262	79	53	TRUE	0.900557403596589	7.81494205598924	30	36	descriptive only	NA	NA	NA	NA	NA	NA	NA	NA	NA	NA	NA	NA	NA	NA	NA
spatial	figures/stage10e_desc/source_data/Fig10E_DESC_1_case4_spatial_source_data.tsv	452ce84d1ebe64fd247b6ce303433521701c4c1d3d52176bf3728ccc31f3dbb6	case4	1	AAGTGTTTGGAGACGG-1	Adenoma	4002	4196	80	52	TRUE	0.954425584544832	7.93987911077805	30	36	descriptive only	NA	NA	NA	NA	NA	NA	NA	NA	NA	NA	NA	NA	NA	NA	NA
spatial	figures/stage10e_desc/source_data/Fig10E_DESC_1_case4_spatial_source_data.tsv	452ce84d1ebe64fd247b6ce303433521701c4c1d3d52176bf3728ccc31f3dbb6	case4	1	AGCACTACCTCACCAG-1	Adenoma	3888	4131	81	53	TRUE	0.882574447064604	7.94945758186798	30	36	descriptive only	NA	NA	NA	NA	NA	NA	NA	NA	NA	NA	NA	NA	NA	NA	NA
spatial	figures/stage10e_desc/source_data/Fig10E_DESC_1_case4_spatial_source_data.tsv	452ce84d1ebe64fd247b6ce303433521701c4c1d3d52176bf3728ccc31f3dbb6	case4	1	TGCCTTGGCCAGGCAA-1	Adenoma	4002	4064	82	52	TRUE	0.630982895532953	7.7885563235691	30	36	descriptive only	NA	NA	NA	NA	NA	NA	NA	NA	NA	NA	NA	NA	NA	NA	NA
spatial	figures/stage10e_desc/source_data/Fig10E_DESC_1_case4_spatial_source_data.tsv	452ce84d1ebe64fd247b6ce303433521701c4c1d3d52176bf3728ccc31f3dbb6	case4	1	TCGTCTTAGGCGTTAA-1	Adenoma	3887	3999	83	53	TRUE	0.958715892632676	7.96383020083172	30	36	descriptive only	NA	NA	NA	NA	NA	NA	NA	NA	NA	NA	NA	NA	NA	NA	NA
spatial	figures/stage10e_desc/source_data/Fig10E_DESC_1_case4_spatial_source_data.tsv	452ce84d1ebe64fd247b6ce303433521701c4c1d3d52176bf3728ccc31f3dbb6	case4	1	TTCTGACCGGGCTCAA-1	Adenoma	4002	3933	84	52	TRUE	0.955276275752168	7.97472874088522	30	36	descriptive only	NA	NA	NA	NA	NA	NA	NA	NA	NA	NA	NA	NA	NA	NA	NA
spatial	figures/stage10e_desc/source_data/Fig10E_DESC_1_case4_spatial_source_data.tsv	452ce84d1ebe64fd247b6ce303433521701c4c1d3d52176bf3728ccc31f3dbb6	case4	1	CAGAACTTAGCCCTCT-1	Adenoma	3887	3867	85	53	TRUE	0.943502109488855	7.95832628391708	30	36	descriptive only	NA	NA	NA	NA	NA	NA	NA	NA	NA	NA	NA	NA	NA	NA	NA
spatial	figures/stage10e_desc/source_data/Fig10E_DESC_1_case4_spatial_source_data.tsv	452ce84d1ebe64fd247b6ce303433521701c4c1d3d52176bf3728ccc31f3dbb6	case4	1	AGCTCCTTCGCACATC-1	Adenoma	4001	3801	86	52	TRUE	0.851721283266021	8.01019425015496	30	36	descriptive only	NA	NA	NA	NA	NA	NA	NA	NA	NA	NA	NA	NA	NA	NA	NA
spatial	figures/stage10e_desc/source_data/Fig10E_DESC_1_case4_spatial_source_data.tsv	452ce84d1ebe64fd247b6ce303433521701c4c1d3d52176bf3728ccc31f3dbb6	case4	1	ACAGGCTTGCCCGACT-1	Adenoma	3887	3736	87	53	TRUE	0.943590698167221	7.83921533455088	30	36	descriptive only	NA	NA	NA	NA	NA	NA	NA	NA	NA	NA	NA	NA	NA	NA	NA
spatial	figures/stage10e_desc/source_data/Fig10E_DESC_1_case4_spatial_source_data.tsv	452ce84d1ebe64fd247b6ce303433521701c4c1d3d52176bf3728ccc31f3dbb6	case4	1	GCTATACGTCTCGGAC-1	Adenoma	4001	3670	88	52	TRUE	0.805816742806699	7.93569749421951	30	36	descriptive only	NA	NA	NA	NA	NA	NA	NA	NA	NA	NA	NA	NA	NA	NA	NA
spatial	figures/stage10e_desc/source_data/Fig10E_DESC_1_case4_spatial_source_data.tsv	452ce84d1ebe64fd247b6ce303433521701c4c1d3d52176bf3728ccc31f3dbb6	case4	1	GAGCCAGCTACCTGTG-1	Adenoma	3886	3604	89	53	TRUE	0.817521880130201	8.00235319773952	30	36	descriptive only	NA	NA	NA	NA	NA	NA	NA	NA	NA	NA	NA	NA	NA	NA	NA
spatial	figures/stage10e_desc/source_data/Fig10E_DESC_1_case4_spatial_source_data.tsv	452ce84d1ebe64fd247b6ce303433521701c4c1d3d52176bf3728ccc31f3dbb6	case4	1	TGCTAAGTGTCTATTT-1	Adenoma	4000	3538	90	52	TRUE	0.553826961807892	7.80350110800403	30	36	descriptive only	NA	NA	NA	NA	NA	NA	NA	NA	NA	NA	NA	NA	NA	NA	NA
spatial	figures/stage10e_desc/source_data/Fig10E_DESC_1_case4_spatial_source_data.tsv	452ce84d1ebe64fd247b6ce303433521701c4c1d3d52176bf3728ccc31f3dbb6	case4	1	GTCCTACGAATAGTCT-1	Adenoma	3886	3473	91	53	TRUE	0.757645702949003	7.75060986302021	30	36	descriptive only	NA	NA	NA	NA	NA	NA	NA	NA	NA	NA	NA	NA	NA	NA	NA
spatial	figures/stage10e_desc/source_data/Fig10E_DESC_1_case4_spatial_source_data.tsv	452ce84d1ebe64fd247b6ce303433521701c4c1d3d52176bf3728ccc31f3dbb6	case4	1	CAGTGTCGGCTGGCCC-1	Adenoma	4000	3406	92	52	TRUE	0.826927158466967	7.87152217286925	30	36	descriptive only	NA	NA	NA	NA	NA	NA	NA	NA	NA	NA	NA	NA	NA	NA	NA
spatial	figures/stage10e_desc/source_data/Fig10E_DESC_1_case4_spatial_source_data.tsv	452ce84d1ebe64fd247b6ce303433521701c4c1d3d52176bf3728ccc31f3dbb6	case4	1	CTATCGACGAAATACA-1	Adenoma	3885	3341	93	53	TRUE	0.812263280730142	7.98253469399704	30	36	descriptive only	NA	NA	NA	NA	NA	NA	NA	NA	NA	NA	NA	NA	NA	NA	NA
spatial	figures/stage10e_desc/source_data/Fig10E_DESC_1_case4_spatial_source_data.tsv	452ce84d1ebe64fd247b6ce303433521701c4c1d3d52176bf3728ccc31f3dbb6	case4	1	CATCATTACCCTGAGG-1	Adenoma	4000	3275	94	52	TRUE	0.654214825740772	7.63327151903912	30	36	descriptive only	NA	NA	NA	NA	NA	NA	NA	NA	NA	NA	NA	NA	NA	NA	NA
spatial	figures/stage10e_desc/source_data/Fig10E_DESC_1_case4_spatial_source_data.tsv	452ce84d1ebe64fd247b6ce303433521701c4c1d3d52176bf3728ccc31f3dbb6	case4	1	TAAGTTGCGACGTAGG-1	Adenoma	3885	3209	95	53	TRUE	0.706104930270119	7.9387896975449	30	36	descriptive only	NA	NA	NA	NA	NA	NA	NA	NA	NA	NA	NA	NA	NA	NA	NA
spatial	figures/stage10e_desc/source_data/Fig10E_DESC_1_case4_spatial_source_data.tsv	452ce84d1ebe64fd247b6ce303433521701c4c1d3d52176bf3728ccc31f3dbb6	case4	1	AGTGCACGCTTAAGAA-1	Adenoma	3999	3143	96	52	TRUE	0.6597900818424	7.93618071502989	30	36	descriptive only	NA	NA	NA	NA	NA	NA	NA	NA	NA	NA	NA	NA	NA	NA	NA
spatial	figures/stage10e_desc/source_data/Fig10E_DESC_1_case4_spatial_source_data.tsv	452ce84d1ebe64fd247b6ce303433521701c4c1d3d52176bf3728ccc31f3dbb6	case4	1	TGTGCCGGTGCCGGAA-1	Adenoma	3885	3078	97	53	TRUE	0.70547997636726	7.89183514656329	30	36	descriptive only	NA	NA	NA	NA	NA	NA	NA	NA	NA	NA	NA	NA	NA	NA	NA
spatial	figures/stage10e_desc/source_data/Fig10E_DESC_1_case4_spatial_source_data.tsv	452ce84d1ebe64fd247b6ce303433521701c4c1d3d52176bf3728ccc31f3dbb6	case4	1	AGGAGGCCTTCGCGCG-1	Adenoma	3999	3012	98	52	TRUE	0.453270506021708	7.71818875698524	30	36	descriptive only	NA	NA	NA	NA	NA	NA	NA	NA	NA	NA	NA	NA	NA	NA	NA
spatial	figures/stage10e_desc/source_data/Fig10E_DESC_1_case4_spatial_source_data.tsv	452ce84d1ebe64fd247b6ce303433521701c4c1d3d52176bf3728ccc31f3dbb6	case4	1	TCCGCGGCCCAATGAA-1	Adenoma	3884	2946	99	53	TRUE	0.560899349431179	7.68135065819235	30	36	descriptive only	NA	NA	NA	NA	NA	NA	NA	NA	NA	NA	NA	NA	NA	NA	NA
spatial	figures/stage10e_desc/source_data/Fig10E_DESC_1_case4_spatial_source_data.tsv	452ce84d1ebe64fd247b6ce303433521701c4c1d3d52176bf3728ccc31f3dbb6	case4	1	TCCGTTAAGCTAATAT-1	Adenoma	3999	2880	100	52	TRUE	0.735446925241394	7.76986439164255	30	36	descriptive only	NA	NA	NA	NA	NA	NA	NA	NA	NA	NA	NA	NA	NA	NA	NA
spatial	figures/stage10e_desc/source_data/Fig10E_DESC_1_case4_spatial_source_data.tsv	452ce84d1ebe64fd247b6ce303433521701c4c1d3d52176bf3728ccc31f3dbb6	case4	1	AAATCTAGCCCTGCTA-1	Adenoma	3884	2815	101	53	TRUE	0.684114549297485	7.80357566314291	30	36	descriptive only	NA	NA	NA	NA	NA	NA	NA	NA	NA	NA	NA	NA	NA	NA	NA
spatial	figures/stage10e_desc/source_data/Fig10E_DESC_1_case4_spatial_source_data.tsv	452ce84d1ebe64fd247b6ce303433521701c4c1d3d52176bf3728ccc31f3dbb6	case4	1	CCATATGGAAACTATA-1	Adenoma	3883	2683	103	53	TRUE	0.738314367355139	7.79227734283697	30	36	descriptive only	NA	NA	NA	NA	NA	NA	NA	NA	NA	NA	NA	NA	NA	NA	NA
spatial	figures/stage10e_desc/source_data/Fig10E_DESC_1_case4_spatial_source_data.tsv	452ce84d1ebe64fd247b6ce303433521701c4c1d3d52176bf3728ccc31f3dbb6	case4	1	CACCGTATCCCATCCG-1	Adenoma	3998	2617	104	52	TRUE	0.735516824787437	7.82271370826971	30	36	descriptive only	NA	NA	NA	NA	NA	NA	NA	NA	NA	NA	NA	NA	NA	NA	NA
spatial	figures/stage10e_desc/source_data/Fig10E_DESC_1_case4_spatial_source_data.tsv	452ce84d1ebe64fd247b6ce303433521701c4c1d3d52176bf3728ccc31f3dbb6	case4	1	GGTCAAGACTACTTCG-1	Adenoma	3883	2551	105	53	TRUE	0.638349169157421	7.66123001161092	30	36	descriptive only	NA	NA	NA	NA	NA	NA	NA	NA	NA	NA	NA	NA	NA	NA	NA
spatial	figures/stage10e_desc/source_data/Fig10E_DESC_1_case4_spatial_source_data.tsv	452ce84d1ebe64fd247b6ce303433521701c4c1d3d52176bf3728ccc31f3dbb6	case4	1	CCCGTTTCGCAGATGT-1	Adenoma	3997	2485	106	52	TRUE	0.639947797197373	7.50974537289026	30	36	descriptive only	NA	NA	NA	NA	NA	NA	NA	NA	NA	NA	NA	NA	NA	NA	NA
spatial	figures/stage10e_desc/source_data/Fig10E_DESC_1_case4_spatial_source_data.tsv	452ce84d1ebe64fd247b6ce303433521701c4c1d3d52176bf3728ccc31f3dbb6	case4	1	GTTATAATACGGTGAA-1	Adenoma	3883	2420	107	53	TRUE	0.488300896833975	7.73430985760735	30	36	descriptive only	NA	NA	NA	NA	NA	NA	NA	NA	NA	NA	NA	NA	NA	NA	NA
spatial	figures/stage10e_desc/source_data/Fig10E_DESC_1_case4_spatial_source_data.tsv	452ce84d1ebe64fd247b6ce303433521701c4c1d3d52176bf3728ccc31f3dbb6	case4	1	ACTTGTGGATGGAACG-1	Adenoma	3997	2354	108	52	TRUE	0.522656955109155	7.67811968848602	30	36	descriptive only	NA	NA	NA	NA	NA	NA	NA	NA	NA	NA	NA	NA	NA	NA	NA
spatial	figures/stage10e_desc/source_data/Fig10E_DESC_1_case4_spatial_source_data.tsv	452ce84d1ebe64fd247b6ce303433521701c4c1d3d52176bf3728ccc31f3dbb6	case4	1	GTTCGCTGAGACGTCT-1	Adenoma	3882	2288	109	53	TRUE	0.432078321397193	7.6216000009024	30	36	descriptive only	NA	NA	NA	NA	NA	NA	NA	NA	NA	NA	NA	NA	NA	NA	NA
spatial	figures/stage10e_desc/source_data/Fig10E_DESC_1_case4_spatial_source_data.tsv	452ce84d1ebe64fd247b6ce303433521701c4c1d3d52176bf3728ccc31f3dbb6	case4	1	GACACTGGAACCCGAT-1	Adenoma	3997	2222	110	52	TRUE	0.588535781639818	7.36838492999897	30	36	descriptive only	NA	NA	NA	NA	NA	NA	NA	NA	NA	NA	NA	NA	NA	NA	NA
spatial	figures/stage10e_desc/source_data/Fig10E_DESC_1_case4_spatial_source_data.tsv	452ce84d1ebe64fd247b6ce303433521701c4c1d3d52176bf3728ccc31f3dbb6	case4	1	CCCAGGTCTGAAGGCT-1	Adenoma	3882	2157	111	53	TRUE	0.515748741895734	7.55709166160569	30	36	descriptive only	NA	NA	NA	NA	NA	NA	NA	NA	NA	NA	NA	NA	NA	NA	NA
spatial	figures/stage10e_desc/source_data/Fig10E_DESC_1_case4_spatial_source_data.tsv	452ce84d1ebe64fd247b6ce303433521701c4c1d3d52176bf3728ccc31f3dbb6	case4	1	TCTCGAGGAGGTTCGC-1	Adenoma	3996	2091	112	52	TRUE	0.46224200802236	7.74838493307162	30	36	descriptive only	NA	NA	NA	NA	NA	NA	NA	NA	NA	NA	NA	NA	NA	NA	NA
spatial	figures/stage10e_desc/source_data/Fig10E_DESC_1_case4_spatial_source_data.tsv	452ce84d1ebe64fd247b6ce303433521701c4c1d3d52176bf3728ccc31f3dbb6	case4	1	ACTATCTGCCCGCGTA-1	Adenoma	3881	2025	113	53	TRUE	0.568035444405	7.90176744421629	30	36	descriptive only	NA	NA	NA	NA	NA	NA	NA	NA	NA	NA	NA	NA	NA	NA	NA
spatial	figures/stage10e_desc/source_data/Fig10E_DESC_1_case4_spatial_source_data.tsv	452ce84d1ebe64fd247b6ce303433521701c4c1d3d52176bf3728ccc31f3dbb6	case4	1	CCTAAATTGTATCCTA-1	Adenoma	3996	1959	114	52	TRUE	0.518339927955165	7.9849539085002	30	36	descriptive only	NA	NA	NA	NA	NA	NA	NA	NA	NA	NA	NA	NA	NA	NA	NA
spatial	figures/stage10e_desc/source_data/Fig10E_DESC_1_case4_spatial_source_data.tsv	452ce84d1ebe64fd247b6ce303433521701c4c1d3d52176bf3728ccc31f3dbb6	case4	1	AGAAATTATGACTCGC-1	Adenoma	3881	1893	115	53	TRUE	0.585008840042967	7.77177132282915	30	36	descriptive only	NA	NA	NA	NA	NA	NA	NA	NA	NA	NA	NA	NA	NA	NA	NA
spatial	figures/stage10e_desc/source_data/Fig10E_DESC_1_case4_spatial_source_data.tsv	452ce84d1ebe64fd247b6ce303433521701c4c1d3d52176bf3728ccc31f3dbb6	case4	1	TCCAGCGCTATAAGCG-1	Adenoma	3995	1827	116	52	TRUE	0.548876212256011	7.80919882360368	30	36	descriptive only	NA	NA	NA	NA	NA	NA	NA	NA	NA	NA	NA	NA	NA	NA	NA
spatial	figures/stage10e_desc/source_data/Fig10E_DESC_1_case4_spatial_source_data.tsv	452ce84d1ebe64fd247b6ce303433521701c4c1d3d52176bf3728ccc31f3dbb6	case4	1	TCGTGTATTGGTCACG-1	Adenoma	3881	1762	117	53	TRUE	0.62452066195618	7.66803094704551	30	36	descriptive only	NA	NA	NA	NA	NA	NA	NA	NA	NA	NA	NA	NA	NA	NA	NA
spatial	figures/stage10e_desc/source_data/Fig10E_DESC_1_case4_spatial_source_data.tsv	452ce84d1ebe64fd247b6ce303433521701c4c1d3d52176bf3728ccc31f3dbb6	case4	1	CCACATACTGCACCCA-1	Adenoma	3995	1696	118	52	TRUE	0.589090865623727	7.91075346911205	30	36	descriptive only	NA	NA	NA	NA	NA	NA	NA	NA	NA	NA	NA	NA	NA	NA	NA
spatial	figures/stage10e_desc/source_data/Fig10E_DESC_1_case4_spatial_source_data.tsv	452ce84d1ebe64fd247b6ce303433521701c4c1d3d52176bf3728ccc31f3dbb6	case4	1	GTTGCGGACGGTCAGG-1	Adenoma	3880	1630	119	53	TRUE	0.586939153926742	7.87602323901701	30	36	descriptive only	NA	NA	NA	NA	NA	NA	NA	NA	NA	NA	NA	NA	NA	NA	NA
spatial	figures/stage10e_desc/source_data/Fig10E_DESC_1_case4_spatial_source_data.tsv	452ce84d1ebe64fd247b6ce303433521701c4c1d3d52176bf3728ccc31f3dbb6	case4	1	GTATTTAATGGCATAA-1	Adenoma	3995	1564	120	52	TRUE	0.502966467124244	7.96926820078957	30	36	descriptive only	NA	NA	NA	NA	NA	NA	NA	NA	NA	NA	NA	NA	NA	NA	NA
spatial	figures/stage10e_desc/source_data/Fig10E_DESC_1_case4_spatial_source_data.tsv	452ce84d1ebe64fd247b6ce303433521701c4c1d3d52176bf3728ccc31f3dbb6	case4	1	GTCGATAGGTGACTTT-1	Adenoma	3880	1499	121	53	TRUE	0.464632493567528	7.88484110923879	30	36	descriptive only	NA	NA	NA	NA	NA	NA	NA	NA	NA	NA	NA	NA	NA	NA	NA
spatial	figures/stage10e_desc/source_data/Fig10E_DESC_1_case4_spatial_source_data.tsv	452ce84d1ebe64fd247b6ce303433521701c4c1d3d52176bf3728ccc31f3dbb6	case4	1	AATAATCTTCGTATCG-1	Adenoma	3994	1433	122	52	TRUE	0.467706136471877	7.97459473939005	30	36	descriptive only	NA	NA	NA	NA	NA	NA	NA	NA	NA	NA	NA	NA	NA	NA	NA
spatial	figures/stage10e_desc/source_data/Fig10E_DESC_1_case4_spatial_source_data.tsv	452ce84d1ebe64fd247b6ce303433521701c4c1d3d52176bf3728ccc31f3dbb6	case4	1	ATTGTTCAACGATCCG-1	Adenoma	3879	1367	123	53	TRUE	0.418932843590956	7.95878204681391	30	36	descriptive only	NA	NA	NA	NA	NA	NA	NA	NA	NA	NA	NA	NA	NA	NA	NA
spatial	figures/stage10e_desc/source_data/Fig10E_DESC_1_case4_spatial_source_data.tsv	452ce84d1ebe64fd247b6ce303433521701c4c1d3d52176bf3728ccc31f3dbb6	case4	1	GTGCAGCGTAGAGTAG-1	Adenoma	3994	1301	124	52	TRUE	0.538949566038954	7.85779163429365	30	36	descriptive only	NA	NA	NA	NA	NA	NA	NA	NA	NA	NA	NA	NA	NA	NA	NA
spatial	figures/stage10e_desc/source_data/Fig10E_DESC_1_case4_spatial_source_data.tsv	452ce84d1ebe64fd247b6ce303433521701c4c1d3d52176bf3728ccc31f3dbb6	case4	1	TGTGGTAGGGTGCCTT-1	Adenoma	3879	1236	125	53	TRUE	0.387062235383558	7.84315453569356	30	36	descriptive only	NA	NA	NA	NA	NA	NA	NA	NA	NA	NA	NA	NA	NA	NA	NA
spatial	figures/stage10e_desc/source_data/Fig10E_DESC_1_case4_spatial_source_data.tsv	452ce84d1ebe64fd247b6ce303433521701c4c1d3d52176bf3728ccc31f3dbb6	case4	1	CAAGCGGCACATAATT-1	Adenoma	3775	4723	72	54	TRUE	0.936638155344025	7.43553430562696	30	36	descriptive only	NA	NA	NA	NA	NA	NA	NA	NA	NA	NA	NA	NA	NA	NA	NA
spatial	figures/stage10e_desc/source_data/Fig10E_DESC_1_case4_spatial_source_data.tsv	452ce84d1ebe64fd247b6ce303433521701c4c1d3d52176bf3728ccc31f3dbb6	case4	1	GTTAACATCACTTAAA-1	Adenoma	3660	4658	73	55	TRUE	0.922262427335149	7.43028220316006	30	36	descriptive only	NA	NA	NA	NA	NA	NA	NA	NA	NA	NA	NA	NA	NA	NA	NA
spatial	figures/stage10e_desc/source_data/Fig10E_DESC_1_case4_spatial_source_data.tsv	452ce84d1ebe64fd247b6ce303433521701c4c1d3d52176bf3728ccc31f3dbb6	case4	1	ATATAAATGTAGCTGC-1	Adenoma	3775	4591	74	54	TRUE	0.949320674215551	7.52207851639881	30	36	descriptive only	NA	NA	NA	NA	NA	NA	NA	NA	NA	NA	NA	NA	NA	NA	NA
spatial	figures/stage10e_desc/source_data/Fig10E_DESC_1_case4_spatial_source_data.tsv	452ce84d1ebe64fd247b6ce303433521701c4c1d3d52176bf3728ccc31f3dbb6	case4	1	GCCTCTATACATAGCA-1	Adenoma	3660	4526	75	55	TRUE	0.929736818893419	7.59307527510718	30	36	descriptive only	NA	NA	NA	NA	NA	NA	NA	NA	NA	NA	NA	NA	NA	NA	NA
spatial	figures/stage10e_desc/source_data/Fig10E_DESC_1_case4_spatial_source_data.tsv	452ce84d1ebe64fd247b6ce303433521701c4c1d3d52176bf3728ccc31f3dbb6	case4	1	GTGTCGTATAGCGTTC-1	Adenoma	3774	4460	76	54	TRUE	0.965676789739711	7.48540401726028	30	36	descriptive only	NA	NA	NA	NA	NA	NA	NA	NA	NA	NA	NA	NA	NA	NA	NA
spatial	figures/stage10e_desc/source_data/Fig10E_DESC_1_case4_spatial_source_data.tsv	452ce84d1ebe64fd247b6ce303433521701c4c1d3d52176bf3728ccc31f3dbb6	case4	1	ATACGTACTTAGCCAC-1	Adenoma	3660	4394	77	55	TRUE	0.888995536169018	7.80419564354602	30	36	descriptive only	NA	NA	NA	NA	NA	NA	NA	NA	NA	NA	NA	NA	NA	NA	NA
spatial	figures/stage10e_desc/source_data/Fig10E_DESC_1_case4_spatial_source_data.tsv	452ce84d1ebe64fd247b6ce303433521701c4c1d3d52176bf3728ccc31f3dbb6	case4	1	GCTATCATACTCATGG-1	Adenoma	3774	4328	78	54	TRUE	0.843446056505376	7.74206636421581	30	36	descriptive only	NA	NA	NA	NA	NA	NA	NA	NA	NA	NA	NA	NA	NA	NA	NA
spatial	figures/stage10e_desc/source_data/Fig10E_DESC_1_case4_spatial_source_data.tsv	452ce84d1ebe64fd247b6ce303433521701c4c1d3d52176bf3728ccc31f3dbb6	case4	1	TATCCAATTGGTTATC-1	Adenoma	3659	4263	79	55	TRUE	0.915997858097462	7.77067800467795	30	36	descriptive only	NA	NA	NA	NA	NA	NA	NA	NA	NA	NA	NA	NA	NA	NA	NA
spatial	figures/stage10e_desc/source_data/Fig10E_DESC_1_case4_spatial_source_data.tsv	452ce84d1ebe64fd247b6ce303433521701c4c1d3d52176bf3728ccc31f3dbb6	case4	1	TCTCCCTGGGCAGCGT-1	Adenoma	3773	4197	80	54	TRUE	0.739392573085834	7.94920321917679	30	36	descriptive only	NA	NA	NA	NA	NA	NA	NA	NA	NA	NA	NA	NA	NA	NA	NA
spatial	figures/stage10e_desc/source_data/Fig10E_DESC_1_case4_spatial_source_data.tsv	452ce84d1ebe64fd247b6ce303433521701c4c1d3d52176bf3728ccc31f3dbb6	case4	1	CCTATAATGAGTGCCC-1	Adenoma	3659	4131	81	55	TRUE	0.832886211476489	7.82804189348357	30	36	descriptive only	NA	NA	NA	NA	NA	NA	NA	NA	NA	NA	NA	NA	NA	NA	NA
spatial	figures/stage10e_desc/source_data/Fig10E_DESC_1_case4_spatial_source_data.tsv	452ce84d1ebe64fd247b6ce303433521701c4c1d3d52176bf3728ccc31f3dbb6	case4	1	CAATGCGAGAAGTATC-1	Adenoma	3773	4065	82	54	TRUE	0.949385397058391	7.91837620176067	30	36	descriptive only	NA	NA	NA	NA	NA	NA	NA	NA	NA	NA	NA	NA	NA	NA	NA
spatial	figures/stage10e_desc/source_data/Fig10E_DESC_1_case4_spatial_source_data.tsv	452ce84d1ebe64fd247b6ce303433521701c4c1d3d52176bf3728ccc31f3dbb6	case4	1	TACCAATAAAGTACCA-1	Adenoma	3658	4000	83	55	TRUE	0.892528812462351	7.85877282026748	30	36	descriptive only	NA	NA	NA	NA	NA	NA	NA	NA	NA	NA	NA	NA	NA	NA	NA
spatial	figures/stage10e_desc/source_data/Fig10E_DESC_1_case4_spatial_source_data.tsv	452ce84d1ebe64fd247b6ce303433521701c4c1d3d52176bf3728ccc31f3dbb6	case4	1	GCTAGGCACCACGGAG-1	Adenoma	3773	3934	84	54	TRUE	0.949652212825848	7.86306742534621	30	36	descriptive only	NA	NA	NA	NA	NA	NA	NA	NA	NA	NA	NA	NA	NA	NA	NA
spatial	figures/stage10e_desc/source_data/Fig10E_DESC_1_case4_spatial_source_data.tsv	452ce84d1ebe64fd247b6ce303433521701c4c1d3d52176bf3728ccc31f3dbb6	case4	1	GGTGGACTGCTCTGGC-1	Adenoma	3658	3868	85	55	TRUE	0.954848014692603	7.88455304523581	30	36	descriptive only	NA	NA	NA	NA	NA	NA	NA	NA	NA	NA	NA	NA	NA	NA	NA
spatial	figures/stage10e_desc/source_data/Fig10E_DESC_1_case4_spatial_source_data.tsv	452ce84d1ebe64fd247b6ce303433521701c4c1d3d52176bf3728ccc31f3dbb6	case4	1	TATTCCGAGCTGTTAT-1	Adenoma	3772	3802	86	54	TRUE	0.860812689607805	7.94001352504564	30	36	descriptive only	NA	NA	NA	NA	NA	NA	NA	NA	NA	NA	NA	NA	NA	NA	NA
spatial	figures/stage10e_desc/source_data/Fig10E_DESC_1_case4_spatial_source_data.tsv	452ce84d1ebe64fd247b6ce303433521701c4c1d3d52176bf3728ccc31f3dbb6	case4	1	TTGAGAAGTTTAGCAT-1	Adenoma	3658	3736	87	55	TRUE	0.967678783598575	7.90213519750317	30	36	descriptive only	NA	NA	NA	NA	NA	NA	NA	NA	NA	NA	NA	NA	NA	NA	NA
spatial	figures/stage10e_desc/source_data/Fig10E_DESC_1_case4_spatial_source_data.tsv	452ce84d1ebe64fd247b6ce303433521701c4c1d3d52176bf3728ccc31f3dbb6	case4	1	GTCCGGACCTGAAATT-1	Adenoma	3772	3670	88	54	TRUE	0.800357207559467	7.91689076626379	30	36	descriptive only	NA	NA	NA	NA	NA	NA	NA	NA	NA	NA	NA	NA	NA	NA	NA
spatial	figures/stage10e_desc/source_data/Fig10E_DESC_1_case4_spatial_source_data.tsv	452ce84d1ebe64fd247b6ce303433521701c4c1d3d52176bf3728ccc31f3dbb6	case4	1	CTGTGGTCGGGAGATA-1	Adenoma	3657	3605	89	55	TRUE	0.645178390490772	7.85389366318005	30	36	descriptive only	NA	NA	NA	NA	NA	NA	NA	NA	NA	NA	NA	NA	NA	NA	NA
spatial	figures/stage10e_desc/source_data/Fig10E_DESC_1_case4_spatial_source_data.tsv	452ce84d1ebe64fd247b6ce303433521701c4c1d3d52176bf3728ccc31f3dbb6	case4	1	CATGTAAGAGACATTT-1	Adenoma	3772	3539	90	54	TRUE	0.891996148738819	7.81921220928338	30	36	descriptive only	NA	NA	NA	NA	NA	NA	NA	NA	NA	NA	NA	NA	NA	NA	NA
spatial	figures/stage10e_desc/source_data/Fig10E_DESC_1_case4_spatial_source_data.tsv	452ce84d1ebe64fd247b6ce303433521701c4c1d3d52176bf3728ccc31f3dbb6	case4	1	CACGTTTCGTACACAC-1	Adenoma	3657	3473	91	55	TRUE	0.819528661583908	7.80408989018029	30	36	descriptive only	NA	NA	NA	NA	NA	NA	NA	NA	NA	NA	NA	NA	NA	NA	NA
spatial	figures/stage10e_desc/source_data/Fig10E_DESC_1_case4_spatial_source_data.tsv	452ce84d1ebe64fd247b6ce303433521701c4c1d3d52176bf3728ccc31f3dbb6	case4	1	CATCCTCTCAAAGATC-1	Adenoma	3771	3407	92	54	TRUE	0.748801099485462	7.83239524218312	30	36	descriptive only	NA	NA	NA	NA	NA	NA	NA	NA	NA	NA	NA	NA	NA	NA	NA
spatial	figures/stage10e_desc/source_data/Fig10E_DESC_1_case4_spatial_source_data.tsv	452ce84d1ebe64fd247b6ce303433521701c4c1d3d52176bf3728ccc31f3dbb6	case4	1	GATTAACCGAAAGCCC-1	Adenoma	3656	3342	93	55	TRUE	0.802462574481744	7.65715499016025	30	36	descriptive only	NA	NA	NA	NA	NA	NA	NA	NA	NA	NA	NA	NA	NA	NA	NA
spatial	figures/stage10e_desc/source_data/Fig10E_DESC_1_case4_spatial_source_data.tsv	452ce84d1ebe64fd247b6ce303433521701c4c1d3d52176bf3728ccc31f3dbb6	case4	1	AACGCTGTTGCTGAAA-1	Adenoma	3771	3276	94	54	TRUE	0.850245908004646	7.69511179857593	30	36	descriptive only	NA	NA	NA	NA	NA	NA	NA	NA	NA	NA	NA	NA	NA	NA	NA
spatial	figures/stage10e_desc/source_data/Fig10E_DESC_1_case4_spatial_source_data.tsv	452ce84d1ebe64fd247b6ce303433521701c4c1d3d52176bf3728ccc31f3dbb6	case4	1	TTCAGCTGGCGTGCCC-1	Adenoma	3656	3210	95	55	TRUE	0.703921740447675	7.58574285576985	30	36	descriptive only	NA	NA	NA	NA	NA	NA	NA	NA	NA	NA	NA	NA	NA	NA	NA
spatial	figures/stage10e_desc/source_data/Fig10E_DESC_1_case4_spatial_source_data.tsv	452ce84d1ebe64fd247b6ce303433521701c4c1d3d52176bf3728ccc31f3dbb6	case4	1	TAGAGGTTCTACTTGT-1	Adenoma	3770	3144	96	54	TRUE	0.91218496225651	7.6977894536958	30	36	descriptive only	NA	NA	NA	NA	NA	NA	NA	NA	NA	NA	NA	NA	NA	NA	NA
spatial	figures/stage10e_desc/source_data/Fig10E_DESC_1_case4_spatial_source_data.tsv	452ce84d1ebe64fd247b6ce303433521701c4c1d3d52176bf3728ccc31f3dbb6	case4	1	GTATCAAACGTTAGCT-1	Adenoma	3656	3078	97	55	TRUE	0.796322876003951	7.72549203380472	30	36	descriptive only	NA	NA	NA	NA	NA	NA	NA	NA	NA	NA	NA	NA	NA	NA	NA
spatial	figures/stage10e_desc/source_data/Fig10E_DESC_1_case4_spatial_source_data.tsv	452ce84d1ebe64fd247b6ce303433521701c4c1d3d52176bf3728ccc31f3dbb6	case4	1	AATCATGTAAAGACTC-1	Adenoma	3770	3012	98	54	TRUE	0.63209737227464	7.70044277245982	30	36	descriptive only	NA	NA	NA	NA	NA	NA	NA	NA	NA	NA	NA	NA	NA	NA	NA
spatial	figures/stage10e_desc/source_data/Fig10E_DESC_1_case4_spatial_source_data.tsv	452ce84d1ebe64fd247b6ce303433521701c4c1d3d52176bf3728ccc31f3dbb6	case4	1	AGTCACTAGCTCTCGA-1	Adenoma	3655	2947	99	55	TRUE	0.591011004804311	7.70875461816752	30	36	descriptive only	NA	NA	NA	NA	NA	NA	NA	NA	NA	NA	NA	NA	NA	NA	NA
spatial	figures/stage10e_desc/source_data/Fig10E_DESC_1_case4_spatial_source_data.tsv	452ce84d1ebe64fd247b6ce303433521701c4c1d3d52176bf3728ccc31f3dbb6	case4	1	GCGAAACGATCGGGAG-1	Adenoma	3770	2881	100	54	TRUE	0.73132665073555	7.58778017002431	30	36	descriptive only	NA	NA	NA	NA	NA	NA	NA	NA	NA	NA	NA	NA	NA	NA	NA
spatial	figures/stage10e_desc/source_data/Fig10E_DESC_1_case4_spatial_source_data.tsv	452ce84d1ebe64fd247b6ce303433521701c4c1d3d52176bf3728ccc31f3dbb6	case4	1	CATGGATTGTCTTCCG-1	Adenoma	3655	2815	101	55	TRUE	0.732679991202648	8.07094699184126	30	36	descriptive only	NA	NA	NA	NA	NA	NA	NA	NA	NA	NA	NA	NA	NA	NA	NA
spatial	figures/stage10e_desc/source_data/Fig10E_DESC_1_case4_spatial_source_data.tsv	452ce84d1ebe64fd247b6ce303433521701c4c1d3d52176bf3728ccc31f3dbb6	case4	1	ATTGGATTACAGCGTA-1	Adenoma	3769	2749	102	54	TRUE	0.555922931492297	7.59027743584464	30	36	descriptive only	NA	NA	NA	NA	NA	NA	NA	NA	NA	NA	NA	NA	NA	NA	NA
spatial	figures/stage10e_desc/source_data/Fig10E_DESC_1_case4_spatial_source_data.tsv	452ce84d1ebe64fd247b6ce303433521701c4c1d3d52176bf3728ccc31f3dbb6	case4	1	CACACACGCTAACGAG-1	Adenoma	3654	2684	103	55	TRUE	0.75635596167558	7.87005284675105	30	36	descriptive only	NA	NA	NA	NA	NA	NA	NA	NA	NA	NA	NA	NA	NA	NA	NA
spatial	figures/stage10e_desc/source_data/Fig10E_DESC_1_case4_spatial_source_data.tsv	452ce84d1ebe64fd247b6ce303433521701c4c1d3d52176bf3728ccc31f3dbb6	case4	1	CTATGGGAAGCGGAAT-1	Adenoma	3769	2618	104	54	TRUE	0.536497373240101	7.49866274073984	30	36	descriptive only	NA	NA	NA	NA	NA	NA	NA	NA	NA	NA	NA	NA	NA	NA	NA
spatial	figures/stage10e_desc/source_data/Fig10E_DESC_1_case4_spatial_source_data.tsv	452ce84d1ebe64fd247b6ce303433521701c4c1d3d52176bf3728ccc31f3dbb6	case4	1	TGCCTAATTGAAGATT-1	Adenoma	3654	2552	105	55	TRUE	0.583101580271765	7.56751182181198	30	36	descriptive only	NA	NA	NA	NA	NA	NA	NA	NA	NA	NA	NA	NA	NA	NA	NA
spatial	figures/stage10e_desc/source_data/Fig10E_DESC_1_case4_spatial_source_data.tsv	452ce84d1ebe64fd247b6ce303433521701c4c1d3d52176bf3728ccc31f3dbb6	case4	1	TGGCAATGGGACGGCG-1	Adenoma	3768	2486	106	54	TRUE	0.47285544493566	7.74789237829224	30	36	descriptive only	NA	NA	NA	NA	NA	NA	NA	NA	NA	NA	NA	NA	NA	NA	NA
spatial	figures/stage10e_desc/source_data/Fig10E_DESC_1_case4_spatial_source_data.tsv	452ce84d1ebe64fd247b6ce303433521701c4c1d3d52176bf3728ccc31f3dbb6	case4	1	ACCTCCGCCCTCGCTG-1	Adenoma	3654	2421	107	55	TRUE	0.511574277611131	7.60009928274001	30	36	descriptive only	NA	NA	NA	NA	NA	NA	NA	NA	NA	NA	NA	NA	NA	NA	NA
spatial	figures/stage10e_desc/source_data/Fig10E_DESC_1_case4_spatial_source_data.tsv	452ce84d1ebe64fd247b6ce303433521701c4c1d3d52176bf3728ccc31f3dbb6	case4	1	CGGCAATAAGATCGCC-1	Adenoma	3768	2354	108	54	TRUE	0.534984012330566	7.4484684891152	30	36	descriptive only	NA	NA	NA	NA	NA	NA	NA	NA	NA	NA	NA	NA	NA	NA	NA
spatial	figures/stage10e_desc/source_data/Fig10E_DESC_1_case4_spatial_source_data.tsv	452ce84d1ebe64fd247b6ce303433521701c4c1d3d52176bf3728ccc31f3dbb6	case4	1	CCTTGACCACTTTATT-1	Adenoma	3653	2289	109	55	TRUE	0.531109934919443	7.84587568512147	30	36	descriptive only	NA	NA	NA	NA	NA	NA	NA	NA	NA	NA	NA	NA	NA	NA	NA
spatial	figures/stage10e_desc/source_data/Fig10E_DESC_1_case4_spatial_source_data.tsv	452ce84d1ebe64fd247b6ce303433521701c4c1d3d52176bf3728ccc31f3dbb6	case4	1	TCATTTAGAAGTGTGA-1	Adenoma	3768	2223	110	54	TRUE	0.59565677804942	7.96743504692477	30	36	descriptive only	NA	NA	NA	NA	NA	NA	NA	NA	NA	NA	NA	NA	NA	NA	NA
spatial	figures/stage10e_desc/source_data/Fig10E_DESC_1_case4_spatial_source_data.tsv	452ce84d1ebe64fd247b6ce303433521701c4c1d3d52176bf3728ccc31f3dbb6	case4	1	CAGAATAACACACGGA-1	Adenoma	3653	2157	111	55	TRUE	0.550191070926962	7.63733058922041	30	36	descriptive only	NA	NA	NA	NA	NA	NA	NA	NA	NA	NA	NA	NA	NA	NA	NA
spatial	figures/stage10e_desc/source_data/Fig10E_DESC_1_case4_spatial_source_data.tsv	452ce84d1ebe64fd247b6ce303433521701c4c1d3d52176bf3728ccc31f3dbb6	case4	1	TCTGAGCAATTGACTG-1	Adenoma	3767	2091	112	54	TRUE	0.609873308256754	7.85245691431076	30	36	descriptive only	NA	NA	NA	NA	NA	NA	NA	NA	NA	NA	NA	NA	NA	NA	NA
spatial	figures/stage10e_desc/source_data/Fig10E_DESC_1_case4_spatial_source_data.tsv	452ce84d1ebe64fd247b6ce303433521701c4c1d3d52176bf3728ccc31f3dbb6	case4	1	CAACGTGGTGGAGTCT-1	Adenoma	3652	2026	113	55	TRUE	0.633767601341058	7.61902064474695	30	36	descriptive only	NA	NA	NA	NA	NA	NA	NA	NA	NA	NA	NA	NA	NA	NA	NA
spatial	figures/stage10e_desc/source_data/Fig10E_DESC_1_case4_spatial_source_data.tsv	452ce84d1ebe64fd247b6ce303433521701c4c1d3d52176bf3728ccc31f3dbb6	case4	1	CACAGTTCGCTTCCCA-1	Adenoma	3767	1960	114	54	TRUE	0.626089985763825	7.82465811207309	30	36	descriptive only	NA	NA	NA	NA	NA	NA	NA	NA	NA	NA	NA	NA	NA	NA	NA
spatial	figures/stage10e_desc/source_data/Fig10E_DESC_1_case4_spatial_source_data.tsv	452ce84d1ebe64fd247b6ce303433521701c4c1d3d52176bf3728ccc31f3dbb6	case4	1	TCTCTCGCCGCACATA-1	Adenoma	3652	1894	115	55	TRUE	0.576558595927405	7.70391230138151	30	36	descriptive only	NA	NA	NA	NA	NA	NA	NA	NA	NA	NA	NA	NA	NA	NA	NA
spatial	figures/stage10e_desc/source_data/Fig10E_DESC_1_case4_spatial_source_data.tsv	452ce84d1ebe64fd247b6ce303433521701c4c1d3d52176bf3728ccc31f3dbb6	case4	1	TGGGCAGGCCACCGCA-1	Adenoma	3766	1828	116	54	TRUE	0.569602078886603	7.69583122084867	30	36	descriptive only	NA	NA	NA	NA	NA	NA	NA	NA	NA	NA	NA	NA	NA	NA	NA
spatial	figures/stage10e_desc/source_data/Fig10E_DESC_1_case4_spatial_source_data.tsv	452ce84d1ebe64fd247b6ce303433521701c4c1d3d52176bf3728ccc31f3dbb6	case4	1	CTCCTGTTCAAGGCAG-1	Adenoma	3652	1763	117	55	TRUE	0.635245479253946	7.92923850599274	30	36	descriptive only	NA	NA	NA	NA	NA	NA	NA	NA	NA	NA	NA	NA	NA	NA	NA
spatial	figures/stage10e_desc/source_data/Fig10E_DESC_1_case4_spatial_source_data.tsv	452ce84d1ebe64fd247b6ce303433521701c4c1d3d52176bf3728ccc31f3dbb6	case4	1	TATTTGATTTGCACAG-1	Adenoma	3766	1696	118	54	TRUE	0.611530575427306	7.94199220201408	30	36	descriptive only	NA	NA	NA	NA	NA	NA	NA	NA	NA	NA	NA	NA	NA	NA	NA
spatial	figures/stage10e_desc/source_data/Fig10E_DESC_1_case4_spatial_source_data.tsv	452ce84d1ebe64fd247b6ce303433521701c4c1d3d52176bf3728ccc31f3dbb6	case4	1	GCCACTCCTTACGGTA-1	Adenoma	3651	1631	119	55	TRUE	0.537898210633531	7.88703906998305	30	36	descriptive only	NA	NA	NA	NA	NA	NA	NA	NA	NA	NA	NA	NA	NA	NA	NA
spatial	figures/stage10e_desc/source_data/Fig10E_DESC_1_case4_spatial_source_data.tsv	452ce84d1ebe64fd247b6ce303433521701c4c1d3d52176bf3728ccc31f3dbb6	case4	1	ACCGATATTTAATCAT-1	Adenoma	3766	1565	120	54	TRUE	0.546164699204501	7.89593606534381	30	36	descriptive only	NA	NA	NA	NA	NA	NA	NA	NA	NA	NA	NA	NA	NA	NA	NA
spatial	figures/stage10e_desc/source_data/Fig10E_DESC_1_case4_spatial_source_data.tsv	452ce84d1ebe64fd247b6ce303433521701c4c1d3d52176bf3728ccc31f3dbb6	case4	1	TTATTATCTGGAAGGC-1	Adenoma	3651	1499	121	55	TRUE	0.487950600412045	7.9804328568252	30	36	descriptive only	NA	NA	NA	NA	NA	NA	NA	NA	NA	NA	NA	NA	NA	NA	NA
spatial	figures/stage10e_desc/source_data/Fig10E_DESC_1_case4_spatial_source_data.tsv	452ce84d1ebe64fd247b6ce303433521701c4c1d3d52176bf3728ccc31f3dbb6	case4	1	TACATGCCGGAATTGT-1	Adenoma	3765	1433	122	54	TRUE	0.5757508644895	7.80911734707245	30	36	descriptive only	NA	NA	NA	NA	NA	NA	NA	NA	NA	NA	NA	NA	NA	NA	NA
spatial	figures/stage10e_desc/source_data/Fig10E_DESC_1_case4_spatial_source_data.tsv	452ce84d1ebe64fd247b6ce303433521701c4c1d3d52176bf3728ccc31f3dbb6	case4	1	GGCACTCAGCCGACCC-1	Adenoma	3651	1368	123	55	TRUE	0.368023392707432	7.9838461636214	30	36	descriptive only	NA	NA	NA	NA	NA	NA	NA	NA	NA	NA	NA	NA	NA	NA	NA
spatial	figures/stage10e_desc/source_data/Fig10E_DESC_1_case4_spatial_source_data.tsv	452ce84d1ebe64fd247b6ce303433521701c4c1d3d52176bf3728ccc31f3dbb6	case4	1	AAACCGGAAATGTTAA-1	Adenoma	3765	1302	124	54	TRUE	0.433979010378877	7.94179832243179	30	36	descriptive only	NA	NA	NA	NA	NA	NA	NA	NA	NA	NA	NA	NA	NA	NA	NA
spatial	figures/stage10e_desc/source_data/Fig10E_DESC_1_case4_spatial_source_data.tsv	452ce84d1ebe64fd247b6ce303433521701c4c1d3d52176bf3728ccc31f3dbb6	case4	1	AGACAGGCATCTCAGC-1	Adenoma	3650	1236	125	55	TRUE	0.439755337901319	7.92422437689416	30	36	descriptive only	NA	NA	NA	NA	NA	NA	NA	NA	NA	NA	NA	NA	NA	NA	NA
spatial	figures/stage10e_desc/source_data/Fig10E_DESC_1_case4_spatial_source_data.tsv	452ce84d1ebe64fd247b6ce303433521701c4c1d3d52176bf3728ccc31f3dbb6	case4	1	ACTCCCTAATGCTAAA-1	Adenoma	3432	4921	69	57	TRUE	0.89632394740489	7.48868081878423	30	36	descriptive only	NA	NA	NA	NA	NA	NA	NA	NA	NA	NA	NA	NA	NA	NA	NA
spatial	figures/stage10e_desc/source_data/Fig10E_DESC_1_case4_spatial_source_data.tsv	452ce84d1ebe64fd247b6ce303433521701c4c1d3d52176bf3728ccc31f3dbb6	case4	1	GAACAGATTACTAAAT-1	Adenoma	3432	4790	71	57	TRUE	0.909858373423339	7.55757108457435	30	36	descriptive only	NA	NA	NA	NA	NA	NA	NA	NA	NA	NA	NA	NA	NA	NA	NA
spatial	figures/stage10e_desc/source_data/Fig10E_DESC_1_case4_spatial_source_data.tsv	452ce84d1ebe64fd247b6ce303433521701c4c1d3d52176bf3728ccc31f3dbb6	case4	1	ATACAGGCCCTCCAAT-1	Adenoma	3546	4724	72	56	TRUE	0.927171293522103	7.48988241922821	30	36	descriptive only	NA	NA	NA	NA	NA	NA	NA	NA	NA	NA	NA	NA	NA	NA	NA
spatial	figures/stage10e_desc/source_data/Fig10E_DESC_1_case4_spatial_source_data.tsv	452ce84d1ebe64fd247b6ce303433521701c4c1d3d52176bf3728ccc31f3dbb6	case4	1	CGATTCGCCTGGCTGC-1	Adenoma	3431	4658	73	57	TRUE	0.674498505911369	7.49762967182024	30	36	descriptive only	NA	NA	NA	NA	NA	NA	NA	NA	NA	NA	NA	NA	NA	NA	NA
spatial	figures/stage10e_desc/source_data/Fig10E_DESC_1_case4_spatial_source_data.tsv	452ce84d1ebe64fd247b6ce303433521701c4c1d3d52176bf3728ccc31f3dbb6	case4	1	TCCGCCTGTCTACAAG-1	Adenoma	3546	4592	74	56	TRUE	0.918971465822794	7.37018906944765	30	36	descriptive only	NA	NA	NA	NA	NA	NA	NA	NA	NA	NA	NA	NA	NA	NA	NA
spatial	figures/stage10e_desc/source_data/Fig10E_DESC_1_case4_spatial_source_data.tsv	452ce84d1ebe64fd247b6ce303433521701c4c1d3d52176bf3728ccc31f3dbb6	case4	1	CACATCTCACCGACGA-1	Adenoma	3431	4527	75	57	TRUE	0.656167631163799	7.57616121132717	30	36	descriptive only	NA	NA	NA	NA	NA	NA	NA	NA	NA	NA	NA	NA	NA	NA	NA
spatial	figures/stage10e_desc/source_data/Fig10E_DESC_1_case4_spatial_source_data.tsv	452ce84d1ebe64fd247b6ce303433521701c4c1d3d52176bf3728ccc31f3dbb6	case4	1	CGTCGTCCTTCGCGAA-1	Adenoma	3545	4461	76	56	TRUE	0.796839795700361	7.63967251248426	30	36	descriptive only	NA	NA	NA	NA	NA	NA	NA	NA	NA	NA	NA	NA	NA	NA	NA
spatial	figures/stage10e_desc/source_data/Fig10E_DESC_1_case4_spatial_source_data.tsv	452ce84d1ebe64fd247b6ce303433521701c4c1d3d52176bf3728ccc31f3dbb6	case4	1	CGTTGAATACCGCGCT-1	Adenoma	3431	4395	77	57	TRUE	0.761061340850222	8.00249533103076	30	36	descriptive only	NA	NA	NA	NA	NA	NA	NA	NA	NA	NA	NA	NA	NA	NA	NA
spatial	figures/stage10e_desc/source_data/Fig10E_DESC_1_case4_spatial_source_data.tsv	452ce84d1ebe64fd247b6ce303433521701c4c1d3d52176bf3728ccc31f3dbb6	case4	1	ACCAATATGCAAGTTA-1	Adenoma	3545	4329	78	56	TRUE	0.908128249691437	7.73500923415324	30	36	descriptive only	NA	NA	NA	NA	NA	NA	NA	NA	NA	NA	NA	NA	NA	NA	NA
spatial	figures/stage10e_desc/source_data/Fig10E_DESC_1_case4_spatial_source_data.tsv	452ce84d1ebe64fd247b6ce303433521701c4c1d3d52176bf3728ccc31f3dbb6	case4	1	ACGGATGGTGCGGATA-1	Adenoma	3430	4264	79	57	TRUE	0.913823563700248	7.94429713126024	30	36	descriptive only	NA	NA	NA	NA	NA	NA	NA	NA	NA	NA	NA	NA	NA	NA	NA
spatial	figures/stage10e_desc/source_data/Fig10E_DESC_1_case4_spatial_source_data.tsv	452ce84d1ebe64fd247b6ce303433521701c4c1d3d52176bf3728ccc31f3dbb6	case4	1	CACCCTAACAAGATCT-1	Adenoma	3545	4197	80	56	TRUE	0.932149471618646	7.93921415058433	30	36	descriptive only	NA	NA	NA	NA	NA	NA	NA	NA	NA	NA	NA	NA	NA	NA	NA
spatial	figures/stage10e_desc/source_data/Fig10E_DESC_1_case4_spatial_source_data.tsv	452ce84d1ebe64fd247b6ce303433521701c4c1d3d52176bf3728ccc31f3dbb6	case4	1	AAGCTCTTTCATGGTG-1	Adenoma	3430	4132	81	57	TRUE	0.903843699839453	7.80856681037919	30	36	descriptive only	NA	NA	NA	NA	NA	NA	NA	NA	NA	NA	NA	NA	NA	NA	NA
spatial	figures/stage10e_desc/source_data/Fig10E_DESC_1_case4_spatial_source_data.tsv	452ce84d1ebe64fd247b6ce303433521701c4c1d3d52176bf3728ccc31f3dbb6	case4	1	CATGGGTATGCCTTAT-1	Adenoma	3544	4066	82	56	TRUE	0.959787681029072	7.86103868476924	30	36	descriptive only	NA	NA	NA	NA	NA	NA	NA	NA	NA	NA	NA	NA	NA	NA	NA
spatial	figures/stage10e_desc/source_data/Fig10E_DESC_1_case4_spatial_source_data.tsv	452ce84d1ebe64fd247b6ce303433521701c4c1d3d52176bf3728ccc31f3dbb6	case4	1	GCGCGTCATTGGTACA-1	Adenoma	3429	4000	83	57	TRUE	0.744646637338564	7.81518815698531	30	36	descriptive only	NA	NA	NA	NA	NA	NA	NA	NA	NA	NA	NA	NA	NA	NA	NA
spatial	figures/stage10e_desc/source_data/Fig10E_DESC_1_case4_spatial_source_data.tsv	452ce84d1ebe64fd247b6ce303433521701c4c1d3d52176bf3728ccc31f3dbb6	case4	1	TCTGAAGCACGTGGTC-1	Adenoma	3544	3934	84	56	TRUE	0.846620532195444	7.78144723986891	30	36	descriptive only	NA	NA	NA	NA	NA	NA	NA	NA	NA	NA	NA	NA	NA	NA	NA
spatial	figures/stage10e_desc/source_data/Fig10E_DESC_1_case4_spatial_source_data.tsv	452ce84d1ebe64fd247b6ce303433521701c4c1d3d52176bf3728ccc31f3dbb6	case4	1	AAGTTCACTCCAAGCT-1	Adenoma	3429	3869	85	57	TRUE	0.943897364248785	7.83589556547427	30	36	descriptive only	NA	NA	NA	NA	NA	NA	NA	NA	NA	NA	NA	NA	NA	NA	NA
spatial	figures/stage10e_desc/source_data/Fig10E_DESC_1_case4_spatial_source_data.tsv	452ce84d1ebe64fd247b6ce303433521701c4c1d3d52176bf3728ccc31f3dbb6	case4	1	TTGGACCTATAACAGT-1	Adenoma	3543	3803	86	56	TRUE	0.948821052186955	7.80917454745628	30	36	descriptive only	NA	NA	NA	NA	NA	NA	NA	NA	NA	NA	NA	NA	NA	NA	NA
spatial	figures/stage10e_desc/source_data/Fig10E_DESC_1_case4_spatial_source_data.tsv	452ce84d1ebe64fd247b6ce303433521701c4c1d3d52176bf3728ccc31f3dbb6	case4	1	ATCAGCCTCATGCTGC-1	Adenoma	3429	3737	87	57	TRUE	0.558106053100153	7.71383715383867	30	36	descriptive only	NA	NA	NA	NA	NA	NA	NA	NA	NA	NA	NA	NA	NA	NA	NA
spatial	figures/stage10e_desc/source_data/Fig10E_DESC_1_case4_spatial_source_data.tsv	452ce84d1ebe64fd247b6ce303433521701c4c1d3d52176bf3728ccc31f3dbb6	case4	1	AGTACTCTTATGCCCA-1	Adenoma	3543	3671	88	56	TRUE	0.629279034285553	7.63231254887165	30	36	descriptive only	NA	NA	NA	NA	NA	NA	NA	NA	NA	NA	NA	NA	NA	NA	NA
spatial	figures/stage10e_desc/source_data/Fig10E_DESC_1_case4_spatial_source_data.tsv	452ce84d1ebe64fd247b6ce303433521701c4c1d3d52176bf3728ccc31f3dbb6	case4	1	GCGCTTAAATAATTGG-1	Adenoma	3428	3606	89	57	TRUE	0.900423851096412	7.95263057126292	30	36	descriptive only	NA	NA	NA	NA	NA	NA	NA	NA	NA	NA	NA	NA	NA	NA	NA
spatial	figures/stage10e_desc/source_data/Fig10E_DESC_1_case4_spatial_source_data.tsv	452ce84d1ebe64fd247b6ce303433521701c4c1d3d52176bf3728ccc31f3dbb6	case4	1	TTGTGAACCTAATCCG-1	Adenoma	3543	3539	90	56	TRUE	0.84283961441414	7.96381415616552	30	36	descriptive only	NA	NA	NA	NA	NA	NA	NA	NA	NA	NA	NA	NA	NA	NA	NA
spatial	figures/stage10e_desc/source_data/Fig10E_DESC_1_case4_spatial_source_data.tsv	452ce84d1ebe64fd247b6ce303433521701c4c1d3d52176bf3728ccc31f3dbb6	case4	1	AGTCGTCGACCACCAA-1	Adenoma	3428	3474	91	57	TRUE	0.588439316866082	7.78377567037485	30	36	descriptive only	NA	NA	NA	NA	NA	NA	NA	NA	NA	NA	NA	NA	NA	NA	NA
spatial	figures/stage10e_desc/source_data/Fig10E_DESC_1_case4_spatial_source_data.tsv	452ce84d1ebe64fd247b6ce303433521701c4c1d3d52176bf3728ccc31f3dbb6	case4	1	TCCTTTAAATCCGCTT-1	Adenoma	3542	3408	92	56	TRUE	0.730807335753732	7.92131898019352	30	36	descriptive only	NA	NA	NA	NA	NA	NA	NA	NA	NA	NA	NA	NA	NA	NA	NA
spatial	figures/stage10e_desc/source_data/Fig10E_DESC_1_case4_spatial_source_data.tsv	452ce84d1ebe64fd247b6ce303433521701c4c1d3d52176bf3728ccc31f3dbb6	case4	1	ACTGAAACGCCGTTAG-1	Adenoma	3427	3342	93	57	TRUE	0.533938996551924	7.6176225937409	30	36	descriptive only	NA	NA	NA	NA	NA	NA	NA	NA	NA	NA	NA	NA	NA	NA	NA
spatial	figures/stage10e_desc/source_data/Fig10E_DESC_1_case4_spatial_source_data.tsv	452ce84d1ebe64fd247b6ce303433521701c4c1d3d52176bf3728ccc31f3dbb6	case4	1	GCACACACTGGTAGCC-1	Adenoma	3542	3276	94	56	TRUE	0.578579638628756	7.79658947637304	30	36	descriptive only	NA	NA	NA	NA	NA	NA	NA	NA	NA	NA	NA	NA	NA	NA	NA
spatial	figures/stage10e_desc/source_data/Fig10E_DESC_1_case4_spatial_source_data.tsv	452ce84d1ebe64fd247b6ce303433521701c4c1d3d52176bf3728ccc31f3dbb6	case4	1	TAAGGGCCTGTCCGAT-1	Adenoma	3427	3211	95	57	TRUE	0.759604453695271	7.69429238459579	30	36	descriptive only	NA	NA	NA	NA	NA	NA	NA	NA	NA	NA	NA	NA	NA	NA	NA
spatial	figures/stage10e_desc/source_data/Fig10E_DESC_1_case4_spatial_source_data.tsv	452ce84d1ebe64fd247b6ce303433521701c4c1d3d52176bf3728ccc31f3dbb6	case4	1	GCTAGAGTAGAGATGT-1	Adenoma	3541	3145	96	56	TRUE	0.61398679562608	7.50361912670435	30	36	descriptive only	NA	NA	NA	NA	NA	NA	NA	NA	NA	NA	NA	NA	NA	NA	NA
spatial	figures/stage10e_desc/source_data/Fig10E_DESC_1_case4_spatial_source_data.tsv	452ce84d1ebe64fd247b6ce303433521701c4c1d3d52176bf3728ccc31f3dbb6	case4	1	CACAGGGCCATATAGT-1	Adenoma	3427	3079	97	57	TRUE	0.552714086595803	7.53811346056469	30	36	descriptive only	NA	NA	NA	NA	NA	NA	NA	NA	NA	NA	NA	NA	NA	NA	NA
spatial	figures/stage10e_desc/source_data/Fig10E_DESC_1_case4_spatial_source_data.tsv	452ce84d1ebe64fd247b6ce303433521701c4c1d3d52176bf3728ccc31f3dbb6	case4	1	CCATGCCCTAGATTTC-1	Adenoma	3541	3013	98	56	TRUE	0.834621167580685	7.7676946039684	30	36	descriptive only	NA	NA	NA	NA	NA	NA	NA	NA	NA	NA	NA	NA	NA	NA	NA
spatial	figures/stage10e_desc/source_data/Fig10E_DESC_1_case4_spatial_source_data.tsv	452ce84d1ebe64fd247b6ce303433521701c4c1d3d52176bf3728ccc31f3dbb6	case4	1	TCGCGTAGCAGTGTCC-1	Adenoma	3426	2948	99	57	TRUE	0.659396252479229	7.7385096996268	30	36	descriptive only	NA	NA	NA	NA	NA	NA	NA	NA	NA	NA	NA	NA	NA	NA	NA
spatial	figures/stage10e_desc/source_data/Fig10E_DESC_1_case4_spatial_source_data.tsv	452ce84d1ebe64fd247b6ce303433521701c4c1d3d52176bf3728ccc31f3dbb6	case4	1	GACGAGGCTAATAAAC-1	Adenoma	3541	2881	100	56	TRUE	0.460975751346451	7.65295231040542	30	36	descriptive only	NA	NA	NA	NA	NA	NA	NA	NA	NA	NA	NA	NA	NA	NA	NA
spatial	figures/stage10e_desc/source_data/Fig10E_DESC_1_case4_spatial_source_data.tsv	452ce84d1ebe64fd247b6ce303433521701c4c1d3d52176bf3728ccc31f3dbb6	case4	1	CTACACTCGCAGATGG-1	Adenoma	3426	2816	101	57	TRUE	0.417098772400626	7.46145749658144	30	36	descriptive only	NA	NA	NA	NA	NA	NA	NA	NA	NA	NA	NA	NA	NA	NA	NA
spatial	figures/stage10e_desc/source_data/Fig10E_DESC_1_case4_spatial_source_data.tsv	452ce84d1ebe64fd247b6ce303433521701c4c1d3d52176bf3728ccc31f3dbb6	case4	1	ACGCATACGTTTACTA-1	Adenoma	3540	2750	102	56	TRUE	0.686860495677627	7.52750483291545	30	36	descriptive only	NA	NA	NA	NA	NA	NA	NA	NA	NA	NA	NA	NA	NA	NA	NA
spatial	figures/stage10e_desc/source_data/Fig10E_DESC_1_case4_spatial_source_data.tsv	452ce84d1ebe64fd247b6ce303433521701c4c1d3d52176bf3728ccc31f3dbb6	case4	1	GGAGCAACATTTCAAG-1	Adenoma	3425	2684	103	57	TRUE	0.62189069757531	7.53373147808298	30	36	descriptive only	NA	NA	NA	NA	NA	NA	NA	NA	NA	NA	NA	NA	NA	NA	NA
spatial	figures/stage10e_desc/source_data/Fig10E_DESC_1_case4_spatial_source_data.tsv	452ce84d1ebe64fd247b6ce303433521701c4c1d3d52176bf3728ccc31f3dbb6	case4	1	CGAGAGGGTAGCCGCG-1	Adenoma	3540	2618	104	56	TRUE	0.607121001995085	7.78467056230893	30	36	descriptive only	NA	NA	NA	NA	NA	NA	NA	NA	NA	NA	NA	NA	NA	NA	NA
spatial	figures/stage10e_desc/source_data/Fig10E_DESC_1_case4_spatial_source_data.tsv	452ce84d1ebe64fd247b6ce303433521701c4c1d3d52176bf3728ccc31f3dbb6	case4	1	TCGTGTTCGACCACAA-1	Adenoma	3425	2553	105	57	TRUE	0.659417078981782	7.59438310571581	30	36	descriptive only	NA	NA	NA	NA	NA	NA	NA	NA	NA	NA	NA	NA	NA	NA	NA
spatial	figures/stage10e_desc/source_data/Fig10E_DESC_1_case4_spatial_source_data.tsv	452ce84d1ebe64fd247b6ce303433521701c4c1d3d52176bf3728ccc31f3dbb6	case4	1	TCTACCCAATAGAGAG-1	Adenoma	3539	2487	106	56	TRUE	0.675061755854538	7.5842777139646	30	36	descriptive only	NA	NA	NA	NA	NA	NA	NA	NA	NA	NA	NA	NA	NA	NA	NA
spatial	figures/stage10e_desc/source_data/Fig10E_DESC_1_case4_spatial_source_data.tsv	452ce84d1ebe64fd247b6ce303433521701c4c1d3d52176bf3728ccc31f3dbb6	case4	1	ATAAACGTTGCACCAC-1	Adenoma	3425	2421	107	57	TRUE	0.649041560382373	7.60858018843158	30	36	descriptive only	NA	NA	NA	NA	NA	NA	NA	NA	NA	NA	NA	NA	NA	NA	NA
spatial	figures/stage10e_desc/source_data/Fig10E_DESC_1_case4_spatial_source_data.tsv	452ce84d1ebe64fd247b6ce303433521701c4c1d3d52176bf3728ccc31f3dbb6	case4	1	TCAACTGCAGAGTCAG-1	Adenoma	3539	2355	108	56	TRUE	0.648162153882	7.62204991854364	30	36	descriptive only	NA	NA	NA	NA	NA	NA	NA	NA	NA	NA	NA	NA	NA	NA	NA
spatial	figures/stage10e_desc/source_data/Fig10E_DESC_1_case4_spatial_source_data.tsv	452ce84d1ebe64fd247b6ce303433521701c4c1d3d52176bf3728ccc31f3dbb6	case4	1	AGCTCCATATATGTTC-1	Adenoma	3424	2290	109	57	TRUE	0.601014649087472	7.46064338066441	30	36	descriptive only	NA	NA	NA	NA	NA	NA	NA	NA	NA	NA	NA	NA	NA	NA	NA
spatial	figures/stage10e_desc/source_data/Fig10E_DESC_1_case4_spatial_source_data.tsv	452ce84d1ebe64fd247b6ce303433521701c4c1d3d52176bf3728ccc31f3dbb6	case4	1	GTAACATCTAAGATAA-1	Adenoma	3539	2223	110	56	TRUE	0.588741252565957	7.84575663000141	30	36	descriptive only	NA	NA	NA	NA	NA	NA	NA	NA	NA	NA	NA	NA	NA	NA	NA
spatial	figures/stage10e_desc/source_data/Fig10E_DESC_1_case4_spatial_source_data.tsv	452ce84d1ebe64fd247b6ce303433521701c4c1d3d52176bf3728ccc31f3dbb6	case4	1	CCGACAATAGGCCGCC-1	Adenoma	3424	2158	111	57	TRUE	0.811751925515724	7.83075626326676	30	36	descriptive only	NA	NA	NA	NA	NA	NA	NA	NA	NA	NA	NA	NA	NA	NA	NA
spatial	figures/stage10e_desc/source_data/Fig10E_DESC_1_case4_spatial_source_data.tsv	452ce84d1ebe64fd247b6ce303433521701c4c1d3d52176bf3728ccc31f3dbb6	case4	1	ATGCTTAGGAGTTGAT-1	Adenoma	3538	2092	112	56	TRUE	0.552216803971741	7.83914110173244	30	36	descriptive only	NA	NA	NA	NA	NA	NA	NA	NA	NA	NA	NA	NA	NA	NA	NA
spatial	figures/stage10e_desc/source_data/Fig10E_DESC_1_case4_spatial_source_data.tsv	452ce84d1ebe64fd247b6ce303433521701c4c1d3d52176bf3728ccc31f3dbb6	case4	1	AACCCGAGCAGAATCG-1	Adenoma	3424	2026	113	57	TRUE	0.734452152319491	7.62504476137579	30	36	descriptive only	NA	NA	NA	NA	NA	NA	NA	NA	NA	NA	NA	NA	NA	NA	NA
spatial	figures/stage10e_desc/source_data/Fig10E_DESC_1_case4_spatial_source_data.tsv	452ce84d1ebe64fd247b6ce303433521701c4c1d3d52176bf3728ccc31f3dbb6	case4	1	CGGGTTTGTTAGGGCT-1	Adenoma	3538	1960	114	56	TRUE	0.680636333335144	7.81484055255889	30	36	descriptive only	NA	NA	NA	NA	NA	NA	NA	NA	NA	NA	NA	NA	NA	NA	NA
spatial	figures/stage10e_desc/source_data/Fig10E_DESC_1_case4_spatial_source_data.tsv	452ce84d1ebe64fd247b6ce303433521701c4c1d3d52176bf3728ccc31f3dbb6	case4	1	AGGCACGTGACTGTCC-1	Adenoma	3423	1895	115	57	TRUE	0.625471417823911	7.66333623829935	30	36	descriptive only	NA	NA	NA	NA	NA	NA	NA	NA	NA	NA	NA	NA	NA	NA	NA
spatial	figures/stage10e_desc/source_data/Fig10E_DESC_1_case4_spatial_source_data.tsv	452ce84d1ebe64fd247b6ce303433521701c4c1d3d52176bf3728ccc31f3dbb6	case4	1	GACAAGAGATGAGATT-1	Adenoma	3537	1829	116	56	TRUE	0.544342608116937	7.85550651165971	30	36	descriptive only	NA	NA	NA	NA	NA	NA	NA	NA	NA	NA	NA	NA	NA	NA	NA
spatial	figures/stage10e_desc/source_data/Fig10E_DESC_1_case4_spatial_source_data.tsv	452ce84d1ebe64fd247b6ce303433521701c4c1d3d52176bf3728ccc31f3dbb6	case4	1	AGCCCTTGGACATCCC-1	Adenoma	3423	1763	117	57	TRUE	0.591149797086396	7.99075760331558	30	36	descriptive only	NA	NA	NA	NA	NA	NA	NA	NA	NA	NA	NA	NA	NA	NA	NA
spatial	figures/stage10e_desc/source_data/Fig10E_DESC_1_case4_spatial_source_data.tsv	452ce84d1ebe64fd247b6ce303433521701c4c1d3d52176bf3728ccc31f3dbb6	case4	1	GCAGTTCGATCCGAGC-1	Adenoma	3537	1697	118	56	TRUE	0.577673159061127	7.90970043432694	30	36	descriptive only	NA	NA	NA	NA	NA	NA	NA	NA	NA	NA	NA	NA	NA	NA	NA
spatial	figures/stage10e_desc/source_data/Fig10E_DESC_1_case4_spatial_source_data.tsv	452ce84d1ebe64fd247b6ce303433521701c4c1d3d52176bf3728ccc31f3dbb6	case4	1	TCGAGGGCAACAGACG-1	Adenoma	3422	1632	119	57	TRUE	0.493127812552415	7.83110850129254	30	36	descriptive only	NA	NA	NA	NA	NA	NA	NA	NA	NA	NA	NA	NA	NA	NA	NA
spatial	figures/stage10e_desc/source_data/Fig10E_DESC_1_case4_spatial_source_data.tsv	452ce84d1ebe64fd247b6ce303433521701c4c1d3d52176bf3728ccc31f3dbb6	case4	1	ACTTTGTCGACGCACT-1	Adenoma	3537	1566	120	56	TRUE	0.403541641903276	8.02488574356125	30	36	descriptive only	NA	NA	NA	NA	NA	NA	NA	NA	NA	NA	NA	NA	NA	NA	NA
spatial	figures/stage10e_desc/source_data/Fig10E_DESC_1_case4_spatial_source_data.tsv	452ce84d1ebe64fd247b6ce303433521701c4c1d3d52176bf3728ccc31f3dbb6	case4	1	GAGTATCAAAGTTACA-1	Adenoma	3422	1500	121	57	TRUE	0.46464486679335	7.90039131680937	30	36	descriptive only	NA	NA	NA	NA	NA	NA	NA	NA	NA	NA	NA	NA	NA	NA	NA
spatial	figures/stage10e_desc/source_data/Fig10E_DESC_1_case4_spatial_source_data.tsv	452ce84d1ebe64fd247b6ce303433521701c4c1d3d52176bf3728ccc31f3dbb6	case4	1	CCAGGCTGGCGTCTGA-1	Adenoma	3536	1434	122	56	TRUE	0.411133280922039	7.89437075442641	30	36	descriptive only	NA	NA	NA	NA	NA	NA	NA	NA	NA	NA	NA	NA	NA	NA	NA
spatial	figures/stage10e_desc/source_data/Fig10E_DESC_1_case4_spatial_source_data.tsv	452ce84d1ebe64fd247b6ce303433521701c4c1d3d52176bf3728ccc31f3dbb6	case4	1	GGACTCTTCCGGTTGA-1	Adenoma	3422	1368	123	57	TRUE	0.37798852924322	7.79108798365964	30	36	descriptive only	NA	NA	NA	NA	NA	NA	NA	NA	NA	NA	NA	NA	NA	NA	NA
spatial	figures/stage10e_desc/source_data/Fig10E_DESC_1_case4_spatial_source_data.tsv	452ce84d1ebe64fd247b6ce303433521701c4c1d3d52176bf3728ccc31f3dbb6	case4	1	TCCCAGCACACGACAT-1	Adenoma	3536	1302	124	56	TRUE	0.363680504330977	7.93414859608652	30	36	descriptive only	NA	NA	NA	NA	NA	NA	NA	NA	NA	NA	NA	NA	NA	NA	NA
spatial	figures/stage10e_desc/source_data/Fig10E_DESC_1_case4_spatial_source_data.tsv	452ce84d1ebe64fd247b6ce303433521701c4c1d3d52176bf3728ccc31f3dbb6	case4	1	GCTCCATGAGTGCAGA-1	Adenoma	3421	1237	125	57	TRUE	0.557511243560625	7.74177616212162	30	36	descriptive only	NA	NA	NA	NA	NA	NA	NA	NA	NA	NA	NA	NA	NA	NA	NA
spatial	figures/stage10e_desc/source_data/Fig10E_DESC_1_case4_spatial_source_data.tsv	452ce84d1ebe64fd247b6ce303433521701c4c1d3d52176bf3728ccc31f3dbb6	case4	1	GCAGTGCGGGCGGATG-1	Adenoma	3535	1171	126	56	TRUE	0.452490251189914	7.88701021019441	30	36	descriptive only	NA	NA	NA	NA	NA	NA	NA	NA	NA	NA	NA	NA	NA	NA	NA
spatial	figures/stage10e_desc/source_data/Fig10E_DESC_1_case4_spatial_source_data.tsv	452ce84d1ebe64fd247b6ce303433521701c4c1d3d52176bf3728ccc31f3dbb6	case4	1	GTCGGGAAGCAGAAAC-1	Adenoma	3204	5185	65	59	TRUE	0.950617083985288	7.55349252076801	30	36	descriptive only	NA	NA	NA	NA	NA	NA	NA	NA	NA	NA	NA	NA	NA	NA	NA
spatial	figures/stage10e_desc/source_data/Fig10E_DESC_1_case4_spatial_source_data.tsv	452ce84d1ebe64fd247b6ce303433521701c4c1d3d52176bf3728ccc31f3dbb6	case4	1	GAACCCTCTGTGTTCT-1	Adenoma	3204	5054	67	59	TRUE	0.910716045085	7.40754255702506	30	36	descriptive only	NA	NA	NA	NA	NA	NA	NA	NA	NA	NA	NA	NA	NA	NA	NA
spatial	figures/stage10e_desc/source_data/Fig10E_DESC_1_case4_spatial_source_data.tsv	452ce84d1ebe64fd247b6ce303433521701c4c1d3d52176bf3728ccc31f3dbb6	case4	1	ATATAAAGCGCTCGTG-1	Adenoma	3318	4988	68	58	TRUE	0.795929512789535	7.45205464398381	30	36	descriptive only	NA	NA	NA	NA	NA	NA	NA	NA	NA	NA	NA	NA	NA	NA	NA
spatial	figures/stage10e_desc/source_data/Fig10E_DESC_1_case4_spatial_source_data.tsv	452ce84d1ebe64fd247b6ce303433521701c4c1d3d52176bf3728ccc31f3dbb6	case4	1	CCTGGTCGAATGTGGG-1	Adenoma	3203	4922	69	59	TRUE	0.901054077103663	7.65678603412526	30	36	descriptive only	NA	NA	NA	NA	NA	NA	NA	NA	NA	NA	NA	NA	NA	NA	NA
spatial	figures/stage10e_desc/source_data/Fig10E_DESC_1_case4_spatial_source_data.tsv	452ce84d1ebe64fd247b6ce303433521701c4c1d3d52176bf3728ccc31f3dbb6	case4	1	CTAGGTTCGGACGTGA-1	Adenoma	3317	4856	70	58	TRUE	0.924192985802668	7.46231949975205	30	36	descriptive only	NA	NA	NA	NA	NA	NA	NA	NA	NA	NA	NA	NA	NA	NA	NA
spatial	figures/stage10e_desc/source_data/Fig10E_DESC_1_case4_spatial_source_data.tsv	452ce84d1ebe64fd247b6ce303433521701c4c1d3d52176bf3728ccc31f3dbb6	case4	1	TCGGGAGACAGCGTAC-1	Adenoma	3203	4791	71	59	TRUE	0.884580868883746	7.65193745752619	30	36	descriptive only	NA	NA	NA	NA	NA	NA	NA	NA	NA	NA	NA	NA	NA	NA	NA
spatial	figures/stage10e_desc/source_data/Fig10E_DESC_1_case4_spatial_source_data.tsv	452ce84d1ebe64fd247b6ce303433521701c4c1d3d52176bf3728ccc31f3dbb6	case4	1	CATAAGAAGCTTGGCT-1	Adenoma	3317	4724	72	58	TRUE	0.742110554916026	7.60325542711278	30	36	descriptive only	NA	NA	NA	NA	NA	NA	NA	NA	NA	NA	NA	NA	NA	NA	NA
spatial	figures/stage10e_desc/source_data/Fig10E_DESC_1_case4_spatial_source_data.tsv	452ce84d1ebe64fd247b6ce303433521701c4c1d3d52176bf3728ccc31f3dbb6	case4	1	AAGCACCCTGCGTATC-1	Adenoma	3202	4659	73	59	TRUE	0.95438279651178	7.50755172221198	30	36	descriptive only	NA	NA	NA	NA	NA	NA	NA	NA	NA	NA	NA	NA	NA	NA	NA
spatial	figures/stage10e_desc/source_data/Fig10E_DESC_1_case4_spatial_source_data.tsv	452ce84d1ebe64fd247b6ce303433521701c4c1d3d52176bf3728ccc31f3dbb6	case4	1	AGTTTGCACCTGCCTC-1	Adenoma	3317	4593	74	58	TRUE	0.899735919255613	7.45271753440366	30	36	descriptive only	NA	NA	NA	NA	NA	NA	NA	NA	NA	NA	NA	NA	NA	NA	NA
spatial	figures/stage10e_desc/source_data/Fig10E_DESC_1_case4_spatial_source_data.tsv	452ce84d1ebe64fd247b6ce303433521701c4c1d3d52176bf3728ccc31f3dbb6	case4	1	GACTGCAAATCGAGCT-1	Adenoma	3202	4527	75	59	TRUE	0.868962038144254	7.73688240748861	30	36	descriptive only	NA	NA	NA	NA	NA	NA	NA	NA	NA	NA	NA	NA	NA	NA	NA
spatial	figures/stage10e_desc/source_data/Fig10E_DESC_1_case4_spatial_source_data.tsv	452ce84d1ebe64fd247b6ce303433521701c4c1d3d52176bf3728ccc31f3dbb6	case4	1	GTGTATATCAGCGGGC-1	Adenoma	3316	4461	76	58	TRUE	0.858376165540029	7.52697025075883	30	36	descriptive only	NA	NA	NA	NA	NA	NA	NA	NA	NA	NA	NA	NA	NA	NA	NA
spatial	figures/stage10e_desc/source_data/Fig10E_DESC_1_case4_spatial_source_data.tsv	452ce84d1ebe64fd247b6ce303433521701c4c1d3d52176bf3728ccc31f3dbb6	case4	1	CTTCAACTCCACTTGG-1	Adenoma	3202	4396	77	59	TRUE	0.832378688998672	7.53490210101446	30	36	descriptive only	NA	NA	NA	NA	NA	NA	NA	NA	NA	NA	NA	NA	NA	NA	NA
spatial	figures/stage10e_desc/source_data/Fig10E_DESC_1_case4_spatial_source_data.tsv	452ce84d1ebe64fd247b6ce303433521701c4c1d3d52176bf3728ccc31f3dbb6	case4	1	ACTTACGCATCCACGC-1	Adenoma	3316	4330	78	58	TRUE	0.843735933695862	7.73419165165605	30	36	descriptive only	NA	NA	NA	NA	NA	NA	NA	NA	NA	NA	NA	NA	NA	NA	NA
spatial	figures/stage10e_desc/source_data/Fig10E_DESC_1_case4_spatial_source_data.tsv	452ce84d1ebe64fd247b6ce303433521701c4c1d3d52176bf3728ccc31f3dbb6	case4	1	CATGAGATGCACTCTC-1	Adenoma	3201	4264	79	59	TRUE	0.934082799702309	7.76756552550325	30	36	descriptive only	NA	NA	NA	NA	NA	NA	NA	NA	NA	NA	NA	NA	NA	NA	NA
spatial	figures/stage10e_desc/source_data/Fig10E_DESC_1_case4_spatial_source_data.tsv	452ce84d1ebe64fd247b6ce303433521701c4c1d3d52176bf3728ccc31f3dbb6	case4	1	GAGCACCTGTGTCCAG-1	Adenoma	3316	4198	80	58	TRUE	0.907074414608237	7.91243880042514	30	36	descriptive only	NA	NA	NA	NA	NA	NA	NA	NA	NA	NA	NA	NA	NA	NA	NA
spatial	figures/stage10e_desc/source_data/Fig10E_DESC_1_case4_spatial_source_data.tsv	452ce84d1ebe64fd247b6ce303433521701c4c1d3d52176bf3728ccc31f3dbb6	case4	1	CGCGACCGCGACAGAT-1	Adenoma	3201	4133	81	59	TRUE	0.847321408907545	7.60788017449686	30	36	descriptive only	NA	NA	NA	NA	NA	NA	NA	NA	NA	NA	NA	NA	NA	NA	NA
spatial	figures/stage10e_desc/source_data/Fig10E_DESC_1_case4_spatial_source_data.tsv	452ce84d1ebe64fd247b6ce303433521701c4c1d3d52176bf3728ccc31f3dbb6	case4	1	GTCCCGCGACGTTATG-1	Adenoma	3315	4066	82	58	TRUE	0.800476232058286	7.69633021515344	30	36	descriptive only	NA	NA	NA	NA	NA	NA	NA	NA	NA	NA	NA	NA	NA	NA	NA
spatial	figures/stage10e_desc/source_data/Fig10E_DESC_1_case4_spatial_source_data.tsv	452ce84d1ebe64fd247b6ce303433521701c4c1d3d52176bf3728ccc31f3dbb6	case4	1	GCAGTGTGGCTATAGG-1	Adenoma	3200	4001	83	59	TRUE	0.581588328892919	7.5271061233148	30	36	descriptive only	NA	NA	NA	NA	NA	NA	NA	NA	NA	NA	NA	NA	NA	NA	NA
spatial	figures/stage10e_desc/source_data/Fig10E_DESC_1_case4_spatial_source_data.tsv	452ce84d1ebe64fd247b6ce303433521701c4c1d3d52176bf3728ccc31f3dbb6	case4	1	ATACTGCCTTACACCG-1	Adenoma	3315	3935	84	58	TRUE	0.911213689919018	7.80789278864552	30	36	descriptive only	NA	NA	NA	NA	NA	NA	NA	NA	NA	NA	NA	NA	NA	NA	NA
spatial	figures/stage10e_desc/source_data/Fig10E_DESC_1_case4_spatial_source_data.tsv	452ce84d1ebe64fd247b6ce303433521701c4c1d3d52176bf3728ccc31f3dbb6	case4	1	TACAGAAACGGTGGGC-1	Adenoma	3200	3869	85	59	TRUE	0.941046564984262	7.80084498052406	30	36	descriptive only	NA	NA	NA	NA	NA	NA	NA	NA	NA	NA	NA	NA	NA	NA	NA
spatial	figures/stage10e_desc/source_data/Fig10E_DESC_1_case4_spatial_source_data.tsv	452ce84d1ebe64fd247b6ce303433521701c4c1d3d52176bf3728ccc31f3dbb6	case4	1	GGCGCGGAGATCTTTC-1	Adenoma	3314	3803	86	58	TRUE	0.89860777630681	7.87227938546832	30	36	descriptive only	NA	NA	NA	NA	NA	NA	NA	NA	NA	NA	NA	NA	NA	NA	NA
spatial	figures/stage10e_desc/source_data/Fig10E_DESC_1_case4_spatial_source_data.tsv	452ce84d1ebe64fd247b6ce303433521701c4c1d3d52176bf3728ccc31f3dbb6	case4	1	GCTAACTGAAGTCTGA-1	Adenoma	3314	3672	88	58	TRUE	0.814975662513927	7.86885600629836	30	36	descriptive only	NA	NA	NA	NA	NA	NA	NA	NA	NA	NA	NA	NA	NA	NA	NA
spatial	figures/stage10e_desc/source_data/Fig10E_DESC_1_case4_spatial_source_data.tsv	452ce84d1ebe64fd247b6ce303433521701c4c1d3d52176bf3728ccc31f3dbb6	case4	1	AGTGATAACCTGCGCG-1	Adenoma	3199	3606	89	59	TRUE	0.561203557748707	7.76529778363263	30	36	descriptive only	NA	NA	NA	NA	NA	NA	NA	NA	NA	NA	NA	NA	NA	NA	NA
spatial	figures/stage10e_desc/source_data/Fig10E_DESC_1_case4_spatial_source_data.tsv	452ce84d1ebe64fd247b6ce303433521701c4c1d3d52176bf3728ccc31f3dbb6	case4	1	TATGATCTTCTCTTTA-1	Adenoma	3314	3540	90	58	TRUE	0.843806331992494	7.73438797849163	30	36	descriptive only	NA	NA	NA	NA	NA	NA	NA	NA	NA	NA	NA	NA	NA	NA	NA
spatial	figures/stage10e_desc/source_data/Fig10E_DESC_1_case4_spatial_source_data.tsv	452ce84d1ebe64fd247b6ce303433521701c4c1d3d52176bf3728ccc31f3dbb6	case4	1	TGTACCTACACGAGGG-1	Adenoma	3199	3475	91	59	TRUE	0.820744948198818	7.58067204051986	30	36	descriptive only	NA	NA	NA	NA	NA	NA	NA	NA	NA	NA	NA	NA	NA	NA	NA
spatial	figures/stage10e_desc/source_data/Fig10E_DESC_1_case4_spatial_source_data.tsv	452ce84d1ebe64fd247b6ce303433521701c4c1d3d52176bf3728ccc31f3dbb6	case4	1	ATATCGTTCCTCGAAC-1	Adenoma	3313	3409	92	58	TRUE	0.696696175567871	7.7480661706583	30	36	descriptive only	NA	NA	NA	NA	NA	NA	NA	NA	NA	NA	NA	NA	NA	NA	NA
spatial	figures/stage10e_desc/source_data/Fig10E_DESC_1_case4_spatial_source_data.tsv	452ce84d1ebe64fd247b6ce303433521701c4c1d3d52176bf3728ccc31f3dbb6	case4	1	CGGCGCCATCAATCCC-1	Adenoma	3198	3343	93	59	TRUE	0.612915865486888	7.59034771443016	30	36	descriptive only	NA	NA	NA	NA	NA	NA	NA	NA	NA	NA	NA	NA	NA	NA	NA
spatial	figures/stage10e_desc/source_data/Fig10E_DESC_1_case4_spatial_source_data.tsv	452ce84d1ebe64fd247b6ce303433521701c4c1d3d52176bf3728ccc31f3dbb6	case4	1	CCTGTTTGAAGACACG-1	Adenoma	3313	3277	94	58	TRUE	0.697774853407401	7.81700095646665	30	36	descriptive only	NA	NA	NA	NA	NA	NA	NA	NA	NA	NA	NA	NA	NA	NA	NA
spatial	figures/stage10e_desc/source_data/Fig10E_DESC_1_case4_spatial_source_data.tsv	452ce84d1ebe64fd247b6ce303433521701c4c1d3d52176bf3728ccc31f3dbb6	case4	1	GCCACTCAGAGCGCGA-1	Adenoma	3198	3211	95	59	TRUE	0.758636272055251	7.61517794236415	30	36	descriptive only	NA	NA	NA	NA	NA	NA	NA	NA	NA	NA	NA	NA	NA	NA	NA
spatial	figures/stage10e_desc/source_data/Fig10E_DESC_1_case4_spatial_source_data.tsv	452ce84d1ebe64fd247b6ce303433521701c4c1d3d52176bf3728ccc31f3dbb6	case4	1	TCGGCTTGTATCGACG-1	Adenoma	3312	3145	96	58	TRUE	0.776133122713838	7.81506601624129	30	36	descriptive only	NA	NA	NA	NA	NA	NA	NA	NA	NA	NA	NA	NA	NA	NA	NA
spatial	figures/stage10e_desc/source_data/Fig10E_DESC_1_case4_spatial_source_data.tsv	452ce84d1ebe64fd247b6ce303433521701c4c1d3d52176bf3728ccc31f3dbb6	case4	1	TAGATGGTTCCTTACT-1	Adenoma	3198	3080	97	59	TRUE	0.563417520527236	8.02139644784449	30	36	descriptive only	NA	NA	NA	NA	NA	NA	NA	NA	NA	NA	NA	NA	NA	NA	NA
spatial	figures/stage10e_desc/source_data/Fig10E_DESC_1_case4_spatial_source_data.tsv	452ce84d1ebe64fd247b6ce303433521701c4c1d3d52176bf3728ccc31f3dbb6	case4	1	ATCGTTAGCTAGCGGA-1	Adenoma	3312	3014	98	58	TRUE	0.649460419850239	7.62448148770868	30	36	descriptive only	NA	NA	NA	NA	NA	NA	NA	NA	NA	NA	NA	NA	NA	NA	NA
spatial	figures/stage10e_desc/source_data/Fig10E_DESC_1_case4_spatial_source_data.tsv	452ce84d1ebe64fd247b6ce303433521701c4c1d3d52176bf3728ccc31f3dbb6	case4	1	ACAGCGACATTCTCAT-1	Adenoma	3197	2948	99	59	TRUE	0.625583020553657	7.63595841014171	30	36	descriptive only	NA	NA	NA	NA	NA	NA	NA	NA	NA	NA	NA	NA	NA	NA	NA
spatial	figures/stage10e_desc/source_data/Fig10E_DESC_1_case4_spatial_source_data.tsv	452ce84d1ebe64fd247b6ce303433521701c4c1d3d52176bf3728ccc31f3dbb6	case4	1	ATTCAACCATTTAAGG-1	Adenoma	3312	2882	100	58	TRUE	0.562426068485492	7.52798453525503	30	36	descriptive only	NA	NA	NA	NA	NA	NA	NA	NA	NA	NA	NA	NA	NA	NA	NA
spatial	figures/stage10e_desc/source_data/Fig10E_DESC_1_case4_spatial_source_data.tsv	452ce84d1ebe64fd247b6ce303433521701c4c1d3d52176bf3728ccc31f3dbb6	case4	1	CACTCTTCTGCTAGCC-1	Adenoma	3197	2817	101	59	TRUE	0.73028317502309	7.88505892507788	30	36	descriptive only	NA	NA	NA	NA	NA	NA	NA	NA	NA	NA	NA	NA	NA	NA	NA
spatial	figures/stage10e_desc/source_data/Fig10E_DESC_1_case4_spatial_source_data.tsv	452ce84d1ebe64fd247b6ce303433521701c4c1d3d52176bf3728ccc31f3dbb6	case4	1	CTAACTGATAATCGCC-1	Adenoma	3311	2751	102	58	TRUE	0.698064294359968	7.77797993488817	30	36	descriptive only	NA	NA	NA	NA	NA	NA	NA	NA	NA	NA	NA	NA	NA	NA	NA
spatial	figures/stage10e_desc/source_data/Fig10E_DESC_1_case4_spatial_source_data.tsv	452ce84d1ebe64fd247b6ce303433521701c4c1d3d52176bf3728ccc31f3dbb6	case4	1	TGATGTCAATTAAGTG-1	Adenoma	3197	2685	103	59	TRUE	0.681096744322927	7.67152974369058	30	36	descriptive only	NA	NA	NA	NA	NA	NA	NA	NA	NA	NA	NA	NA	NA	NA	NA
spatial	figures/stage10e_desc/source_data/Fig10E_DESC_1_case4_spatial_source_data.tsv	452ce84d1ebe64fd247b6ce303433521701c4c1d3d52176bf3728ccc31f3dbb6	case4	1	CGCCGTTCAGCATAGT-1	Adenoma	3311	2619	104	58	TRUE	0.603986796372845	7.85106850260713	30	36	descriptive only	NA	NA	NA	NA	NA	NA	NA	NA	NA	NA	NA	NA	NA	NA	NA
spatial	figures/stage10e_desc/source_data/Fig10E_DESC_1_case4_spatial_source_data.tsv	452ce84d1ebe64fd247b6ce303433521701c4c1d3d52176bf3728ccc31f3dbb6	case4	1	ATACTACCCGTACCAC-1	Adenoma	3196	2553	105	59	TRUE	0.527330609778619	7.50398545807923	30	36	descriptive only	NA	NA	NA	NA	NA	NA	NA	NA	NA	NA	NA	NA	NA	NA	NA
spatial	figures/stage10e_desc/source_data/Fig10E_DESC_1_case4_spatial_source_data.tsv	452ce84d1ebe64fd247b6ce303433521701c4c1d3d52176bf3728ccc31f3dbb6	case4	1	CCACTGTTTGGATTAA-1	Adenoma	3310	2487	106	58	TRUE	0.617841171616083	7.68541193007478	30	36	descriptive only	NA	NA	NA	NA	NA	NA	NA	NA	NA	NA	NA	NA	NA	NA	NA
spatial	figures/stage10e_desc/source_data/Fig10E_DESC_1_case4_spatial_source_data.tsv	452ce84d1ebe64fd247b6ce303433521701c4c1d3d52176bf3728ccc31f3dbb6	case4	1	CACTACGGGAGCTGCC-1	Adenoma	3196	2422	107	59	TRUE	0.769141309774746	7.83818668936604	30	36	descriptive only	NA	NA	NA	NA	NA	NA	NA	NA	NA	NA	NA	NA	NA	NA	NA
spatial	figures/stage10e_desc/source_data/Fig10E_DESC_1_case4_spatial_source_data.tsv	452ce84d1ebe64fd247b6ce303433521701c4c1d3d52176bf3728ccc31f3dbb6	case4	1	GACCAAACGTTGACTG-1	Adenoma	3310	2356	108	58	TRUE	0.70193731660267	7.56006325204355	30	36	descriptive only	NA	NA	NA	NA	NA	NA	NA	NA	NA	NA	NA	NA	NA	NA	NA
spatial	figures/stage10e_desc/source_data/Fig10E_DESC_1_case4_spatial_source_data.tsv	452ce84d1ebe64fd247b6ce303433521701c4c1d3d52176bf3728ccc31f3dbb6	case4	1	AAGAGGCCCTTTGGAA-1	Adenoma	3195	2290	109	59	TRUE	0.63827845618104	7.78339801117403	30	36	descriptive only	NA	NA	NA	NA	NA	NA	NA	NA	NA	NA	NA	NA	NA	NA	NA
spatial	figures/stage10e_desc/source_data/Fig10E_DESC_1_case4_spatial_source_data.tsv	452ce84d1ebe64fd247b6ce303433521701c4c1d3d52176bf3728ccc31f3dbb6	case4	1	ACACGTAGGCCACAAG-1	Adenoma	3310	2224	110	58	TRUE	0.662030508811301	7.54566705042698	30	36	descriptive only	NA	NA	NA	NA	NA	NA	NA	NA	NA	NA	NA	NA	NA	NA	NA
spatial	figures/stage10e_desc/source_data/Fig10E_DESC_1_case4_spatial_source_data.tsv	452ce84d1ebe64fd247b6ce303433521701c4c1d3d52176bf3728ccc31f3dbb6	case4	1	TACTCTTACTTTACTG-1	Adenoma	3195	2159	111	59	TRUE	0.623478109632864	7.79493923519877	30	36	descriptive only	NA	NA	NA	NA	NA	NA	NA	NA	NA	NA	NA	NA	NA	NA	NA
spatial	figures/stage10e_desc/source_data/Fig10E_DESC_1_case4_spatial_source_data.tsv	452ce84d1ebe64fd247b6ce303433521701c4c1d3d52176bf3728ccc31f3dbb6	case4	1	AGAGCCGCCGAGATTT-1	Adenoma	3309	2093	112	58	TRUE	0.647794280772066	7.67581331206082	30	36	descriptive only	NA	NA	NA	NA	NA	NA	NA	NA	NA	NA	NA	NA	NA	NA	NA
spatial	figures/stage10e_desc/source_data/Fig10E_DESC_1_case4_spatial_source_data.tsv	452ce84d1ebe64fd247b6ce303433521701c4c1d3d52176bf3728ccc31f3dbb6	case4	1	GGCCTGCTTCTCCCGA-1	Adenoma	3195	2027	113	59	TRUE	0.618205717437268	7.76421088677687	30	36	descriptive only	NA	NA	NA	NA	NA	NA	NA	NA	NA	NA	NA	NA	NA	NA	NA
spatial	figures/stage10e_desc/source_data/Fig10E_DESC_1_case4_spatial_source_data.tsv	452ce84d1ebe64fd247b6ce303433521701c4c1d3d52176bf3728ccc31f3dbb6	case4	1	TCAAGCGCGGACGGTA-1	Adenoma	3309	1961	114	58	TRUE	0.64014088574418	7.96981745693978	30	36	descriptive only	NA	NA	NA	NA	NA	NA	NA	NA	NA	NA	NA	NA	NA	NA	NA
spatial	figures/stage10e_desc/source_data/Fig10E_DESC_1_case4_spatial_source_data.tsv	452ce84d1ebe64fd247b6ce303433521701c4c1d3d52176bf3728ccc31f3dbb6	case4	1	ACACTGGGACAGTCGT-1	Adenoma	3194	1896	115	59	TRUE	0.682367164263539	7.67662205384092	30	36	descriptive only	NA	NA	NA	NA	NA	NA	NA	NA	NA	NA	NA	NA	NA	NA	NA
spatial	figures/stage10e_desc/source_data/Fig10E_DESC_1_case4_spatial_source_data.tsv	452ce84d1ebe64fd247b6ce303433521701c4c1d3d52176bf3728ccc31f3dbb6	case4	1	TGTGTAGTAGCACGTG-1	Adenoma	3308	1829	116	58	TRUE	0.684523466933643	7.49838271940843	30	36	descriptive only	NA	NA	NA	NA	NA	NA	NA	NA	NA	NA	NA	NA	NA	NA	NA
spatial	figures/stage10e_desc/source_data/Fig10E_DESC_1_case4_spatial_source_data.tsv	452ce84d1ebe64fd247b6ce303433521701c4c1d3d52176bf3728ccc31f3dbb6	case4	1	CTAGCCACAGGCGAGC-1	Adenoma	3194	1764	117	59	TRUE	0.654824924201554	7.80008392557545	30	36	descriptive only	NA	NA	NA	NA	NA	NA	NA	NA	NA	NA	NA	NA	NA	NA	NA
spatial	figures/stage10e_desc/source_data/Fig10E_DESC_1_case4_spatial_source_data.tsv	452ce84d1ebe64fd247b6ce303433521701c4c1d3d52176bf3728ccc31f3dbb6	case4	1	CTATCGCGTAGAGAAC-1	Adenoma	3308	1698	118	58	TRUE	0.429068669422745	7.86567208210503	30	36	descriptive only	NA	NA	NA	NA	NA	NA	NA	NA	NA	NA	NA	NA	NA	NA	NA
spatial	figures/stage10e_desc/source_data/Fig10E_DESC_1_case4_spatial_source_data.tsv	452ce84d1ebe64fd247b6ce303433521701c4c1d3d52176bf3728ccc31f3dbb6	case4	1	GTTCCCGTAAACATAT-1	Adenoma	3193	1632	119	59	TRUE	0.478246561181684	7.9758870895181	30	36	descriptive only	NA	NA	NA	NA	NA	NA	NA	NA	NA	NA	NA	NA	NA	NA	NA
spatial	figures/stage10e_desc/source_data/Fig10E_DESC_1_case4_spatial_source_data.tsv	452ce84d1ebe64fd247b6ce303433521701c4c1d3d52176bf3728ccc31f3dbb6	case4	1	TCTTTCCTTCGAGATA-1	Adenoma	3308	1566	120	58	TRUE	0.589317343984245	7.89348432775729	30	36	descriptive only	NA	NA	NA	NA	NA	NA	NA	NA	NA	NA	NA	NA	NA	NA	NA
spatial	figures/stage10e_desc/source_data/Fig10E_DESC_1_case4_spatial_source_data.tsv	452ce84d1ebe64fd247b6ce303433521701c4c1d3d52176bf3728ccc31f3dbb6	case4	1	ATATTGGAGAGGCCTT-1	Adenoma	3193	1501	121	59	TRUE	0.48716442053688	7.7355893310397	30	36	descriptive only	NA	NA	NA	NA	NA	NA	NA	NA	NA	NA	NA	NA	NA	NA	NA
spatial	figures/stage10e_desc/source_data/Fig10E_DESC_1_case4_spatial_source_data.tsv	452ce84d1ebe64fd247b6ce303433521701c4c1d3d52176bf3728ccc31f3dbb6	case4	1	AGGCGATAACTGGCGT-1	Adenoma	3307	1435	122	58	TRUE	0.456619175554991	7.89093074651686	30	36	descriptive only	NA	NA	NA	NA	NA	NA	NA	NA	NA	NA	NA	NA	NA	NA	NA
spatial	figures/stage10e_desc/source_data/Fig10E_DESC_1_case4_spatial_source_data.tsv	452ce84d1ebe64fd247b6ce303433521701c4c1d3d52176bf3728ccc31f3dbb6	case4	1	ACCCGGAGCACCACAA-1	Adenoma	3193	1369	123	59	TRUE	0.46081447236398	7.7862726468744	30	36	descriptive only	NA	NA	NA	NA	NA	NA	NA	NA	NA	NA	NA	NA	NA	NA	NA
spatial	figures/stage10e_desc/source_data/Fig10E_DESC_1_case4_spatial_source_data.tsv	452ce84d1ebe64fd247b6ce303433521701c4c1d3d52176bf3728ccc31f3dbb6	case4	1	TGAGCTCAACTGTATA-1	Adenoma	3307	1303	124	58	TRUE	0.499946331907942	7.87243905191682	30	36	descriptive only	NA	NA	NA	NA	NA	NA	NA	NA	NA	NA	NA	NA	NA	NA	NA
spatial	figures/stage10e_desc/source_data/Fig10E_DESC_1_case4_spatial_source_data.tsv	452ce84d1ebe64fd247b6ce303433521701c4c1d3d52176bf3728ccc31f3dbb6	case4	1	CGGTCAGTCCATATTT-1	Adenoma	3306	1171	126	58	TRUE	0.679690602675494	7.76093762846127	30	36	descriptive only	NA	NA	NA	NA	NA	NA	NA	NA	NA	NA	NA	NA	NA	NA	NA
spatial	figures/stage10e_desc/source_data/Fig10E_DESC_1_case4_spatial_source_data.tsv	452ce84d1ebe64fd247b6ce303433521701c4c1d3d52176bf3728ccc31f3dbb6	case4	1	GGCTTTCAATAAGGGT-1	Adenoma	3090	5383	62	60	TRUE	0.910326540991413	7.81446568990972	30	36	descriptive only	NA	NA	NA	NA	NA	NA	NA	NA	NA	NA	NA	NA	NA	NA	NA
spatial	figures/stage10e_desc/source_data/Fig10E_DESC_1_case4_spatial_source_data.tsv	452ce84d1ebe64fd247b6ce303433521701c4c1d3d52176bf3728ccc31f3dbb6	case4	1	CTCGCCGAATGTAGGG-1	Adenoma	3090	5251	64	60	TRUE	0.847126859814997	7.60057718090019	30	36	descriptive only	NA	NA	NA	NA	NA	NA	NA	NA	NA	NA	NA	NA	NA	NA	NA
spatial	figures/stage10e_desc/source_data/Fig10E_DESC_1_case4_spatial_source_data.tsv	452ce84d1ebe64fd247b6ce303433521701c4c1d3d52176bf3728ccc31f3dbb6	case4	1	AGGAAGCTGTCCGCCG-1	Adenoma	2975	5186	65	61	TRUE	0.930291991147314	7.48137147504005	30	36	descriptive only	NA	NA	NA	NA	NA	NA	NA	NA	NA	NA	NA	NA	NA	NA	NA
spatial	figures/stage10e_desc/source_data/Fig10E_DESC_1_case4_spatial_source_data.tsv	452ce84d1ebe64fd247b6ce303433521701c4c1d3d52176bf3728ccc31f3dbb6	case4	1	GTCTCAAGGCCCGGCT-1	Adenoma	3089	5120	66	60	TRUE	0.872121052642271	7.65163119297713	30	36	descriptive only	NA	NA	NA	NA	NA	NA	NA	NA	NA	NA	NA	NA	NA	NA	NA
spatial	figures/stage10e_desc/source_data/Fig10E_DESC_1_case4_spatial_source_data.tsv	452ce84d1ebe64fd247b6ce303433521701c4c1d3d52176bf3728ccc31f3dbb6	case4	1	ACCGACACATCTCCCA-1	Adenoma	2975	5054	67	61	TRUE	0.77309776273751	7.68715651578907	30	36	descriptive only	NA	NA	NA	NA	NA	NA	NA	NA	NA	NA	NA	NA	NA	NA	NA
spatial	figures/stage10e_desc/source_data/Fig10E_DESC_1_case4_spatial_source_data.tsv	452ce84d1ebe64fd247b6ce303433521701c4c1d3d52176bf3728ccc31f3dbb6	case4	1	TATACGCGTCATCACT-1	Adenoma	3089	4988	68	60	TRUE	0.882323603213304	7.65919309692142	30	36	descriptive only	NA	NA	NA	NA	NA	NA	NA	NA	NA	NA	NA	NA	NA	NA	NA
spatial	figures/stage10e_desc/source_data/Fig10E_DESC_1_case4_spatial_source_data.tsv	452ce84d1ebe64fd247b6ce303433521701c4c1d3d52176bf3728ccc31f3dbb6	case4	1	ATCTGGGCTGTTCTTG-1	Adenoma	2974	4923	69	61	TRUE	0.879316403003468	7.85523454826098	30	36	descriptive only	NA	NA	NA	NA	NA	NA	NA	NA	NA	NA	NA	NA	NA	NA	NA
spatial	figures/stage10e_desc/source_data/Fig10E_DESC_1_case4_spatial_source_data.tsv	452ce84d1ebe64fd247b6ce303433521701c4c1d3d52176bf3728ccc31f3dbb6	case4	1	TCAAATTTGAGACTCA-1	Adenoma	3089	4857	70	60	TRUE	0.906641763012175	7.75236264883883	30	36	descriptive only	NA	NA	NA	NA	NA	NA	NA	NA	NA	NA	NA	NA	NA	NA	NA
spatial	figures/stage10e_desc/source_data/Fig10E_DESC_1_case4_spatial_source_data.tsv	452ce84d1ebe64fd247b6ce303433521701c4c1d3d52176bf3728ccc31f3dbb6	case4	1	GTTAAGGGTGCGATGT-1	Adenoma	2974	4791	71	61	TRUE	0.790954058348191	7.75728861983174	30	36	descriptive only	NA	NA	NA	NA	NA	NA	NA	NA	NA	NA	NA	NA	NA	NA	NA
spatial	figures/stage10e_desc/source_data/Fig10E_DESC_1_case4_spatial_source_data.tsv	452ce84d1ebe64fd247b6ce303433521701c4c1d3d52176bf3728ccc31f3dbb6	case4	1	AGCAAAGGCCGCTAGT-1	Adenoma	3088	4725	72	60	TRUE	0.868363583121439	7.62011230941439	30	36	descriptive only	NA	NA	NA	NA	NA	NA	NA	NA	NA	NA	NA	NA	NA	NA	NA
spatial	figures/stage10e_desc/source_data/Fig10E_DESC_1_case4_spatial_source_data.tsv	452ce84d1ebe64fd247b6ce303433521701c4c1d3d52176bf3728ccc31f3dbb6	case4	1	TTATAGGTAATTGTCT-1	Adenoma	2973	4660	73	61	TRUE	0.947849496584575	7.50921398055303	30	36	descriptive only	NA	NA	NA	NA	NA	NA	NA	NA	NA	NA	NA	NA	NA	NA	NA
spatial	figures/stage10e_desc/source_data/Fig10E_DESC_1_case4_spatial_source_data.tsv	452ce84d1ebe64fd247b6ce303433521701c4c1d3d52176bf3728ccc31f3dbb6	case4	1	TTGTGCAGCCACGTCA-1	Adenoma	3088	4594	74	60	TRUE	0.871733133090656	7.69137638876074	30	36	descriptive only	NA	NA	NA	NA	NA	NA	NA	NA	NA	NA	NA	NA	NA	NA	NA
spatial	figures/stage10e_desc/source_data/Fig10E_DESC_1_case4_spatial_source_data.tsv	452ce84d1ebe64fd247b6ce303433521701c4c1d3d52176bf3728ccc31f3dbb6	case4	1	ACGGACTCTCAAAGCG-1	Adenoma	2973	4528	75	61	TRUE	0.91355002839897	7.55302696527551	30	36	descriptive only	NA	NA	NA	NA	NA	NA	NA	NA	NA	NA	NA	NA	NA	NA	NA
spatial	figures/stage10e_desc/source_data/Fig10E_DESC_1_case4_spatial_source_data.tsv	452ce84d1ebe64fd247b6ce303433521701c4c1d3d52176bf3728ccc31f3dbb6	case4	1	ATGCTCTGGCGCGGTA-1	Adenoma	3087	4462	76	60	TRUE	0.809675033474599	7.53546417265354	30	36	descriptive only	NA	NA	NA	NA	NA	NA	NA	NA	NA	NA	NA	NA	NA	NA	NA
spatial	figures/stage10e_desc/source_data/Fig10E_DESC_1_case4_spatial_source_data.tsv	452ce84d1ebe64fd247b6ce303433521701c4c1d3d52176bf3728ccc31f3dbb6	case4	1	ATAATCTTGGAGAACC-1	Adenoma	2973	4396	77	61	TRUE	0.925977142966309	7.52955436188789	30	36	descriptive only	NA	NA	NA	NA	NA	NA	NA	NA	NA	NA	NA	NA	NA	NA	NA
spatial	figures/stage10e_desc/source_data/Fig10E_DESC_1_case4_spatial_source_data.tsv	452ce84d1ebe64fd247b6ce303433521701c4c1d3d52176bf3728ccc31f3dbb6	case4	1	CTCATTGCTCTAACAA-1	Adenoma	3087	4330	78	60	TRUE	0.844690906610267	7.7289776801997	30	36	descriptive only	NA	NA	NA	NA	NA	NA	NA	NA	NA	NA	NA	NA	NA	NA	NA
spatial	figures/stage10e_desc/source_data/Fig10E_DESC_1_case4_spatial_source_data.tsv	452ce84d1ebe64fd247b6ce303433521701c4c1d3d52176bf3728ccc31f3dbb6	case4	1	TAGGTGACGATAACCT-1	Adenoma	2972	4265	79	61	TRUE	0.699991142888529	7.65530690118925	30	36	descriptive only	NA	NA	NA	NA	NA	NA	NA	NA	NA	NA	NA	NA	NA	NA	NA
spatial	figures/stage10e_desc/source_data/Fig10E_DESC_1_case4_spatial_source_data.tsv	452ce84d1ebe64fd247b6ce303433521701c4c1d3d52176bf3728ccc31f3dbb6	case4	1	CGGATCCTCAAGGACT-1	Adenoma	3087	4199	80	60	TRUE	0.878236159538888	7.82184930217777	30	36	descriptive only	NA	NA	NA	NA	NA	NA	NA	NA	NA	NA	NA	NA	NA	NA	NA
spatial	figures/stage10e_desc/source_data/Fig10E_DESC_1_case4_spatial_source_data.tsv	452ce84d1ebe64fd247b6ce303433521701c4c1d3d52176bf3728ccc31f3dbb6	case4	1	GGGCGTGGTTTCCCAG-1	Adenoma	2972	4133	81	61	TRUE	0.805024180925357	7.80879039861694	30	36	descriptive only	NA	NA	NA	NA	NA	NA	NA	NA	NA	NA	NA	NA	NA	NA	NA
spatial	figures/stage10e_desc/source_data/Fig10E_DESC_1_case4_spatial_source_data.tsv	452ce84d1ebe64fd247b6ce303433521701c4c1d3d52176bf3728ccc31f3dbb6	case4	1	TGGCTATGTGACATAC-1	Adenoma	3086	4067	82	60	TRUE	0.849714359332394	7.64516892289741	30	36	descriptive only	NA	NA	NA	NA	NA	NA	NA	NA	NA	NA	NA	NA	NA	NA	NA
spatial	figures/stage10e_desc/source_data/Fig10E_DESC_1_case4_spatial_source_data.tsv	452ce84d1ebe64fd247b6ce303433521701c4c1d3d52176bf3728ccc31f3dbb6	case4	1	CTTAGTGTAGTAGCAT-1	Adenoma	2971	4002	83	61	TRUE	0.768709205361104	7.70048302984352	30	36	descriptive only	NA	NA	NA	NA	NA	NA	NA	NA	NA	NA	NA	NA	NA	NA	NA
spatial	figures/stage10e_desc/source_data/Fig10E_DESC_1_case4_spatial_source_data.tsv	452ce84d1ebe64fd247b6ce303433521701c4c1d3d52176bf3728ccc31f3dbb6	case4	1	GGATTGCTGTGACTCC-1	Adenoma	3086	3936	84	60	TRUE	0.924953948463017	7.64258576635409	30	36	descriptive only	NA	NA	NA	NA	NA	NA	NA	NA	NA	NA	NA	NA	NA	NA	NA
spatial	figures/stage10e_desc/source_data/Fig10E_DESC_1_case4_spatial_source_data.tsv	452ce84d1ebe64fd247b6ce303433521701c4c1d3d52176bf3728ccc31f3dbb6	case4	1	ACTTCCATGCGGGACA-1	Adenoma	2971	3870	85	61	TRUE	0.830296574435872	7.812996682569	30	36	descriptive only	NA	NA	NA	NA	NA	NA	NA	NA	NA	NA	NA	NA	NA	NA	NA
spatial	figures/stage10e_desc/source_data/Fig10E_DESC_1_case4_spatial_source_data.tsv	452ce84d1ebe64fd247b6ce303433521701c4c1d3d52176bf3728ccc31f3dbb6	case4	1	ACTCAAGTGCAAGGCT-1	Adenoma	3085	3804	86	60	TRUE	0.835247334311903	7.83404809466937	30	36	descriptive only	NA	NA	NA	NA	NA	NA	NA	NA	NA	NA	NA	NA	NA	NA	NA
spatial	figures/stage10e_desc/source_data/Fig10E_DESC_1_case4_spatial_source_data.tsv	452ce84d1ebe64fd247b6ce303433521701c4c1d3d52176bf3728ccc31f3dbb6	case4	1	ACAAGGATGCTTTAGG-1	Adenoma	2971	3739	87	61	TRUE	0.680311568737155	7.77691836392756	30	36	descriptive only	NA	NA	NA	NA	NA	NA	NA	NA	NA	NA	NA	NA	NA	NA	NA
spatial	figures/stage10e_desc/source_data/Fig10E_DESC_1_case4_spatial_source_data.tsv	452ce84d1ebe64fd247b6ce303433521701c4c1d3d52176bf3728ccc31f3dbb6	case4	1	TGCAACCCATCTGCGG-1	Adenoma	3085	3541	90	60	TRUE	0.616594084652994	7.65424695979156	30	36	descriptive only	NA	NA	NA	NA	NA	NA	NA	NA	NA	NA	NA	NA	NA	NA	NA
spatial	figures/stage10e_desc/source_data/Fig10E_DESC_1_case4_spatial_source_data.tsv	452ce84d1ebe64fd247b6ce303433521701c4c1d3d52176bf3728ccc31f3dbb6	case4	1	AGTGCTAAACACAGCA-1	Adenoma	2970	3475	91	61	TRUE	0.481481295012764	7.68068414750826	30	36	descriptive only	NA	NA	NA	NA	NA	NA	NA	NA	NA	NA	NA	NA	NA	NA	NA
spatial	figures/stage10e_desc/source_data/Fig10E_DESC_1_case4_spatial_source_data.tsv	452ce84d1ebe64fd247b6ce303433521701c4c1d3d52176bf3728ccc31f3dbb6	case4	1	AACTCCAGAGCGTGTT-1	Adenoma	3084	3409	92	60	TRUE	0.89889385684554	7.67899519193507	30	36	descriptive only	NA	NA	NA	NA	NA	NA	NA	NA	NA	NA	NA	NA	NA	NA	NA
spatial	figures/stage10e_desc/source_data/Fig10E_DESC_1_case4_spatial_source_data.tsv	452ce84d1ebe64fd247b6ce303433521701c4c1d3d52176bf3728ccc31f3dbb6	case4	1	TCTCCACAAGTTGAAT-1	Adenoma	2970	3344	93	61	TRUE	0.606777682268819	7.72817825530342	30	36	descriptive only	NA	NA	NA	NA	NA	NA	NA	NA	NA	NA	NA	NA	NA	NA	NA
spatial	figures/stage10e_desc/source_data/Fig10E_DESC_1_case4_spatial_source_data.tsv	452ce84d1ebe64fd247b6ce303433521701c4c1d3d52176bf3728ccc31f3dbb6	case4	1	CTTTGCATCGCTCTTG-1	Adenoma	3084	3278	94	60	TRUE	0.591609871112637	7.7157354891104	30	36	descriptive only	NA	NA	NA	NA	NA	NA	NA	NA	NA	NA	NA	NA	NA	NA	NA
spatial	figures/stage10e_desc/source_data/Fig10E_DESC_1_case4_spatial_source_data.tsv	452ce84d1ebe64fd247b6ce303433521701c4c1d3d52176bf3728ccc31f3dbb6	case4	1	TCACAAACCGAGGTAC-1	Adenoma	2969	3212	95	61	TRUE	0.711984367512365	7.68907948832763	30	36	descriptive only	NA	NA	NA	NA	NA	NA	NA	NA	NA	NA	NA	NA	NA	NA	NA
spatial	figures/stage10e_desc/source_data/Fig10E_DESC_1_case4_spatial_source_data.tsv	452ce84d1ebe64fd247b6ce303433521701c4c1d3d52176bf3728ccc31f3dbb6	case4	1	CCGTAGGAAATCCCTG-1	Adenoma	3083	3146	96	60	TRUE	0.828711238974841	7.73169575620269	30	36	descriptive only	NA	NA	NA	NA	NA	NA	NA	NA	NA	NA	NA	NA	NA	NA	NA
spatial	figures/stage10e_desc/source_data/Fig10E_DESC_1_case4_spatial_source_data.tsv	452ce84d1ebe64fd247b6ce303433521701c4c1d3d52176bf3728ccc31f3dbb6	case4	1	AAACATTTCCCGGATT-1	Adenoma	2969	3081	97	61	TRUE	0.701877611937383	7.65917162209526	30	36	descriptive only	NA	NA	NA	NA	NA	NA	NA	NA	NA	NA	NA	NA	NA	NA	NA
spatial	figures/stage10e_desc/source_data/Fig10E_DESC_1_case4_spatial_source_data.tsv	452ce84d1ebe64fd247b6ce303433521701c4c1d3d52176bf3728ccc31f3dbb6	case4	1	GCCTCCGACAATTCAC-1	Adenoma	3083	3014	98	60	TRUE	0.807237691521956	7.871927593776	30	36	descriptive only	NA	NA	NA	NA	NA	NA	NA	NA	NA	NA	NA	NA	NA	NA	NA
spatial	figures/stage10e_desc/source_data/Fig10E_DESC_1_case4_spatial_source_data.tsv	452ce84d1ebe64fd247b6ce303433521701c4c1d3d52176bf3728ccc31f3dbb6	case4	1	TCTGCATACCTTGCTT-1	Adenoma	2968	2949	99	61	TRUE	0.703126877209833	7.77590771498747	30	36	descriptive only	NA	NA	NA	NA	NA	NA	NA	NA	NA	NA	NA	NA	NA	NA	NA
spatial	figures/stage10e_desc/source_data/Fig10E_DESC_1_case4_spatial_source_data.tsv	452ce84d1ebe64fd247b6ce303433521701c4c1d3d52176bf3728ccc31f3dbb6	case4	1	ACCCATTTGTCCCTCT-1	Adenoma	3083	2883	100	60	TRUE	0.442375062076452	7.74134976986843	30	36	descriptive only	NA	NA	NA	NA	NA	NA	NA	NA	NA	NA	NA	NA	NA	NA	NA
spatial	figures/stage10e_desc/source_data/Fig10E_DESC_1_case4_spatial_source_data.tsv	452ce84d1ebe64fd247b6ce303433521701c4c1d3d52176bf3728ccc31f3dbb6	case4	1	CTGCAGAGAATCAGAG-1	Adenoma	2968	2817	101	61	TRUE	0.797642670960995	7.69776500413658	30	36	descriptive only	NA	NA	NA	NA	NA	NA	NA	NA	NA	NA	NA	NA	NA	NA	NA
spatial	figures/stage10e_desc/source_data/Fig10E_DESC_1_case4_spatial_source_data.tsv	452ce84d1ebe64fd247b6ce303433521701c4c1d3d52176bf3728ccc31f3dbb6	case4	1	GGAAACTAAATGGGCC-1	Adenoma	3082	2751	102	60	TRUE	0.531951763858869	7.70313953369197	30	36	descriptive only	NA	NA	NA	NA	NA	NA	NA	NA	NA	NA	NA	NA	NA	NA	NA
spatial	figures/stage10e_desc/source_data/Fig10E_DESC_1_case4_spatial_source_data.tsv	452ce84d1ebe64fd247b6ce303433521701c4c1d3d52176bf3728ccc31f3dbb6	case4	1	CAACCTACCGAGCAGT-1	Adenoma	2968	2686	103	61	TRUE	0.603346520787319	7.80900409119746	30	36	descriptive only	NA	NA	NA	NA	NA	NA	NA	NA	NA	NA	NA	NA	NA	NA	NA
spatial	figures/stage10e_desc/source_data/Fig10E_DESC_1_case4_spatial_source_data.tsv	452ce84d1ebe64fd247b6ce303433521701c4c1d3d52176bf3728ccc31f3dbb6	case4	1	CCGTAGGGTTGTTTAC-1	Adenoma	3082	2620	104	60	TRUE	0.547914824112025	7.76114656601459	30	36	descriptive only	NA	NA	NA	NA	NA	NA	NA	NA	NA	NA	NA	NA	NA	NA	NA
spatial	figures/stage10e_desc/source_data/Fig10E_DESC_1_case4_spatial_source_data.tsv	452ce84d1ebe64fd247b6ce303433521701c4c1d3d52176bf3728ccc31f3dbb6	case4	1	GGTTTGTGACCTGAGG-1	Adenoma	2967	2554	105	61	TRUE	0.442636839942898	7.84677124823987	30	36	descriptive only	NA	NA	NA	NA	NA	NA	NA	NA	NA	NA	NA	NA	NA	NA	NA
spatial	figures/stage10e_desc/source_data/Fig10E_DESC_1_case4_spatial_source_data.tsv	452ce84d1ebe64fd247b6ce303433521701c4c1d3d52176bf3728ccc31f3dbb6	case4	1	TAACCTAGGGAGTCCA-1	Adenoma	3081	2488	106	60	TRUE	0.602870419408756	7.78825983652696	30	36	descriptive only	NA	NA	NA	NA	NA	NA	NA	NA	NA	NA	NA	NA	NA	NA	NA
spatial	figures/stage10e_desc/source_data/Fig10E_DESC_1_case4_spatial_source_data.tsv	452ce84d1ebe64fd247b6ce303433521701c4c1d3d52176bf3728ccc31f3dbb6	case4	1	TTCCATCGACAGCGTG-1	Adenoma	2967	2423	107	61	TRUE	0.526875386967214	7.75340147760848	30	36	descriptive only	NA	NA	NA	NA	NA	NA	NA	NA	NA	NA	NA	NA	NA	NA	NA
spatial	figures/stage10e_desc/source_data/Fig10E_DESC_1_case4_spatial_source_data.tsv	452ce84d1ebe64fd247b6ce303433521701c4c1d3d52176bf3728ccc31f3dbb6	case4	1	ATCTCCCACGGAATAT-1	Adenoma	3081	2356	108	60	TRUE	0.619915993413874	7.83082495569102	30	36	descriptive only	NA	NA	NA	NA	NA	NA	NA	NA	NA	NA	NA	NA	NA	NA	NA
spatial	figures/stage10e_desc/source_data/Fig10E_DESC_1_case4_spatial_source_data.tsv	452ce84d1ebe64fd247b6ce303433521701c4c1d3d52176bf3728ccc31f3dbb6	case4	1	GTTTCAAACGAGTTGT-1	Adenoma	2966	2291	109	61	TRUE	0.625143592163307	7.7817981334939	30	36	descriptive only	NA	NA	NA	NA	NA	NA	NA	NA	NA	NA	NA	NA	NA	NA	NA
spatial	figures/stage10e_desc/source_data/Fig10E_DESC_1_case4_spatial_source_data.tsv	452ce84d1ebe64fd247b6ce303433521701c4c1d3d52176bf3728ccc31f3dbb6	case4	1	GGAACTTTGGCGATTA-1	Adenoma	3081	2225	110	60	TRUE	0.524714717167566	7.84957850588827	30	36	descriptive only	NA	NA	NA	NA	NA	NA	NA	NA	NA	NA	NA	NA	NA	NA	NA
spatial	figures/stage10e_desc/source_data/Fig10E_DESC_1_case4_spatial_source_data.tsv	452ce84d1ebe64fd247b6ce303433521701c4c1d3d52176bf3728ccc31f3dbb6	case4	1	CTGCAAGCACGTTCCG-1	Adenoma	2966	2159	111	61	TRUE	0.462226597555369	7.77002566015855	30	36	descriptive only	NA	NA	NA	NA	NA	NA	NA	NA	NA	NA	NA	NA	NA	NA	NA
spatial	figures/stage10e_desc/source_data/Fig10E_DESC_1_case4_spatial_source_data.tsv	452ce84d1ebe64fd247b6ce303433521701c4c1d3d52176bf3728ccc31f3dbb6	case4	1	CACAGTCCCGCTTCGC-1	Adenoma	3080	2093	112	60	TRUE	0.63214769127303	7.70111903353759	30	36	descriptive only	NA	NA	NA	NA	NA	NA	NA	NA	NA	NA	NA	NA	NA	NA	NA
spatial	figures/stage10e_desc/source_data/Fig10E_DESC_1_case4_spatial_source_data.tsv	452ce84d1ebe64fd247b6ce303433521701c4c1d3d52176bf3728ccc31f3dbb6	case4	1	TACGCTCGGTATTGGA-1	Adenoma	2966	2028	113	61	TRUE	0.734510974669932	7.60587759551836	30	36	descriptive only	NA	NA	NA	NA	NA	NA	NA	NA	NA	NA	NA	NA	NA	NA	NA
spatial	figures/stage10e_desc/source_data/Fig10E_DESC_1_case4_spatial_source_data.tsv	452ce84d1ebe64fd247b6ce303433521701c4c1d3d52176bf3728ccc31f3dbb6	case4	1	CTGGTAAAGTGTGGGC-1	Adenoma	3080	1962	114	60	TRUE	0.77767265823306	7.6290302181159	30	36	descriptive only	NA	NA	NA	NA	NA	NA	NA	NA	NA	NA	NA	NA	NA	NA	NA
spatial	figures/stage10e_desc/source_data/Fig10E_DESC_1_case4_spatial_source_data.tsv	452ce84d1ebe64fd247b6ce303433521701c4c1d3d52176bf3728ccc31f3dbb6	case4	1	CAACCAGTGGCCTACC-1	Adenoma	2965	1896	115	61	TRUE	0.891758634788934	7.65903289352692	30	36	descriptive only	NA	NA	NA	NA	NA	NA	NA	NA	NA	NA	NA	NA	NA	NA	NA
spatial	figures/stage10e_desc/source_data/Fig10E_DESC_1_case4_spatial_source_data.tsv	452ce84d1ebe64fd247b6ce303433521701c4c1d3d52176bf3728ccc31f3dbb6	case4	1	TCTTCGCGGTGAGAGG-1	Adenoma	3079	1830	116	60	TRUE	0.698299077459306	7.87202359365982	30	36	descriptive only	NA	NA	NA	NA	NA	NA	NA	NA	NA	NA	NA	NA	NA	NA	NA
spatial	figures/stage10e_desc/source_data/Fig10E_DESC_1_case4_spatial_source_data.tsv	452ce84d1ebe64fd247b6ce303433521701c4c1d3d52176bf3728ccc31f3dbb6	case4	1	TTCGGGTTGCCACGGG-1	Adenoma	2965	1765	117	61	TRUE	0.517235190469903	7.89461124844491	30	36	descriptive only	NA	NA	NA	NA	NA	NA	NA	NA	NA	NA	NA	NA	NA	NA	NA
spatial	figures/stage10e_desc/source_data/Fig10E_DESC_1_case4_spatial_source_data.tsv	452ce84d1ebe64fd247b6ce303433521701c4c1d3d52176bf3728ccc31f3dbb6	case4	1	ACCGATAGGCATAACC-1	Adenoma	3079	1698	118	60	TRUE	0.55468853965336	7.87160086801157	30	36	descriptive only	NA	NA	NA	NA	NA	NA	NA	NA	NA	NA	NA	NA	NA	NA	NA
spatial	figures/stage10e_desc/source_data/Fig10E_DESC_1_case4_spatial_source_data.tsv	452ce84d1ebe64fd247b6ce303433521701c4c1d3d52176bf3728ccc31f3dbb6	case4	1	CTTATAGATGGCTGTT-1	Adenoma	2964	1633	119	61	TRUE	0.543115972645956	7.7913227319777	30	36	descriptive only	NA	NA	NA	NA	NA	NA	NA	NA	NA	NA	NA	NA	NA	NA	NA
spatial	figures/stage10e_desc/source_data/Fig10E_DESC_1_case4_spatial_source_data.tsv	452ce84d1ebe64fd247b6ce303433521701c4c1d3d52176bf3728ccc31f3dbb6	case4	1	AGACGCCCACTTCGCC-1	Adenoma	3079	1567	120	60	TRUE	0.377807403408291	7.83468238941161	30	36	descriptive only	NA	NA	NA	NA	NA	NA	NA	NA	NA	NA	NA	NA	NA	NA	NA
spatial	figures/stage10e_desc/source_data/Fig10E_DESC_1_case4_spatial_source_data.tsv	452ce84d1ebe64fd247b6ce303433521701c4c1d3d52176bf3728ccc31f3dbb6	case4	1	AGGTCGCCTCCCAACA-1	Adenoma	2964	1501	121	61	TRUE	0.537946027558838	7.69919799609311	30	36	descriptive only	NA	NA	NA	NA	NA	NA	NA	NA	NA	NA	NA	NA	NA	NA	NA
spatial	figures/stage10e_desc/source_data/Fig10E_DESC_1_case4_spatial_source_data.tsv	452ce84d1ebe64fd247b6ce303433521701c4c1d3d52176bf3728ccc31f3dbb6	case4	1	CCTCACGTCAGCTAAT-1	Adenoma	3078	1435	122	60	TRUE	0.581027915641998	7.65193633559537	30	36	descriptive only	NA	NA	NA	NA	NA	NA	NA	NA	NA	NA	NA	NA	NA	NA	NA
spatial	figures/stage10e_desc/source_data/Fig10E_DESC_1_case4_spatial_source_data.tsv	452ce84d1ebe64fd247b6ce303433521701c4c1d3d52176bf3728ccc31f3dbb6	case4	1	CCACCTGTATGGAATA-1	Adenoma	2964	1370	123	61	TRUE	0.786060826340754	7.7522992438026	30	36	descriptive only	NA	NA	NA	NA	NA	NA	NA	NA	NA	NA	NA	NA	NA	NA	NA
spatial	figures/stage10e_desc/source_data/Fig10E_DESC_1_case4_spatial_source_data.tsv	452ce84d1ebe64fd247b6ce303433521701c4c1d3d52176bf3728ccc31f3dbb6	case4	1	TCAATACGCCGTCATG-1	Adenoma	2747	5450	61	63	TRUE	0.906827484324355	7.70978681252194	30	36	descriptive only	NA	NA	NA	NA	NA	NA	NA	NA	NA	NA	NA	NA	NA	NA	NA
spatial	figures/stage10e_desc/source_data/Fig10E_DESC_1_case4_spatial_source_data.tsv	452ce84d1ebe64fd247b6ce303433521701c4c1d3d52176bf3728ccc31f3dbb6	case4	1	ATACGTTATGCACGGA-1	Adenoma	2746	5318	63	63	TRUE	0.814043327926418	7.94454214179872	30	36	descriptive only	NA	NA	NA	NA	NA	NA	NA	NA	NA	NA	NA	NA	NA	NA	NA
spatial	figures/stage10e_desc/source_data/Fig10E_DESC_1_case4_spatial_source_data.tsv	452ce84d1ebe64fd247b6ce303433521701c4c1d3d52176bf3728ccc31f3dbb6	case4	1	GAGTAGATACTAGTTG-1	Adenoma	2861	5252	64	62	TRUE	0.919663908355782	7.82662188666944	30	36	descriptive only	NA	NA	NA	NA	NA	NA	NA	NA	NA	NA	NA	NA	NA	NA	NA
spatial	figures/stage10e_desc/source_data/Fig10E_DESC_1_case4_spatial_source_data.tsv	452ce84d1ebe64fd247b6ce303433521701c4c1d3d52176bf3728ccc31f3dbb6	case4	1	CCAGCTCGAACGCATT-1	Adenoma	2746	5187	65	63	TRUE	0.675922360544317	7.84328588900002	30	36	descriptive only	NA	NA	NA	NA	NA	NA	NA	NA	NA	NA	NA	NA	NA	NA	NA
spatial	figures/stage10e_desc/source_data/Fig10E_DESC_1_case4_spatial_source_data.tsv	452ce84d1ebe64fd247b6ce303433521701c4c1d3d52176bf3728ccc31f3dbb6	case4	1	TGCTTCCCAAGCAGTA-1	Adenoma	2860	5121	66	62	TRUE	0.92295184761359	7.62104238916149	30	36	descriptive only	NA	NA	NA	NA	NA	NA	NA	NA	NA	NA	NA	NA	NA	NA	NA
spatial	figures/stage10e_desc/source_data/Fig10E_DESC_1_case4_spatial_source_data.tsv	452ce84d1ebe64fd247b6ce303433521701c4c1d3d52176bf3728ccc31f3dbb6	case4	1	GTAGACACGCCTGACT-1	Adenoma	2746	5055	67	63	TRUE	0.849228548982701	7.76449105129745	30	36	descriptive only	NA	NA	NA	NA	NA	NA	NA	NA	NA	NA	NA	NA	NA	NA	NA
spatial	figures/stage10e_desc/source_data/Fig10E_DESC_1_case4_spatial_source_data.tsv	452ce84d1ebe64fd247b6ce303433521701c4c1d3d52176bf3728ccc31f3dbb6	case4	1	CTCACATTTACTAAAT-1	Adenoma	2860	4989	68	62	TRUE	0.848362245995721	7.5425928732892	30	36	descriptive only	NA	NA	NA	NA	NA	NA	NA	NA	NA	NA	NA	NA	NA	NA	NA
spatial	figures/stage10e_desc/source_data/Fig10E_DESC_1_case4_spatial_source_data.tsv	452ce84d1ebe64fd247b6ce303433521701c4c1d3d52176bf3728ccc31f3dbb6	case4	1	GAATGCGAATCGGTTC-1	Adenoma	2745	4924	69	63	TRUE	0.625566216611819	7.66108969545126	30	36	descriptive only	NA	NA	NA	NA	NA	NA	NA	NA	NA	NA	NA	NA	NA	NA	NA
spatial	figures/stage10e_desc/source_data/Fig10E_DESC_1_case4_spatial_source_data.tsv	452ce84d1ebe64fd247b6ce303433521701c4c1d3d52176bf3728ccc31f3dbb6	case4	1	TAAGGCCCGTCACCCT-1	Adenoma	2860	4857	70	62	TRUE	0.884444803788526	7.54074321983614	30	36	descriptive only	NA	NA	NA	NA	NA	NA	NA	NA	NA	NA	NA	NA	NA	NA	NA
spatial	figures/stage10e_desc/source_data/Fig10E_DESC_1_case4_spatial_source_data.tsv	452ce84d1ebe64fd247b6ce303433521701c4c1d3d52176bf3728ccc31f3dbb6	case4	1	GAGTATGCGCGTGCAT-1	Adenoma	2745	4792	71	63	TRUE	0.858410075954196	7.78592947911243	30	36	descriptive only	NA	NA	NA	NA	NA	NA	NA	NA	NA	NA	NA	NA	NA	NA	NA
spatial	figures/stage10e_desc/source_data/Fig10E_DESC_1_case4_spatial_source_data.tsv	452ce84d1ebe64fd247b6ce303433521701c4c1d3d52176bf3728ccc31f3dbb6	case4	1	ATCCACATCGACAGAA-1	Adenoma	2859	4726	72	62	TRUE	0.908926212453322	7.77111074277157	30	36	descriptive only	NA	NA	NA	NA	NA	NA	NA	NA	NA	NA	NA	NA	NA	NA	NA
spatial	figures/stage10e_desc/source_data/Fig10E_DESC_1_case4_spatial_source_data.tsv	452ce84d1ebe64fd247b6ce303433521701c4c1d3d52176bf3728ccc31f3dbb6	case4	1	TAGACGAAACGCCAAT-1	Adenoma	2744	4660	73	63	TRUE	0.591898896432187	7.72925751219667	30	36	descriptive only	NA	NA	NA	NA	NA	NA	NA	NA	NA	NA	NA	NA	NA	NA	NA
spatial	figures/stage10e_desc/source_data/Fig10E_DESC_1_case4_spatial_source_data.tsv	452ce84d1ebe64fd247b6ce303433521701c4c1d3d52176bf3728ccc31f3dbb6	case4	1	CAGCAGTCTGTGCTGC-1	Adenoma	2859	4594	74	62	TRUE	0.86988137669706	7.6534894833422	30	36	descriptive only	NA	NA	NA	NA	NA	NA	NA	NA	NA	NA	NA	NA	NA	NA	NA
spatial	figures/stage10e_desc/source_data/Fig10E_DESC_1_case4_spatial_source_data.tsv	452ce84d1ebe64fd247b6ce303433521701c4c1d3d52176bf3728ccc31f3dbb6	case4	1	CTCACTGTGATACTTA-1	Adenoma	2744	4529	75	63	TRUE	0.710665161321225	7.62867092611584	30	36	descriptive only	NA	NA	NA	NA	NA	NA	NA	NA	NA	NA	NA	NA	NA	NA	NA
spatial	figures/stage10e_desc/source_data/Fig10E_DESC_1_case4_spatial_source_data.tsv	452ce84d1ebe64fd247b6ce303433521701c4c1d3d52176bf3728ccc31f3dbb6	case4	1	TTAATTGCTTTGGGTG-1	Adenoma	2858	4463	76	62	TRUE	0.811268281358674	7.36407145061025	30	36	descriptive only	NA	NA	NA	NA	NA	NA	NA	NA	NA	NA	NA	NA	NA	NA	NA
spatial	figures/stage10e_desc/source_data/Fig10E_DESC_1_case4_spatial_source_data.tsv	452ce84d1ebe64fd247b6ce303433521701c4c1d3d52176bf3728ccc31f3dbb6	case4	1	GTAGTCTACGATATTG-1	Adenoma	2744	4397	77	63	TRUE	0.71950757247212	7.4956617579882	30	36	descriptive only	NA	NA	NA	NA	NA	NA	NA	NA	NA	NA	NA	NA	NA	NA	NA
spatial	figures/stage10e_desc/source_data/Fig10E_DESC_1_case4_spatial_source_data.tsv	452ce84d1ebe64fd247b6ce303433521701c4c1d3d52176bf3728ccc31f3dbb6	case4	1	TTGCCGCTTTCTAGTA-1	Adenoma	2858	4331	78	62	TRUE	0.946055319348833	7.61911120858041	30	36	descriptive only	NA	NA	NA	NA	NA	NA	NA	NA	NA	NA	NA	NA	NA	NA	NA
spatial	figures/stage10e_desc/source_data/Fig10E_DESC_1_case4_spatial_source_data.tsv	452ce84d1ebe64fd247b6ce303433521701c4c1d3d52176bf3728ccc31f3dbb6	case4	1	GAACCTTTAACGATCC-1	Adenoma	2743	4266	79	63	TRUE	0.955449563578169	7.53194996391985	30	36	descriptive only	NA	NA	NA	NA	NA	NA	NA	NA	NA	NA	NA	NA	NA	NA	NA
spatial	figures/stage10e_desc/source_data/Fig10E_DESC_1_case4_spatial_source_data.tsv	452ce84d1ebe64fd247b6ce303433521701c4c1d3d52176bf3728ccc31f3dbb6	case4	1	TGGACCAATCTAAGAT-1	Adenoma	2858	4199	80	62	TRUE	0.873255109012438	7.63838386700045	30	36	descriptive only	NA	NA	NA	NA	NA	NA	NA	NA	NA	NA	NA	NA	NA	NA	NA
spatial	figures/stage10e_desc/source_data/Fig10E_DESC_1_case4_spatial_source_data.tsv	452ce84d1ebe64fd247b6ce303433521701c4c1d3d52176bf3728ccc31f3dbb6	case4	1	CTAGTAGAAAGGGATT-1	Adenoma	2743	4134	81	63	TRUE	0.663442915552232	7.63320528905107	30	36	descriptive only	NA	NA	NA	NA	NA	NA	NA	NA	NA	NA	NA	NA	NA	NA	NA
spatial	figures/stage10e_desc/source_data/Fig10E_DESC_1_case4_spatial_source_data.tsv	452ce84d1ebe64fd247b6ce303433521701c4c1d3d52176bf3728ccc31f3dbb6	case4	1	AACCTCGCTTTAGCCC-1	Adenoma	2857	4068	82	62	TRUE	0.879840648916983	7.74330203086449	30	36	descriptive only	NA	NA	NA	NA	NA	NA	NA	NA	NA	NA	NA	NA	NA	NA	NA
spatial	figures/stage10e_desc/source_data/Fig10E_DESC_1_case4_spatial_source_data.tsv	452ce84d1ebe64fd247b6ce303433521701c4c1d3d52176bf3728ccc31f3dbb6	case4	1	GAGTGTCAACCAGAAA-1	Adenoma	2743	4002	83	63	TRUE	0.68941786536709	7.64721340155295	30	36	descriptive only	NA	NA	NA	NA	NA	NA	NA	NA	NA	NA	NA	NA	NA	NA	NA
spatial	figures/stage10e_desc/source_data/Fig10E_DESC_1_case4_spatial_source_data.tsv	452ce84d1ebe64fd247b6ce303433521701c4c1d3d52176bf3728ccc31f3dbb6	case4	1	GTGATCCTTGTCATGA-1	Adenoma	2857	3936	84	62	TRUE	0.842486597239931	7.74055385674802	30	36	descriptive only	NA	NA	NA	NA	NA	NA	NA	NA	NA	NA	NA	NA	NA	NA	NA
spatial	figures/stage10e_desc/source_data/Fig10E_DESC_1_case4_spatial_source_data.tsv	452ce84d1ebe64fd247b6ce303433521701c4c1d3d52176bf3728ccc31f3dbb6	case4	1	CTCAACTAACCCGGAT-1	Adenoma	2742	3871	85	63	TRUE	0.919401109863782	7.63003397653912	30	36	descriptive only	NA	NA	NA	NA	NA	NA	NA	NA	NA	NA	NA	NA	NA	NA	NA
spatial	figures/stage10e_desc/source_data/Fig10E_DESC_1_case4_spatial_source_data.tsv	452ce84d1ebe64fd247b6ce303433521701c4c1d3d52176bf3728ccc31f3dbb6	case4	1	AGGCCTGAGAATCTCG-1	Adenoma	2856	3673	88	62	TRUE	0.793331881766263	7.69648587461529	30	36	descriptive only	NA	NA	NA	NA	NA	NA	NA	NA	NA	NA	NA	NA	NA	NA	NA
spatial	figures/stage10e_desc/source_data/Fig10E_DESC_1_case4_spatial_source_data.tsv	452ce84d1ebe64fd247b6ce303433521701c4c1d3d52176bf3728ccc31f3dbb6	case4	1	AGCCACAGGTTACCCG-1	Adenoma	2741	3608	89	63	TRUE	0.640967397625659	7.80340036390684	30	36	descriptive only	NA	NA	NA	NA	NA	NA	NA	NA	NA	NA	NA	NA	NA	NA	NA
spatial	figures/stage10e_desc/source_data/Fig10E_DESC_1_case4_spatial_source_data.tsv	452ce84d1ebe64fd247b6ce303433521701c4c1d3d52176bf3728ccc31f3dbb6	case4	1	CCTATGTCCACTCCAC-1	Adenoma	2855	3410	92	62	TRUE	0.492768223832915	7.80100560764276	30	36	descriptive only	NA	NA	NA	NA	NA	NA	NA	NA	NA	NA	NA	NA	NA	NA	NA
spatial	figures/stage10e_desc/source_data/Fig10E_DESC_1_case4_spatial_source_data.tsv	452ce84d1ebe64fd247b6ce303433521701c4c1d3d52176bf3728ccc31f3dbb6	case4	1	CTGCCTTTCTAGTAAA-1	Adenoma	2741	3344	93	63	TRUE	0.967624089133004	7.909702916915	30	36	descriptive only	NA	NA	NA	NA	NA	NA	NA	NA	NA	NA	NA	NA	NA	NA	NA
spatial	figures/stage10e_desc/source_data/Fig10E_DESC_1_case4_spatial_source_data.tsv	452ce84d1ebe64fd247b6ce303433521701c4c1d3d52176bf3728ccc31f3dbb6	case4	1	TTAGTAAACCTGCTCT-1	Adenoma	2855	3278	94	62	TRUE	0.884005149805628	7.72404359791801	30	36	descriptive only	NA	NA	NA	NA	NA	NA	NA	NA	NA	NA	NA	NA	NA	NA	NA
spatial	figures/stage10e_desc/source_data/Fig10E_DESC_1_case4_spatial_source_data.tsv	452ce84d1ebe64fd247b6ce303433521701c4c1d3d52176bf3728ccc31f3dbb6	case4	1	TTGTGGTGGTACTAAG-1	Adenoma	2740	3213	95	63	TRUE	0.978785143222635	7.78877231456025	30	36	descriptive only	NA	NA	NA	NA	NA	NA	NA	NA	NA	NA	NA	NA	NA	NA	NA
spatial	figures/stage10e_desc/source_data/Fig10E_DESC_1_case4_spatial_source_data.tsv	452ce84d1ebe64fd247b6ce303433521701c4c1d3d52176bf3728ccc31f3dbb6	case4	1	CCTCCTGTTGTGTCGT-1	Adenoma	2854	3147	96	62	TRUE	0.87372204764265	7.73217729182215	30	36	descriptive only	NA	NA	NA	NA	NA	NA	NA	NA	NA	NA	NA	NA	NA	NA	NA
spatial	figures/stage10e_desc/source_data/Fig10E_DESC_1_case4_spatial_source_data.tsv	452ce84d1ebe64fd247b6ce303433521701c4c1d3d52176bf3728ccc31f3dbb6	case4	1	ACAAAGCATGACCTAG-1	Adenoma	2740	3081	97	63	TRUE	0.711865431262951	7.78113427117186	30	36	descriptive only	NA	NA	NA	NA	NA	NA	NA	NA	NA	NA	NA	NA	NA	NA	NA
spatial	figures/stage10e_desc/source_data/Fig10E_DESC_1_case4_spatial_source_data.tsv	452ce84d1ebe64fd247b6ce303433521701c4c1d3d52176bf3728ccc31f3dbb6	case4	1	ATAGCAACTAGGGAAG-1	Adenoma	2854	3015	98	62	TRUE	0.640256330230718	7.76955732089679	30	36	descriptive only	NA	NA	NA	NA	NA	NA	NA	NA	NA	NA	NA	NA	NA	NA	NA
spatial	figures/stage10e_desc/source_data/Fig10E_DESC_1_case4_spatial_source_data.tsv	452ce84d1ebe64fd247b6ce303433521701c4c1d3d52176bf3728ccc31f3dbb6	case4	1	CCGCTCTTCCGAACTA-1	Adenoma	2739	2950	99	63	TRUE	0.536643833338579	7.66341074160473	30	36	descriptive only	NA	NA	NA	NA	NA	NA	NA	NA	NA	NA	NA	NA	NA	NA	NA
spatial	figures/stage10e_desc/source_data/Fig10E_DESC_1_case4_spatial_source_data.tsv	452ce84d1ebe64fd247b6ce303433521701c4c1d3d52176bf3728ccc31f3dbb6	case4	1	TAGAATAGCCGATGAA-1	Adenoma	2854	2883	100	62	TRUE	0.779501475209843	7.60748216107091	30	36	descriptive only	NA	NA	NA	NA	NA	NA	NA	NA	NA	NA	NA	NA	NA	NA	NA
spatial	figures/stage10e_desc/source_data/Fig10E_DESC_1_case4_spatial_source_data.tsv	452ce84d1ebe64fd247b6ce303433521701c4c1d3d52176bf3728ccc31f3dbb6	case4	1	GGTCTCCGTCCAGGTT-1	Adenoma	2739	2818	101	63	TRUE	0.506704135747762	7.69385741559897	30	36	descriptive only	NA	NA	NA	NA	NA	NA	NA	NA	NA	NA	NA	NA	NA	NA	NA
spatial	figures/stage10e_desc/source_data/Fig10E_DESC_1_case4_spatial_source_data.tsv	452ce84d1ebe64fd247b6ce303433521701c4c1d3d52176bf3728ccc31f3dbb6	case4	1	TAATTACGTCAGTAGA-1	Adenoma	2853	2752	102	62	TRUE	0.650345695268403	7.7628171760032	30	36	descriptive only	NA	NA	NA	NA	NA	NA	NA	NA	NA	NA	NA	NA	NA	NA	NA
spatial	figures/stage10e_desc/source_data/Fig10E_DESC_1_case4_spatial_source_data.tsv	452ce84d1ebe64fd247b6ce303433521701c4c1d3d52176bf3728ccc31f3dbb6	case4	1	TACGTAAAGCGGAGTG-1	Adenoma	2739	2686	103	63	TRUE	0.534128133590618	7.77340078149641	30	36	descriptive only	NA	NA	NA	NA	NA	NA	NA	NA	NA	NA	NA	NA	NA	NA	NA
spatial	figures/stage10e_desc/source_data/Fig10E_DESC_1_case4_spatial_source_data.tsv	452ce84d1ebe64fd247b6ce303433521701c4c1d3d52176bf3728ccc31f3dbb6	case4	1	GCTACAATCGAGGATA-1	Adenoma	2853	2620	104	62	TRUE	0.4996674695624	7.74446686588428	30	36	descriptive only	NA	NA	NA	NA	NA	NA	NA	NA	NA	NA	NA	NA	NA	NA	NA
spatial	figures/stage10e_desc/source_data/Fig10E_DESC_1_case4_spatial_source_data.tsv	452ce84d1ebe64fd247b6ce303433521701c4c1d3d52176bf3728ccc31f3dbb6	case4	1	TCAGCCAATCCGTAAA-1	Adenoma	2738	2555	105	63	TRUE	0.56598961148723	7.68359040531234	30	36	descriptive only	NA	NA	NA	NA	NA	NA	NA	NA	NA	NA	NA	NA	NA	NA	NA
spatial	figures/stage10e_desc/source_data/Fig10E_DESC_1_case4_spatial_source_data.tsv	452ce84d1ebe64fd247b6ce303433521701c4c1d3d52176bf3728ccc31f3dbb6	case4	1	ATCATAGCCCTATGTA-1	Adenoma	2852	2489	106	62	TRUE	0.607427064103861	7.79760043364179	30	36	descriptive only	NA	NA	NA	NA	NA	NA	NA	NA	NA	NA	NA	NA	NA	NA	NA
spatial	figures/stage10e_desc/source_data/Fig10E_DESC_1_case4_spatial_source_data.tsv	452ce84d1ebe64fd247b6ce303433521701c4c1d3d52176bf3728ccc31f3dbb6	case4	1	GAGGCCTGTTGATACA-1	Adenoma	2738	2423	107	63	TRUE	0.591747946754777	7.74804458069761	30	36	descriptive only	NA	NA	NA	NA	NA	NA	NA	NA	NA	NA	NA	NA	NA	NA	NA
spatial	figures/stage10e_desc/source_data/Fig10E_DESC_1_case4_spatial_source_data.tsv	452ce84d1ebe64fd247b6ce303433521701c4c1d3d52176bf3728ccc31f3dbb6	case4	1	ATATACGCTCGTGACG-1	Adenoma	2852	2357	108	62	TRUE	0.486226784437115	7.75660204219035	30	36	descriptive only	NA	NA	NA	NA	NA	NA	NA	NA	NA	NA	NA	NA	NA	NA	NA
spatial	figures/stage10e_desc/source_data/Fig10E_DESC_1_case4_spatial_source_data.tsv	452ce84d1ebe64fd247b6ce303433521701c4c1d3d52176bf3728ccc31f3dbb6	case4	1	CCCTTTAATGGAGTTC-1	Adenoma	2737	2292	109	63	TRUE	0.540111341755438	7.87566393445339	30	36	descriptive only	NA	NA	NA	NA	NA	NA	NA	NA	NA	NA	NA	NA	NA	NA	NA
spatial	figures/stage10e_desc/source_data/Fig10E_DESC_1_case4_spatial_source_data.tsv	452ce84d1ebe64fd247b6ce303433521701c4c1d3d52176bf3728ccc31f3dbb6	case4	1	TTACACGATCTGCGAC-1	Adenoma	2852	2226	110	62	TRUE	0.562398547223244	7.73525810147336	30	36	descriptive only	NA	NA	NA	NA	NA	NA	NA	NA	NA	NA	NA	NA	NA	NA	NA
spatial	figures/stage10e_desc/source_data/Fig10E_DESC_1_case4_spatial_source_data.tsv	452ce84d1ebe64fd247b6ce303433521701c4c1d3d52176bf3728ccc31f3dbb6	case4	1	TCGCATAAAGGGCGCA-1	Adenoma	2737	2160	111	63	TRUE	0.508130957060312	7.72652485411114	30	36	descriptive only	NA	NA	NA	NA	NA	NA	NA	NA	NA	NA	NA	NA	NA	NA	NA
spatial	figures/stage10e_desc/source_data/Fig10E_DESC_1_case4_spatial_source_data.tsv	452ce84d1ebe64fd247b6ce303433521701c4c1d3d52176bf3728ccc31f3dbb6	case4	1	TGTAGCCATCCCATTC-1	Adenoma	2851	2094	112	62	TRUE	0.642636990634038	7.59535948892563	30	36	descriptive only	NA	NA	NA	NA	NA	NA	NA	NA	NA	NA	NA	NA	NA	NA	NA
spatial	figures/stage10e_desc/source_data/Fig10E_DESC_1_case4_spatial_source_data.tsv	452ce84d1ebe64fd247b6ce303433521701c4c1d3d52176bf3728ccc31f3dbb6	case4	1	GGAGGGTCAAGTAAGA-1	Adenoma	2851	1962	114	62	TRUE	0.680645491122229	7.88447885978448	30	36	descriptive only	NA	NA	NA	NA	NA	NA	NA	NA	NA	NA	NA	NA	NA	NA	NA
spatial	figures/stage10e_desc/source_data/Fig10E_DESC_1_case4_spatial_source_data.tsv	452ce84d1ebe64fd247b6ce303433521701c4c1d3d52176bf3728ccc31f3dbb6	case4	1	CACGTCAATCAATGGA-1	Adenoma	2851	1831	116	62	TRUE	0.620889317084551	7.78429597301665	30	36	descriptive only	NA	NA	NA	NA	NA	NA	NA	NA	NA	NA	NA	NA	NA	NA	NA
spatial	figures/stage10e_desc/source_data/Fig10E_DESC_1_case4_spatial_source_data.tsv	452ce84d1ebe64fd247b6ce303433521701c4c1d3d52176bf3728ccc31f3dbb6	case4	1	CGCGGTACGGTATACA-1	Adenoma	2850	1699	118	62	TRUE	0.592617035793968	7.72283494515402	30	36	descriptive only	NA	NA	NA	NA	NA	NA	NA	NA	NA	NA	NA	NA	NA	NA	NA
spatial	figures/stage10e_desc/source_data/Fig10E_DESC_1_case4_spatial_source_data.tsv	452ce84d1ebe64fd247b6ce303433521701c4c1d3d52176bf3728ccc31f3dbb6	case4	1	CGTTTGGTGTTGTGGG-1	Adenoma	2850	1568	120	62	TRUE	0.638390572624199	7.80470549715174	30	36	descriptive only	NA	NA	NA	NA	NA	NA	NA	NA	NA	NA	NA	NA	NA	NA	NA
spatial	figures/stage10e_desc/source_data/Fig10E_DESC_1_case4_spatial_source_data.tsv	452ce84d1ebe64fd247b6ce303433521701c4c1d3d52176bf3728ccc31f3dbb6	case4	1	AGTTGACGGTCCTTGC-1	Adenoma	2517	5319	63	65	TRUE	0.881463960773782	7.61373893631362	30	36	descriptive only	NA	NA	NA	NA	NA	NA	NA	NA	NA	NA	NA	NA	NA	NA	NA
spatial	figures/stage10e_desc/source_data/Fig10E_DESC_1_case4_spatial_source_data.tsv	452ce84d1ebe64fd247b6ce303433521701c4c1d3d52176bf3728ccc31f3dbb6	case4	1	ATAATTAGCTAAGTAG-1	Adenoma	2632	5253	64	64	TRUE	0.731696031840155	7.66853361664384	30	36	descriptive only	NA	NA	NA	NA	NA	NA	NA	NA	NA	NA	NA	NA	NA	NA	NA
spatial	figures/stage10e_desc/source_data/Fig10E_DESC_1_case4_spatial_source_data.tsv	452ce84d1ebe64fd247b6ce303433521701c4c1d3d52176bf3728ccc31f3dbb6	case4	1	GGTCTTGAGCGCTCTT-1	Adenoma	2517	5187	65	65	TRUE	0.54155336270682	7.70833949590439	30	36	descriptive only	NA	NA	NA	NA	NA	NA	NA	NA	NA	NA	NA	NA	NA	NA	NA
spatial	figures/stage10e_desc/source_data/Fig10E_DESC_1_case4_spatial_source_data.tsv	452ce84d1ebe64fd247b6ce303433521701c4c1d3d52176bf3728ccc31f3dbb6	case4	1	CGTTGTCGGCAATTGA-1	Adenoma	2631	5121	66	64	TRUE	0.907634956407149	7.72313180274989	30	36	descriptive only	NA	NA	NA	NA	NA	NA	NA	NA	NA	NA	NA	NA	NA	NA	NA
spatial	figures/stage10e_desc/source_data/Fig10E_DESC_1_case4_spatial_source_data.tsv	452ce84d1ebe64fd247b6ce303433521701c4c1d3d52176bf3728ccc31f3dbb6	case4	1	TCTTGCTCCCGATACT-1	Adenoma	2517	5056	67	65	TRUE	0.819514380247695	7.91121138391812	30	36	descriptive only	NA	NA	NA	NA	NA	NA	NA	NA	NA	NA	NA	NA	NA	NA	NA
spatial	figures/stage10e_desc/source_data/Fig10E_DESC_1_case4_spatial_source_data.tsv	452ce84d1ebe64fd247b6ce303433521701c4c1d3d52176bf3728ccc31f3dbb6	case4	1	AGCAGAAGGAGAAAGA-1	Adenoma	2631	4990	68	64	TRUE	0.800090092841252	8.04726978624746	30	36	descriptive only	NA	NA	NA	NA	NA	NA	NA	NA	NA	NA	NA	NA	NA	NA	NA
spatial	figures/stage10e_desc/source_data/Fig10E_DESC_1_case4_spatial_source_data.tsv	452ce84d1ebe64fd247b6ce303433521701c4c1d3d52176bf3728ccc31f3dbb6	case4	1	GAAGCCACTGATTATG-1	Adenoma	2516	4924	69	65	TRUE	0.687265482512043	7.66679249021466	30	36	descriptive only	NA	NA	NA	NA	NA	NA	NA	NA	NA	NA	NA	NA	NA	NA	NA
spatial	figures/stage10e_desc/source_data/Fig10E_DESC_1_case4_spatial_source_data.tsv	452ce84d1ebe64fd247b6ce303433521701c4c1d3d52176bf3728ccc31f3dbb6	case4	1	TGCTCTTGAGAGTTTG-1	Adenoma	2631	4858	70	64	TRUE	0.841723665689829	7.50845947396099	30	36	descriptive only	NA	NA	NA	NA	NA	NA	NA	NA	NA	NA	NA	NA	NA	NA	NA
spatial	figures/stage10e_desc/source_data/Fig10E_DESC_1_case4_spatial_source_data.tsv	452ce84d1ebe64fd247b6ce303433521701c4c1d3d52176bf3728ccc31f3dbb6	case4	1	GACATCCGTCGAACTG-1	Adenoma	2516	4793	71	65	TRUE	0.688334222511309	7.63885251339199	30	36	descriptive only	NA	NA	NA	NA	NA	NA	NA	NA	NA	NA	NA	NA	NA	NA	NA
spatial	figures/stage10e_desc/source_data/Fig10E_DESC_1_case4_spatial_source_data.tsv	452ce84d1ebe64fd247b6ce303433521701c4c1d3d52176bf3728ccc31f3dbb6	case4	1	AGATATAATACGACTA-1	Adenoma	2630	4726	72	64	TRUE	0.672276775593256	7.63952729793679	30	36	descriptive only	NA	NA	NA	NA	NA	NA	NA	NA	NA	NA	NA	NA	NA	NA	NA
spatial	figures/stage10e_desc/source_data/Fig10E_DESC_1_case4_spatial_source_data.tsv	452ce84d1ebe64fd247b6ce303433521701c4c1d3d52176bf3728ccc31f3dbb6	case4	1	TCGCTACTGGCTTTGA-1	Adenoma	2516	4661	73	65	TRUE	0.79665329780029	7.76230390930697	30	36	descriptive only	NA	NA	NA	NA	NA	NA	NA	NA	NA	NA	NA	NA	NA	NA	NA
spatial	figures/stage10e_desc/source_data/Fig10E_DESC_1_case4_spatial_source_data.tsv	452ce84d1ebe64fd247b6ce303433521701c4c1d3d52176bf3728ccc31f3dbb6	case4	1	GTGACAGCTTCCCACT-1	Adenoma	2630	4595	74	64	TRUE	0.7199718632016	7.72347131066702	30	36	descriptive only	NA	NA	NA	NA	NA	NA	NA	NA	NA	NA	NA	NA	NA	NA	NA
spatial	figures/stage10e_desc/source_data/Fig10E_DESC_1_case4_spatial_source_data.tsv	452ce84d1ebe64fd247b6ce303433521701c4c1d3d52176bf3728ccc31f3dbb6	case4	1	GTGACGCAGGTTTCAT-1	Adenoma	2515	4529	75	65	TRUE	0.594626398002955	7.91447502499982	30	36	descriptive only	NA	NA	NA	NA	NA	NA	NA	NA	NA	NA	NA	NA	NA	NA	NA
spatial	figures/stage10e_desc/source_data/Fig10E_DESC_1_case4_spatial_source_data.tsv	452ce84d1ebe64fd247b6ce303433521701c4c1d3d52176bf3728ccc31f3dbb6	case4	1	GGGAAGACGGTCTGTC-1	Adenoma	2629	4463	76	64	TRUE	0.768095440157212	7.64969249383653	30	36	descriptive only	NA	NA	NA	NA	NA	NA	NA	NA	NA	NA	NA	NA	NA	NA	NA
spatial	figures/stage10e_desc/source_data/Fig10E_DESC_1_case4_spatial_source_data.tsv	452ce84d1ebe64fd247b6ce303433521701c4c1d3d52176bf3728ccc31f3dbb6	case4	1	CGTCGCATGTGAGCCA-1	Adenoma	2515	4398	77	65	TRUE	0.652912763030648	7.67295307981055	30	36	descriptive only	NA	NA	NA	NA	NA	NA	NA	NA	NA	NA	NA	NA	NA	NA	NA
spatial	figures/stage10e_desc/source_data/Fig10E_DESC_1_case4_spatial_source_data.tsv	452ce84d1ebe64fd247b6ce303433521701c4c1d3d52176bf3728ccc31f3dbb6	case4	1	AGAAGGTTGTAGGTCG-1	Adenoma	2629	4332	78	64	TRUE	0.646836974836227	7.65113069195798	30	36	descriptive only	NA	NA	NA	NA	NA	NA	NA	NA	NA	NA	NA	NA	NA	NA	NA
spatial	figures/stage10e_desc/source_data/Fig10E_DESC_1_case4_spatial_source_data.tsv	452ce84d1ebe64fd247b6ce303433521701c4c1d3d52176bf3728ccc31f3dbb6	case4	1	GGCCGGCGTCTGCTAT-1	Adenoma	2514	4266	79	65	TRUE	0.657532478036724	7.67744023458667	30	36	descriptive only	NA	NA	NA	NA	NA	NA	NA	NA	NA	NA	NA	NA	NA	NA	NA
spatial	figures/stage10e_desc/source_data/Fig10E_DESC_1_case4_spatial_source_data.tsv	452ce84d1ebe64fd247b6ce303433521701c4c1d3d52176bf3728ccc31f3dbb6	case4	1	TTGACCAGGAACAACT-1	Adenoma	2629	4200	80	64	TRUE	0.514514795988199	7.59269862967562	30	36	descriptive only	NA	NA	NA	NA	NA	NA	NA	NA	NA	NA	NA	NA	NA	NA	NA
spatial	figures/stage10e_desc/source_data/Fig10E_DESC_1_case4_spatial_source_data.tsv	452ce84d1ebe64fd247b6ce303433521701c4c1d3d52176bf3728ccc31f3dbb6	case4	1	AGTCGTATAAAGCAGA-1	Adenoma	2514	4135	81	65	TRUE	0.419989504498603	7.74670889844172	30	36	descriptive only	NA	NA	NA	NA	NA	NA	NA	NA	NA	NA	NA	NA	NA	NA	NA
spatial	figures/stage10e_desc/source_data/Fig10E_DESC_1_case4_spatial_source_data.tsv	452ce84d1ebe64fd247b6ce303433521701c4c1d3d52176bf3728ccc31f3dbb6	case4	1	GGCGTAGGGAAAGCTG-1	Adenoma	2628	4069	82	64	TRUE	0.875640059815738	7.50624716896177	30	36	descriptive only	NA	NA	NA	NA	NA	NA	NA	NA	NA	NA	NA	NA	NA	NA	NA
spatial	figures/stage10e_desc/source_data/Fig10E_DESC_1_case4_spatial_source_data.tsv	452ce84d1ebe64fd247b6ce303433521701c4c1d3d52176bf3728ccc31f3dbb6	case4	1	AAACCTAAGCAGCCGG-1	Adenoma	2514	4003	83	65	TRUE	0.914176575035928	7.69156308712387	30	36	descriptive only	NA	NA	NA	NA	NA	NA	NA	NA	NA	NA	NA	NA	NA	NA	NA
spatial	figures/stage10e_desc/source_data/Fig10E_DESC_1_case4_spatial_source_data.tsv	452ce84d1ebe64fd247b6ce303433521701c4c1d3d52176bf3728ccc31f3dbb6	case4	1	ATTGCCTTTATGTTTG-1	Adenoma	2628	3937	84	64	TRUE	0.551408336787632	7.77362672390335	30	36	descriptive only	NA	NA	NA	NA	NA	NA	NA	NA	NA	NA	NA	NA	NA	NA	NA
spatial	figures/stage10e_desc/source_data/Fig10E_DESC_1_case4_spatial_source_data.tsv	452ce84d1ebe64fd247b6ce303433521701c4c1d3d52176bf3728ccc31f3dbb6	case4	1	CAGGCAGTCTTACCAG-1	Adenoma	2513	3871	85	65	TRUE	0.507810065291168	7.87431078522921	30	36	descriptive only	NA	NA	NA	NA	NA	NA	NA	NA	NA	NA	NA	NA	NA	NA	NA
spatial	figures/stage10e_desc/source_data/Fig10E_DESC_1_case4_spatial_source_data.tsv	452ce84d1ebe64fd247b6ce303433521701c4c1d3d52176bf3728ccc31f3dbb6	case4	1	AGCTAAGTACGCAGGC-1	Adenoma	2627	3805	86	64	TRUE	0.680664256635414	7.84303586653471	30	36	descriptive only	NA	NA	NA	NA	NA	NA	NA	NA	NA	NA	NA	NA	NA	NA	NA
spatial	figures/stage10e_desc/source_data/Fig10E_DESC_1_case4_spatial_source_data.tsv	452ce84d1ebe64fd247b6ce303433521701c4c1d3d52176bf3728ccc31f3dbb6	case4	1	AAATCCGATACACGCC-1	Adenoma	2513	3740	87	65	TRUE	0.765628425884265	7.63768281246965	30	36	descriptive only	NA	NA	NA	NA	NA	NA	NA	NA	NA	NA	NA	NA	NA	NA	NA
spatial	figures/stage10e_desc/source_data/Fig10E_DESC_1_case4_spatial_source_data.tsv	452ce84d1ebe64fd247b6ce303433521701c4c1d3d52176bf3728ccc31f3dbb6	case4	1	TTAAGTATTGTTATCC-1	Adenoma	2627	3542	90	64	TRUE	0.352776643280864	7.69233597301727	30	36	descriptive only	NA	NA	NA	NA	NA	NA	NA	NA	NA	NA	NA	NA	NA	NA	NA
spatial	figures/stage10e_desc/source_data/Fig10E_DESC_1_case4_spatial_source_data.tsv	452ce84d1ebe64fd247b6ce303433521701c4c1d3d52176bf3728ccc31f3dbb6	case4	1	AAACGGGCGTACGGGT-1	Adenoma	2512	3477	91	65	TRUE	0.38829302922829	7.76434028533457	30	36	descriptive only	NA	NA	NA	NA	NA	NA	NA	NA	NA	NA	NA	NA	NA	NA	NA
spatial	figures/stage10e_desc/source_data/Fig10E_DESC_1_case4_spatial_source_data.tsv	452ce84d1ebe64fd247b6ce303433521701c4c1d3d52176bf3728ccc31f3dbb6	case4	1	TCTATGCTATAACGAC-1	Adenoma	2626	3279	94	64	TRUE	0.986760453667103	7.76825357642469	30	36	descriptive only	NA	NA	NA	NA	NA	NA	NA	NA	NA	NA	NA	NA	NA	NA	NA
spatial	figures/stage10e_desc/source_data/Fig10E_DESC_1_case4_spatial_source_data.tsv	452ce84d1ebe64fd247b6ce303433521701c4c1d3d52176bf3728ccc31f3dbb6	case4	1	CGCGAAGTGGCATACT-1	Adenoma	2625	3147	96	64	TRUE	0.846852128750828	7.74015414386228	30	36	descriptive only	NA	NA	NA	NA	NA	NA	NA	NA	NA	NA	NA	NA	NA	NA	NA
spatial	figures/stage10e_desc/source_data/Fig10E_DESC_1_case4_spatial_source_data.tsv	452ce84d1ebe64fd247b6ce303433521701c4c1d3d52176bf3728ccc31f3dbb6	case4	1	GTCATGCGCGAGGGCT-1	Adenoma	2625	3016	98	64	TRUE	0.688265568890104	7.74047693764685	30	36	descriptive only	NA	NA	NA	NA	NA	NA	NA	NA	NA	NA	NA	NA	NA	NA	NA
spatial	figures/stage10e_desc/source_data/Fig10E_DESC_1_case4_spatial_source_data.tsv	452ce84d1ebe64fd247b6ce303433521701c4c1d3d52176bf3728ccc31f3dbb6	case4	1	TGGCTACACTCTACCT-1	Adenoma	2625	2884	100	64	TRUE	0.811384257281628	7.78357512811582	30	36	descriptive only	NA	NA	NA	NA	NA	NA	NA	NA	NA	NA	NA	NA	NA	NA	NA
spatial	figures/stage10e_desc/source_data/Fig10E_DESC_1_case4_spatial_source_data.tsv	452ce84d1ebe64fd247b6ce303433521701c4c1d3d52176bf3728ccc31f3dbb6	case4	1	ATCTTATCGCACACCC-1	Adenoma	2624	2621	104	64	TRUE	0.592134668882074	7.72656363671654	30	36	descriptive only	NA	NA	NA	NA	NA	NA	NA	NA	NA	NA	NA	NA	NA	NA	NA
spatial	figures/stage10e_desc/source_data/Fig10E_DESC_1_case4_spatial_source_data.tsv	452ce84d1ebe64fd247b6ce303433521701c4c1d3d52176bf3728ccc31f3dbb6	case4	1	TGACCAAATCTTAAAC-1	Adenoma	2403	5385	62	66	TRUE	0.873093969053789	8.0348063332531	30	36	descriptive only	NA	NA	NA	NA	NA	NA	NA	NA	NA	NA	NA	NA	NA	NA	NA
spatial	figures/stage10e_desc/source_data/Fig10E_DESC_1_case4_spatial_source_data.tsv	452ce84d1ebe64fd247b6ce303433521701c4c1d3d52176bf3728ccc31f3dbb6	case4	1	TTCGGTACTGTAGAGG-1	Adenoma	2289	5320	63	67	TRUE	0.675338615099751	7.69401940438822	30	36	descriptive only	NA	NA	NA	NA	NA	NA	NA	NA	NA	NA	NA	NA	NA	NA	NA
spatial	figures/stage10e_desc/source_data/Fig10E_DESC_1_case4_spatial_source_data.tsv	452ce84d1ebe64fd247b6ce303433521701c4c1d3d52176bf3728ccc31f3dbb6	case4	1	ATGTACGATGACGTCG-1	Adenoma	2403	5254	64	66	TRUE	0.796652792403817	7.79607362935184	30	36	descriptive only	NA	NA	NA	NA	NA	NA	NA	NA	NA	NA	NA	NA	NA	NA	NA
spatial	figures/stage10e_desc/source_data/Fig10E_DESC_1_case4_spatial_source_data.tsv	452ce84d1ebe64fd247b6ce303433521701c4c1d3d52176bf3728ccc31f3dbb6	case4	1	ATCTAGCTTGTGAGGG-1	Adenoma	2288	5188	65	67	TRUE	0.812424199826999	7.55462111079419	30	36	descriptive only	NA	NA	NA	NA	NA	NA	NA	NA	NA	NA	NA	NA	NA	NA	NA
spatial	figures/stage10e_desc/source_data/Fig10E_DESC_1_case4_spatial_source_data.tsv	452ce84d1ebe64fd247b6ce303433521701c4c1d3d52176bf3728ccc31f3dbb6	case4	1	AGCGGGTCTGACACTC-1	Adenoma	2402	5122	66	66	TRUE	0.876152056776515	7.56413043702829	30	36	descriptive only	NA	NA	NA	NA	NA	NA	NA	NA	NA	NA	NA	NA	NA	NA	NA
spatial	figures/stage10e_desc/source_data/Fig10E_DESC_1_case4_spatial_source_data.tsv	452ce84d1ebe64fd247b6ce303433521701c4c1d3d52176bf3728ccc31f3dbb6	case4	1	GAGGTACGCGTGTCCC-1	Adenoma	2288	5056	67	67	TRUE	0.836404007628451	7.78554679820652	30	36	descriptive only	NA	NA	NA	NA	NA	NA	NA	NA	NA	NA	NA	NA	NA	NA	NA
spatial	figures/stage10e_desc/source_data/Fig10E_DESC_1_case4_spatial_source_data.tsv	452ce84d1ebe64fd247b6ce303433521701c4c1d3d52176bf3728ccc31f3dbb6	case4	1	GCACTGCCTACCTTTA-1	Adenoma	2402	4990	68	66	TRUE	0.870620441671802	7.8475691861919	30	36	descriptive only	NA	NA	NA	NA	NA	NA	NA	NA	NA	NA	NA	NA	NA	NA	NA
spatial	figures/stage10e_desc/source_data/Fig10E_DESC_1_case4_spatial_source_data.tsv	452ce84d1ebe64fd247b6ce303433521701c4c1d3d52176bf3728ccc31f3dbb6	case4	1	GGAGCGAGGCCTACTT-1	Adenoma	2287	4925	69	67	TRUE	0.819091833482093	7.87593133706514	30	36	descriptive only	NA	NA	NA	NA	NA	NA	NA	NA	NA	NA	NA	NA	NA	NA	NA
spatial	figures/stage10e_desc/source_data/Fig10E_DESC_1_case4_spatial_source_data.tsv	452ce84d1ebe64fd247b6ce303433521701c4c1d3d52176bf3728ccc31f3dbb6	case4	1	AAACTCGGTTCGCAAT-1	Adenoma	2402	4859	70	66	TRUE	0.910547743089406	7.71150241399769	30	36	descriptive only	NA	NA	NA	NA	NA	NA	NA	NA	NA	NA	NA	NA	NA	NA	NA
spatial	figures/stage10e_desc/source_data/Fig10E_DESC_1_case4_spatial_source_data.tsv	452ce84d1ebe64fd247b6ce303433521701c4c1d3d52176bf3728ccc31f3dbb6	case4	1	GGCGCTTCATTCCCTG-1	Adenoma	2287	4793	71	67	TRUE	0.833731370761349	7.9889476464226	30	36	descriptive only	NA	NA	NA	NA	NA	NA	NA	NA	NA	NA	NA	NA	NA	NA	NA
spatial	figures/stage10e_desc/source_data/Fig10E_DESC_1_case4_spatial_source_data.tsv	452ce84d1ebe64fd247b6ce303433521701c4c1d3d52176bf3728ccc31f3dbb6	case4	1	TGCTCGGTGGGTCACC-1	Adenoma	2401	4727	72	66	TRUE	0.771608587240717	7.81251169510556	30	36	descriptive only	NA	NA	NA	NA	NA	NA	NA	NA	NA	NA	NA	NA	NA	NA	NA
spatial	figures/stage10e_desc/source_data/Fig10E_DESC_1_case4_spatial_source_data.tsv	452ce84d1ebe64fd247b6ce303433521701c4c1d3d52176bf3728ccc31f3dbb6	case4	1	AAGCGCAGGGCTTTGA-1	Adenoma	2287	4662	73	67	TRUE	0.481232773066296	7.86123414973623	30	36	descriptive only	NA	NA	NA	NA	NA	NA	NA	NA	NA	NA	NA	NA	NA	NA	NA
spatial	figures/stage10e_desc/source_data/Fig10E_DESC_1_case4_spatial_source_data.tsv	452ce84d1ebe64fd247b6ce303433521701c4c1d3d52176bf3728ccc31f3dbb6	case4	1	GACCTTCCACGTCTAC-1	Adenoma	2401	4596	74	66	TRUE	0.632946871193531	8.17301117505591	30	36	descriptive only	NA	NA	NA	NA	NA	NA	NA	NA	NA	NA	NA	NA	NA	NA	NA
spatial	figures/stage10e_desc/source_data/Fig10E_DESC_1_case4_spatial_source_data.tsv	452ce84d1ebe64fd247b6ce303433521701c4c1d3d52176bf3728ccc31f3dbb6	case4	1	GTTAGCCCATGACATC-1	Adenoma	2286	4530	75	67	TRUE	0.636144497391351	7.88010514999443	30	36	descriptive only	NA	NA	NA	NA	NA	NA	NA	NA	NA	NA	NA	NA	NA	NA	NA
spatial	figures/stage10e_desc/source_data/Fig10E_DESC_1_case4_spatial_source_data.tsv	452ce84d1ebe64fd247b6ce303433521701c4c1d3d52176bf3728ccc31f3dbb6	case4	1	AATTCGATTCGAGGAT-1	Adenoma	2400	4464	76	66	TRUE	0.69664000219945	7.81649931089399	30	36	descriptive only	NA	NA	NA	NA	NA	NA	NA	NA	NA	NA	NA	NA	NA	NA	NA
spatial	figures/stage10e_desc/source_data/Fig10E_DESC_1_case4_spatial_source_data.tsv	452ce84d1ebe64fd247b6ce303433521701c4c1d3d52176bf3728ccc31f3dbb6	case4	1	GACTAGGCCGTTAGGT-1	Adenoma	2400	4332	78	66	TRUE	0.565029063338365	7.79063245705614	30	36	descriptive only	NA	NA	NA	NA	NA	NA	NA	NA	NA	NA	NA	NA	NA	NA	NA
spatial	figures/stage10e_desc/source_data/Fig10E_DESC_1_case4_spatial_source_data.tsv	452ce84d1ebe64fd247b6ce303433521701c4c1d3d52176bf3728ccc31f3dbb6	case4	1	GATTGGGAAAGGTTGT-1	Adenoma	2400	4201	80	66	TRUE	0.457415265577728	7.89193257265206	30	36	descriptive only	NA	NA	NA	NA	NA	NA	NA	NA	NA	NA	NA	NA	NA	NA	NA
spatial	figures/stage10e_desc/source_data/Fig10E_DESC_1_case4_spatial_source_data.tsv	452ce84d1ebe64fd247b6ce303433521701c4c1d3d52176bf3728ccc31f3dbb6	case4	1	TGAATACCGACGCGTA-1	Adenoma	2399	4069	82	66	TRUE	0.498990990741436	7.81191461319308	30	36	descriptive only	NA	NA	NA	NA	NA	NA	NA	NA	NA	NA	NA	NA	NA	NA	NA
spatial	figures/stage10e_desc/source_data/Fig10E_DESC_1_case4_spatial_source_data.tsv	452ce84d1ebe64fd247b6ce303433521701c4c1d3d52176bf3728ccc31f3dbb6	case4	1	GCGAAGAATCTGACGG-1	Adenoma	2399	3938	84	66	TRUE	0.716817171010711	7.86530873659989	30	36	descriptive only	NA	NA	NA	NA	NA	NA	NA	NA	NA	NA	NA	NA	NA	NA	NA
paired	figures/stage10e_desc/source_data/Fig10E_DESC_2_case4_paired_source_data.tsv	2e09f75a56962ec7977e2d5995aa3bac0be58d8d43ac063e3707c9ecd4f91353	case4	1	NA	NA	NA	NA	NA	NA	NA	NA	NA	30	36	descriptive only	Normal	5.52971547811976	224	NA	NA	NA	NA	NA	NA	NA	NA	NA	NA	NA	NA
paired	figures/stage10e_desc/source_data/Fig10E_DESC_2_case4_paired_source_data.tsv	2e09f75a56962ec7977e2d5995aa3bac0be58d8d43ac063e3707c9ecd4f91353	case4	1	NA	NA	NA	NA	NA	NA	NA	NA	NA	30	36	descriptive only	Adenoma	5.24576061979985	1075	NA	NA	NA	NA	NA	NA	NA	NA	NA	NA	NA	NA
sensitivities	results/stage10e_desc/STAGE10E_DESC_SENSITIVITY.tsv	ea2d6ddda8aa9c8ca4b9ade4b987625109bffb3e4acc918a0d0b75b89521b3e9	case4	1	NA	NA	NA	NA	NA	NA	NA	NA	NA	30	NA	NA	NA	NA	NA	primary_reference	primary_descriptive	5.52971547811976	5.24576061979985	-0.283954858319903	negative	concordant	patient_by_frozen_ROI_pseudobulk	Reference direction only	NOT_COMPUTED_BY_DESIGN	NOT_COMPUTED_BY_DESIGN	NOT_COMPUTED_BY_DESIGN
sensitivities	results/stage10e_desc/STAGE10E_DESC_SENSITIVITY.tsv	ea2d6ddda8aa9c8ca4b9ade4b987625109bffb3e4acc918a0d0b75b89521b3e9	case4	1	NA	NA	NA	NA	NA	NA	NA	NA	NA	29	NA	NA	NA	NA	NA	M02_MINUS_INPP5D	contamination_sensitivity	5.53897345602144	5.24914434897533	-0.289829107046109	negative	concordant	patient_by_frozen_ROI_pseudobulk	INPP5D removed only in prespecified sensitivity	NOT_COMPUTED_BY_DESIGN	NOT_COMPUTED_BY_DESIGN	NOT_COMPUTED_BY_DESIGN
sensitivities	results/stage10e_desc/STAGE10E_DESC_SENSITIVITY.tsv	ea2d6ddda8aa9c8ca4b9ade4b987625109bffb3e4acc918a0d0b75b89521b3e9	case4	1	NA	NA	NA	NA	NA	NA	NA	NA	NA	30	NA	NA	NA	NA	NA	gene_z	score_sensitivity	-8.88178419700125e-17	-9.99200722162641e-17	-1.11022302462516e-17	zero	opposite_or_zero	two_region_pseudobulk_gene_z	Two-region z scale is descriptive and coarse	NOT_COMPUTED_BY_DESIGN	NOT_COMPUTED_BY_DESIGN	NOT_COMPUTED_BY_DESIGN
sensitivities	results/stage10e_desc/STAGE10E_DESC_SENSITIVITY.tsv	ea2d6ddda8aa9c8ca4b9ade4b987625109bffb3e4acc918a0d0b75b89521b3e9	case4	1	NA	NA	NA	NA	NA	NA	NA	NA	NA	30	NA	NA	NA	NA	NA	UCell	score_sensitivity	0.170733333333333	0.128077777777778	-0.0426555555555556	negative	concordant	two_region_pseudobulk_UCell	Rank score sensitivity	NOT_COMPUTED_BY_DESIGN	NOT_COMPUTED_BY_DESIGN	NOT_COMPUTED_BY_DESIGN
sensitivities	results/stage10e_desc/STAGE10E_DESC_SENSITIVITY.tsv	ea2d6ddda8aa9c8ca4b9ade4b987625109bffb3e4acc918a0d0b75b89521b3e9	case4	1	NA	NA	NA	NA	NA	NA	NA	NA	NA	30	NA	NA	NA	NA	NA	epithelial_proxy_unadjusted	composition_sensitivity	7.83403608553212	7.79344606969172	-0.0405900158404036	negative	concordant	spot_score_then_patient_region_mean	Spots are nested technical observations	NOT_COMPUTED_BY_DESIGN	NOT_COMPUTED_BY_DESIGN	NOT_COMPUTED_BY_DESIGN
sensitivities	results/stage10e_desc/STAGE10E_DESC_SENSITIVITY.tsv	ea2d6ddda8aa9c8ca4b9ade4b987625109bffb3e4acc918a0d0b75b89521b3e9	case4	1	NA	NA	NA	NA	NA	NA	NA	NA	NA	30	NA	NA	NA	NA	NA	epithelial_proxy_residualized	composition_sensitivity	0.0335002844505659	-0.00698052438783885	-0.0404808088384047	negative	concordant	spot_score_residualized_on_M02_excluded_epithelial_proxy_then_region_mean	No region term and no inference	NOT_COMPUTED_BY_DESIGN	NOT_COMPUTED_BY_DESIGN	NOT_COMPUTED_BY_DESIGN
sensitivities	results/stage10e_desc/STAGE10E_DESC_SENSITIVITY.tsv	ea2d6ddda8aa9c8ca4b9ade4b987625109bffb3e4acc918a0d0b75b89521b3e9	case4	1	NA	NA	NA	NA	NA	NA	NA	NA	NA	30	NA	NA	NA	NA	NA	fixed_2x2_tiles	aggregation_scale_sensitivity	5.58658817122532	5.11631705510177	-0.470271116123549	negative	concordant	fixed_2x2_tiles_then_equal_tile_mean	Tiles do not increase patient n	NOT_COMPUTED_BY_DESIGN	NOT_COMPUTED_BY_DESIGN	NOT_COMPUTED_BY_DESIGN
