section	source_file	source_sha256	feature	epithelial_state	analysis	effect	CI95_low	CI95_high	p_value	FDR	standard_error	df_total	feature_type	contrast	n_normal_donors	n_adenoma_donors	n_cancer_donors	donor_correlation	model_formula	gene	full_effect	n_evaluable_omissions	sign_stability	median_LODO_effect	passes_LODO
module_effects	figures_final/stage_6A_top_stage_blind_module_effects_source_data.tsv	5db649af7fe2b7f26adcec02eafe21944f80729d082767208e3c4c047b5c7828	Cycling_SB_M01	Cycling	stage_blind_module_all_cohort	-1.04697392429299	-1.54607604243282	-0.547871806153159	0.00108361974068203	0.0070524580645043	0.245839434273082	34.9578079921608	module	adenoma_vs_normal	6	9	4	-0.443995376295265	~0 + stage + fap_binary	NA	NA	NA	NA	NA	NA
module_effects	figures_final/stage_6A_top_stage_blind_module_effects_source_data.tsv	5db649af7fe2b7f26adcec02eafe21944f80729d082767208e3c4c047b5c7828	Stem_progenitor_SB_M02	Stem_progenitor	stage_blind_module_all_cohort	0.546438731152687	0.151072306697666	0.941805155607708	0.00750826746943579	0.0139372833604422	0.192030998203939	25.1616808895989	module	adenoma_vs_normal	6	9	4	0.783612460836659	~0 + stage + fap_binary	NA	NA	NA	NA	NA	NA
module_effects	figures_final/stage_6A_top_stage_blind_module_effects_source_data.tsv	5db649af7fe2b7f26adcec02eafe21944f80729d082767208e3c4c047b5c7828	Stem_progenitor_SB_M10	Stem_progenitor	stage_blind_module_all_cohort	0.842245692657102	0.415342638837759	1.26914874647645	0.000246638405517683	0.000822128018392275	0.207348460796182	25.1616808895989	module	adenoma_vs_normal	6	9	4	0.783612460836659	~0 + stage + fap_binary	NA	NA	NA	NA	NA	NA
module_effects	figures_final/stage_6A_top_stage_blind_module_effects_source_data.tsv	5db649af7fe2b7f26adcec02eafe21944f80729d082767208e3c4c047b5c7828	Stem_progenitor_SB_M16	Stem_progenitor	stage_blind_module_all_cohort	0.85566391978458	0.569185362534619	1.14214247703454	1.2017872793997e-05	0.00012017872793997	0.139346324634464	25.9106411628009	module	adenoma_vs_normal	6	9	4	0.783612460836659	~0 + stage + fap_binary	NA	NA	NA	NA	NA	NA
module_effects	figures_final/stage_6A_top_stage_blind_module_effects_source_data.tsv	5db649af7fe2b7f26adcec02eafe21944f80729d082767208e3c4c047b5c7828	Cycling_SB_M02	Cycling	stage_blind_module_all_cohort	1.0575094860934	0.437904228195186	1.67711474399161	0.0020149880184298	0.0070524580645043	0.305194870023872	34.9578079921608	module	adenoma_vs_normal	6	9	4	-0.443995376295265	~0 + stage + fap_binary	NA	NA	NA	NA	NA	NA
LODO	results_final/stage_6A_paired_FAP_gene_LODO_summary.tsv	f1b9fbaa1eeb9683cea41b80d011a93223a831bccc5c41a70a7eb8da45a07006	NA	Stem_progenitor	NA	NA	NA	NA	NA	NA	NA	NA	NA	NA	NA	NA	NA	NA	NA	FIRRE	3.3224414138723	4	1	3.31070001337943	TRUE
LODO	results_final/stage_6A_paired_FAP_gene_LODO_summary.tsv	f1b9fbaa1eeb9683cea41b80d011a93223a831bccc5c41a70a7eb8da45a07006	NA	Stem_progenitor	NA	NA	NA	NA	NA	NA	NA	NA	NA	NA	NA	NA	NA	NA	NA	INPP5D	1.60414253887464	4	1	1.60246547401048	TRUE
LODO	results_final/stage_6A_paired_FAP_gene_LODO_summary.tsv	f1b9fbaa1eeb9683cea41b80d011a93223a831bccc5c41a70a7eb8da45a07006	NA	Stem_progenitor	NA	NA	NA	NA	NA	NA	NA	NA	NA	NA	NA	NA	NA	NA	NA	PDE3A	-1.83754272810442	4	1	-1.85744728642478	TRUE
LODO	results_final/stage_6A_paired_FAP_gene_LODO_summary.tsv	f1b9fbaa1eeb9683cea41b80d011a93223a831bccc5c41a70a7eb8da45a07006	NA	Stem_progenitor	NA	NA	NA	NA	NA	NA	NA	NA	NA	NA	NA	NA	NA	NA	NA	RPL13	1.15410316834638	4	1	1.14946818651572	TRUE
LODO	results_final/stage_6A_paired_FAP_gene_LODO_summary.tsv	f1b9fbaa1eeb9683cea41b80d011a93223a831bccc5c41a70a7eb8da45a07006	NA	Stem_progenitor	NA	NA	NA	NA	NA	NA	NA	NA	NA	NA	NA	NA	NA	NA	NA	RPL8	1.14535957389161	4	1	1.13957186164878	TRUE
LODO	results_final/stage_6A_paired_FAP_gene_LODO_summary.tsv	f1b9fbaa1eeb9683cea41b80d011a93223a831bccc5c41a70a7eb8da45a07006	NA	Stem_progenitor	NA	NA	NA	NA	NA	NA	NA	NA	NA	NA	NA	NA	NA	NA	NA	S100A6	1.09433035469225	4	1	1.1002431222541	TRUE
LODO	results_final/stage_6A_paired_FAP_gene_LODO_summary.tsv	f1b9fbaa1eeb9683cea41b80d011a93223a831bccc5c41a70a7eb8da45a07006	NA	Stem_progenitor	NA	NA	NA	NA	NA	NA	NA	NA	NA	NA	NA	NA	NA	NA	NA	TFF3	1.62533131881521	4	1	1.61099958592222	TRUE
LODO	results_final/stage_6A_paired_FAP_gene_LODO_summary.tsv	f1b9fbaa1eeb9683cea41b80d011a93223a831bccc5c41a70a7eb8da45a07006	NA	Stem_progenitor	NA	NA	NA	NA	NA	NA	NA	NA	NA	NA	NA	NA	NA	NA	NA	TGFBI	3.04224689863332	4	1	3.04903658952478	TRUE
LODO	results_final/stage_6A_paired_FAP_gene_LODO_summary.tsv	f1b9fbaa1eeb9683cea41b80d011a93223a831bccc5c41a70a7eb8da45a07006	NA	Stem_progenitor	NA	NA	NA	NA	NA	NA	NA	NA	NA	NA	NA	NA	NA	NA	NA	AC019330.1	-1.59992596996367	4	1	-1.54712662383594	TRUE
LODO	results_final/stage_6A_paired_FAP_gene_LODO_summary.tsv	f1b9fbaa1eeb9683cea41b80d011a93223a831bccc5c41a70a7eb8da45a07006	NA	Stem_progenitor	NA	NA	NA	NA	NA	NA	NA	NA	NA	NA	NA	NA	NA	NA	NA	AL139383.1	-1.09769980479365	4	1	-1.08993803217113	TRUE
LODO	results_final/stage_6A_paired_FAP_gene_LODO_summary.tsv	f1b9fbaa1eeb9683cea41b80d011a93223a831bccc5c41a70a7eb8da45a07006	NA	Stem_progenitor	NA	NA	NA	NA	NA	NA	NA	NA	NA	NA	NA	NA	NA	NA	NA	RPL35	1.08014876394075	4	1	1.05775398964007	TRUE
LODO	results_final/stage_6A_paired_FAP_gene_LODO_summary.tsv	f1b9fbaa1eeb9683cea41b80d011a93223a831bccc5c41a70a7eb8da45a07006	NA	Stem_progenitor	NA	NA	NA	NA	NA	NA	NA	NA	NA	NA	NA	NA	NA	NA	NA	AC113414.1	-1.06969465713506	4	1	-1.07773423559848	TRUE
LODO	results_final/stage_6A_paired_FAP_gene_LODO_summary.tsv	f1b9fbaa1eeb9683cea41b80d011a93223a831bccc5c41a70a7eb8da45a07006	NA	Stem_progenitor	NA	NA	NA	NA	NA	NA	NA	NA	NA	NA	NA	NA	NA	NA	NA	LINC01846	-1.73629733556073	4	1	-1.7051063464618	TRUE
LODO	results_final/stage_6A_paired_FAP_gene_LODO_summary.tsv	f1b9fbaa1eeb9683cea41b80d011a93223a831bccc5c41a70a7eb8da45a07006	NA	Stem_progenitor	NA	NA	NA	NA	NA	NA	NA	NA	NA	NA	NA	NA	NA	NA	NA	MAMDC2-AS1	-1.09291561181896	4	1	-1.10402285633946	TRUE
LODO	results_final/stage_6A_paired_FAP_gene_LODO_summary.tsv	f1b9fbaa1eeb9683cea41b80d011a93223a831bccc5c41a70a7eb8da45a07006	NA	Stem_progenitor	NA	NA	NA	NA	NA	NA	NA	NA	NA	NA	NA	NA	NA	NA	NA	NR3C1	-1.35082476525721	4	1	-1.36256119889567	TRUE
LODO	results_final/stage_6A_paired_FAP_gene_LODO_summary.tsv	f1b9fbaa1eeb9683cea41b80d011a93223a831bccc5c41a70a7eb8da45a07006	NA	Stem_progenitor	NA	NA	NA	NA	NA	NA	NA	NA	NA	NA	NA	NA	NA	NA	NA	NR5A2	-1.54241062080628	4	1	-1.47186056355599	TRUE
LODO	results_final/stage_6A_paired_FAP_gene_LODO_summary.tsv	f1b9fbaa1eeb9683cea41b80d011a93223a831bccc5c41a70a7eb8da45a07006	NA	Stem_progenitor	NA	NA	NA	NA	NA	NA	NA	NA	NA	NA	NA	NA	NA	NA	NA	REG4	3.57388463274703	4	1	3.70191283634319	TRUE
LODO	results_final/stage_6A_paired_FAP_gene_LODO_summary.tsv	f1b9fbaa1eeb9683cea41b80d011a93223a831bccc5c41a70a7eb8da45a07006	NA	Stem_progenitor	NA	NA	NA	NA	NA	NA	NA	NA	NA	NA	NA	NA	NA	NA	NA	RPL36	1.14005012121007	4	1	1.13345264244983	TRUE
LODO	results_final/stage_6A_paired_FAP_gene_LODO_summary.tsv	f1b9fbaa1eeb9683cea41b80d011a93223a831bccc5c41a70a7eb8da45a07006	NA	Stem_progenitor	NA	NA	NA	NA	NA	NA	NA	NA	NA	NA	NA	NA	NA	NA	NA	UBA52	1.3152984789568	4	1	1.31954682912518	TRUE
LODO	results_final/stage_6A_paired_FAP_gene_LODO_summary.tsv	f1b9fbaa1eeb9683cea41b80d011a93223a831bccc5c41a70a7eb8da45a07006	NA	Stem_progenitor	NA	NA	NA	NA	NA	NA	NA	NA	NA	NA	NA	NA	NA	NA	NA	BCAP31	1.09481590719266	4	1	1.08702015920396	TRUE
LODO	results_final/stage_6A_paired_FAP_gene_LODO_summary.tsv	f1b9fbaa1eeb9683cea41b80d011a93223a831bccc5c41a70a7eb8da45a07006	NA	Stem_progenitor	NA	NA	NA	NA	NA	NA	NA	NA	NA	NA	NA	NA	NA	NA	NA	CCDC85B	1.65675978359527	4	1	1.6480197970907	TRUE
LODO	results_final/stage_6A_paired_FAP_gene_LODO_summary.tsv	f1b9fbaa1eeb9683cea41b80d011a93223a831bccc5c41a70a7eb8da45a07006	NA	Stem_progenitor	NA	NA	NA	NA	NA	NA	NA	NA	NA	NA	NA	NA	NA	NA	NA	DSCAML1	-1.53944333610091	4	1	-1.54920289547409	TRUE
LODO	results_final/stage_6A_paired_FAP_gene_LODO_summary.tsv	f1b9fbaa1eeb9683cea41b80d011a93223a831bccc5c41a70a7eb8da45a07006	NA	Stem_progenitor	NA	NA	NA	NA	NA	NA	NA	NA	NA	NA	NA	NA	NA	NA	NA	MAOA	-1.17292789156151	4	1	-1.19113726274527	TRUE
LODO	results_final/stage_6A_paired_FAP_gene_LODO_summary.tsv	f1b9fbaa1eeb9683cea41b80d011a93223a831bccc5c41a70a7eb8da45a07006	NA	Stem_progenitor	NA	NA	NA	NA	NA	NA	NA	NA	NA	NA	NA	NA	NA	NA	NA	RBFOX1	-1.00485211298261	4	1	-1.04689118354283	TRUE
LODO	results_final/stage_6A_paired_FAP_gene_LODO_summary.tsv	f1b9fbaa1eeb9683cea41b80d011a93223a831bccc5c41a70a7eb8da45a07006	NA	Stem_progenitor	NA	NA	NA	NA	NA	NA	NA	NA	NA	NA	NA	NA	NA	NA	NA	RPL29	1.17357086792928	4	1	1.14204143900022	TRUE
LODO	results_final/stage_6A_paired_FAP_gene_LODO_summary.tsv	f1b9fbaa1eeb9683cea41b80d011a93223a831bccc5c41a70a7eb8da45a07006	NA	Stem_progenitor	NA	NA	NA	NA	NA	NA	NA	NA	NA	NA	NA	NA	NA	NA	NA	SAMD3	-2.09514821868034	4	1	-2.12115020629014	TRUE
LODO	results_final/stage_6A_paired_FAP_gene_LODO_summary.tsv	f1b9fbaa1eeb9683cea41b80d011a93223a831bccc5c41a70a7eb8da45a07006	NA	Stem_progenitor	NA	NA	NA	NA	NA	NA	NA	NA	NA	NA	NA	NA	NA	NA	NA	SI	-1.35799203796353	4	1	-1.3668947990014	TRUE
LODO	results_final/stage_6A_paired_FAP_gene_LODO_summary.tsv	f1b9fbaa1eeb9683cea41b80d011a93223a831bccc5c41a70a7eb8da45a07006	NA	Stem_progenitor	NA	NA	NA	NA	NA	NA	NA	NA	NA	NA	NA	NA	NA	NA	NA	SPINK4	3.16588036942976	4	1	3.21621027380759	TRUE
LODO	results_final/stage_6A_paired_FAP_gene_LODO_summary.tsv	f1b9fbaa1eeb9683cea41b80d011a93223a831bccc5c41a70a7eb8da45a07006	NA	Stem_progenitor	NA	NA	NA	NA	NA	NA	NA	NA	NA	NA	NA	NA	NA	NA	NA	HKDC1	2.00349642906471	4	1	1.95903772860737	TRUE
LODO	results_final/stage_6A_paired_FAP_gene_LODO_summary.tsv	f1b9fbaa1eeb9683cea41b80d011a93223a831bccc5c41a70a7eb8da45a07006	NA	Stem_progenitor	NA	NA	NA	NA	NA	NA	NA	NA	NA	NA	NA	NA	NA	NA	NA	C1orf21	-0.831315775803729	4	1	-0.854135549561965	TRUE
LODO	results_final/stage_6A_paired_FAP_gene_LODO_summary.tsv	f1b9fbaa1eeb9683cea41b80d011a93223a831bccc5c41a70a7eb8da45a07006	NA	Stem_progenitor	NA	NA	NA	NA	NA	NA	NA	NA	NA	NA	NA	NA	NA	NA	NA	DOCK10	-1.55938767935722	4	1	-1.5625302830522	TRUE
LODO	results_final/stage_6A_paired_FAP_gene_LODO_summary.tsv	f1b9fbaa1eeb9683cea41b80d011a93223a831bccc5c41a70a7eb8da45a07006	NA	Stem_progenitor	NA	NA	NA	NA	NA	NA	NA	NA	NA	NA	NA	NA	NA	NA	NA	GPX2	1.50280754853248	4	1	1.53268572739907	TRUE
LODO	results_final/stage_6A_paired_FAP_gene_LODO_summary.tsv	f1b9fbaa1eeb9683cea41b80d011a93223a831bccc5c41a70a7eb8da45a07006	NA	Stem_progenitor	NA	NA	NA	NA	NA	NA	NA	NA	NA	NA	NA	NA	NA	NA	NA	LPAR1	-1.18590237327815	4	1	-1.16237263790393	TRUE
LODO	results_final/stage_6A_paired_FAP_gene_LODO_summary.tsv	f1b9fbaa1eeb9683cea41b80d011a93223a831bccc5c41a70a7eb8da45a07006	NA	Stem_progenitor	NA	NA	NA	NA	NA	NA	NA	NA	NA	NA	NA	NA	NA	NA	NA	PLCG2	1.54433462918949	4	1	1.58089152237388	TRUE
LODO	results_final/stage_6A_paired_FAP_gene_LODO_summary.tsv	f1b9fbaa1eeb9683cea41b80d011a93223a831bccc5c41a70a7eb8da45a07006	NA	Stem_progenitor	NA	NA	NA	NA	NA	NA	NA	NA	NA	NA	NA	NA	NA	NA	NA	TUBB	1.18839152282859	4	1	1.19342630374718	TRUE
LODO	results_final/stage_6A_paired_FAP_gene_LODO_summary.tsv	f1b9fbaa1eeb9683cea41b80d011a93223a831bccc5c41a70a7eb8da45a07006	NA	Stem_progenitor	NA	NA	NA	NA	NA	NA	NA	NA	NA	NA	NA	NA	NA	NA	NA	TERC	2.5559395857067	4	1	2.60850810815266	TRUE
LODO	results_final/stage_6A_paired_FAP_gene_LODO_summary.tsv	f1b9fbaa1eeb9683cea41b80d011a93223a831bccc5c41a70a7eb8da45a07006	NA	Stem_progenitor	NA	NA	NA	NA	NA	NA	NA	NA	NA	NA	NA	NA	NA	NA	NA	AC104170.1	-0.960308608008786	4	1	-0.959298524066349	TRUE
LODO	results_final/stage_6A_paired_FAP_gene_LODO_summary.tsv	f1b9fbaa1eeb9683cea41b80d011a93223a831bccc5c41a70a7eb8da45a07006	NA	Stem_progenitor	NA	NA	NA	NA	NA	NA	NA	NA	NA	NA	NA	NA	NA	NA	NA	APOL1	2.03838796931488	4	1	1.99852591931955	TRUE
LODO	results_final/stage_6A_paired_FAP_gene_LODO_summary.tsv	f1b9fbaa1eeb9683cea41b80d011a93223a831bccc5c41a70a7eb8da45a07006	NA	Stem_progenitor	NA	NA	NA	NA	NA	NA	NA	NA	NA	NA	NA	NA	NA	NA	NA	CDKL1	-0.972119917590266	4	1	-0.961252285435411	TRUE
LODO	results_final/stage_6A_paired_FAP_gene_LODO_summary.tsv	f1b9fbaa1eeb9683cea41b80d011a93223a831bccc5c41a70a7eb8da45a07006	NA	Stem_progenitor	NA	NA	NA	NA	NA	NA	NA	NA	NA	NA	NA	NA	NA	NA	NA	CPM	-1.093766025726	4	1	-1.07929590121325	TRUE
LODO	results_final/stage_6A_paired_FAP_gene_LODO_summary.tsv	f1b9fbaa1eeb9683cea41b80d011a93223a831bccc5c41a70a7eb8da45a07006	NA	Stem_progenitor	NA	NA	NA	NA	NA	NA	NA	NA	NA	NA	NA	NA	NA	NA	NA	NQO1	1.94921741358516	4	1	2.02927291601046	TRUE
LODO	results_final/stage_6A_paired_FAP_gene_LODO_summary.tsv	f1b9fbaa1eeb9683cea41b80d011a93223a831bccc5c41a70a7eb8da45a07006	NA	Stem_progenitor	NA	NA	NA	NA	NA	NA	NA	NA	NA	NA	NA	NA	NA	NA	NA	PBX3	-1.18378073922608	4	1	-1.18609215226042	TRUE
LODO	results_final/stage_6A_paired_FAP_gene_LODO_summary.tsv	f1b9fbaa1eeb9683cea41b80d011a93223a831bccc5c41a70a7eb8da45a07006	NA	Stem_progenitor	NA	NA	NA	NA	NA	NA	NA	NA	NA	NA	NA	NA	NA	NA	NA	PRKAG2	-0.795485672269183	4	1	-0.811020991622153	TRUE
LODO	results_final/stage_6A_paired_FAP_gene_LODO_summary.tsv	f1b9fbaa1eeb9683cea41b80d011a93223a831bccc5c41a70a7eb8da45a07006	NA	Stem_progenitor	NA	NA	NA	NA	NA	NA	NA	NA	NA	NA	NA	NA	NA	NA	NA	TOX	-0.878829814986057	4	1	-0.85833505605858	TRUE
LODO	results_final/stage_6A_paired_FAP_gene_LODO_summary.tsv	f1b9fbaa1eeb9683cea41b80d011a93223a831bccc5c41a70a7eb8da45a07006	NA	Stem_progenitor	NA	NA	NA	NA	NA	NA	NA	NA	NA	NA	NA	NA	NA	NA	NA	TOX3	-0.859753066952959	4	1	-0.89135355619729	TRUE
LODO	results_final/stage_6A_paired_FAP_gene_LODO_summary.tsv	f1b9fbaa1eeb9683cea41b80d011a93223a831bccc5c41a70a7eb8da45a07006	NA	Stem_progenitor	NA	NA	NA	NA	NA	NA	NA	NA	NA	NA	NA	NA	NA	NA	NA	QTRT1	0.999109616457394	4	1	0.977399774329567	TRUE
LODO	results_final/stage_6A_paired_FAP_gene_LODO_summary.tsv	f1b9fbaa1eeb9683cea41b80d011a93223a831bccc5c41a70a7eb8da45a07006	NA	Stem_progenitor	NA	NA	NA	NA	NA	NA	NA	NA	NA	NA	NA	NA	NA	NA	NA	AL390957.1	1.35305873868127	4	1	1.34734924867198	TRUE
LODO	results_final/stage_6A_paired_FAP_gene_LODO_summary.tsv	f1b9fbaa1eeb9683cea41b80d011a93223a831bccc5c41a70a7eb8da45a07006	NA	Stem_progenitor	NA	NA	NA	NA	NA	NA	NA	NA	NA	NA	NA	NA	NA	NA	NA	AL645568.1	-1.27629123716011	4	1	-1.24196103686779	TRUE
LODO	results_final/stage_6A_paired_FAP_gene_LODO_summary.tsv	f1b9fbaa1eeb9683cea41b80d011a93223a831bccc5c41a70a7eb8da45a07006	NA	Stem_progenitor	NA	NA	NA	NA	NA	NA	NA	NA	NA	NA	NA	NA	NA	NA	NA	CLDN2	1.94424231892472	4	1	1.96502183201931	TRUE
LODO	results_final/stage_6A_paired_FAP_gene_LODO_summary.tsv	f1b9fbaa1eeb9683cea41b80d011a93223a831bccc5c41a70a7eb8da45a07006	NA	Stem_progenitor	NA	NA	NA	NA	NA	NA	NA	NA	NA	NA	NA	NA	NA	NA	NA	CPQ	-1.10044449381234	4	1	-1.10173330714971	TRUE
LODO	results_final/stage_6A_paired_FAP_gene_LODO_summary.tsv	f1b9fbaa1eeb9683cea41b80d011a93223a831bccc5c41a70a7eb8da45a07006	NA	Stem_progenitor	NA	NA	NA	NA	NA	NA	NA	NA	NA	NA	NA	NA	NA	NA	NA	CXCL3	1.52135996594673	4	1	1.52991181888579	TRUE
LODO	results_final/stage_6A_paired_FAP_gene_LODO_summary.tsv	f1b9fbaa1eeb9683cea41b80d011a93223a831bccc5c41a70a7eb8da45a07006	NA	Stem_progenitor	NA	NA	NA	NA	NA	NA	NA	NA	NA	NA	NA	NA	NA	NA	NA	DUOXA2	3.364791356698	4	1	3.51988196862957	TRUE
LODO	results_final/stage_6A_paired_FAP_gene_LODO_summary.tsv	f1b9fbaa1eeb9683cea41b80d011a93223a831bccc5c41a70a7eb8da45a07006	NA	Stem_progenitor	NA	NA	NA	NA	NA	NA	NA	NA	NA	NA	NA	NA	NA	NA	NA	EBF1	-1.89998646121953	4	1	-1.96401945596028	TRUE
LODO	results_final/stage_6A_paired_FAP_gene_LODO_summary.tsv	f1b9fbaa1eeb9683cea41b80d011a93223a831bccc5c41a70a7eb8da45a07006	NA	Stem_progenitor	NA	NA	NA	NA	NA	NA	NA	NA	NA	NA	NA	NA	NA	NA	NA	FAM19A1	-1.61245792555584	4	1	-1.57234592944611	TRUE
LODO	results_final/stage_6A_paired_FAP_gene_LODO_summary.tsv	f1b9fbaa1eeb9683cea41b80d011a93223a831bccc5c41a70a7eb8da45a07006	NA	Stem_progenitor	NA	NA	NA	NA	NA	NA	NA	NA	NA	NA	NA	NA	NA	NA	NA	GAPDH	0.809967751591835	4	1	0.808085232642857	TRUE
LODO	results_final/stage_6A_paired_FAP_gene_LODO_summary.tsv	f1b9fbaa1eeb9683cea41b80d011a93223a831bccc5c41a70a7eb8da45a07006	NA	Stem_progenitor	NA	NA	NA	NA	NA	NA	NA	NA	NA	NA	NA	NA	NA	NA	NA	IGFBP2	1.52880758978578	4	1	1.54564719755912	TRUE
LODO	results_final/stage_6A_paired_FAP_gene_LODO_summary.tsv	f1b9fbaa1eeb9683cea41b80d011a93223a831bccc5c41a70a7eb8da45a07006	NA	Stem_progenitor	NA	NA	NA	NA	NA	NA	NA	NA	NA	NA	NA	NA	NA	NA	NA	INTS6L	-0.965559916370116	4	1	-1.00083453670324	TRUE
LODO	results_final/stage_6A_paired_FAP_gene_LODO_summary.tsv	f1b9fbaa1eeb9683cea41b80d011a93223a831bccc5c41a70a7eb8da45a07006	NA	Stem_progenitor	NA	NA	NA	NA	NA	NA	NA	NA	NA	NA	NA	NA	NA	NA	NA	IQCM	-1.3910271247539	4	1	-1.36663547749288	TRUE
LODO	results_final/stage_6A_paired_FAP_gene_LODO_summary.tsv	f1b9fbaa1eeb9683cea41b80d011a93223a831bccc5c41a70a7eb8da45a07006	NA	Stem_progenitor	NA	NA	NA	NA	NA	NA	NA	NA	NA	NA	NA	NA	NA	NA	NA	MGAT4A	-0.950282364174734	4	1	-0.920762037709052	TRUE
LODO	results_final/stage_6A_paired_FAP_gene_LODO_summary.tsv	f1b9fbaa1eeb9683cea41b80d011a93223a831bccc5c41a70a7eb8da45a07006	NA	Stem_progenitor	NA	NA	NA	NA	NA	NA	NA	NA	NA	NA	NA	NA	NA	NA	NA	PRKG1	-1.21309275968832	4	1	-1.20946626639801	TRUE
LODO	results_final/stage_6A_paired_FAP_gene_LODO_summary.tsv	f1b9fbaa1eeb9683cea41b80d011a93223a831bccc5c41a70a7eb8da45a07006	NA	Stem_progenitor	NA	NA	NA	NA	NA	NA	NA	NA	NA	NA	NA	NA	NA	NA	NA	SERPINA1	2.39266544019636	4	1	2.43427810374562	TRUE
LODO	results_final/stage_6A_paired_FAP_gene_LODO_summary.tsv	f1b9fbaa1eeb9683cea41b80d011a93223a831bccc5c41a70a7eb8da45a07006	NA	Stem_progenitor	NA	NA	NA	NA	NA	NA	NA	NA	NA	NA	NA	NA	NA	NA	NA	AL050403.2	-0.796975835979035	4	1	-0.798910150771651	TRUE
LODO	results_final/stage_6A_paired_FAP_gene_LODO_summary.tsv	f1b9fbaa1eeb9683cea41b80d011a93223a831bccc5c41a70a7eb8da45a07006	NA	Stem_progenitor	NA	NA	NA	NA	NA	NA	NA	NA	NA	NA	NA	NA	NA	NA	NA	KALRN	-1.08008765349173	4	1	-1.11884701680775	TRUE
LODO	results_final/stage_6A_paired_FAP_gene_LODO_summary.tsv	f1b9fbaa1eeb9683cea41b80d011a93223a831bccc5c41a70a7eb8da45a07006	NA	Stem_progenitor	NA	NA	NA	NA	NA	NA	NA	NA	NA	NA	NA	NA	NA	NA	NA	DPP7	1.58817326177327	4	1	1.5711486759107	TRUE
LODO	results_final/stage_6A_paired_FAP_gene_LODO_summary.tsv	f1b9fbaa1eeb9683cea41b80d011a93223a831bccc5c41a70a7eb8da45a07006	NA	Stem_progenitor	NA	NA	NA	NA	NA	NA	NA	NA	NA	NA	NA	NA	NA	NA	NA	ENGASE	1.1788408796623	4	1	1.19871390695083	TRUE
LODO	results_final/stage_6A_paired_FAP_gene_LODO_summary.tsv	f1b9fbaa1eeb9683cea41b80d011a93223a831bccc5c41a70a7eb8da45a07006	NA	Stem_progenitor	NA	NA	NA	NA	NA	NA	NA	NA	NA	NA	NA	NA	NA	NA	NA	NBEAL2	1.06428754123802	4	1	1.04854641460666	TRUE
LODO	results_final/stage_6A_paired_FAP_gene_LODO_summary.tsv	f1b9fbaa1eeb9683cea41b80d011a93223a831bccc5c41a70a7eb8da45a07006	NA	Stem_progenitor	NA	NA	NA	NA	NA	NA	NA	NA	NA	NA	NA	NA	NA	NA	NA	PITX1	3.11270335145162	4	1	2.96853856271333	TRUE
LODO	results_final/stage_6A_paired_FAP_gene_LODO_summary.tsv	f1b9fbaa1eeb9683cea41b80d011a93223a831bccc5c41a70a7eb8da45a07006	NA	Stem_progenitor	NA	NA	NA	NA	NA	NA	NA	NA	NA	NA	NA	NA	NA	NA	NA	SIK3	-0.720999122236551	4	1	-0.735519323349259	TRUE
LODO	results_final/stage_6A_paired_FAP_gene_LODO_summary.tsv	f1b9fbaa1eeb9683cea41b80d011a93223a831bccc5c41a70a7eb8da45a07006	NA	Stem_progenitor	NA	NA	NA	NA	NA	NA	NA	NA	NA	NA	NA	NA	NA	NA	NA	ZBTB16	-1.83617929121179	4	1	-1.75498692436333	TRUE
LODO	results_final/stage_6A_paired_FAP_gene_LODO_summary.tsv	f1b9fbaa1eeb9683cea41b80d011a93223a831bccc5c41a70a7eb8da45a07006	NA	Stem_progenitor	NA	NA	NA	NA	NA	NA	NA	NA	NA	NA	NA	NA	NA	NA	NA	METTL26	1.25856248938802	4	1	1.27750571111794	TRUE
LODO	results_final/stage_6A_paired_FAP_gene_LODO_summary.tsv	f1b9fbaa1eeb9683cea41b80d011a93223a831bccc5c41a70a7eb8da45a07006	NA	Stem_progenitor	NA	NA	NA	NA	NA	NA	NA	NA	NA	NA	NA	NA	NA	NA	NA	NEO1	-1.09618630057705	4	1	-1.11985205121676	TRUE
LODO	results_final/stage_6A_paired_FAP_gene_LODO_summary.tsv	f1b9fbaa1eeb9683cea41b80d011a93223a831bccc5c41a70a7eb8da45a07006	NA	Stem_progenitor	NA	NA	NA	NA	NA	NA	NA	NA	NA	NA	NA	NA	NA	NA	NA	SHC2	1.78902849449791	4	1	1.85659580274054	TRUE
LODO	results_final/stage_6A_paired_FAP_gene_LODO_summary.tsv	f1b9fbaa1eeb9683cea41b80d011a93223a831bccc5c41a70a7eb8da45a07006	NA	Stem_progenitor	NA	NA	NA	NA	NA	NA	NA	NA	NA	NA	NA	NA	NA	NA	NA	ST6GALNAC3	-1.70634188034082	4	1	-1.64626502995038	TRUE
LODO	results_final/stage_6A_paired_FAP_gene_LODO_summary.tsv	f1b9fbaa1eeb9683cea41b80d011a93223a831bccc5c41a70a7eb8da45a07006	NA	Stem_progenitor	NA	NA	NA	NA	NA	NA	NA	NA	NA	NA	NA	NA	NA	NA	NA	STEAP1B	0.965649497353583	4	1	0.950350014460457	TRUE
LODO	results_final/stage_6A_paired_FAP_gene_LODO_summary.tsv	f1b9fbaa1eeb9683cea41b80d011a93223a831bccc5c41a70a7eb8da45a07006	NA	Stem_progenitor	NA	NA	NA	NA	NA	NA	NA	NA	NA	NA	NA	NA	NA	NA	NA	KANK4	-1.33889284222171	4	1	-1.29859748582405	TRUE
LODO	results_final/stage_6A_paired_FAP_gene_LODO_summary.tsv	f1b9fbaa1eeb9683cea41b80d011a93223a831bccc5c41a70a7eb8da45a07006	NA	Stem_progenitor	NA	NA	NA	NA	NA	NA	NA	NA	NA	NA	NA	NA	NA	NA	NA	S100P	2.49079082546161	4	1	2.47885058556473	TRUE
LODO	results_final/stage_6A_paired_FAP_gene_LODO_summary.tsv	f1b9fbaa1eeb9683cea41b80d011a93223a831bccc5c41a70a7eb8da45a07006	NA	Stem_progenitor	NA	NA	NA	NA	NA	NA	NA	NA	NA	NA	NA	NA	NA	NA	NA	SPIRE1	1.76418065195026	4	1	1.67106644544414	TRUE
LODO	results_final/stage_6A_paired_FAP_gene_LODO_summary.tsv	f1b9fbaa1eeb9683cea41b80d011a93223a831bccc5c41a70a7eb8da45a07006	NA	Stem_progenitor	NA	NA	NA	NA	NA	NA	NA	NA	NA	NA	NA	NA	NA	NA	NA	ABCB1	1.18175425497269	4	1	1.13838731001133	TRUE
LODO	results_final/stage_6A_paired_FAP_gene_LODO_summary.tsv	f1b9fbaa1eeb9683cea41b80d011a93223a831bccc5c41a70a7eb8da45a07006	NA	Stem_progenitor	NA	NA	NA	NA	NA	NA	NA	NA	NA	NA	NA	NA	NA	NA	NA	ADAMTSL1	-0.934070408264153	4	1	-0.984571275738267	TRUE
LODO	results_final/stage_6A_paired_FAP_gene_LODO_summary.tsv	f1b9fbaa1eeb9683cea41b80d011a93223a831bccc5c41a70a7eb8da45a07006	NA	Stem_progenitor	NA	NA	NA	NA	NA	NA	NA	NA	NA	NA	NA	NA	NA	NA	NA	ADCY9	-0.922971739745782	4	1	-0.961825472512181	TRUE
LODO	results_final/stage_6A_paired_FAP_gene_LODO_summary.tsv	f1b9fbaa1eeb9683cea41b80d011a93223a831bccc5c41a70a7eb8da45a07006	NA	Stem_progenitor	NA	NA	NA	NA	NA	NA	NA	NA	NA	NA	NA	NA	NA	NA	NA	CPNE7	1.70935177518345	4	1	1.67560884830786	TRUE
LODO	results_final/stage_6A_paired_FAP_gene_LODO_summary.tsv	f1b9fbaa1eeb9683cea41b80d011a93223a831bccc5c41a70a7eb8da45a07006	NA	Stem_progenitor	NA	NA	NA	NA	NA	NA	NA	NA	NA	NA	NA	NA	NA	NA	NA	EFNA5	-1.06124662345416	4	1	-1.08039700710483	TRUE
LODO	results_final/stage_6A_paired_FAP_gene_LODO_summary.tsv	f1b9fbaa1eeb9683cea41b80d011a93223a831bccc5c41a70a7eb8da45a07006	NA	Stem_progenitor	NA	NA	NA	NA	NA	NA	NA	NA	NA	NA	NA	NA	NA	NA	NA	MTM1	-0.98937491987716	4	1	-0.989909811121183	TRUE
LODO	results_final/stage_6A_paired_FAP_gene_LODO_summary.tsv	f1b9fbaa1eeb9683cea41b80d011a93223a831bccc5c41a70a7eb8da45a07006	NA	Stem_progenitor	NA	NA	NA	NA	NA	NA	NA	NA	NA	NA	NA	NA	NA	NA	NA	NOS2	-1.60662416264927	4	1	-1.65163296791838	TRUE
LODO	results_final/stage_6A_paired_FAP_gene_LODO_summary.tsv	f1b9fbaa1eeb9683cea41b80d011a93223a831bccc5c41a70a7eb8da45a07006	NA	Stem_progenitor	NA	NA	NA	NA	NA	NA	NA	NA	NA	NA	NA	NA	NA	NA	NA	PGGHG	2.46131890972507	4	1	2.42184636392509	TRUE
LODO	results_final/stage_6A_paired_FAP_gene_LODO_summary.tsv	f1b9fbaa1eeb9683cea41b80d011a93223a831bccc5c41a70a7eb8da45a07006	NA	Stem_progenitor	NA	NA	NA	NA	NA	NA	NA	NA	NA	NA	NA	NA	NA	NA	NA	RGL2	1.39674639355159	4	1	1.32509410491658	TRUE
LODO	results_final/stage_6A_paired_FAP_gene_LODO_summary.tsv	f1b9fbaa1eeb9683cea41b80d011a93223a831bccc5c41a70a7eb8da45a07006	NA	Stem_progenitor	NA	NA	NA	NA	NA	NA	NA	NA	NA	NA	NA	NA	NA	NA	NA	ROR1	-1.80017980549195	4	1	-1.79977358790132	TRUE
LODO	results_final/stage_6A_paired_FAP_gene_LODO_summary.tsv	f1b9fbaa1eeb9683cea41b80d011a93223a831bccc5c41a70a7eb8da45a07006	NA	Stem_progenitor	NA	NA	NA	NA	NA	NA	NA	NA	NA	NA	NA	NA	NA	NA	NA	TMEM200A	-2.07757949511553	4	1	-2.09838035591668	TRUE
LODO	results_final/stage_6A_paired_FAP_gene_LODO_summary.tsv	f1b9fbaa1eeb9683cea41b80d011a93223a831bccc5c41a70a7eb8da45a07006	NA	Stem_progenitor	NA	NA	NA	NA	NA	NA	NA	NA	NA	NA	NA	NA	NA	NA	NA	UBQLN4	1.1531335719867	4	1	1.18264572390037	TRUE
LODO	results_final/stage_6A_paired_FAP_gene_LODO_summary.tsv	f1b9fbaa1eeb9683cea41b80d011a93223a831bccc5c41a70a7eb8da45a07006	NA	Stem_progenitor	NA	NA	NA	NA	NA	NA	NA	NA	NA	NA	NA	NA	NA	NA	NA	VWA2	1.38410711350341	4	1	1.36916267413414	TRUE
LODO	results_final/stage_6A_paired_FAP_gene_LODO_summary.tsv	f1b9fbaa1eeb9683cea41b80d011a93223a831bccc5c41a70a7eb8da45a07006	NA	Stem_progenitor	NA	NA	NA	NA	NA	NA	NA	NA	NA	NA	NA	NA	NA	NA	NA	LPCAT1	1.57575428926007	4	1	1.5636910669755	TRUE
LODO	results_final/stage_6A_paired_FAP_gene_LODO_summary.tsv	f1b9fbaa1eeb9683cea41b80d011a93223a831bccc5c41a70a7eb8da45a07006	NA	Stem_progenitor	NA	NA	NA	NA	NA	NA	NA	NA	NA	NA	NA	NA	NA	NA	NA	KITLG	-1.1075566592704	4	1	-1.13962412614626	TRUE
LODO	results_final/stage_6A_paired_FAP_gene_LODO_summary.tsv	f1b9fbaa1eeb9683cea41b80d011a93223a831bccc5c41a70a7eb8da45a07006	NA	Stem_progenitor	NA	NA	NA	NA	NA	NA	NA	NA	NA	NA	NA	NA	NA	NA	NA	MBOAT1	-0.874960682929338	4	1	-0.878371798327953	TRUE
LODO	results_final/stage_6A_paired_FAP_gene_LODO_summary.tsv	f1b9fbaa1eeb9683cea41b80d011a93223a831bccc5c41a70a7eb8da45a07006	NA	Stem_progenitor	NA	NA	NA	NA	NA	NA	NA	NA	NA	NA	NA	NA	NA	NA	NA	PTMA	0.962101831373603	4	1	0.980117758238268	TRUE
LODO	results_final/stage_6A_paired_FAP_gene_LODO_summary.tsv	f1b9fbaa1eeb9683cea41b80d011a93223a831bccc5c41a70a7eb8da45a07006	NA	Stem_progenitor	NA	NA	NA	NA	NA	NA	NA	NA	NA	NA	NA	NA	NA	NA	NA	TTC28	-1.37295239153638	4	1	-1.33009105466836	TRUE
LODO	results_final/stage_6A_paired_FAP_gene_LODO_summary.tsv	f1b9fbaa1eeb9683cea41b80d011a93223a831bccc5c41a70a7eb8da45a07006	NA	Stem_progenitor	NA	NA	NA	NA	NA	NA	NA	NA	NA	NA	NA	NA	NA	NA	NA	AC005993.1	2.01604645264179	4	1	2.15362391387768	TRUE
LODO	results_final/stage_6A_paired_FAP_gene_LODO_summary.tsv	f1b9fbaa1eeb9683cea41b80d011a93223a831bccc5c41a70a7eb8da45a07006	NA	Stem_progenitor	NA	NA	NA	NA	NA	NA	NA	NA	NA	NA	NA	NA	NA	NA	NA	CASD1	-0.687828433977552	4	1	-0.692765438489936	TRUE
LODO	results_final/stage_6A_paired_FAP_gene_LODO_summary.tsv	f1b9fbaa1eeb9683cea41b80d011a93223a831bccc5c41a70a7eb8da45a07006	NA	Stem_progenitor	NA	NA	NA	NA	NA	NA	NA	NA	NA	NA	NA	NA	NA	NA	NA	F3	1.43295012913404	4	1	1.472063547665	TRUE
LODO	results_final/stage_6A_paired_FAP_gene_LODO_summary.tsv	f1b9fbaa1eeb9683cea41b80d011a93223a831bccc5c41a70a7eb8da45a07006	NA	Stem_progenitor	NA	NA	NA	NA	NA	NA	NA	NA	NA	NA	NA	NA	NA	NA	NA	LINC02253	2.91196059264299	4	1	3.06492981597826	TRUE
LODO	results_final/stage_6A_paired_FAP_gene_LODO_summary.tsv	f1b9fbaa1eeb9683cea41b80d011a93223a831bccc5c41a70a7eb8da45a07006	NA	Stem_progenitor	NA	NA	NA	NA	NA	NA	NA	NA	NA	NA	NA	NA	NA	NA	NA	PLOD2	-1.06641581198021	4	1	-1.02489933910107	TRUE
LODO	results_final/stage_6A_paired_FAP_gene_LODO_summary.tsv	f1b9fbaa1eeb9683cea41b80d011a93223a831bccc5c41a70a7eb8da45a07006	NA	Stem_progenitor	NA	NA	NA	NA	NA	NA	NA	NA	NA	NA	NA	NA	NA	NA	NA	SLCO3A1	-0.70473955452444	4	1	-0.714408173697932	TRUE
LODO	results_final/stage_6A_paired_FAP_gene_LODO_summary.tsv	f1b9fbaa1eeb9683cea41b80d011a93223a831bccc5c41a70a7eb8da45a07006	NA	Stem_progenitor	NA	NA	NA	NA	NA	NA	NA	NA	NA	NA	NA	NA	NA	NA	NA	SLITRK6	1.88556873452684	4	1	1.85858156207596	TRUE
LODO	results_final/stage_6A_paired_FAP_gene_LODO_summary.tsv	f1b9fbaa1eeb9683cea41b80d011a93223a831bccc5c41a70a7eb8da45a07006	NA	Stem_progenitor	NA	NA	NA	NA	NA	NA	NA	NA	NA	NA	NA	NA	NA	NA	NA	SOD3	2.59917014378265	4	1	2.57272186224992	TRUE
LODO	results_final/stage_6A_paired_FAP_gene_LODO_summary.tsv	f1b9fbaa1eeb9683cea41b80d011a93223a831bccc5c41a70a7eb8da45a07006	NA	Stem_progenitor	NA	NA	NA	NA	NA	NA	NA	NA	NA	NA	NA	NA	NA	NA	NA	UGP2	-0.916059506674584	4	1	-0.91872787433724	TRUE
LODO	results_final/stage_6A_paired_FAP_gene_LODO_summary.tsv	f1b9fbaa1eeb9683cea41b80d011a93223a831bccc5c41a70a7eb8da45a07006	NA	Stem_progenitor	NA	NA	NA	NA	NA	NA	NA	NA	NA	NA	NA	NA	NA	NA	NA	WDR6	0.953765478637756	4	1	0.976865016420345	TRUE
LODO	results_final/stage_6A_paired_FAP_gene_LODO_summary.tsv	f1b9fbaa1eeb9683cea41b80d011a93223a831bccc5c41a70a7eb8da45a07006	NA	Stem_progenitor	NA	NA	NA	NA	NA	NA	NA	NA	NA	NA	NA	NA	NA	NA	NA	ZNF703	1.13669821090121	4	1	1.15588743971139	TRUE
LODO	results_final/stage_6A_paired_FAP_gene_LODO_summary.tsv	f1b9fbaa1eeb9683cea41b80d011a93223a831bccc5c41a70a7eb8da45a07006	NA	Stem_progenitor	NA	NA	NA	NA	NA	NA	NA	NA	NA	NA	NA	NA	NA	NA	NA	GSTP1	1.17534709276806	4	1	1.18490980910938	TRUE
LODO	results_final/stage_6A_paired_FAP_gene_LODO_summary.tsv	f1b9fbaa1eeb9683cea41b80d011a93223a831bccc5c41a70a7eb8da45a07006	NA	Stem_progenitor	NA	NA	NA	NA	NA	NA	NA	NA	NA	NA	NA	NA	NA	NA	NA	NAV3	-1.36588711034985	4	1	-1.39165265222877	TRUE
LODO	results_final/stage_6A_paired_FAP_gene_LODO_summary.tsv	f1b9fbaa1eeb9683cea41b80d011a93223a831bccc5c41a70a7eb8da45a07006	NA	Stem_progenitor	NA	NA	NA	NA	NA	NA	NA	NA	NA	NA	NA	NA	NA	NA	NA	S100A13	1.42287043391636	4	1	1.44883617589672	TRUE
LODO	results_final/stage_6A_paired_FAP_gene_LODO_summary.tsv	f1b9fbaa1eeb9683cea41b80d011a93223a831bccc5c41a70a7eb8da45a07006	NA	Stem_progenitor	NA	NA	NA	NA	NA	NA	NA	NA	NA	NA	NA	NA	NA	NA	NA	SOX4	0.864221151858571	4	1	0.884757970637164	TRUE
LODO	results_final/stage_6A_paired_FAP_gene_LODO_summary.tsv	f1b9fbaa1eeb9683cea41b80d011a93223a831bccc5c41a70a7eb8da45a07006	NA	Stem_progenitor	NA	NA	NA	NA	NA	NA	NA	NA	NA	NA	NA	NA	NA	NA	NA	TSTA3	1.26315354148053	4	1	1.23382654402069	TRUE
LODO	results_final/stage_6A_paired_FAP_gene_LODO_summary.tsv	f1b9fbaa1eeb9683cea41b80d011a93223a831bccc5c41a70a7eb8da45a07006	NA	Stem_progenitor	NA	NA	NA	NA	NA	NA	NA	NA	NA	NA	NA	NA	NA	NA	NA	SNX32	-1.33316561368107	4	1	-1.29037866967847	TRUE
LODO	results_final/stage_6A_paired_FAP_gene_LODO_summary.tsv	f1b9fbaa1eeb9683cea41b80d011a93223a831bccc5c41a70a7eb8da45a07006	NA	Stem_progenitor	NA	NA	NA	NA	NA	NA	NA	NA	NA	NA	NA	NA	NA	NA	NA	CIRBP	0.820162700338933	4	1	0.835483859749912	TRUE
LODO	results_final/stage_6A_paired_FAP_gene_LODO_summary.tsv	f1b9fbaa1eeb9683cea41b80d011a93223a831bccc5c41a70a7eb8da45a07006	NA	Stem_progenitor	NA	NA	NA	NA	NA	NA	NA	NA	NA	NA	NA	NA	NA	NA	NA	EPHB4	0.912542640012813	4	1	0.919706245222356	TRUE
LODO	results_final/stage_6A_paired_FAP_gene_LODO_summary.tsv	f1b9fbaa1eeb9683cea41b80d011a93223a831bccc5c41a70a7eb8da45a07006	NA	Stem_progenitor	NA	NA	NA	NA	NA	NA	NA	NA	NA	NA	NA	NA	NA	NA	NA	FAM83B	-0.737107653897841	4	1	-0.7506772518889	TRUE
LODO	results_final/stage_6A_paired_FAP_gene_LODO_summary.tsv	f1b9fbaa1eeb9683cea41b80d011a93223a831bccc5c41a70a7eb8da45a07006	NA	Stem_progenitor	NA	NA	NA	NA	NA	NA	NA	NA	NA	NA	NA	NA	NA	NA	NA	GCAT	1.46314702932658	4	1	1.49625247813874	TRUE
LODO	results_final/stage_6A_paired_FAP_gene_LODO_summary.tsv	f1b9fbaa1eeb9683cea41b80d011a93223a831bccc5c41a70a7eb8da45a07006	NA	Stem_progenitor	NA	NA	NA	NA	NA	NA	NA	NA	NA	NA	NA	NA	NA	NA	NA	MCRIP1	1.32426531520706	4	1	1.33551953981523	TRUE
LODO	results_final/stage_6A_paired_FAP_gene_LODO_summary.tsv	f1b9fbaa1eeb9683cea41b80d011a93223a831bccc5c41a70a7eb8da45a07006	NA	Stem_progenitor	NA	NA	NA	NA	NA	NA	NA	NA	NA	NA	NA	NA	NA	NA	NA	SCAND1	0.969728364979931	4	1	0.968692923812239	TRUE
LODO	results_final/stage_6A_paired_FAP_gene_LODO_summary.tsv	f1b9fbaa1eeb9683cea41b80d011a93223a831bccc5c41a70a7eb8da45a07006	NA	Stem_progenitor	NA	NA	NA	NA	NA	NA	NA	NA	NA	NA	NA	NA	NA	NA	NA	BCAP29	-0.949179295029983	4	1	-0.925879632996598	TRUE
LODO	results_final/stage_6A_paired_FAP_gene_LODO_summary.tsv	f1b9fbaa1eeb9683cea41b80d011a93223a831bccc5c41a70a7eb8da45a07006	NA	Stem_progenitor	NA	NA	NA	NA	NA	NA	NA	NA	NA	NA	NA	NA	NA	NA	NA	PTP4A3	1.84024633095154	4	1	1.84451717067429	TRUE
LODO	results_final/stage_6A_paired_FAP_gene_LODO_summary.tsv	f1b9fbaa1eeb9683cea41b80d011a93223a831bccc5c41a70a7eb8da45a07006	NA	Stem_progenitor	NA	NA	NA	NA	NA	NA	NA	NA	NA	NA	NA	NA	NA	NA	NA	AC007364.1	-0.900881916440705	4	1	-0.895475389453587	TRUE
LODO	results_final/stage_6A_paired_FAP_gene_LODO_summary.tsv	f1b9fbaa1eeb9683cea41b80d011a93223a831bccc5c41a70a7eb8da45a07006	NA	Stem_progenitor	NA	NA	NA	NA	NA	NA	NA	NA	NA	NA	NA	NA	NA	NA	NA	AC020928.1	-1.63141817089818	4	1	-1.6112707895921	TRUE
LODO	results_final/stage_6A_paired_FAP_gene_LODO_summary.tsv	f1b9fbaa1eeb9683cea41b80d011a93223a831bccc5c41a70a7eb8da45a07006	NA	Stem_progenitor	NA	NA	NA	NA	NA	NA	NA	NA	NA	NA	NA	NA	NA	NA	NA	APBA1	-1.02594379270833	4	1	-1.04954182600156	TRUE
LODO	results_final/stage_6A_paired_FAP_gene_LODO_summary.tsv	f1b9fbaa1eeb9683cea41b80d011a93223a831bccc5c41a70a7eb8da45a07006	NA	Stem_progenitor	NA	NA	NA	NA	NA	NA	NA	NA	NA	NA	NA	NA	NA	NA	NA	BCL2	-0.917924888354204	4	1	-0.946212271980154	TRUE
LODO	results_final/stage_6A_paired_FAP_gene_LODO_summary.tsv	f1b9fbaa1eeb9683cea41b80d011a93223a831bccc5c41a70a7eb8da45a07006	NA	Stem_progenitor	NA	NA	NA	NA	NA	NA	NA	NA	NA	NA	NA	NA	NA	NA	NA	CANT1	0.737615968370993	4	1	0.723370845874629	TRUE
LODO	results_final/stage_6A_paired_FAP_gene_LODO_summary.tsv	f1b9fbaa1eeb9683cea41b80d011a93223a831bccc5c41a70a7eb8da45a07006	NA	Stem_progenitor	NA	NA	NA	NA	NA	NA	NA	NA	NA	NA	NA	NA	NA	NA	NA	CAPN12	1.02822806934621	4	1	1.0280673091511	TRUE
LODO	results_final/stage_6A_paired_FAP_gene_LODO_summary.tsv	f1b9fbaa1eeb9683cea41b80d011a93223a831bccc5c41a70a7eb8da45a07006	NA	Stem_progenitor	NA	NA	NA	NA	NA	NA	NA	NA	NA	NA	NA	NA	NA	NA	NA	CCND1	1.11184683375152	4	1	1.12024300412254	TRUE
LODO	results_final/stage_6A_paired_FAP_gene_LODO_summary.tsv	f1b9fbaa1eeb9683cea41b80d011a93223a831bccc5c41a70a7eb8da45a07006	NA	Stem_progenitor	NA	NA	NA	NA	NA	NA	NA	NA	NA	NA	NA	NA	NA	NA	NA	CYP2S1	1.31796618423832	4	1	1.31629054187758	TRUE
LODO	results_final/stage_6A_paired_FAP_gene_LODO_summary.tsv	f1b9fbaa1eeb9683cea41b80d011a93223a831bccc5c41a70a7eb8da45a07006	NA	Stem_progenitor	NA	NA	NA	NA	NA	NA	NA	NA	NA	NA	NA	NA	NA	NA	NA	DOCK4	-0.899275695807718	4	1	-0.945337931888078	TRUE
LODO	results_final/stage_6A_paired_FAP_gene_LODO_summary.tsv	f1b9fbaa1eeb9683cea41b80d011a93223a831bccc5c41a70a7eb8da45a07006	NA	Stem_progenitor	NA	NA	NA	NA	NA	NA	NA	NA	NA	NA	NA	NA	NA	NA	NA	ECM1	2.379862921771	4	1	2.26428781264374	TRUE
LODO	results_final/stage_6A_paired_FAP_gene_LODO_summary.tsv	f1b9fbaa1eeb9683cea41b80d011a93223a831bccc5c41a70a7eb8da45a07006	NA	Stem_progenitor	NA	NA	NA	NA	NA	NA	NA	NA	NA	NA	NA	NA	NA	NA	NA	EIF5A	1.01975790022386	4	1	1.00896079042582	TRUE
LODO	results_final/stage_6A_paired_FAP_gene_LODO_summary.tsv	f1b9fbaa1eeb9683cea41b80d011a93223a831bccc5c41a70a7eb8da45a07006	NA	Stem_progenitor	NA	NA	NA	NA	NA	NA	NA	NA	NA	NA	NA	NA	NA	NA	NA	EXT1	-0.757577102016905	4	1	-0.774316054234998	TRUE
LODO	results_final/stage_6A_paired_FAP_gene_LODO_summary.tsv	f1b9fbaa1eeb9683cea41b80d011a93223a831bccc5c41a70a7eb8da45a07006	NA	Stem_progenitor	NA	NA	NA	NA	NA	NA	NA	NA	NA	NA	NA	NA	NA	NA	NA	FAAP20	1.14992435972886	4	1	1.1409558541274	TRUE
LODO	results_final/stage_6A_paired_FAP_gene_LODO_summary.tsv	f1b9fbaa1eeb9683cea41b80d011a93223a831bccc5c41a70a7eb8da45a07006	NA	Stem_progenitor	NA	NA	NA	NA	NA	NA	NA	NA	NA	NA	NA	NA	NA	NA	NA	FGF14	-2.1112808532395	4	1	-2.08558057105079	TRUE
LODO	results_final/stage_6A_paired_FAP_gene_LODO_summary.tsv	f1b9fbaa1eeb9683cea41b80d011a93223a831bccc5c41a70a7eb8da45a07006	NA	Stem_progenitor	NA	NA	NA	NA	NA	NA	NA	NA	NA	NA	NA	NA	NA	NA	NA	FPGS	0.945863702688837	4	1	0.949270833865032	TRUE
LODO	results_final/stage_6A_paired_FAP_gene_LODO_summary.tsv	f1b9fbaa1eeb9683cea41b80d011a93223a831bccc5c41a70a7eb8da45a07006	NA	Stem_progenitor	NA	NA	NA	NA	NA	NA	NA	NA	NA	NA	NA	NA	NA	NA	NA	GATA2	2.40454605067127	4	1	2.51499177634873	TRUE
LODO	results_final/stage_6A_paired_FAP_gene_LODO_summary.tsv	f1b9fbaa1eeb9683cea41b80d011a93223a831bccc5c41a70a7eb8da45a07006	NA	Stem_progenitor	NA	NA	NA	NA	NA	NA	NA	NA	NA	NA	NA	NA	NA	NA	NA	GLIPR2	-1.28494856829213	4	1	-1.2924034374419	TRUE
LODO	results_final/stage_6A_paired_FAP_gene_LODO_summary.tsv	f1b9fbaa1eeb9683cea41b80d011a93223a831bccc5c41a70a7eb8da45a07006	NA	Stem_progenitor	NA	NA	NA	NA	NA	NA	NA	NA	NA	NA	NA	NA	NA	NA	NA	HSD17B11	-0.754527989051126	4	1	-0.73232947116208	TRUE
LODO	results_final/stage_6A_paired_FAP_gene_LODO_summary.tsv	f1b9fbaa1eeb9683cea41b80d011a93223a831bccc5c41a70a7eb8da45a07006	NA	Stem_progenitor	NA	NA	NA	NA	NA	NA	NA	NA	NA	NA	NA	NA	NA	NA	NA	KRT18	0.737614601248653	4	1	0.727806741863328	TRUE
LODO	results_final/stage_6A_paired_FAP_gene_LODO_summary.tsv	f1b9fbaa1eeb9683cea41b80d011a93223a831bccc5c41a70a7eb8da45a07006	NA	Stem_progenitor	NA	NA	NA	NA	NA	NA	NA	NA	NA	NA	NA	NA	NA	NA	NA	LRRIQ4	2.17169457839637	4	1	2.20948168923579	TRUE
LODO	results_final/stage_6A_paired_FAP_gene_LODO_summary.tsv	f1b9fbaa1eeb9683cea41b80d011a93223a831bccc5c41a70a7eb8da45a07006	NA	Stem_progenitor	NA	NA	NA	NA	NA	NA	NA	NA	NA	NA	NA	NA	NA	NA	NA	MFSD10	1.17702828508832	4	1	1.19142897009459	TRUE
LODO	results_final/stage_6A_paired_FAP_gene_LODO_summary.tsv	f1b9fbaa1eeb9683cea41b80d011a93223a831bccc5c41a70a7eb8da45a07006	NA	Stem_progenitor	NA	NA	NA	NA	NA	NA	NA	NA	NA	NA	NA	NA	NA	NA	NA	MIR34AHG	1.22198715869997	4	1	1.21128944069515	TRUE
LODO	results_final/stage_6A_paired_FAP_gene_LODO_summary.tsv	f1b9fbaa1eeb9683cea41b80d011a93223a831bccc5c41a70a7eb8da45a07006	NA	Stem_progenitor	NA	NA	NA	NA	NA	NA	NA	NA	NA	NA	NA	NA	NA	NA	NA	MT-CO2	0.658099751011665	4	1	0.643845086574157	TRUE
LODO	results_final/stage_6A_paired_FAP_gene_LODO_summary.tsv	f1b9fbaa1eeb9683cea41b80d011a93223a831bccc5c41a70a7eb8da45a07006	NA	Stem_progenitor	NA	NA	NA	NA	NA	NA	NA	NA	NA	NA	NA	NA	NA	NA	NA	NR3C2	-0.803816378054507	4	1	-0.814980798482505	TRUE
LODO	results_final/stage_6A_paired_FAP_gene_LODO_summary.tsv	f1b9fbaa1eeb9683cea41b80d011a93223a831bccc5c41a70a7eb8da45a07006	NA	Stem_progenitor	NA	NA	NA	NA	NA	NA	NA	NA	NA	NA	NA	NA	NA	NA	NA	PAG1	-0.816754511282861	4	1	-0.814748312253589	TRUE
LODO	results_final/stage_6A_paired_FAP_gene_LODO_summary.tsv	f1b9fbaa1eeb9683cea41b80d011a93223a831bccc5c41a70a7eb8da45a07006	NA	Stem_progenitor	NA	NA	NA	NA	NA	NA	NA	NA	NA	NA	NA	NA	NA	NA	NA	PLAG1	-1.58140850994789	4	1	-1.55592909854653	TRUE
LODO	results_final/stage_6A_paired_FAP_gene_LODO_summary.tsv	f1b9fbaa1eeb9683cea41b80d011a93223a831bccc5c41a70a7eb8da45a07006	NA	Stem_progenitor	NA	NA	NA	NA	NA	NA	NA	NA	NA	NA	NA	NA	NA	NA	NA	RNF152	-1.70236481985803	4	1	-1.72891161727072	TRUE
LODO	results_final/stage_6A_paired_FAP_gene_LODO_summary.tsv	f1b9fbaa1eeb9683cea41b80d011a93223a831bccc5c41a70a7eb8da45a07006	NA	Stem_progenitor	NA	NA	NA	NA	NA	NA	NA	NA	NA	NA	NA	NA	NA	NA	NA	SNAPC3	-0.683150643273688	4	1	-0.687298355186806	TRUE
LODO	results_final/stage_6A_paired_FAP_gene_LODO_summary.tsv	f1b9fbaa1eeb9683cea41b80d011a93223a831bccc5c41a70a7eb8da45a07006	NA	Stem_progenitor	NA	NA	NA	NA	NA	NA	NA	NA	NA	NA	NA	NA	NA	NA	NA	SNORC	0.90216724855568	4	1	0.904293090684771	TRUE
LODO	results_final/stage_6A_paired_FAP_gene_LODO_summary.tsv	f1b9fbaa1eeb9683cea41b80d011a93223a831bccc5c41a70a7eb8da45a07006	NA	Stem_progenitor	NA	NA	NA	NA	NA	NA	NA	NA	NA	NA	NA	NA	NA	NA	NA	SPRY2	1.13833125851186	4	1	1.11340740193692	TRUE
LODO	results_final/stage_6A_paired_FAP_gene_LODO_summary.tsv	f1b9fbaa1eeb9683cea41b80d011a93223a831bccc5c41a70a7eb8da45a07006	NA	Stem_progenitor	NA	NA	NA	NA	NA	NA	NA	NA	NA	NA	NA	NA	NA	NA	NA	SSR4	1.24999186285184	4	1	1.27343892322634	TRUE
LODO	results_final/stage_6A_paired_FAP_gene_LODO_summary.tsv	f1b9fbaa1eeb9683cea41b80d011a93223a831bccc5c41a70a7eb8da45a07006	NA	Stem_progenitor	NA	NA	NA	NA	NA	NA	NA	NA	NA	NA	NA	NA	NA	NA	NA	UNC13D	1.57164064182602	4	1	1.57808810539342	TRUE
LODO	results_final/stage_6A_paired_FAP_gene_LODO_summary.tsv	f1b9fbaa1eeb9683cea41b80d011a93223a831bccc5c41a70a7eb8da45a07006	NA	Stem_progenitor	NA	NA	NA	NA	NA	NA	NA	NA	NA	NA	NA	NA	NA	NA	NA	ESRRG	-0.847864679855779	4	1	-0.853247238082415	TRUE
LODO	results_final/stage_6A_paired_FAP_gene_LODO_summary.tsv	f1b9fbaa1eeb9683cea41b80d011a93223a831bccc5c41a70a7eb8da45a07006	NA	Stem_progenitor	NA	NA	NA	NA	NA	NA	NA	NA	NA	NA	NA	NA	NA	NA	NA	FYB2	-1.45899428966183	4	1	-1.48790733255095	TRUE
LODO	results_final/stage_6A_paired_FAP_gene_LODO_summary.tsv	f1b9fbaa1eeb9683cea41b80d011a93223a831bccc5c41a70a7eb8da45a07006	NA	Stem_progenitor	NA	NA	NA	NA	NA	NA	NA	NA	NA	NA	NA	NA	NA	NA	NA	KAZN	-0.699883617053604	4	1	-0.708401981750839	TRUE
LODO	results_final/stage_6A_paired_FAP_gene_LODO_summary.tsv	f1b9fbaa1eeb9683cea41b80d011a93223a831bccc5c41a70a7eb8da45a07006	NA	Stem_progenitor	NA	NA	NA	NA	NA	NA	NA	NA	NA	NA	NA	NA	NA	NA	NA	NFATC2	-0.90422890746283	4	1	-0.89346975905325	TRUE
LODO	results_final/stage_6A_paired_FAP_gene_LODO_summary.tsv	f1b9fbaa1eeb9683cea41b80d011a93223a831bccc5c41a70a7eb8da45a07006	NA	Stem_progenitor	NA	NA	NA	NA	NA	NA	NA	NA	NA	NA	NA	NA	NA	NA	NA	SLC4A10	-1.49521323232315	4	1	-1.5216631440245	TRUE
LODO	results_final/stage_6A_paired_FAP_gene_LODO_summary.tsv	f1b9fbaa1eeb9683cea41b80d011a93223a831bccc5c41a70a7eb8da45a07006	NA	Stem_progenitor	NA	NA	NA	NA	NA	NA	NA	NA	NA	NA	NA	NA	NA	NA	NA	GREM2	-1.88064049535877	4	1	-1.88690686208293	TRUE
LODO	results_final/stage_6A_paired_FAP_gene_LODO_summary.tsv	f1b9fbaa1eeb9683cea41b80d011a93223a831bccc5c41a70a7eb8da45a07006	NA	Stem_progenitor	NA	NA	NA	NA	NA	NA	NA	NA	NA	NA	NA	NA	NA	NA	NA	PSORS1C1	1.11016750959226	4	1	1.11917851367749	TRUE
LODO	results_final/stage_6A_paired_FAP_gene_LODO_summary.tsv	f1b9fbaa1eeb9683cea41b80d011a93223a831bccc5c41a70a7eb8da45a07006	NA	Stem_progenitor	NA	NA	NA	NA	NA	NA	NA	NA	NA	NA	NA	NA	NA	NA	NA	CAPN8	1.46829961540445	4	1	1.39585604606026	TRUE
LODO	results_final/stage_6A_paired_FAP_gene_LODO_summary.tsv	f1b9fbaa1eeb9683cea41b80d011a93223a831bccc5c41a70a7eb8da45a07006	NA	Stem_progenitor	NA	NA	NA	NA	NA	NA	NA	NA	NA	NA	NA	NA	NA	NA	NA	GXYLT2	-1.09314408453526	4	1	-1.06661504503682	TRUE
LODO	results_final/stage_6A_paired_FAP_gene_LODO_summary.tsv	f1b9fbaa1eeb9683cea41b80d011a93223a831bccc5c41a70a7eb8da45a07006	NA	Stem_progenitor	NA	NA	NA	NA	NA	NA	NA	NA	NA	NA	NA	NA	NA	NA	NA	LINC01695	-1.57655063822462	4	1	-1.5626822587719	TRUE
LODO	results_final/stage_6A_paired_FAP_gene_LODO_summary.tsv	f1b9fbaa1eeb9683cea41b80d011a93223a831bccc5c41a70a7eb8da45a07006	NA	Stem_progenitor	NA	NA	NA	NA	NA	NA	NA	NA	NA	NA	NA	NA	NA	NA	NA	ZNF804A	-2.37790116740955	4	1	-2.44606397581292	TRUE
LODO	results_final/stage_6A_paired_FAP_gene_LODO_summary.tsv	f1b9fbaa1eeb9683cea41b80d011a93223a831bccc5c41a70a7eb8da45a07006	NA	Stem_progenitor	NA	NA	NA	NA	NA	NA	NA	NA	NA	NA	NA	NA	NA	NA	NA	ABHD17B	-0.819450318622091	4	1	-0.855213096798922	TRUE
LODO	results_final/stage_6A_paired_FAP_gene_LODO_summary.tsv	f1b9fbaa1eeb9683cea41b80d011a93223a831bccc5c41a70a7eb8da45a07006	NA	Stem_progenitor	NA	NA	NA	NA	NA	NA	NA	NA	NA	NA	NA	NA	NA	NA	NA	CHID1	0.870981863520242	4	1	0.862147051367034	TRUE
LODO	results_final/stage_6A_paired_FAP_gene_LODO_summary.tsv	f1b9fbaa1eeb9683cea41b80d011a93223a831bccc5c41a70a7eb8da45a07006	NA	Stem_progenitor	NA	NA	NA	NA	NA	NA	NA	NA	NA	NA	NA	NA	NA	NA	NA	CNNM2	-0.833609804098042	4	1	-0.838854332599536	TRUE
LODO	results_final/stage_6A_paired_FAP_gene_LODO_summary.tsv	f1b9fbaa1eeb9683cea41b80d011a93223a831bccc5c41a70a7eb8da45a07006	NA	Stem_progenitor	NA	NA	NA	NA	NA	NA	NA	NA	NA	NA	NA	NA	NA	NA	NA	MELTF	1.49774409582696	4	1	1.46844997679197	TRUE
LODO	results_final/stage_6A_paired_FAP_gene_LODO_summary.tsv	f1b9fbaa1eeb9683cea41b80d011a93223a831bccc5c41a70a7eb8da45a07006	NA	Stem_progenitor	NA	NA	NA	NA	NA	NA	NA	NA	NA	NA	NA	NA	NA	NA	NA	PTMS	1.46916957617268	4	1	1.44094119745345	TRUE
LODO	results_final/stage_6A_paired_FAP_gene_LODO_summary.tsv	f1b9fbaa1eeb9683cea41b80d011a93223a831bccc5c41a70a7eb8da45a07006	NA	Stem_progenitor	NA	NA	NA	NA	NA	NA	NA	NA	NA	NA	NA	NA	NA	NA	NA	SATB2	-1.13476788815213	4	1	-1.16100148703917	TRUE
LODO	results_final/stage_6A_paired_FAP_gene_LODO_summary.tsv	f1b9fbaa1eeb9683cea41b80d011a93223a831bccc5c41a70a7eb8da45a07006	NA	Stem_progenitor	NA	NA	NA	NA	NA	NA	NA	NA	NA	NA	NA	NA	NA	NA	NA	STARD13	-0.805669906361621	4	1	-0.851570643186784	TRUE
LODO	results_final/stage_6A_paired_FAP_gene_LODO_summary.tsv	f1b9fbaa1eeb9683cea41b80d011a93223a831bccc5c41a70a7eb8da45a07006	NA	Stem_progenitor	NA	NA	NA	NA	NA	NA	NA	NA	NA	NA	NA	NA	NA	NA	NA	LINC01389	-1.35036293067844	4	1	-1.28894005477751	TRUE
LODO	results_final/stage_6A_paired_FAP_gene_LODO_summary.tsv	f1b9fbaa1eeb9683cea41b80d011a93223a831bccc5c41a70a7eb8da45a07006	NA	Stem_progenitor	NA	NA	NA	NA	NA	NA	NA	NA	NA	NA	NA	NA	NA	NA	NA	ETNK1	-0.683606684855812	4	1	-0.698354021513274	TRUE
LODO	results_final/stage_6A_paired_FAP_gene_LODO_summary.tsv	f1b9fbaa1eeb9683cea41b80d011a93223a831bccc5c41a70a7eb8da45a07006	NA	Stem_progenitor	NA	NA	NA	NA	NA	NA	NA	NA	NA	NA	NA	NA	NA	NA	NA	HIF3A	-1.31526729783401	4	1	-1.34457380326095	TRUE
LODO	results_final/stage_6A_paired_FAP_gene_LODO_summary.tsv	f1b9fbaa1eeb9683cea41b80d011a93223a831bccc5c41a70a7eb8da45a07006	NA	Stem_progenitor	NA	NA	NA	NA	NA	NA	NA	NA	NA	NA	NA	NA	NA	NA	NA	NENF	1.22981456192472	4	1	1.26228816832543	TRUE
LODO	results_final/stage_6A_paired_FAP_gene_LODO_summary.tsv	f1b9fbaa1eeb9683cea41b80d011a93223a831bccc5c41a70a7eb8da45a07006	NA	Stem_progenitor	NA	NA	NA	NA	NA	NA	NA	NA	NA	NA	NA	NA	NA	NA	NA	SLC4A4	-1.41497841867102	4	1	-1.49868918093751	TRUE
LODO	results_final/stage_6A_paired_FAP_gene_LODO_summary.tsv	f1b9fbaa1eeb9683cea41b80d011a93223a831bccc5c41a70a7eb8da45a07006	NA	Stem_progenitor	NA	NA	NA	NA	NA	NA	NA	NA	NA	NA	NA	NA	NA	NA	NA	WDR13	1.03932763408628	4	1	1.09860397932759	TRUE
LODO	results_final/stage_6A_paired_FAP_gene_LODO_summary.tsv	f1b9fbaa1eeb9683cea41b80d011a93223a831bccc5c41a70a7eb8da45a07006	NA	Stem_progenitor	NA	NA	NA	NA	NA	NA	NA	NA	NA	NA	NA	NA	NA	NA	NA	AL355922.5	-0.857954134766472	4	1	-0.848112514826305	TRUE
LODO	results_final/stage_6A_paired_FAP_gene_LODO_summary.tsv	f1b9fbaa1eeb9683cea41b80d011a93223a831bccc5c41a70a7eb8da45a07006	NA	Stem_progenitor	NA	NA	NA	NA	NA	NA	NA	NA	NA	NA	NA	NA	NA	NA	NA	LYZ	2.55340470997353	4	1	2.64300859287417	TRUE
LODO	results_final/stage_6A_paired_FAP_gene_LODO_summary.tsv	f1b9fbaa1eeb9683cea41b80d011a93223a831bccc5c41a70a7eb8da45a07006	NA	Stem_progenitor	NA	NA	NA	NA	NA	NA	NA	NA	NA	NA	NA	NA	NA	NA	NA	MLPH	1.3357580839272	4	1	1.28295754826377	TRUE
LODO	results_final/stage_6A_paired_FAP_gene_LODO_summary.tsv	f1b9fbaa1eeb9683cea41b80d011a93223a831bccc5c41a70a7eb8da45a07006	NA	Stem_progenitor	NA	NA	NA	NA	NA	NA	NA	NA	NA	NA	NA	NA	NA	NA	NA	PFN1	0.729675157824384	4	1	0.697436410281905	TRUE
LODO	results_final/stage_6A_paired_FAP_gene_LODO_summary.tsv	f1b9fbaa1eeb9683cea41b80d011a93223a831bccc5c41a70a7eb8da45a07006	NA	Stem_progenitor	NA	NA	NA	NA	NA	NA	NA	NA	NA	NA	NA	NA	NA	NA	NA	R3HDM4	1.07435262844553	4	1	1.12141061637343	TRUE
LODO	results_final/stage_6A_paired_FAP_gene_LODO_summary.tsv	f1b9fbaa1eeb9683cea41b80d011a93223a831bccc5c41a70a7eb8da45a07006	NA	Stem_progenitor	NA	NA	NA	NA	NA	NA	NA	NA	NA	NA	NA	NA	NA	NA	NA	H2AFJ	1.18188476279191	4	1	1.25599678742974	TRUE
LODO	results_final/stage_6A_paired_FAP_gene_LODO_summary.tsv	f1b9fbaa1eeb9683cea41b80d011a93223a831bccc5c41a70a7eb8da45a07006	NA	Stem_progenitor	NA	NA	NA	NA	NA	NA	NA	NA	NA	NA	NA	NA	NA	NA	NA	AC068305.2	-1.00669968295344	4	1	-1.04400370255143	TRUE
LODO	results_final/stage_6A_paired_FAP_gene_LODO_summary.tsv	f1b9fbaa1eeb9683cea41b80d011a93223a831bccc5c41a70a7eb8da45a07006	NA	Stem_progenitor	NA	NA	NA	NA	NA	NA	NA	NA	NA	NA	NA	NA	NA	NA	NA	ALDH1A1	-1.03238979637912	4	1	-1.02736753508245	TRUE
LODO	results_final/stage_6A_paired_FAP_gene_LODO_summary.tsv	f1b9fbaa1eeb9683cea41b80d011a93223a831bccc5c41a70a7eb8da45a07006	NA	Stem_progenitor	NA	NA	NA	NA	NA	NA	NA	NA	NA	NA	NA	NA	NA	NA	NA	ARID3A	0.988003331273914	4	1	1.03223270118961	TRUE
LODO	results_final/stage_6A_paired_FAP_gene_LODO_summary.tsv	f1b9fbaa1eeb9683cea41b80d011a93223a831bccc5c41a70a7eb8da45a07006	NA	Stem_progenitor	NA	NA	NA	NA	NA	NA	NA	NA	NA	NA	NA	NA	NA	NA	NA	C19orf48	0.914066588015795	4	1	0.91737289046553	TRUE
LODO	results_final/stage_6A_paired_FAP_gene_LODO_summary.tsv	f1b9fbaa1eeb9683cea41b80d011a93223a831bccc5c41a70a7eb8da45a07006	NA	Stem_progenitor	NA	NA	NA	NA	NA	NA	NA	NA	NA	NA	NA	NA	NA	NA	NA	FAR1	-0.655276562472357	4	1	-0.685287411736422	TRUE
LODO	results_final/stage_6A_paired_FAP_gene_LODO_summary.tsv	f1b9fbaa1eeb9683cea41b80d011a93223a831bccc5c41a70a7eb8da45a07006	NA	Stem_progenitor	NA	NA	NA	NA	NA	NA	NA	NA	NA	NA	NA	NA	NA	NA	NA	ITGB4	0.782038671241106	4	1	0.761868219985639	TRUE
LODO	results_final/stage_6A_paired_FAP_gene_LODO_summary.tsv	f1b9fbaa1eeb9683cea41b80d011a93223a831bccc5c41a70a7eb8da45a07006	NA	Stem_progenitor	NA	NA	NA	NA	NA	NA	NA	NA	NA	NA	NA	NA	NA	NA	NA	LINC01725	-0.893571943560405	4	1	-0.891789441456508	TRUE
LODO	results_final/stage_6A_paired_FAP_gene_LODO_summary.tsv	f1b9fbaa1eeb9683cea41b80d011a93223a831bccc5c41a70a7eb8da45a07006	NA	Stem_progenitor	NA	NA	NA	NA	NA	NA	NA	NA	NA	NA	NA	NA	NA	NA	NA	PKIB	-0.751798007351756	4	1	-0.736211061325558	TRUE
LODO	results_final/stage_6A_paired_FAP_gene_LODO_summary.tsv	f1b9fbaa1eeb9683cea41b80d011a93223a831bccc5c41a70a7eb8da45a07006	NA	Stem_progenitor	NA	NA	NA	NA	NA	NA	NA	NA	NA	NA	NA	NA	NA	NA	NA	RCN1	1.15770616924565	4	1	1.13367054630694	TRUE
LODO	results_final/stage_6A_paired_FAP_gene_LODO_summary.tsv	f1b9fbaa1eeb9683cea41b80d011a93223a831bccc5c41a70a7eb8da45a07006	NA	Stem_progenitor	NA	NA	NA	NA	NA	NA	NA	NA	NA	NA	NA	NA	NA	NA	NA	LRIG3	-0.666455020111005	4	1	-0.685288508514587	TRUE
LODO	results_final/stage_6A_paired_FAP_gene_LODO_summary.tsv	f1b9fbaa1eeb9683cea41b80d011a93223a831bccc5c41a70a7eb8da45a07006	NA	Stem_progenitor	NA	NA	NA	NA	NA	NA	NA	NA	NA	NA	NA	NA	NA	NA	NA	ADAMTS19	-2.52691960402687	4	1	-2.73073569193181	TRUE
LODO	results_final/stage_6A_paired_FAP_gene_LODO_summary.tsv	f1b9fbaa1eeb9683cea41b80d011a93223a831bccc5c41a70a7eb8da45a07006	NA	Stem_progenitor	NA	NA	NA	NA	NA	NA	NA	NA	NA	NA	NA	NA	NA	NA	NA	EEF1D	0.955605570039218	4	1	0.973100571188559	TRUE
LODO	results_final/stage_6A_paired_FAP_gene_LODO_summary.tsv	f1b9fbaa1eeb9683cea41b80d011a93223a831bccc5c41a70a7eb8da45a07006	NA	Stem_progenitor	NA	NA	NA	NA	NA	NA	NA	NA	NA	NA	NA	NA	NA	NA	NA	GABRB2	-1.49609504660362	4	1	-1.53838703804289	TRUE
LODO	results_final/stage_6A_paired_FAP_gene_LODO_summary.tsv	f1b9fbaa1eeb9683cea41b80d011a93223a831bccc5c41a70a7eb8da45a07006	NA	Stem_progenitor	NA	NA	NA	NA	NA	NA	NA	NA	NA	NA	NA	NA	NA	NA	NA	LPAR2	1.24946938474735	4	1	1.22182683914802	TRUE
LODO	results_final/stage_6A_paired_FAP_gene_LODO_summary.tsv	f1b9fbaa1eeb9683cea41b80d011a93223a831bccc5c41a70a7eb8da45a07006	NA	Stem_progenitor	NA	NA	NA	NA	NA	NA	NA	NA	NA	NA	NA	NA	NA	NA	NA	ZBTB4	0.796410309994539	4	1	0.792357342317572	TRUE
LODO	results_final/stage_6A_paired_FAP_gene_LODO_summary.tsv	f1b9fbaa1eeb9683cea41b80d011a93223a831bccc5c41a70a7eb8da45a07006	NA	Stem_progenitor	NA	NA	NA	NA	NA	NA	NA	NA	NA	NA	NA	NA	NA	NA	NA	TNS4	2.06065968873547	4	1	2.11586753554039	TRUE
LODO	results_final/stage_6A_paired_FAP_gene_LODO_summary.tsv	f1b9fbaa1eeb9683cea41b80d011a93223a831bccc5c41a70a7eb8da45a07006	NA	Stem_progenitor	NA	NA	NA	NA	NA	NA	NA	NA	NA	NA	NA	NA	NA	NA	NA	ZNF316	0.965440574860648	4	1	0.958573152347281	TRUE
LODO	results_final/stage_6A_paired_FAP_gene_LODO_summary.tsv	f1b9fbaa1eeb9683cea41b80d011a93223a831bccc5c41a70a7eb8da45a07006	NA	Stem_progenitor	NA	NA	NA	NA	NA	NA	NA	NA	NA	NA	NA	NA	NA	NA	NA	PDGFD	-1.99163721230815	4	1	-2.05152738471458	TRUE
LODO	results_final/stage_6A_paired_FAP_gene_LODO_summary.tsv	f1b9fbaa1eeb9683cea41b80d011a93223a831bccc5c41a70a7eb8da45a07006	NA	Stem_progenitor	NA	NA	NA	NA	NA	NA	NA	NA	NA	NA	NA	NA	NA	NA	NA	TRMT1	0.894950904284449	4	1	0.892057711513882	TRUE
LODO	results_final/stage_6A_paired_FAP_gene_LODO_summary.tsv	f1b9fbaa1eeb9683cea41b80d011a93223a831bccc5c41a70a7eb8da45a07006	NA	Stem_progenitor	NA	NA	NA	NA	NA	NA	NA	NA	NA	NA	NA	NA	NA	NA	NA	MIR4435-2HG	1.63556436944607	4	1	1.57054957996487	TRUE
LODO	results_final/stage_6A_paired_FAP_gene_LODO_summary.tsv	f1b9fbaa1eeb9683cea41b80d011a93223a831bccc5c41a70a7eb8da45a07006	NA	Stem_progenitor	NA	NA	NA	NA	NA	NA	NA	NA	NA	NA	NA	NA	NA	NA	NA	SUCLG2-AS1	-0.950301054435546	4	1	-0.951501582527359	TRUE
LODO	results_final/stage_6A_paired_FAP_gene_LODO_summary.tsv	f1b9fbaa1eeb9683cea41b80d011a93223a831bccc5c41a70a7eb8da45a07006	NA	Stem_progenitor	NA	NA	NA	NA	NA	NA	NA	NA	NA	NA	NA	NA	NA	NA	NA	LFNG	1.10620621704762	4	1	1.17049525739985	TRUE
LODO	results_final/stage_6A_paired_FAP_gene_LODO_summary.tsv	f1b9fbaa1eeb9683cea41b80d011a93223a831bccc5c41a70a7eb8da45a07006	NA	Stem_progenitor	NA	NA	NA	NA	NA	NA	NA	NA	NA	NA	NA	NA	NA	NA	NA	ASCL2	1.24415054304565	4	1	1.24361790329017	TRUE
LODO	results_final/stage_6A_paired_FAP_gene_LODO_summary.tsv	f1b9fbaa1eeb9683cea41b80d011a93223a831bccc5c41a70a7eb8da45a07006	NA	Stem_progenitor	NA	NA	NA	NA	NA	NA	NA	NA	NA	NA	NA	NA	NA	NA	NA	PPARGC1B	-0.689474707489235	4	1	-0.683775789174584	TRUE
LODO	results_final/stage_6A_paired_FAP_gene_LODO_summary.tsv	f1b9fbaa1eeb9683cea41b80d011a93223a831bccc5c41a70a7eb8da45a07006	NA	Stem_progenitor	NA	NA	NA	NA	NA	NA	NA	NA	NA	NA	NA	NA	NA	NA	NA	SOX9	0.886578834087053	4	1	0.846213696213568	TRUE
LODO	results_final/stage_6A_paired_FAP_gene_LODO_summary.tsv	f1b9fbaa1eeb9683cea41b80d011a93223a831bccc5c41a70a7eb8da45a07006	NA	Stem_progenitor	NA	NA	NA	NA	NA	NA	NA	NA	NA	NA	NA	NA	NA	NA	NA	TRIR	0.748918823419031	4	1	0.731463638900798	TRUE
LODO	results_final/stage_6A_paired_FAP_gene_LODO_summary.tsv	f1b9fbaa1eeb9683cea41b80d011a93223a831bccc5c41a70a7eb8da45a07006	NA	Stem_progenitor	NA	NA	NA	NA	NA	NA	NA	NA	NA	NA	NA	NA	NA	NA	NA	AGR3	-0.712313531561283	4	1	-0.70805113418125	TRUE
LODO	results_final/stage_6A_paired_FAP_gene_LODO_summary.tsv	f1b9fbaa1eeb9683cea41b80d011a93223a831bccc5c41a70a7eb8da45a07006	NA	Stem_progenitor	NA	NA	NA	NA	NA	NA	NA	NA	NA	NA	NA	NA	NA	NA	NA	CAPN9	1.13145084700205	4	1	1.15552392323224	TRUE
LODO	results_final/stage_6A_paired_FAP_gene_LODO_summary.tsv	f1b9fbaa1eeb9683cea41b80d011a93223a831bccc5c41a70a7eb8da45a07006	NA	Stem_progenitor	NA	NA	NA	NA	NA	NA	NA	NA	NA	NA	NA	NA	NA	NA	NA	COX10	-0.648386987219922	4	1	-0.641037106654651	TRUE
LODO	results_final/stage_6A_paired_FAP_gene_LODO_summary.tsv	f1b9fbaa1eeb9683cea41b80d011a93223a831bccc5c41a70a7eb8da45a07006	NA	Stem_progenitor	NA	NA	NA	NA	NA	NA	NA	NA	NA	NA	NA	NA	NA	NA	NA	FAM120A	-0.566905234595523	4	1	-0.571155872406379	TRUE
LODO	results_final/stage_6A_paired_FAP_gene_LODO_summary.tsv	f1b9fbaa1eeb9683cea41b80d011a93223a831bccc5c41a70a7eb8da45a07006	NA	Stem_progenitor	NA	NA	NA	NA	NA	NA	NA	NA	NA	NA	NA	NA	NA	NA	NA	LAMB2	1.54155536497641	4	1	1.47120254098507	TRUE
LODO	results_final/stage_6A_paired_FAP_gene_LODO_summary.tsv	f1b9fbaa1eeb9683cea41b80d011a93223a831bccc5c41a70a7eb8da45a07006	NA	Stem_progenitor	NA	NA	NA	NA	NA	NA	NA	NA	NA	NA	NA	NA	NA	NA	NA	SLC25A29	0.929143183249037	4	1	0.908664164987518	TRUE
LODO	results_final/stage_6A_paired_FAP_gene_LODO_summary.tsv	f1b9fbaa1eeb9683cea41b80d011a93223a831bccc5c41a70a7eb8da45a07006	NA	Stem_progenitor	NA	NA	NA	NA	NA	NA	NA	NA	NA	NA	NA	NA	NA	NA	NA	TNFSF15	1.91371447606886	4	1	2.02556118116571	TRUE
LODO	results_final/stage_6A_paired_FAP_gene_LODO_summary.tsv	f1b9fbaa1eeb9683cea41b80d011a93223a831bccc5c41a70a7eb8da45a07006	NA	Stem_progenitor	NA	NA	NA	NA	NA	NA	NA	NA	NA	NA	NA	NA	NA	NA	NA	XAF1	0.714468223927116	4	1	0.683267126652225	TRUE
LODO	results_final/stage_6A_paired_FAP_gene_LODO_summary.tsv	f1b9fbaa1eeb9683cea41b80d011a93223a831bccc5c41a70a7eb8da45a07006	NA	Stem_progenitor	NA	NA	NA	NA	NA	NA	NA	NA	NA	NA	NA	NA	NA	NA	NA	AC020718.1	-1.16765547755843	4	1	-1.21817896027388	TRUE
LODO	results_final/stage_6A_paired_FAP_gene_LODO_summary.tsv	f1b9fbaa1eeb9683cea41b80d011a93223a831bccc5c41a70a7eb8da45a07006	NA	Stem_progenitor	NA	NA	NA	NA	NA	NA	NA	NA	NA	NA	NA	NA	NA	NA	NA	AL110292.1	-1.77182883023482	4	1	-1.8104095137995	TRUE
LODO	results_final/stage_6A_paired_FAP_gene_LODO_summary.tsv	f1b9fbaa1eeb9683cea41b80d011a93223a831bccc5c41a70a7eb8da45a07006	NA	Stem_progenitor	NA	NA	NA	NA	NA	NA	NA	NA	NA	NA	NA	NA	NA	NA	NA	ATP5F1D	0.881249088091092	4	1	0.902379308617358	TRUE
LODO	results_final/stage_6A_paired_FAP_gene_LODO_summary.tsv	f1b9fbaa1eeb9683cea41b80d011a93223a831bccc5c41a70a7eb8da45a07006	NA	Stem_progenitor	NA	NA	NA	NA	NA	NA	NA	NA	NA	NA	NA	NA	NA	NA	NA	C2CD4B	3.56180874656532	4	1	3.33434512628403	TRUE
LODO	results_final/stage_6A_paired_FAP_gene_LODO_summary.tsv	f1b9fbaa1eeb9683cea41b80d011a93223a831bccc5c41a70a7eb8da45a07006	NA	Stem_progenitor	NA	NA	NA	NA	NA	NA	NA	NA	NA	NA	NA	NA	NA	NA	NA	CDK6	-1.10814255885918	4	1	-1.19636738902204	TRUE
LODO	results_final/stage_6A_paired_FAP_gene_LODO_summary.tsv	f1b9fbaa1eeb9683cea41b80d011a93223a831bccc5c41a70a7eb8da45a07006	NA	Stem_progenitor	NA	NA	NA	NA	NA	NA	NA	NA	NA	NA	NA	NA	NA	NA	NA	CPNE8	-2.2295531648079	4	1	-2.34209587758981	TRUE
LODO	results_final/stage_6A_paired_FAP_gene_LODO_summary.tsv	f1b9fbaa1eeb9683cea41b80d011a93223a831bccc5c41a70a7eb8da45a07006	NA	Stem_progenitor	NA	NA	NA	NA	NA	NA	NA	NA	NA	NA	NA	NA	NA	NA	NA	EGLN1	-0.711614018165262	4	1	-0.704970954077817	TRUE
LODO	results_final/stage_6A_paired_FAP_gene_LODO_summary.tsv	f1b9fbaa1eeb9683cea41b80d011a93223a831bccc5c41a70a7eb8da45a07006	NA	Stem_progenitor	NA	NA	NA	NA	NA	NA	NA	NA	NA	NA	NA	NA	NA	NA	NA	EVPL	1.06412279570111	4	1	1.06296037564787	TRUE
LODO	results_final/stage_6A_paired_FAP_gene_LODO_summary.tsv	f1b9fbaa1eeb9683cea41b80d011a93223a831bccc5c41a70a7eb8da45a07006	NA	Stem_progenitor	NA	NA	NA	NA	NA	NA	NA	NA	NA	NA	NA	NA	NA	NA	NA	FCHO1	2.13422493721197	4	1	2.13602172891297	TRUE
LODO	results_final/stage_6A_paired_FAP_gene_LODO_summary.tsv	f1b9fbaa1eeb9683cea41b80d011a93223a831bccc5c41a70a7eb8da45a07006	NA	Stem_progenitor	NA	NA	NA	NA	NA	NA	NA	NA	NA	NA	NA	NA	NA	NA	NA	GPR35	1.06800954419526	4	1	1.11719244717047	TRUE
LODO	results_final/stage_6A_paired_FAP_gene_LODO_summary.tsv	f1b9fbaa1eeb9683cea41b80d011a93223a831bccc5c41a70a7eb8da45a07006	NA	Stem_progenitor	NA	NA	NA	NA	NA	NA	NA	NA	NA	NA	NA	NA	NA	NA	NA	HIF1A	-0.693442993797823	4	1	-0.696617298169389	TRUE
LODO	results_final/stage_6A_paired_FAP_gene_LODO_summary.tsv	f1b9fbaa1eeb9683cea41b80d011a93223a831bccc5c41a70a7eb8da45a07006	NA	Stem_progenitor	NA	NA	NA	NA	NA	NA	NA	NA	NA	NA	NA	NA	NA	NA	NA	HSF4	1.55801887121889	4	1	1.58417769997725	TRUE
LODO	results_final/stage_6A_paired_FAP_gene_LODO_summary.tsv	f1b9fbaa1eeb9683cea41b80d011a93223a831bccc5c41a70a7eb8da45a07006	NA	Stem_progenitor	NA	NA	NA	NA	NA	NA	NA	NA	NA	NA	NA	NA	NA	NA	NA	LINC01967	1.87247585971772	4	1	1.91539120055618	TRUE
LODO	results_final/stage_6A_paired_FAP_gene_LODO_summary.tsv	f1b9fbaa1eeb9683cea41b80d011a93223a831bccc5c41a70a7eb8da45a07006	NA	Stem_progenitor	NA	NA	NA	NA	NA	NA	NA	NA	NA	NA	NA	NA	NA	NA	NA	MAP2K6	-0.809685996748438	4	1	-0.826159055681374	TRUE
LODO	results_final/stage_6A_paired_FAP_gene_LODO_summary.tsv	f1b9fbaa1eeb9683cea41b80d011a93223a831bccc5c41a70a7eb8da45a07006	NA	Stem_progenitor	NA	NA	NA	NA	NA	NA	NA	NA	NA	NA	NA	NA	NA	NA	NA	MBD3	1.1913517527373	4	1	1.26281428339908	TRUE
LODO	results_final/stage_6A_paired_FAP_gene_LODO_summary.tsv	f1b9fbaa1eeb9683cea41b80d011a93223a831bccc5c41a70a7eb8da45a07006	NA	Stem_progenitor	NA	NA	NA	NA	NA	NA	NA	NA	NA	NA	NA	NA	NA	NA	NA	MISP3	1.50321409061444	4	1	1.45976069172898	TRUE
LODO	results_final/stage_6A_paired_FAP_gene_LODO_summary.tsv	f1b9fbaa1eeb9683cea41b80d011a93223a831bccc5c41a70a7eb8da45a07006	NA	Stem_progenitor	NA	NA	NA	NA	NA	NA	NA	NA	NA	NA	NA	NA	NA	NA	NA	MSLN	2.7534840339709	3	1	2.89796645663793	TRUE
LODO	results_final/stage_6A_paired_FAP_gene_LODO_summary.tsv	f1b9fbaa1eeb9683cea41b80d011a93223a831bccc5c41a70a7eb8da45a07006	NA	Stem_progenitor	NA	NA	NA	NA	NA	NA	NA	NA	NA	NA	NA	NA	NA	NA	NA	MT-CO3	0.578173580993139	4	1	0.579207797460661	TRUE
LODO	results_final/stage_6A_paired_FAP_gene_LODO_summary.tsv	f1b9fbaa1eeb9683cea41b80d011a93223a831bccc5c41a70a7eb8da45a07006	NA	Stem_progenitor	NA	NA	NA	NA	NA	NA	NA	NA	NA	NA	NA	NA	NA	NA	NA	MXI1	-0.803757325716254	4	1	-0.772575486168479	TRUE
LODO	results_final/stage_6A_paired_FAP_gene_LODO_summary.tsv	f1b9fbaa1eeb9683cea41b80d011a93223a831bccc5c41a70a7eb8da45a07006	NA	Stem_progenitor	NA	NA	NA	NA	NA	NA	NA	NA	NA	NA	NA	NA	NA	NA	NA	NFATC4	1.47471981029059	4	1	1.43224208878085	TRUE
LODO	results_final/stage_6A_paired_FAP_gene_LODO_summary.tsv	f1b9fbaa1eeb9683cea41b80d011a93223a831bccc5c41a70a7eb8da45a07006	NA	Stem_progenitor	NA	NA	NA	NA	NA	NA	NA	NA	NA	NA	NA	NA	NA	NA	NA	NPDC1	1.44619959718183	4	1	1.45320467873775	TRUE
LODO	results_final/stage_6A_paired_FAP_gene_LODO_summary.tsv	f1b9fbaa1eeb9683cea41b80d011a93223a831bccc5c41a70a7eb8da45a07006	NA	Stem_progenitor	NA	NA	NA	NA	NA	NA	NA	NA	NA	NA	NA	NA	NA	NA	NA	PBX4	0.827426139631471	4	1	0.844515548141432	TRUE
LODO	results_final/stage_6A_paired_FAP_gene_LODO_summary.tsv	f1b9fbaa1eeb9683cea41b80d011a93223a831bccc5c41a70a7eb8da45a07006	NA	Stem_progenitor	NA	NA	NA	NA	NA	NA	NA	NA	NA	NA	NA	NA	NA	NA	NA	PKHD1	-1.51799605101591	4	1	-1.63956890046037	TRUE
LODO	results_final/stage_6A_paired_FAP_gene_LODO_summary.tsv	f1b9fbaa1eeb9683cea41b80d011a93223a831bccc5c41a70a7eb8da45a07006	NA	Stem_progenitor	NA	NA	NA	NA	NA	NA	NA	NA	NA	NA	NA	NA	NA	NA	NA	PLIN2	1.12682159377874	4	1	1.13568170752878	TRUE
LODO	results_final/stage_6A_paired_FAP_gene_LODO_summary.tsv	f1b9fbaa1eeb9683cea41b80d011a93223a831bccc5c41a70a7eb8da45a07006	NA	Stem_progenitor	NA	NA	NA	NA	NA	NA	NA	NA	NA	NA	NA	NA	NA	NA	NA	RGMB	-0.624525673363244	4	1	-0.652438885486401	TRUE
LODO	results_final/stage_6A_paired_FAP_gene_LODO_summary.tsv	f1b9fbaa1eeb9683cea41b80d011a93223a831bccc5c41a70a7eb8da45a07006	NA	Stem_progenitor	NA	NA	NA	NA	NA	NA	NA	NA	NA	NA	NA	NA	NA	NA	NA	SIGIRR	1.16000535728875	4	1	1.20697251370624	TRUE
LODO	results_final/stage_6A_paired_FAP_gene_LODO_summary.tsv	f1b9fbaa1eeb9683cea41b80d011a93223a831bccc5c41a70a7eb8da45a07006	NA	Stem_progenitor	NA	NA	NA	NA	NA	NA	NA	NA	NA	NA	NA	NA	NA	NA	NA	SIPA1L2	-0.903160396899453	4	1	-0.908163432760545	TRUE
LODO	results_final/stage_6A_paired_FAP_gene_LODO_summary.tsv	f1b9fbaa1eeb9683cea41b80d011a93223a831bccc5c41a70a7eb8da45a07006	NA	Stem_progenitor	NA	NA	NA	NA	NA	NA	NA	NA	NA	NA	NA	NA	NA	NA	NA	SLC22A15	0.991077058569999	4	1	0.985169739017784	TRUE
LODO	results_final/stage_6A_paired_FAP_gene_LODO_summary.tsv	f1b9fbaa1eeb9683cea41b80d011a93223a831bccc5c41a70a7eb8da45a07006	NA	Stem_progenitor	NA	NA	NA	NA	NA	NA	NA	NA	NA	NA	NA	NA	NA	NA	NA	SOX5	-1.09493687256517	4	1	-1.08886151519449	TRUE
LODO	results_final/stage_6A_paired_FAP_gene_LODO_summary.tsv	f1b9fbaa1eeb9683cea41b80d011a93223a831bccc5c41a70a7eb8da45a07006	NA	Stem_progenitor	NA	NA	NA	NA	NA	NA	NA	NA	NA	NA	NA	NA	NA	NA	NA	SPNS2	1.83720336700414	4	1	1.8797303447803	TRUE
LODO	results_final/stage_6A_paired_FAP_gene_LODO_summary.tsv	f1b9fbaa1eeb9683cea41b80d011a93223a831bccc5c41a70a7eb8da45a07006	NA	Stem_progenitor	NA	NA	NA	NA	NA	NA	NA	NA	NA	NA	NA	NA	NA	NA	NA	TUBA1B	0.839615315724309	4	1	0.838072310006729	TRUE
LODO	results_final/stage_6A_paired_FAP_gene_LODO_summary.tsv	f1b9fbaa1eeb9683cea41b80d011a93223a831bccc5c41a70a7eb8da45a07006	NA	Stem_progenitor	NA	NA	NA	NA	NA	NA	NA	NA	NA	NA	NA	NA	NA	NA	NA	WNK2	-0.712541876459934	4	1	-0.72093135039409	TRUE
LODO	results_final/stage_6A_paired_FAP_gene_LODO_summary.tsv	f1b9fbaa1eeb9683cea41b80d011a93223a831bccc5c41a70a7eb8da45a07006	NA	Stem_progenitor	NA	NA	NA	NA	NA	NA	NA	NA	NA	NA	NA	NA	NA	NA	NA	XKR6	-0.697173647284335	4	1	-0.712680954372083	TRUE
LODO	results_final/stage_6A_paired_FAP_gene_LODO_summary.tsv	f1b9fbaa1eeb9683cea41b80d011a93223a831bccc5c41a70a7eb8da45a07006	NA	Stem_progenitor	NA	NA	NA	NA	NA	NA	NA	NA	NA	NA	NA	NA	NA	NA	NA	SYTL1	1.86698315203615	4	1	1.76630732245509	TRUE
LODO	results_final/stage_6A_paired_FAP_gene_LODO_summary.tsv	f1b9fbaa1eeb9683cea41b80d011a93223a831bccc5c41a70a7eb8da45a07006	NA	Stem_progenitor	NA	NA	NA	NA	NA	NA	NA	NA	NA	NA	NA	NA	NA	NA	NA	HTR4	-1.33482549432912	4	1	-1.29917847021296	TRUE
LODO	results_final/stage_6A_paired_FAP_gene_LODO_summary.tsv	f1b9fbaa1eeb9683cea41b80d011a93223a831bccc5c41a70a7eb8da45a07006	NA	Stem_progenitor	NA	NA	NA	NA	NA	NA	NA	NA	NA	NA	NA	NA	NA	NA	NA	LINC00992	-0.928988365309958	4	1	-0.900277829267132	TRUE
LODO	results_final/stage_6A_paired_FAP_gene_LODO_summary.tsv	f1b9fbaa1eeb9683cea41b80d011a93223a831bccc5c41a70a7eb8da45a07006	NA	Stem_progenitor	NA	NA	NA	NA	NA	NA	NA	NA	NA	NA	NA	NA	NA	NA	NA	PDIA4	0.955893172933593	4	1	0.935304028441205	TRUE
LODO	results_final/stage_6A_paired_FAP_gene_LODO_summary.tsv	f1b9fbaa1eeb9683cea41b80d011a93223a831bccc5c41a70a7eb8da45a07006	NA	Stem_progenitor	NA	NA	NA	NA	NA	NA	NA	NA	NA	NA	NA	NA	NA	NA	NA	DHFR	1.1294020792435	4	1	1.11210059576323	TRUE
LODO	results_final/stage_6A_paired_FAP_gene_LODO_summary.tsv	f1b9fbaa1eeb9683cea41b80d011a93223a831bccc5c41a70a7eb8da45a07006	NA	Stem_progenitor	NA	NA	NA	NA	NA	NA	NA	NA	NA	NA	NA	NA	NA	NA	NA	LPP	-0.600487570578551	4	1	-0.600471789950358	TRUE
LODO	results_final/stage_6A_paired_FAP_gene_LODO_summary.tsv	f1b9fbaa1eeb9683cea41b80d011a93223a831bccc5c41a70a7eb8da45a07006	NA	Stem_progenitor	NA	NA	NA	NA	NA	NA	NA	NA	NA	NA	NA	NA	NA	NA	NA	MLXIPL	0.829933553240097	4	1	0.837874657510059	TRUE
LODO	results_final/stage_6A_paired_FAP_gene_LODO_summary.tsv	f1b9fbaa1eeb9683cea41b80d011a93223a831bccc5c41a70a7eb8da45a07006	NA	Stem_progenitor	NA	NA	NA	NA	NA	NA	NA	NA	NA	NA	NA	NA	NA	NA	NA	PTGDR	-1.22535149862813	4	1	-1.3094202822808	TRUE
LODO	results_final/stage_6A_paired_FAP_gene_LODO_summary.tsv	f1b9fbaa1eeb9683cea41b80d011a93223a831bccc5c41a70a7eb8da45a07006	NA	Stem_progenitor	NA	NA	NA	NA	NA	NA	NA	NA	NA	NA	NA	NA	NA	NA	NA	ABCA7	1.26818017437088	4	1	1.20945952275556	TRUE
LODO	results_final/stage_6A_paired_FAP_gene_LODO_summary.tsv	f1b9fbaa1eeb9683cea41b80d011a93223a831bccc5c41a70a7eb8da45a07006	NA	Stem_progenitor	NA	NA	NA	NA	NA	NA	NA	NA	NA	NA	NA	NA	NA	NA	NA	BOK	1.86803503055254	4	1	1.82156779212084	TRUE
LODO	results_final/stage_6A_paired_FAP_gene_LODO_summary.tsv	f1b9fbaa1eeb9683cea41b80d011a93223a831bccc5c41a70a7eb8da45a07006	NA	Stem_progenitor	NA	NA	NA	NA	NA	NA	NA	NA	NA	NA	NA	NA	NA	NA	NA	CDK5RAP3	0.793843508321162	4	1	0.837311446359716	TRUE
LODO	results_final/stage_6A_paired_FAP_gene_LODO_summary.tsv	f1b9fbaa1eeb9683cea41b80d011a93223a831bccc5c41a70a7eb8da45a07006	NA	Stem_progenitor	NA	NA	NA	NA	NA	NA	NA	NA	NA	NA	NA	NA	NA	NA	NA	CHP2	-1.42699341128815	4	1	-1.44515101284184	TRUE
LODO	results_final/stage_6A_paired_FAP_gene_LODO_summary.tsv	f1b9fbaa1eeb9683cea41b80d011a93223a831bccc5c41a70a7eb8da45a07006	NA	Stem_progenitor	NA	NA	NA	NA	NA	NA	NA	NA	NA	NA	NA	NA	NA	NA	NA	INF2	0.936167249706123	4	1	0.982755385811382	TRUE
LODO	results_final/stage_6A_paired_FAP_gene_LODO_summary.tsv	f1b9fbaa1eeb9683cea41b80d011a93223a831bccc5c41a70a7eb8da45a07006	NA	Stem_progenitor	NA	NA	NA	NA	NA	NA	NA	NA	NA	NA	NA	NA	NA	NA	NA	LRIG1	-1.33804121307707	4	1	-1.29394573680544	TRUE
LODO	results_final/stage_6A_paired_FAP_gene_LODO_summary.tsv	f1b9fbaa1eeb9683cea41b80d011a93223a831bccc5c41a70a7eb8da45a07006	NA	Stem_progenitor	NA	NA	NA	NA	NA	NA	NA	NA	NA	NA	NA	NA	NA	NA	NA	MT-ATP8	1.18602627246085	4	1	1.1068419804899	TRUE
LODO	results_final/stage_6A_paired_FAP_gene_LODO_summary.tsv	f1b9fbaa1eeb9683cea41b80d011a93223a831bccc5c41a70a7eb8da45a07006	NA	Stem_progenitor	NA	NA	NA	NA	NA	NA	NA	NA	NA	NA	NA	NA	NA	NA	NA	NCOA1	-0.612306986805339	4	1	-0.618184055184028	TRUE
LODO	results_final/stage_6A_paired_FAP_gene_LODO_summary.tsv	f1b9fbaa1eeb9683cea41b80d011a93223a831bccc5c41a70a7eb8da45a07006	NA	Stem_progenitor	NA	NA	NA	NA	NA	NA	NA	NA	NA	NA	NA	NA	NA	NA	NA	PAXX	0.962038547304051	4	1	0.973736302937219	TRUE
LODO	results_final/stage_6A_paired_FAP_gene_LODO_summary.tsv	f1b9fbaa1eeb9683cea41b80d011a93223a831bccc5c41a70a7eb8da45a07006	NA	Stem_progenitor	NA	NA	NA	NA	NA	NA	NA	NA	NA	NA	NA	NA	NA	NA	NA	RPL7	0.916645052169798	4	1	0.885890601109607	TRUE
LODO	results_final/stage_6A_paired_FAP_gene_LODO_summary.tsv	f1b9fbaa1eeb9683cea41b80d011a93223a831bccc5c41a70a7eb8da45a07006	NA	Stem_progenitor	NA	NA	NA	NA	NA	NA	NA	NA	NA	NA	NA	NA	NA	NA	NA	SUPT4H1	1.18241421189407	4	1	1.22289951104185	TRUE
LODO	results_final/stage_6A_paired_FAP_gene_LODO_summary.tsv	f1b9fbaa1eeb9683cea41b80d011a93223a831bccc5c41a70a7eb8da45a07006	NA	Stem_progenitor	NA	NA	NA	NA	NA	NA	NA	NA	NA	NA	NA	NA	NA	NA	NA	EPS8	-0.600726998707698	4	1	-0.608722790731087	TRUE
LODO	results_final/stage_6A_paired_FAP_gene_LODO_summary.tsv	f1b9fbaa1eeb9683cea41b80d011a93223a831bccc5c41a70a7eb8da45a07006	NA	Stem_progenitor	NA	NA	NA	NA	NA	NA	NA	NA	NA	NA	NA	NA	NA	NA	NA	SLC2A13	-0.69704135815603	4	1	-0.71035001544947	TRUE
LODO	results_final/stage_6A_paired_FAP_gene_LODO_summary.tsv	f1b9fbaa1eeb9683cea41b80d011a93223a831bccc5c41a70a7eb8da45a07006	NA	Stem_progenitor	NA	NA	NA	NA	NA	NA	NA	NA	NA	NA	NA	NA	NA	NA	NA	CAPS	1.08489149525105	4	1	1.11315254171575	TRUE
LODO	results_final/stage_6A_paired_FAP_gene_LODO_summary.tsv	f1b9fbaa1eeb9683cea41b80d011a93223a831bccc5c41a70a7eb8da45a07006	NA	Stem_progenitor	NA	NA	NA	NA	NA	NA	NA	NA	NA	NA	NA	NA	NA	NA	NA	AC105942.1	-1.13193088808517	4	1	-1.15688057638518	TRUE
LODO	results_final/stage_6A_paired_FAP_gene_LODO_summary.tsv	f1b9fbaa1eeb9683cea41b80d011a93223a831bccc5c41a70a7eb8da45a07006	NA	Stem_progenitor	NA	NA	NA	NA	NA	NA	NA	NA	NA	NA	NA	NA	NA	NA	NA	BACH2	-1.62525654968553	4	1	-1.72285445422166	TRUE
LODO	results_final/stage_6A_paired_FAP_gene_LODO_summary.tsv	f1b9fbaa1eeb9683cea41b80d011a93223a831bccc5c41a70a7eb8da45a07006	NA	Stem_progenitor	NA	NA	NA	NA	NA	NA	NA	NA	NA	NA	NA	NA	NA	NA	NA	CAMKK1	1.10457705905258	4	1	1.06478655962501	TRUE
LODO	results_final/stage_6A_paired_FAP_gene_LODO_summary.tsv	f1b9fbaa1eeb9683cea41b80d011a93223a831bccc5c41a70a7eb8da45a07006	NA	Stem_progenitor	NA	NA	NA	NA	NA	NA	NA	NA	NA	NA	NA	NA	NA	NA	NA	CYTH2	0.987438290995927	4	1	0.991886716387841	TRUE
LODO	results_final/stage_6A_paired_FAP_gene_LODO_summary.tsv	f1b9fbaa1eeb9683cea41b80d011a93223a831bccc5c41a70a7eb8da45a07006	NA	Stem_progenitor	NA	NA	NA	NA	NA	NA	NA	NA	NA	NA	NA	NA	NA	NA	NA	EFHD1	-2.33922763003966	4	1	-2.47604280013186	TRUE
LODO	results_final/stage_6A_paired_FAP_gene_LODO_summary.tsv	f1b9fbaa1eeb9683cea41b80d011a93223a831bccc5c41a70a7eb8da45a07006	NA	Stem_progenitor	NA	NA	NA	NA	NA	NA	NA	NA	NA	NA	NA	NA	NA	NA	NA	ELOVL6	-0.695942362764732	4	1	-0.700295600465945	TRUE
LODO	results_final/stage_6A_paired_FAP_gene_LODO_summary.tsv	f1b9fbaa1eeb9683cea41b80d011a93223a831bccc5c41a70a7eb8da45a07006	NA	Stem_progenitor	NA	NA	NA	NA	NA	NA	NA	NA	NA	NA	NA	NA	NA	NA	NA	LGALS3BP	0.787877724540131	4	1	0.804083833767341	TRUE
LODO	results_final/stage_6A_paired_FAP_gene_LODO_summary.tsv	f1b9fbaa1eeb9683cea41b80d011a93223a831bccc5c41a70a7eb8da45a07006	NA	Stem_progenitor	NA	NA	NA	NA	NA	NA	NA	NA	NA	NA	NA	NA	NA	NA	NA	LRP5	0.582230850190159	4	1	0.570192722713261	TRUE
LODO	results_final/stage_6A_paired_FAP_gene_LODO_summary.tsv	f1b9fbaa1eeb9683cea41b80d011a93223a831bccc5c41a70a7eb8da45a07006	NA	Stem_progenitor	NA	NA	NA	NA	NA	NA	NA	NA	NA	NA	NA	NA	NA	NA	NA	NTHL1	1.16186641539033	4	1	1.1777428926157	TRUE
LODO	results_final/stage_6A_paired_FAP_gene_LODO_summary.tsv	f1b9fbaa1eeb9683cea41b80d011a93223a831bccc5c41a70a7eb8da45a07006	NA	Stem_progenitor	NA	NA	NA	NA	NA	NA	NA	NA	NA	NA	NA	NA	NA	NA	NA	PARD3	-0.650931622430941	4	1	-0.685609432685297	TRUE
LODO	results_final/stage_6A_paired_FAP_gene_LODO_summary.tsv	f1b9fbaa1eeb9683cea41b80d011a93223a831bccc5c41a70a7eb8da45a07006	NA	Stem_progenitor	NA	NA	NA	NA	NA	NA	NA	NA	NA	NA	NA	NA	NA	NA	NA	PCCA	-0.572874741476749	4	1	-0.601058094648741	TRUE
LODO	results_final/stage_6A_paired_FAP_gene_LODO_summary.tsv	f1b9fbaa1eeb9683cea41b80d011a93223a831bccc5c41a70a7eb8da45a07006	NA	Stem_progenitor	NA	NA	NA	NA	NA	NA	NA	NA	NA	NA	NA	NA	NA	NA	NA	PLEKHN1	2.99661938810148	4	1	3.03655115309388	TRUE
LODO	results_final/stage_6A_paired_FAP_gene_LODO_summary.tsv	f1b9fbaa1eeb9683cea41b80d011a93223a831bccc5c41a70a7eb8da45a07006	NA	Stem_progenitor	NA	NA	NA	NA	NA	NA	NA	NA	NA	NA	NA	NA	NA	NA	NA	RPL28	0.839422060541085	4	1	0.808708517288179	TRUE
LODO	results_final/stage_6A_paired_FAP_gene_LODO_summary.tsv	f1b9fbaa1eeb9683cea41b80d011a93223a831bccc5c41a70a7eb8da45a07006	NA	Stem_progenitor	NA	NA	NA	NA	NA	NA	NA	NA	NA	NA	NA	NA	NA	NA	NA	SNHG19	1.12483577086266	4	1	1.07085322864256	TRUE
LODO	results_final/stage_6A_paired_FAP_gene_LODO_summary.tsv	f1b9fbaa1eeb9683cea41b80d011a93223a831bccc5c41a70a7eb8da45a07006	NA	Stem_progenitor	NA	NA	NA	NA	NA	NA	NA	NA	NA	NA	NA	NA	NA	NA	NA	TAGLN2	0.909644366593532	4	1	0.915670045437979	TRUE
LODO	results_final/stage_6A_paired_FAP_gene_LODO_summary.tsv	f1b9fbaa1eeb9683cea41b80d011a93223a831bccc5c41a70a7eb8da45a07006	NA	Stem_progenitor	NA	NA	NA	NA	NA	NA	NA	NA	NA	NA	NA	NA	NA	NA	NA	TSHZ1	-0.631745640782987	4	1	-0.63706544018962	TRUE
LODO	results_final/stage_6A_paired_FAP_gene_LODO_summary.tsv	f1b9fbaa1eeb9683cea41b80d011a93223a831bccc5c41a70a7eb8da45a07006	NA	Stem_progenitor	NA	NA	NA	NA	NA	NA	NA	NA	NA	NA	NA	NA	NA	NA	NA	GPT2	1.75097133966448	4	1	1.79495292525797	TRUE
LODO	results_final/stage_6A_paired_FAP_gene_LODO_summary.tsv	f1b9fbaa1eeb9683cea41b80d011a93223a831bccc5c41a70a7eb8da45a07006	NA	Stem_progenitor	NA	NA	NA	NA	NA	NA	NA	NA	NA	NA	NA	NA	NA	NA	NA	FAM78B	-0.968941795320129	4	1	-1.00305503202808	TRUE
LODO	results_final/stage_6A_paired_FAP_gene_LODO_summary.tsv	f1b9fbaa1eeb9683cea41b80d011a93223a831bccc5c41a70a7eb8da45a07006	NA	Stem_progenitor	NA	NA	NA	NA	NA	NA	NA	NA	NA	NA	NA	NA	NA	NA	NA	MRPS34	0.809997511605941	4	1	0.800283298596389	TRUE
LODO	results_final/stage_6A_paired_FAP_gene_LODO_summary.tsv	f1b9fbaa1eeb9683cea41b80d011a93223a831bccc5c41a70a7eb8da45a07006	NA	Stem_progenitor	NA	NA	NA	NA	NA	NA	NA	NA	NA	NA	NA	NA	NA	NA	NA	AK4	-0.847807103159158	4	1	-0.849703382284964	TRUE
LODO	results_final/stage_6A_paired_FAP_gene_LODO_summary.tsv	f1b9fbaa1eeb9683cea41b80d011a93223a831bccc5c41a70a7eb8da45a07006	NA	Stem_progenitor	NA	NA	NA	NA	NA	NA	NA	NA	NA	NA	NA	NA	NA	NA	NA	BUD23	0.82731922311459	4	1	0.837131694993676	TRUE
LODO	results_final/stage_6A_paired_FAP_gene_LODO_summary.tsv	f1b9fbaa1eeb9683cea41b80d011a93223a831bccc5c41a70a7eb8da45a07006	NA	Stem_progenitor	NA	NA	NA	NA	NA	NA	NA	NA	NA	NA	NA	NA	NA	NA	NA	CAPNS1	0.742115064933931	4	1	0.71819214810613	TRUE
LODO	results_final/stage_6A_paired_FAP_gene_LODO_summary.tsv	f1b9fbaa1eeb9683cea41b80d011a93223a831bccc5c41a70a7eb8da45a07006	NA	Stem_progenitor	NA	NA	NA	NA	NA	NA	NA	NA	NA	NA	NA	NA	NA	NA	NA	EEF2	0.755563247251928	4	1	0.740079287156509	TRUE
LODO	results_final/stage_6A_paired_FAP_gene_LODO_summary.tsv	f1b9fbaa1eeb9683cea41b80d011a93223a831bccc5c41a70a7eb8da45a07006	NA	Stem_progenitor	NA	NA	NA	NA	NA	NA	NA	NA	NA	NA	NA	NA	NA	NA	NA	NACA	0.716306226438846	4	1	0.719702409147457	TRUE
LODO	results_final/stage_6A_paired_FAP_gene_LODO_summary.tsv	f1b9fbaa1eeb9683cea41b80d011a93223a831bccc5c41a70a7eb8da45a07006	NA	Stem_progenitor	NA	NA	NA	NA	NA	NA	NA	NA	NA	NA	NA	NA	NA	NA	NA	SH3BGRL3	0.851178981998699	4	1	0.839763866021741	TRUE
LODO	results_final/stage_6A_paired_FAP_gene_LODO_summary.tsv	f1b9fbaa1eeb9683cea41b80d011a93223a831bccc5c41a70a7eb8da45a07006	NA	Stem_progenitor	NA	NA	NA	NA	NA	NA	NA	NA	NA	NA	NA	NA	NA	NA	NA	STYK1	-0.631034639777322	4	1	-0.655709245930998	TRUE
LODO	results_final/stage_6A_paired_FAP_gene_LODO_summary.tsv	f1b9fbaa1eeb9683cea41b80d011a93223a831bccc5c41a70a7eb8da45a07006	NA	Stem_progenitor	NA	NA	NA	NA	NA	NA	NA	NA	NA	NA	NA	NA	NA	NA	NA	TNK2	1.01508882198837	4	1	1.0034859983111	TRUE
LODO	results_final/stage_6A_paired_FAP_gene_LODO_summary.tsv	f1b9fbaa1eeb9683cea41b80d011a93223a831bccc5c41a70a7eb8da45a07006	NA	Stem_progenitor	NA	NA	NA	NA	NA	NA	NA	NA	NA	NA	NA	NA	NA	NA	NA	NBL1	0.793385556768309	4	1	0.81283535828238	TRUE
LODO	results_final/stage_6A_paired_FAP_gene_LODO_summary.tsv	f1b9fbaa1eeb9683cea41b80d011a93223a831bccc5c41a70a7eb8da45a07006	NA	Stem_progenitor	NA	NA	NA	NA	NA	NA	NA	NA	NA	NA	NA	NA	NA	NA	NA	TECR	0.776344786438212	4	1	0.7718407272229	TRUE
LODO	results_final/stage_6A_paired_FAP_gene_LODO_summary.tsv	f1b9fbaa1eeb9683cea41b80d011a93223a831bccc5c41a70a7eb8da45a07006	NA	Stem_progenitor	NA	NA	NA	NA	NA	NA	NA	NA	NA	NA	NA	NA	NA	NA	NA	NTMT1	0.934194986048521	4	1	0.958182352168272	TRUE
LODO	results_final/stage_6A_paired_FAP_gene_LODO_summary.tsv	f1b9fbaa1eeb9683cea41b80d011a93223a831bccc5c41a70a7eb8da45a07006	NA	Stem_progenitor	NA	NA	NA	NA	NA	NA	NA	NA	NA	NA	NA	NA	NA	NA	NA	RORA	-1.56245629525448	4	1	-1.61158412193203	TRUE
LODO	results_final/stage_6A_paired_FAP_gene_LODO_summary.tsv	f1b9fbaa1eeb9683cea41b80d011a93223a831bccc5c41a70a7eb8da45a07006	NA	Stem_progenitor	NA	NA	NA	NA	NA	NA	NA	NA	NA	NA	NA	NA	NA	NA	NA	STK33	-1.77038569759433	4	1	-1.76116148411703	TRUE
LODO	results_final/stage_6A_paired_FAP_gene_LODO_summary.tsv	f1b9fbaa1eeb9683cea41b80d011a93223a831bccc5c41a70a7eb8da45a07006	NA	Stem_progenitor	NA	NA	NA	NA	NA	NA	NA	NA	NA	NA	NA	NA	NA	NA	NA	MID1	-0.570683322414261	4	1	-0.56855358843914	TRUE
LODO	results_final/stage_6A_paired_FAP_gene_LODO_summary.tsv	f1b9fbaa1eeb9683cea41b80d011a93223a831bccc5c41a70a7eb8da45a07006	NA	Stem_progenitor	NA	NA	NA	NA	NA	NA	NA	NA	NA	NA	NA	NA	NA	NA	NA	PCBP4	1.32761163832306	4	1	1.32330678729417	TRUE
LODO	results_final/stage_6A_paired_FAP_gene_LODO_summary.tsv	f1b9fbaa1eeb9683cea41b80d011a93223a831bccc5c41a70a7eb8da45a07006	NA	Stem_progenitor	NA	NA	NA	NA	NA	NA	NA	NA	NA	NA	NA	NA	NA	NA	NA	ROBO1	-1.42567803054518	4	1	-1.51585964773182	TRUE
LODO	results_final/stage_6A_paired_FAP_gene_LODO_summary.tsv	f1b9fbaa1eeb9683cea41b80d011a93223a831bccc5c41a70a7eb8da45a07006	NA	Stem_progenitor	NA	NA	NA	NA	NA	NA	NA	NA	NA	NA	NA	NA	NA	NA	NA	SLFN5	1.34446317773013	4	1	1.32341370780083	TRUE
LODO	results_final/stage_6A_paired_FAP_gene_LODO_summary.tsv	f1b9fbaa1eeb9683cea41b80d011a93223a831bccc5c41a70a7eb8da45a07006	NA	Stem_progenitor	NA	NA	NA	NA	NA	NA	NA	NA	NA	NA	NA	NA	NA	NA	NA	ID1	1.03382907365052	4	1	1.02041640627375	TRUE
LODO	results_final/stage_6A_paired_FAP_gene_LODO_summary.tsv	f1b9fbaa1eeb9683cea41b80d011a93223a831bccc5c41a70a7eb8da45a07006	NA	Stem_progenitor	NA	NA	NA	NA	NA	NA	NA	NA	NA	NA	NA	NA	NA	NA	NA	DEFA5	2.3436183664699	4	1	2.38800662112132	TRUE
LODO	results_final/stage_6A_paired_FAP_gene_LODO_summary.tsv	f1b9fbaa1eeb9683cea41b80d011a93223a831bccc5c41a70a7eb8da45a07006	NA	Stem_progenitor	NA	NA	NA	NA	NA	NA	NA	NA	NA	NA	NA	NA	NA	NA	NA	NRIP1	-0.951557430077435	4	1	-0.960981173105471	TRUE
LODO	results_final/stage_6A_paired_FAP_gene_LODO_summary.tsv	f1b9fbaa1eeb9683cea41b80d011a93223a831bccc5c41a70a7eb8da45a07006	NA	Stem_progenitor	NA	NA	NA	NA	NA	NA	NA	NA	NA	NA	NA	NA	NA	NA	NA	NDUFB10	0.879269352514302	4	1	0.881485295485886	TRUE
LODO	results_final/stage_6A_paired_FAP_gene_LODO_summary.tsv	f1b9fbaa1eeb9683cea41b80d011a93223a831bccc5c41a70a7eb8da45a07006	NA	Stem_progenitor	NA	NA	NA	NA	NA	NA	NA	NA	NA	NA	NA	NA	NA	NA	NA	SUGCT	-2.02444527480245	4	1	-2.05810719779263	TRUE
LODO	results_final/stage_6A_paired_FAP_gene_LODO_summary.tsv	f1b9fbaa1eeb9683cea41b80d011a93223a831bccc5c41a70a7eb8da45a07006	NA	Stem_progenitor	NA	NA	NA	NA	NA	NA	NA	NA	NA	NA	NA	NA	NA	NA	NA	ABCG1	1.19587197440252	4	1	1.22690329456996	TRUE
LODO	results_final/stage_6A_paired_FAP_gene_LODO_summary.tsv	f1b9fbaa1eeb9683cea41b80d011a93223a831bccc5c41a70a7eb8da45a07006	NA	Stem_progenitor	NA	NA	NA	NA	NA	NA	NA	NA	NA	NA	NA	NA	NA	NA	NA	SORBS1	-0.805628132347747	4	1	-0.819795608375151	TRUE
LODO	results_final/stage_6A_paired_FAP_gene_LODO_summary.tsv	f1b9fbaa1eeb9683cea41b80d011a93223a831bccc5c41a70a7eb8da45a07006	NA	Stem_progenitor	NA	NA	NA	NA	NA	NA	NA	NA	NA	NA	NA	NA	NA	NA	NA	TKT	0.857469646271802	4	1	0.887424310814401	TRUE
LODO	results_final/stage_6A_paired_FAP_gene_LODO_summary.tsv	f1b9fbaa1eeb9683cea41b80d011a93223a831bccc5c41a70a7eb8da45a07006	NA	Stem_progenitor	NA	NA	NA	NA	NA	NA	NA	NA	NA	NA	NA	NA	NA	NA	NA	AC021683.2	-1.52307467569037	4	1	-1.50177534039285	TRUE
LODO	results_final/stage_6A_paired_FAP_gene_LODO_summary.tsv	f1b9fbaa1eeb9683cea41b80d011a93223a831bccc5c41a70a7eb8da45a07006	NA	Stem_progenitor	NA	NA	NA	NA	NA	NA	NA	NA	NA	NA	NA	NA	NA	NA	NA	TMEM65	-1.0295769356984	4	1	-1.02303582099673	TRUE
LODO	results_final/stage_6A_paired_FAP_gene_LODO_summary.tsv	f1b9fbaa1eeb9683cea41b80d011a93223a831bccc5c41a70a7eb8da45a07006	NA	Stem_progenitor	NA	NA	NA	NA	NA	NA	NA	NA	NA	NA	NA	NA	NA	NA	NA	AL121790.2	-1.17193750062575	4	1	-1.21389471888204	TRUE
LODO	results_final/stage_6A_paired_FAP_gene_LODO_summary.tsv	f1b9fbaa1eeb9683cea41b80d011a93223a831bccc5c41a70a7eb8da45a07006	NA	Stem_progenitor	NA	NA	NA	NA	NA	NA	NA	NA	NA	NA	NA	NA	NA	NA	NA	PAQR5	-0.875918315663554	4	1	-0.86689702589603	TRUE
LODO	results_final/stage_6A_paired_FAP_gene_LODO_summary.tsv	f1b9fbaa1eeb9683cea41b80d011a93223a831bccc5c41a70a7eb8da45a07006	NA	Stem_progenitor	NA	NA	NA	NA	NA	NA	NA	NA	NA	NA	NA	NA	NA	NA	NA	DDB2	0.75720762583783	4	1	0.736562013951356	TRUE
LODO	results_final/stage_6A_paired_FAP_gene_LODO_summary.tsv	f1b9fbaa1eeb9683cea41b80d011a93223a831bccc5c41a70a7eb8da45a07006	NA	Stem_progenitor	NA	NA	NA	NA	NA	NA	NA	NA	NA	NA	NA	NA	NA	NA	NA	NDUFS5	0.818916952470702	4	1	0.824695831118903	TRUE
LODO	results_final/stage_6A_paired_FAP_gene_LODO_summary.tsv	f1b9fbaa1eeb9683cea41b80d011a93223a831bccc5c41a70a7eb8da45a07006	NA	Stem_progenitor	NA	NA	NA	NA	NA	NA	NA	NA	NA	NA	NA	NA	NA	NA	NA	SLC16A10	-1.00358646951499	4	1	-1.04405320972679	TRUE
LODO	results_final/stage_6A_paired_FAP_gene_LODO_summary.tsv	f1b9fbaa1eeb9683cea41b80d011a93223a831bccc5c41a70a7eb8da45a07006	NA	Stem_progenitor	NA	NA	NA	NA	NA	NA	NA	NA	NA	NA	NA	NA	NA	NA	NA	TPI1	0.791256458609033	4	1	0.789665274490336	TRUE
LODO	results_final/stage_6A_paired_FAP_gene_LODO_summary.tsv	f1b9fbaa1eeb9683cea41b80d011a93223a831bccc5c41a70a7eb8da45a07006	NA	Stem_progenitor	NA	NA	NA	NA	NA	NA	NA	NA	NA	NA	NA	NA	NA	NA	NA	ATP2C2	-0.636427838210916	4	1	-0.657248999322382	TRUE
LODO	results_final/stage_6A_paired_FAP_gene_LODO_summary.tsv	f1b9fbaa1eeb9683cea41b80d011a93223a831bccc5c41a70a7eb8da45a07006	NA	Stem_progenitor	NA	NA	NA	NA	NA	NA	NA	NA	NA	NA	NA	NA	NA	NA	NA	GPCPD1	0.615920401912132	4	1	0.609690858239265	TRUE
LODO	results_final/stage_6A_paired_FAP_gene_LODO_summary.tsv	f1b9fbaa1eeb9683cea41b80d011a93223a831bccc5c41a70a7eb8da45a07006	NA	Stem_progenitor	NA	NA	NA	NA	NA	NA	NA	NA	NA	NA	NA	NA	NA	NA	NA	HNF4G	-0.839744261018498	4	1	-0.890874257228594	TRUE
LODO	results_final/stage_6A_paired_FAP_gene_LODO_summary.tsv	f1b9fbaa1eeb9683cea41b80d011a93223a831bccc5c41a70a7eb8da45a07006	NA	Stem_progenitor	NA	NA	NA	NA	NA	NA	NA	NA	NA	NA	NA	NA	NA	NA	NA	HOXD10	-1.99013406683135	4	1	-1.8944599229631	TRUE
LODO	results_final/stage_6A_paired_FAP_gene_LODO_summary.tsv	f1b9fbaa1eeb9683cea41b80d011a93223a831bccc5c41a70a7eb8da45a07006	NA	Stem_progenitor	NA	NA	NA	NA	NA	NA	NA	NA	NA	NA	NA	NA	NA	NA	NA	ISX	-0.998925966355426	4	1	-1.01244005580267	TRUE
LODO	results_final/stage_6A_paired_FAP_gene_LODO_summary.tsv	f1b9fbaa1eeb9683cea41b80d011a93223a831bccc5c41a70a7eb8da45a07006	NA	Stem_progenitor	NA	NA	NA	NA	NA	NA	NA	NA	NA	NA	NA	NA	NA	NA	NA	MAN1B1	0.822628953990543	4	1	0.85292396430231	TRUE
LODO	results_final/stage_6A_paired_FAP_gene_LODO_summary.tsv	f1b9fbaa1eeb9683cea41b80d011a93223a831bccc5c41a70a7eb8da45a07006	NA	Stem_progenitor	NA	NA	NA	NA	NA	NA	NA	NA	NA	NA	NA	NA	NA	NA	NA	MCTP2	-0.722450657214532	4	1	-0.752222433141551	TRUE
LODO	results_final/stage_6A_paired_FAP_gene_LODO_summary.tsv	f1b9fbaa1eeb9683cea41b80d011a93223a831bccc5c41a70a7eb8da45a07006	NA	Stem_progenitor	NA	NA	NA	NA	NA	NA	NA	NA	NA	NA	NA	NA	NA	NA	NA	PDCD4	-0.73758705172866	4	1	-0.70670153444641	TRUE
LODO	results_final/stage_6A_paired_FAP_gene_LODO_summary.tsv	f1b9fbaa1eeb9683cea41b80d011a93223a831bccc5c41a70a7eb8da45a07006	NA	Stem_progenitor	NA	NA	NA	NA	NA	NA	NA	NA	NA	NA	NA	NA	NA	NA	NA	SEMA6A	-0.754903762986363	4	1	-0.817769967620726	TRUE
LODO	results_final/stage_6A_paired_FAP_gene_LODO_summary.tsv	f1b9fbaa1eeb9683cea41b80d011a93223a831bccc5c41a70a7eb8da45a07006	NA	Stem_progenitor	NA	NA	NA	NA	NA	NA	NA	NA	NA	NA	NA	NA	NA	NA	NA	VWC2	-2.23471682263608	2	1	-2.43785273117044	TRUE
LODO	results_final/stage_6A_paired_FAP_gene_LODO_summary.tsv	f1b9fbaa1eeb9683cea41b80d011a93223a831bccc5c41a70a7eb8da45a07006	NA	Stem_progenitor	NA	NA	NA	NA	NA	NA	NA	NA	NA	NA	NA	NA	NA	NA	NA	WASL	-0.693164352131508	4	1	-0.675526423154897	TRUE
LODO	results_final/stage_6A_paired_FAP_gene_LODO_summary.tsv	f1b9fbaa1eeb9683cea41b80d011a93223a831bccc5c41a70a7eb8da45a07006	NA	Stem_progenitor	NA	NA	NA	NA	NA	NA	NA	NA	NA	NA	NA	NA	NA	NA	NA	ZBTB14	1.12822644005987	4	1	1.09709819383634	TRUE
LODO	results_final/stage_6A_paired_FAP_gene_LODO_summary.tsv	f1b9fbaa1eeb9683cea41b80d011a93223a831bccc5c41a70a7eb8da45a07006	NA	Stem_progenitor	NA	NA	NA	NA	NA	NA	NA	NA	NA	NA	NA	NA	NA	NA	NA	PDE8A	-0.744971539311472	4	1	-0.77179863878102	TRUE
LODO	results_final/stage_6A_paired_FAP_gene_LODO_summary.tsv	f1b9fbaa1eeb9683cea41b80d011a93223a831bccc5c41a70a7eb8da45a07006	NA	Stem_progenitor	NA	NA	NA	NA	NA	NA	NA	NA	NA	NA	NA	NA	NA	NA	NA	SMTN	0.680717680091326	4	1	0.668340024314428	TRUE
LODO	results_final/stage_6A_paired_FAP_gene_LODO_summary.tsv	f1b9fbaa1eeb9683cea41b80d011a93223a831bccc5c41a70a7eb8da45a07006	NA	Stem_progenitor	NA	NA	NA	NA	NA	NA	NA	NA	NA	NA	NA	NA	NA	NA	NA	SNX24	-0.829063874400423	4	1	-0.885695463051203	TRUE
LODO	results_final/stage_6A_paired_FAP_gene_LODO_summary.tsv	f1b9fbaa1eeb9683cea41b80d011a93223a831bccc5c41a70a7eb8da45a07006	NA	Stem_progenitor	NA	NA	NA	NA	NA	NA	NA	NA	NA	NA	NA	NA	NA	NA	NA	ZC3H12C	-0.776214753434149	4	1	-0.783560589350123	TRUE
LODO	results_final/stage_6A_paired_FAP_gene_LODO_summary.tsv	f1b9fbaa1eeb9683cea41b80d011a93223a831bccc5c41a70a7eb8da45a07006	NA	Stem_progenitor	NA	NA	NA	NA	NA	NA	NA	NA	NA	NA	NA	NA	NA	NA	NA	ARL6IP4	0.724981245382561	4	1	0.726989639531272	TRUE
LODO	results_final/stage_6A_paired_FAP_gene_LODO_summary.tsv	f1b9fbaa1eeb9683cea41b80d011a93223a831bccc5c41a70a7eb8da45a07006	NA	Stem_progenitor	NA	NA	NA	NA	NA	NA	NA	NA	NA	NA	NA	NA	NA	NA	NA	PDZK1IP1	1.66493978733362	4	1	1.81719711545659	TRUE
LODO	results_final/stage_6A_paired_FAP_gene_LODO_summary.tsv	f1b9fbaa1eeb9683cea41b80d011a93223a831bccc5c41a70a7eb8da45a07006	NA	Stem_progenitor	NA	NA	NA	NA	NA	NA	NA	NA	NA	NA	NA	NA	NA	NA	NA	SERPINE2	1.8015089905083	4	1	1.86452380467877	TRUE
LODO	results_final/stage_6A_paired_FAP_gene_LODO_summary.tsv	f1b9fbaa1eeb9683cea41b80d011a93223a831bccc5c41a70a7eb8da45a07006	NA	Stem_progenitor	NA	NA	NA	NA	NA	NA	NA	NA	NA	NA	NA	NA	NA	NA	NA	VAV3	-0.747292626801163	4	1	-0.72573120981637	TRUE
LODO	results_final/stage_6A_paired_FAP_gene_LODO_summary.tsv	f1b9fbaa1eeb9683cea41b80d011a93223a831bccc5c41a70a7eb8da45a07006	NA	Stem_progenitor	NA	NA	NA	NA	NA	NA	NA	NA	NA	NA	NA	NA	NA	NA	NA	RIN1	1.1156483474521	4	1	1.13762365811142	TRUE
LODO	results_final/stage_6A_paired_FAP_gene_LODO_summary.tsv	f1b9fbaa1eeb9683cea41b80d011a93223a831bccc5c41a70a7eb8da45a07006	NA	Stem_progenitor	NA	NA	NA	NA	NA	NA	NA	NA	NA	NA	NA	NA	NA	NA	NA	MCU	-0.531322785493814	4	1	-0.532788133250555	TRUE
LODO	results_final/stage_6A_paired_FAP_gene_LODO_summary.tsv	f1b9fbaa1eeb9683cea41b80d011a93223a831bccc5c41a70a7eb8da45a07006	NA	Stem_progenitor	NA	NA	NA	NA	NA	NA	NA	NA	NA	NA	NA	NA	NA	NA	NA	AP1G2	0.849210678868121	4	1	0.871034480538706	TRUE
LODO	results_final/stage_6A_paired_FAP_gene_LODO_summary.tsv	f1b9fbaa1eeb9683cea41b80d011a93223a831bccc5c41a70a7eb8da45a07006	NA	Stem_progenitor	NA	NA	NA	NA	NA	NA	NA	NA	NA	NA	NA	NA	NA	NA	NA	DPF3	-0.794884119440444	4	1	-0.85250218432566	TRUE
LODO	results_final/stage_6A_paired_FAP_gene_LODO_summary.tsv	f1b9fbaa1eeb9683cea41b80d011a93223a831bccc5c41a70a7eb8da45a07006	NA	Stem_progenitor	NA	NA	NA	NA	NA	NA	NA	NA	NA	NA	NA	NA	NA	NA	NA	HSD17B2	-0.949396952793394	4	1	-0.936477013784262	TRUE
LODO	results_final/stage_6A_paired_FAP_gene_LODO_summary.tsv	f1b9fbaa1eeb9683cea41b80d011a93223a831bccc5c41a70a7eb8da45a07006	NA	Stem_progenitor	NA	NA	NA	NA	NA	NA	NA	NA	NA	NA	NA	NA	NA	NA	NA	IL1R2	-1.32059998277748	4	1	-1.29680726163046	TRUE
LODO	results_final/stage_6A_paired_FAP_gene_LODO_summary.tsv	f1b9fbaa1eeb9683cea41b80d011a93223a831bccc5c41a70a7eb8da45a07006	NA	Stem_progenitor	NA	NA	NA	NA	NA	NA	NA	NA	NA	NA	NA	NA	NA	NA	NA	KAT2A	0.937123332636552	4	1	0.923631300361308	TRUE
LODO	results_final/stage_6A_paired_FAP_gene_LODO_summary.tsv	f1b9fbaa1eeb9683cea41b80d011a93223a831bccc5c41a70a7eb8da45a07006	NA	Stem_progenitor	NA	NA	NA	NA	NA	NA	NA	NA	NA	NA	NA	NA	NA	NA	NA	MPC1	-0.666945096040098	4	1	-0.668357653730248	TRUE
LODO	results_final/stage_6A_paired_FAP_gene_LODO_summary.tsv	f1b9fbaa1eeb9683cea41b80d011a93223a831bccc5c41a70a7eb8da45a07006	NA	Stem_progenitor	NA	NA	NA	NA	NA	NA	NA	NA	NA	NA	NA	NA	NA	NA	NA	PPDPF	0.811525421610264	4	1	0.842850675022325	TRUE
LODO	results_final/stage_6A_paired_FAP_gene_LODO_summary.tsv	f1b9fbaa1eeb9683cea41b80d011a93223a831bccc5c41a70a7eb8da45a07006	NA	Stem_progenitor	NA	NA	NA	NA	NA	NA	NA	NA	NA	NA	NA	NA	NA	NA	NA	SERPINB5	2.5785039210533	4	1	2.59411613454203	TRUE
LODO	results_final/stage_6A_paired_FAP_gene_LODO_summary.tsv	f1b9fbaa1eeb9683cea41b80d011a93223a831bccc5c41a70a7eb8da45a07006	NA	Stem_progenitor	NA	NA	NA	NA	NA	NA	NA	NA	NA	NA	NA	NA	NA	NA	NA	DMBT1	1.35040600084397	3	1	1.40700916386366	TRUE
LODO	results_final/stage_6A_paired_FAP_gene_LODO_summary.tsv	f1b9fbaa1eeb9683cea41b80d011a93223a831bccc5c41a70a7eb8da45a07006	NA	Stem_progenitor	NA	NA	NA	NA	NA	NA	NA	NA	NA	NA	NA	NA	NA	NA	NA	FGD4	-0.634099574781149	4	1	-0.668699651442195	TRUE
LODO	results_final/stage_6A_paired_FAP_gene_LODO_summary.tsv	f1b9fbaa1eeb9683cea41b80d011a93223a831bccc5c41a70a7eb8da45a07006	NA	Stem_progenitor	NA	NA	NA	NA	NA	NA	NA	NA	NA	NA	NA	NA	NA	NA	NA	AC103702.2	0.937172927148061	4	1	0.942308915418608	TRUE
LODO	results_final/stage_6A_paired_FAP_gene_LODO_summary.tsv	f1b9fbaa1eeb9683cea41b80d011a93223a831bccc5c41a70a7eb8da45a07006	NA	Stem_progenitor	NA	NA	NA	NA	NA	NA	NA	NA	NA	NA	NA	NA	NA	NA	NA	RNPEPL1	0.830641865193358	4	1	0.862862391177295	TRUE
LODO	results_final/stage_6A_paired_FAP_gene_LODO_summary.tsv	f1b9fbaa1eeb9683cea41b80d011a93223a831bccc5c41a70a7eb8da45a07006	NA	Stem_progenitor	NA	NA	NA	NA	NA	NA	NA	NA	NA	NA	NA	NA	NA	NA	NA	GRB7	0.676048006002577	4	1	0.66613975279645	TRUE
LODO	results_final/stage_6A_paired_FAP_gene_LODO_summary.tsv	f1b9fbaa1eeb9683cea41b80d011a93223a831bccc5c41a70a7eb8da45a07006	NA	Stem_progenitor	NA	NA	NA	NA	NA	NA	NA	NA	NA	NA	NA	NA	NA	NA	NA	NOVA1	-2.09315478284046	4	1	-2.19797801833314	TRUE
LODO	results_final/stage_6A_paired_FAP_gene_LODO_summary.tsv	f1b9fbaa1eeb9683cea41b80d011a93223a831bccc5c41a70a7eb8da45a07006	NA	Stem_progenitor	NA	NA	NA	NA	NA	NA	NA	NA	NA	NA	NA	NA	NA	NA	NA	PLEKHG3	0.698444112480764	4	1	0.697761155359792	TRUE
LODO	results_final/stage_6A_paired_FAP_gene_LODO_summary.tsv	f1b9fbaa1eeb9683cea41b80d011a93223a831bccc5c41a70a7eb8da45a07006	NA	Stem_progenitor	NA	NA	NA	NA	NA	NA	NA	NA	NA	NA	NA	NA	NA	NA	NA	AC097662.1	-0.940493296555284	4	1	-0.938645218296119	TRUE
LODO	results_final/stage_6A_paired_FAP_gene_LODO_summary.tsv	f1b9fbaa1eeb9683cea41b80d011a93223a831bccc5c41a70a7eb8da45a07006	NA	Stem_progenitor	NA	NA	NA	NA	NA	NA	NA	NA	NA	NA	NA	NA	NA	NA	NA	BBC3	1.09335366490769	4	1	1.07171395074763	TRUE
LODO	results_final/stage_6A_paired_FAP_gene_LODO_summary.tsv	f1b9fbaa1eeb9683cea41b80d011a93223a831bccc5c41a70a7eb8da45a07006	NA	Stem_progenitor	NA	NA	NA	NA	NA	NA	NA	NA	NA	NA	NA	NA	NA	NA	NA	GABBR1	1.34544287526739	4	1	1.35528754073743	TRUE
LODO	results_final/stage_6A_paired_FAP_gene_LODO_summary.tsv	f1b9fbaa1eeb9683cea41b80d011a93223a831bccc5c41a70a7eb8da45a07006	NA	Stem_progenitor	NA	NA	NA	NA	NA	NA	NA	NA	NA	NA	NA	NA	NA	NA	NA	NSF	-0.749091281282973	4	1	-0.73661818550213	TRUE
LODO	results_final/stage_6A_paired_FAP_gene_LODO_summary.tsv	f1b9fbaa1eeb9683cea41b80d011a93223a831bccc5c41a70a7eb8da45a07006	NA	Stem_progenitor	NA	NA	NA	NA	NA	NA	NA	NA	NA	NA	NA	NA	NA	NA	NA	DLGAP1-AS2	1.19723124487997	4	1	1.27827542220063	TRUE
LODO	results_final/stage_6A_paired_FAP_gene_LODO_summary.tsv	f1b9fbaa1eeb9683cea41b80d011a93223a831bccc5c41a70a7eb8da45a07006	NA	Stem_progenitor	NA	NA	NA	NA	NA	NA	NA	NA	NA	NA	NA	NA	NA	NA	NA	SYNC	-0.992526962744041	4	1	-1.00274935762597	TRUE
LODO	results_final/stage_6A_paired_FAP_gene_LODO_summary.tsv	f1b9fbaa1eeb9683cea41b80d011a93223a831bccc5c41a70a7eb8da45a07006	NA	Stem_progenitor	NA	NA	NA	NA	NA	NA	NA	NA	NA	NA	NA	NA	NA	NA	NA	ANO10	-0.575899335742432	4	1	-0.594248314359144	TRUE
LODO	results_final/stage_6A_paired_FAP_gene_LODO_summary.tsv	f1b9fbaa1eeb9683cea41b80d011a93223a831bccc5c41a70a7eb8da45a07006	NA	Stem_progenitor	NA	NA	NA	NA	NA	NA	NA	NA	NA	NA	NA	NA	NA	NA	NA	CABLES1	1.00700167030502	4	1	1.01960990511751	TRUE
LODO	results_final/stage_6A_paired_FAP_gene_LODO_summary.tsv	f1b9fbaa1eeb9683cea41b80d011a93223a831bccc5c41a70a7eb8da45a07006	NA	Stem_progenitor	NA	NA	NA	NA	NA	NA	NA	NA	NA	NA	NA	NA	NA	NA	NA	FOXO1	-0.680258043308788	4	1	-0.666333159264883	TRUE
LODO	results_final/stage_6A_paired_FAP_gene_LODO_summary.tsv	f1b9fbaa1eeb9683cea41b80d011a93223a831bccc5c41a70a7eb8da45a07006	NA	Stem_progenitor	NA	NA	NA	NA	NA	NA	NA	NA	NA	NA	NA	NA	NA	NA	NA	FOXP2	-1.85401944002504	4	1	-1.83892904338496	TRUE
LODO	results_final/stage_6A_paired_FAP_gene_LODO_summary.tsv	f1b9fbaa1eeb9683cea41b80d011a93223a831bccc5c41a70a7eb8da45a07006	NA	Stem_progenitor	NA	NA	NA	NA	NA	NA	NA	NA	NA	NA	NA	NA	NA	NA	NA	INTS11	0.711967416924062	4	1	0.726168216380534	TRUE
LODO	results_final/stage_6A_paired_FAP_gene_LODO_summary.tsv	f1b9fbaa1eeb9683cea41b80d011a93223a831bccc5c41a70a7eb8da45a07006	NA	Stem_progenitor	NA	NA	NA	NA	NA	NA	NA	NA	NA	NA	NA	NA	NA	NA	NA	LMBRD1	-0.759726183450766	4	1	-0.79937489509754	TRUE
LODO	results_final/stage_6A_paired_FAP_gene_LODO_summary.tsv	f1b9fbaa1eeb9683cea41b80d011a93223a831bccc5c41a70a7eb8da45a07006	NA	Stem_progenitor	NA	NA	NA	NA	NA	NA	NA	NA	NA	NA	NA	NA	NA	NA	NA	PBX2	0.935602695551698	4	1	0.896839927498354	TRUE
LODO	results_final/stage_6A_paired_FAP_gene_LODO_summary.tsv	f1b9fbaa1eeb9683cea41b80d011a93223a831bccc5c41a70a7eb8da45a07006	NA	Stem_progenitor	NA	NA	NA	NA	NA	NA	NA	NA	NA	NA	NA	NA	NA	NA	NA	PDLIM7	1.56811723316527	4	1	1.58669416197577	TRUE
LODO	results_final/stage_6A_paired_FAP_gene_LODO_summary.tsv	f1b9fbaa1eeb9683cea41b80d011a93223a831bccc5c41a70a7eb8da45a07006	NA	Stem_progenitor	NA	NA	NA	NA	NA	NA	NA	NA	NA	NA	NA	NA	NA	NA	NA	PFDN5	0.666341414005191	4	1	0.651942121356106	TRUE
LODO	results_final/stage_6A_paired_FAP_gene_LODO_summary.tsv	f1b9fbaa1eeb9683cea41b80d011a93223a831bccc5c41a70a7eb8da45a07006	NA	Stem_progenitor	NA	NA	NA	NA	NA	NA	NA	NA	NA	NA	NA	NA	NA	NA	NA	RALGAPA1	-0.530097942717938	4	1	-0.531934977152046	TRUE
LODO	results_final/stage_6A_paired_FAP_gene_LODO_summary.tsv	f1b9fbaa1eeb9683cea41b80d011a93223a831bccc5c41a70a7eb8da45a07006	NA	Stem_progenitor	NA	NA	NA	NA	NA	NA	NA	NA	NA	NA	NA	NA	NA	NA	NA	RBMS1	-1.50710052165564	4	1	-1.43779797535271	TRUE
LODO	results_final/stage_6A_paired_FAP_gene_LODO_summary.tsv	f1b9fbaa1eeb9683cea41b80d011a93223a831bccc5c41a70a7eb8da45a07006	NA	Stem_progenitor	NA	NA	NA	NA	NA	NA	NA	NA	NA	NA	NA	NA	NA	NA	NA	RPS6	0.864021520390384	4	1	0.814777494167648	TRUE
LODO	results_final/stage_6A_paired_FAP_gene_LODO_summary.tsv	f1b9fbaa1eeb9683cea41b80d011a93223a831bccc5c41a70a7eb8da45a07006	NA	Stem_progenitor	NA	NA	NA	NA	NA	NA	NA	NA	NA	NA	NA	NA	NA	NA	NA	SCX	1.0593578943462	4	1	1.0241819259879	TRUE
LODO	results_final/stage_6A_paired_FAP_gene_LODO_summary.tsv	f1b9fbaa1eeb9683cea41b80d011a93223a831bccc5c41a70a7eb8da45a07006	NA	Stem_progenitor	NA	NA	NA	NA	NA	NA	NA	NA	NA	NA	NA	NA	NA	NA	NA	SKIL	0.981705965827676	4	1	0.959204244145811	TRUE
LODO	results_final/stage_6A_paired_FAP_gene_LODO_summary.tsv	f1b9fbaa1eeb9683cea41b80d011a93223a831bccc5c41a70a7eb8da45a07006	NA	Stem_progenitor	NA	NA	NA	NA	NA	NA	NA	NA	NA	NA	NA	NA	NA	NA	NA	TMEM131L	-1.16859841119482	4	1	-1.21967870077097	TRUE
LODO	results_final/stage_6A_paired_FAP_gene_LODO_summary.tsv	f1b9fbaa1eeb9683cea41b80d011a93223a831bccc5c41a70a7eb8da45a07006	NA	Stem_progenitor	NA	NA	NA	NA	NA	NA	NA	NA	NA	NA	NA	NA	NA	NA	NA	TOX2	-0.812895298490958	4	1	-0.802928752391183	TRUE
LODO	results_final/stage_6A_paired_FAP_gene_LODO_summary.tsv	f1b9fbaa1eeb9683cea41b80d011a93223a831bccc5c41a70a7eb8da45a07006	NA	Stem_progenitor	NA	NA	NA	NA	NA	NA	NA	NA	NA	NA	NA	NA	NA	NA	NA	UGT1A8	-1.09553625526223	4	1	-1.13019465090962	TRUE
LODO	results_final/stage_6A_paired_FAP_gene_LODO_summary.tsv	f1b9fbaa1eeb9683cea41b80d011a93223a831bccc5c41a70a7eb8da45a07006	NA	Stem_progenitor	NA	NA	NA	NA	NA	NA	NA	NA	NA	NA	NA	NA	NA	NA	NA	ZNF229	-1.53882146796848	4	1	-1.5214056404396	TRUE
LODO	results_final/stage_6A_paired_FAP_gene_LODO_summary.tsv	f1b9fbaa1eeb9683cea41b80d011a93223a831bccc5c41a70a7eb8da45a07006	NA	Stem_progenitor	NA	NA	NA	NA	NA	NA	NA	NA	NA	NA	NA	NA	NA	NA	NA	ADGRA3	-0.578949861993603	4	1	-0.599740630567756	TRUE
LODO	results_final/stage_6A_paired_FAP_gene_LODO_summary.tsv	f1b9fbaa1eeb9683cea41b80d011a93223a831bccc5c41a70a7eb8da45a07006	NA	Stem_progenitor	NA	NA	NA	NA	NA	NA	NA	NA	NA	NA	NA	NA	NA	NA	NA	CXXC5	0.952421599479886	4	1	0.958410532609349	TRUE
LODO	results_final/stage_6A_paired_FAP_gene_LODO_summary.tsv	f1b9fbaa1eeb9683cea41b80d011a93223a831bccc5c41a70a7eb8da45a07006	NA	Stem_progenitor	NA	NA	NA	NA	NA	NA	NA	NA	NA	NA	NA	NA	NA	NA	NA	EPHB3	0.862484285283702	4	1	0.824475612970883	TRUE
LODO	results_final/stage_6A_paired_FAP_gene_LODO_summary.tsv	f1b9fbaa1eeb9683cea41b80d011a93223a831bccc5c41a70a7eb8da45a07006	NA	Stem_progenitor	NA	NA	NA	NA	NA	NA	NA	NA	NA	NA	NA	NA	NA	NA	NA	GRAMD1A	0.612912203683259	4	1	0.598758728797768	TRUE
LODO	results_final/stage_6A_paired_FAP_gene_LODO_summary.tsv	f1b9fbaa1eeb9683cea41b80d011a93223a831bccc5c41a70a7eb8da45a07006	NA	Stem_progenitor	NA	NA	NA	NA	NA	NA	NA	NA	NA	NA	NA	NA	NA	NA	NA	HIVEP3	-0.603667115405278	4	1	-0.638024231716112	TRUE
LODO	results_final/stage_6A_paired_FAP_gene_LODO_summary.tsv	f1b9fbaa1eeb9683cea41b80d011a93223a831bccc5c41a70a7eb8da45a07006	NA	Stem_progenitor	NA	NA	NA	NA	NA	NA	NA	NA	NA	NA	NA	NA	NA	NA	NA	PRUNE2	0.631353939892754	4	1	0.626842823934517	TRUE
LODO	results_final/stage_6A_paired_FAP_gene_LODO_summary.tsv	f1b9fbaa1eeb9683cea41b80d011a93223a831bccc5c41a70a7eb8da45a07006	NA	Stem_progenitor	NA	NA	NA	NA	NA	NA	NA	NA	NA	NA	NA	NA	NA	NA	NA	SYMPK	0.645682253517401	4	1	0.653614029376601	TRUE
LODO	results_final/stage_6A_paired_FAP_gene_LODO_summary.tsv	f1b9fbaa1eeb9683cea41b80d011a93223a831bccc5c41a70a7eb8da45a07006	NA	Stem_progenitor	NA	NA	NA	NA	NA	NA	NA	NA	NA	NA	NA	NA	NA	NA	NA	TIMP1	1.62735929651941	4	1	1.67833285338485	TRUE
LODO	results_final/stage_6A_paired_FAP_gene_LODO_summary.tsv	f1b9fbaa1eeb9683cea41b80d011a93223a831bccc5c41a70a7eb8da45a07006	NA	Stem_progenitor	NA	NA	NA	NA	NA	NA	NA	NA	NA	NA	NA	NA	NA	NA	NA	UBE2E1	-0.712903196494809	4	1	-0.711636545361597	TRUE
LODO	results_final/stage_6A_paired_FAP_gene_LODO_summary.tsv	f1b9fbaa1eeb9683cea41b80d011a93223a831bccc5c41a70a7eb8da45a07006	NA	Stem_progenitor	NA	NA	NA	NA	NA	NA	NA	NA	NA	NA	NA	NA	NA	NA	NA	WDR46	0.829183235019547	4	1	0.822412661014429	TRUE
LODO	results_final/stage_6A_paired_FAP_gene_LODO_summary.tsv	f1b9fbaa1eeb9683cea41b80d011a93223a831bccc5c41a70a7eb8da45a07006	NA	Stem_progenitor	NA	NA	NA	NA	NA	NA	NA	NA	NA	NA	NA	NA	NA	NA	NA	PRKAR2B	-1.75837704336979	4	1	-1.70634184369379	TRUE
LODO	results_final/stage_6A_paired_FAP_gene_LODO_summary.tsv	f1b9fbaa1eeb9683cea41b80d011a93223a831bccc5c41a70a7eb8da45a07006	NA	Stem_progenitor	NA	NA	NA	NA	NA	NA	NA	NA	NA	NA	NA	NA	NA	NA	NA	DENND1B	-0.753248333778902	4	1	-0.762345417883749	TRUE
LODO	results_final/stage_6A_paired_FAP_gene_LODO_summary.tsv	f1b9fbaa1eeb9683cea41b80d011a93223a831bccc5c41a70a7eb8da45a07006	NA	Stem_progenitor	NA	NA	NA	NA	NA	NA	NA	NA	NA	NA	NA	NA	NA	NA	NA	AL355303.1	1.60025599801916	4	1	1.5894358446795	TRUE
LODO	results_final/stage_6A_paired_FAP_gene_LODO_summary.tsv	f1b9fbaa1eeb9683cea41b80d011a93223a831bccc5c41a70a7eb8da45a07006	NA	Stem_progenitor	NA	NA	NA	NA	NA	NA	NA	NA	NA	NA	NA	NA	NA	NA	NA	AC011604.2	3.25871039253071	4	1	3.11222423253547	TRUE
LODO	results_final/stage_6A_paired_FAP_gene_LODO_summary.tsv	f1b9fbaa1eeb9683cea41b80d011a93223a831bccc5c41a70a7eb8da45a07006	NA	Stem_progenitor	NA	NA	NA	NA	NA	NA	NA	NA	NA	NA	NA	NA	NA	NA	NA	AL390729.1	1.78200621230686	2	1	1.85786779760989	TRUE
LODO	results_final/stage_6A_paired_FAP_gene_LODO_summary.tsv	f1b9fbaa1eeb9683cea41b80d011a93223a831bccc5c41a70a7eb8da45a07006	NA	Stem_progenitor	NA	NA	NA	NA	NA	NA	NA	NA	NA	NA	NA	NA	NA	NA	NA	ASPM	1.2957429552871	4	1	1.36320719216544	TRUE
LODO	results_final/stage_6A_paired_FAP_gene_LODO_summary.tsv	f1b9fbaa1eeb9683cea41b80d011a93223a831bccc5c41a70a7eb8da45a07006	NA	Stem_progenitor	NA	NA	NA	NA	NA	NA	NA	NA	NA	NA	NA	NA	NA	NA	NA	CDK10	0.687349837054344	4	1	0.729895774870344	TRUE
LODO	results_final/stage_6A_paired_FAP_gene_LODO_summary.tsv	f1b9fbaa1eeb9683cea41b80d011a93223a831bccc5c41a70a7eb8da45a07006	NA	Stem_progenitor	NA	NA	NA	NA	NA	NA	NA	NA	NA	NA	NA	NA	NA	NA	NA	CPPED1	-0.701192448933246	4	1	-0.698568332648023	TRUE
LODO	results_final/stage_6A_paired_FAP_gene_LODO_summary.tsv	f1b9fbaa1eeb9683cea41b80d011a93223a831bccc5c41a70a7eb8da45a07006	NA	Stem_progenitor	NA	NA	NA	NA	NA	NA	NA	NA	NA	NA	NA	NA	NA	NA	NA	ERG	-1.37081598087331	4	1	-1.4280565694903	TRUE
LODO	results_final/stage_6A_paired_FAP_gene_LODO_summary.tsv	f1b9fbaa1eeb9683cea41b80d011a93223a831bccc5c41a70a7eb8da45a07006	NA	Stem_progenitor	NA	NA	NA	NA	NA	NA	NA	NA	NA	NA	NA	NA	NA	NA	NA	MAZ	0.979344061756482	4	1	1.023525601647	TRUE
LODO	results_final/stage_6A_paired_FAP_gene_LODO_summary.tsv	f1b9fbaa1eeb9683cea41b80d011a93223a831bccc5c41a70a7eb8da45a07006	NA	Stem_progenitor	NA	NA	NA	NA	NA	NA	NA	NA	NA	NA	NA	NA	NA	NA	NA	PLEKHH3	1.2705123164809	4	1	1.28806543964276	TRUE
LODO	results_final/stage_6A_paired_FAP_gene_LODO_summary.tsv	f1b9fbaa1eeb9683cea41b80d011a93223a831bccc5c41a70a7eb8da45a07006	NA	Stem_progenitor	NA	NA	NA	NA	NA	NA	NA	NA	NA	NA	NA	NA	NA	NA	NA	RARG	1.05483288450093	4	1	1.10837824161375	TRUE
LODO	results_final/stage_6A_paired_FAP_gene_LODO_summary.tsv	f1b9fbaa1eeb9683cea41b80d011a93223a831bccc5c41a70a7eb8da45a07006	NA	Stem_progenitor	NA	NA	NA	NA	NA	NA	NA	NA	NA	NA	NA	NA	NA	NA	NA	S100A11	1.16821741575476	4	1	1.16645131566057	TRUE
LODO	results_final/stage_6A_paired_FAP_gene_LODO_summary.tsv	f1b9fbaa1eeb9683cea41b80d011a93223a831bccc5c41a70a7eb8da45a07006	NA	Stem_progenitor	NA	NA	NA	NA	NA	NA	NA	NA	NA	NA	NA	NA	NA	NA	NA	SH3TC2	1.24498657701023	4	1	1.25438802330849	TRUE
LODO	results_final/stage_6A_paired_FAP_gene_LODO_summary.tsv	f1b9fbaa1eeb9683cea41b80d011a93223a831bccc5c41a70a7eb8da45a07006	NA	Stem_progenitor	NA	NA	NA	NA	NA	NA	NA	NA	NA	NA	NA	NA	NA	NA	NA	TAF1C	0.868005341368757	4	1	0.891042769887306	TRUE
LODO	results_final/stage_6A_paired_FAP_gene_LODO_summary.tsv	f1b9fbaa1eeb9683cea41b80d011a93223a831bccc5c41a70a7eb8da45a07006	NA	Stem_progenitor	NA	NA	NA	NA	NA	NA	NA	NA	NA	NA	NA	NA	NA	NA	NA	TSR3	1.24365050359797	4	1	1.20555448529047	TRUE
LODO	results_final/stage_6A_paired_FAP_gene_LODO_summary.tsv	f1b9fbaa1eeb9683cea41b80d011a93223a831bccc5c41a70a7eb8da45a07006	NA	Stem_progenitor	NA	NA	NA	NA	NA	NA	NA	NA	NA	NA	NA	NA	NA	NA	NA	FMN2	-1.9642909642813	4	1	-2.01131945270117	TRUE
LODO	results_final/stage_6A_paired_FAP_gene_LODO_summary.tsv	f1b9fbaa1eeb9683cea41b80d011a93223a831bccc5c41a70a7eb8da45a07006	NA	Stem_progenitor	NA	NA	NA	NA	NA	NA	NA	NA	NA	NA	NA	NA	NA	NA	NA	PHGR1	-0.593125892340413	4	1	-0.586986401092007	TRUE
LODO	results_final/stage_6A_paired_FAP_gene_LODO_summary.tsv	f1b9fbaa1eeb9683cea41b80d011a93223a831bccc5c41a70a7eb8da45a07006	NA	Stem_progenitor	NA	NA	NA	NA	NA	NA	NA	NA	NA	NA	NA	NA	NA	NA	NA	CSTB	1.05324378164712	4	1	1.04980823230303	TRUE
LODO	results_final/stage_6A_paired_FAP_gene_LODO_summary.tsv	f1b9fbaa1eeb9683cea41b80d011a93223a831bccc5c41a70a7eb8da45a07006	NA	Stem_progenitor	NA	NA	NA	NA	NA	NA	NA	NA	NA	NA	NA	NA	NA	NA	NA	FMO4	-0.793647013042089	4	1	-0.778236991073132	TRUE
LODO	results_final/stage_6A_paired_FAP_gene_LODO_summary.tsv	f1b9fbaa1eeb9683cea41b80d011a93223a831bccc5c41a70a7eb8da45a07006	NA	Stem_progenitor	NA	NA	NA	NA	NA	NA	NA	NA	NA	NA	NA	NA	NA	NA	NA	LCN2	2.19510493636251	4	1	2.20589753868562	TRUE
LODO	results_final/stage_6A_paired_FAP_gene_LODO_summary.tsv	f1b9fbaa1eeb9683cea41b80d011a93223a831bccc5c41a70a7eb8da45a07006	NA	Stem_progenitor	NA	NA	NA	NA	NA	NA	NA	NA	NA	NA	NA	NA	NA	NA	NA	NXPE1	-0.729272373260737	4	1	-0.760303054247964	TRUE
LODO	results_final/stage_6A_paired_FAP_gene_LODO_summary.tsv	f1b9fbaa1eeb9683cea41b80d011a93223a831bccc5c41a70a7eb8da45a07006	NA	Stem_progenitor	NA	NA	NA	NA	NA	NA	NA	NA	NA	NA	NA	NA	NA	NA	NA	SERF2	0.766818445990628	4	1	0.755877893827634	TRUE
LODO	results_final/stage_6A_paired_FAP_gene_LODO_summary.tsv	f1b9fbaa1eeb9683cea41b80d011a93223a831bccc5c41a70a7eb8da45a07006	NA	Stem_progenitor	NA	NA	NA	NA	NA	NA	NA	NA	NA	NA	NA	NA	NA	NA	NA	PLUT	2.78925639270121	4	1	2.69099927589084	TRUE
LODO	results_final/stage_6A_paired_FAP_gene_LODO_summary.tsv	f1b9fbaa1eeb9683cea41b80d011a93223a831bccc5c41a70a7eb8da45a07006	NA	Stem_progenitor	NA	NA	NA	NA	NA	NA	NA	NA	NA	NA	NA	NA	NA	NA	NA	RFXANK	1.04064023671607	4	1	1.05728201335822	TRUE
LODO	results_final/stage_6A_paired_FAP_gene_LODO_summary.tsv	f1b9fbaa1eeb9683cea41b80d011a93223a831bccc5c41a70a7eb8da45a07006	NA	Stem_progenitor	NA	NA	NA	NA	NA	NA	NA	NA	NA	NA	NA	NA	NA	NA	NA	TRAPPC2L	1.19884471502745	4	1	1.24775459125519	TRUE
LODO	results_final/stage_6A_paired_FAP_gene_LODO_summary.tsv	f1b9fbaa1eeb9683cea41b80d011a93223a831bccc5c41a70a7eb8da45a07006	NA	Stem_progenitor	NA	NA	NA	NA	NA	NA	NA	NA	NA	NA	NA	NA	NA	NA	NA	EDN1	1.53910167705404	4	1	1.62350596886853	TRUE
LODO	results_final/stage_6A_paired_FAP_gene_LODO_summary.tsv	f1b9fbaa1eeb9683cea41b80d011a93223a831bccc5c41a70a7eb8da45a07006	NA	Stem_progenitor	NA	NA	NA	NA	NA	NA	NA	NA	NA	NA	NA	NA	NA	NA	NA	RANGAP1	1.04451134237995	4	1	1.0742086759466	TRUE
LODO	results_final/stage_6A_paired_FAP_gene_LODO_summary.tsv	f1b9fbaa1eeb9683cea41b80d011a93223a831bccc5c41a70a7eb8da45a07006	NA	Stem_progenitor	NA	NA	NA	NA	NA	NA	NA	NA	NA	NA	NA	NA	NA	NA	NA	ETV4	1.54395606699561	4	1	1.6116821000208	TRUE
LODO	results_final/stage_6A_paired_FAP_gene_LODO_summary.tsv	f1b9fbaa1eeb9683cea41b80d011a93223a831bccc5c41a70a7eb8da45a07006	NA	Stem_progenitor	NA	NA	NA	NA	NA	NA	NA	NA	NA	NA	NA	NA	NA	NA	NA	FAAP100	1.35586686503714	4	1	1.47732072984187	TRUE
LODO	results_final/stage_6A_paired_FAP_gene_LODO_summary.tsv	f1b9fbaa1eeb9683cea41b80d011a93223a831bccc5c41a70a7eb8da45a07006	NA	Stem_progenitor	NA	NA	NA	NA	NA	NA	NA	NA	NA	NA	NA	NA	NA	NA	NA	NSMF	0.957008777991761	4	1	0.992517727859698	TRUE
LODO	results_final/stage_6A_paired_FAP_gene_LODO_summary.tsv	f1b9fbaa1eeb9683cea41b80d011a93223a831bccc5c41a70a7eb8da45a07006	NA	Stem_progenitor	NA	NA	NA	NA	NA	NA	NA	NA	NA	NA	NA	NA	NA	NA	NA	SDC1	1.00898863800096	4	1	0.994493278332427	TRUE
LODO	results_final/stage_6A_paired_FAP_gene_LODO_summary.tsv	f1b9fbaa1eeb9683cea41b80d011a93223a831bccc5c41a70a7eb8da45a07006	NA	Stem_progenitor	NA	NA	NA	NA	NA	NA	NA	NA	NA	NA	NA	NA	NA	NA	NA	TRAF5	0.615747920971031	4	1	0.574799491111322	TRUE
LODO	results_final/stage_6A_paired_FAP_gene_LODO_summary.tsv	f1b9fbaa1eeb9683cea41b80d011a93223a831bccc5c41a70a7eb8da45a07006	NA	Stem_progenitor	NA	NA	NA	NA	NA	NA	NA	NA	NA	NA	NA	NA	NA	NA	NA	MST1R	1.06414310921409	4	1	1.10223358836591	TRUE
LODO	results_final/stage_6A_paired_FAP_gene_LODO_summary.tsv	f1b9fbaa1eeb9683cea41b80d011a93223a831bccc5c41a70a7eb8da45a07006	NA	Stem_progenitor	NA	NA	NA	NA	NA	NA	NA	NA	NA	NA	NA	NA	NA	NA	NA	ABL1	-0.612102637618185	4	1	-0.653167259055481	TRUE
LODO	results_final/stage_6A_paired_FAP_gene_LODO_summary.tsv	f1b9fbaa1eeb9683cea41b80d011a93223a831bccc5c41a70a7eb8da45a07006	NA	Stem_progenitor	NA	NA	NA	NA	NA	NA	NA	NA	NA	NA	NA	NA	NA	NA	NA	FOXN3	-0.646494870463225	4	1	-0.678753823673999	TRUE
LODO	results_final/stage_6A_paired_FAP_gene_LODO_summary.tsv	f1b9fbaa1eeb9683cea41b80d011a93223a831bccc5c41a70a7eb8da45a07006	NA	Stem_progenitor	NA	NA	NA	NA	NA	NA	NA	NA	NA	NA	NA	NA	NA	NA	NA	GRAMD2B	-0.80387200137678	4	1	-0.862038744519392	TRUE
LODO	results_final/stage_6A_paired_FAP_gene_LODO_summary.tsv	f1b9fbaa1eeb9683cea41b80d011a93223a831bccc5c41a70a7eb8da45a07006	NA	Stem_progenitor	NA	NA	NA	NA	NA	NA	NA	NA	NA	NA	NA	NA	NA	NA	NA	MTCL1	2.06901858423283	4	1	1.95729143693209	TRUE
LODO	results_final/stage_6A_paired_FAP_gene_LODO_summary.tsv	f1b9fbaa1eeb9683cea41b80d011a93223a831bccc5c41a70a7eb8da45a07006	NA	Stem_progenitor	NA	NA	NA	NA	NA	NA	NA	NA	NA	NA	NA	NA	NA	NA	NA	NEDD4L	-0.612300275313137	4	1	-0.656825065009465	TRUE
LODO	results_final/stage_6A_paired_FAP_gene_LODO_summary.tsv	f1b9fbaa1eeb9683cea41b80d011a93223a831bccc5c41a70a7eb8da45a07006	NA	Stem_progenitor	NA	NA	NA	NA	NA	NA	NA	NA	NA	NA	NA	NA	NA	NA	NA	OSBPL3	0.893248126412381	4	1	0.818791097262099	TRUE
LODO	results_final/stage_6A_paired_FAP_gene_LODO_summary.tsv	f1b9fbaa1eeb9683cea41b80d011a93223a831bccc5c41a70a7eb8da45a07006	NA	Stem_progenitor	NA	NA	NA	NA	NA	NA	NA	NA	NA	NA	NA	NA	NA	NA	NA	ID4	1.78911096116593	4	1	1.77877355674359	TRUE
LODO	results_final/stage_6A_paired_FAP_gene_LODO_summary.tsv	f1b9fbaa1eeb9683cea41b80d011a93223a831bccc5c41a70a7eb8da45a07006	NA	Stem_progenitor	NA	NA	NA	NA	NA	NA	NA	NA	NA	NA	NA	NA	NA	NA	NA	IFI6	1.69275517588956	4	1	1.79829297942762	TRUE
LODO	results_final/stage_6A_paired_FAP_gene_LODO_summary.tsv	f1b9fbaa1eeb9683cea41b80d011a93223a831bccc5c41a70a7eb8da45a07006	NA	Stem_progenitor	NA	NA	NA	NA	NA	NA	NA	NA	NA	NA	NA	NA	NA	NA	NA	MGST1	-0.645919171945965	4	1	-0.660078861737378	TRUE
LODO	results_final/stage_6A_paired_FAP_gene_LODO_summary.tsv	f1b9fbaa1eeb9683cea41b80d011a93223a831bccc5c41a70a7eb8da45a07006	NA	Stem_progenitor	NA	NA	NA	NA	NA	NA	NA	NA	NA	NA	NA	NA	NA	NA	NA	NELFB	0.673721079755327	4	1	0.668303253011902	TRUE
LODO	results_final/stage_6A_paired_FAP_gene_LODO_summary.tsv	f1b9fbaa1eeb9683cea41b80d011a93223a831bccc5c41a70a7eb8da45a07006	NA	Stem_progenitor	NA	NA	NA	NA	NA	NA	NA	NA	NA	NA	NA	NA	NA	NA	NA	NXPE2	-0.662234436340283	4	1	-0.672350302668838	TRUE
LODO	results_final/stage_6A_paired_FAP_gene_LODO_summary.tsv	f1b9fbaa1eeb9683cea41b80d011a93223a831bccc5c41a70a7eb8da45a07006	NA	Stem_progenitor	NA	NA	NA	NA	NA	NA	NA	NA	NA	NA	NA	NA	NA	NA	NA	PDE5A	-0.686673526944501	4	1	-0.683962865016867	TRUE
LODO	results_final/stage_6A_paired_FAP_gene_LODO_summary.tsv	f1b9fbaa1eeb9683cea41b80d011a93223a831bccc5c41a70a7eb8da45a07006	NA	Stem_progenitor	NA	NA	NA	NA	NA	NA	NA	NA	NA	NA	NA	NA	NA	NA	NA	PLCL2	-0.638912244695166	4	1	-0.64997415619792	TRUE
LODO	results_final/stage_6A_paired_FAP_gene_LODO_summary.tsv	f1b9fbaa1eeb9683cea41b80d011a93223a831bccc5c41a70a7eb8da45a07006	NA	Stem_progenitor	NA	NA	NA	NA	NA	NA	NA	NA	NA	NA	NA	NA	NA	NA	NA	PTAR1	-0.72863854322124	4	1	-0.777677098316883	TRUE
LODO	results_final/stage_6A_paired_FAP_gene_LODO_summary.tsv	f1b9fbaa1eeb9683cea41b80d011a93223a831bccc5c41a70a7eb8da45a07006	NA	Stem_progenitor	NA	NA	NA	NA	NA	NA	NA	NA	NA	NA	NA	NA	NA	NA	NA	RPL4	0.791599209419477	4	1	0.749487360978329	TRUE
LODO	results_final/stage_6A_paired_FAP_gene_LODO_summary.tsv	f1b9fbaa1eeb9683cea41b80d011a93223a831bccc5c41a70a7eb8da45a07006	NA	Stem_progenitor	NA	NA	NA	NA	NA	NA	NA	NA	NA	NA	NA	NA	NA	NA	NA	SFN	0.849996492460653	4	1	0.833282776490047	TRUE
LODO	results_final/stage_6A_paired_FAP_gene_LODO_summary.tsv	f1b9fbaa1eeb9683cea41b80d011a93223a831bccc5c41a70a7eb8da45a07006	NA	Stem_progenitor	NA	NA	NA	NA	NA	NA	NA	NA	NA	NA	NA	NA	NA	NA	NA	SH3RF2	-0.549209234988032	4	1	-0.547380504494572	TRUE
LODO	results_final/stage_6A_paired_FAP_gene_LODO_summary.tsv	f1b9fbaa1eeb9683cea41b80d011a93223a831bccc5c41a70a7eb8da45a07006	NA	Stem_progenitor	NA	NA	NA	NA	NA	NA	NA	NA	NA	NA	NA	NA	NA	NA	NA	TENT2	-0.542742705276163	4	1	-0.567377699136631	TRUE
LODO	results_final/stage_6A_paired_FAP_gene_LODO_summary.tsv	f1b9fbaa1eeb9683cea41b80d011a93223a831bccc5c41a70a7eb8da45a07006	NA	Stem_progenitor	NA	NA	NA	NA	NA	NA	NA	NA	NA	NA	NA	NA	NA	NA	NA	SETBP1	-1.58150417206505	4	1	-1.60395674962309	TRUE
LODO	results_final/stage_6A_paired_FAP_gene_LODO_summary.tsv	f1b9fbaa1eeb9683cea41b80d011a93223a831bccc5c41a70a7eb8da45a07006	NA	Stem_progenitor	NA	NA	NA	NA	NA	NA	NA	NA	NA	NA	NA	NA	NA	NA	NA	C5orf66	2.01473718186479	4	1	2.06330689471172	TRUE
LODO	results_final/stage_6A_paired_FAP_gene_LODO_summary.tsv	f1b9fbaa1eeb9683cea41b80d011a93223a831bccc5c41a70a7eb8da45a07006	NA	Stem_progenitor	NA	NA	NA	NA	NA	NA	NA	NA	NA	NA	NA	NA	NA	NA	NA	CCDC60	1.92627430761862	4	1	1.84241328100548	TRUE
LODO	results_final/stage_6A_paired_FAP_gene_LODO_summary.tsv	f1b9fbaa1eeb9683cea41b80d011a93223a831bccc5c41a70a7eb8da45a07006	NA	Stem_progenitor	NA	NA	NA	NA	NA	NA	NA	NA	NA	NA	NA	NA	NA	NA	NA	CCNL2	0.903946378844899	4	1	0.950905516846638	TRUE
LODO	results_final/stage_6A_paired_FAP_gene_LODO_summary.tsv	f1b9fbaa1eeb9683cea41b80d011a93223a831bccc5c41a70a7eb8da45a07006	NA	Stem_progenitor	NA	NA	NA	NA	NA	NA	NA	NA	NA	NA	NA	NA	NA	NA	NA	CDK8	-0.516294856600271	4	1	-0.517444895825864	TRUE
LODO	results_final/stage_6A_paired_FAP_gene_LODO_summary.tsv	f1b9fbaa1eeb9683cea41b80d011a93223a831bccc5c41a70a7eb8da45a07006	NA	Stem_progenitor	NA	NA	NA	NA	NA	NA	NA	NA	NA	NA	NA	NA	NA	NA	NA	CEP164	0.866786558139593	4	1	0.890923741811767	TRUE
LODO	results_final/stage_6A_paired_FAP_gene_LODO_summary.tsv	f1b9fbaa1eeb9683cea41b80d011a93223a831bccc5c41a70a7eb8da45a07006	NA	Stem_progenitor	NA	NA	NA	NA	NA	NA	NA	NA	NA	NA	NA	NA	NA	NA	NA	CNKSR3	-0.691198240874065	4	1	-0.725088157699245	TRUE
LODO	results_final/stage_6A_paired_FAP_gene_LODO_summary.tsv	f1b9fbaa1eeb9683cea41b80d011a93223a831bccc5c41a70a7eb8da45a07006	NA	Stem_progenitor	NA	NA	NA	NA	NA	NA	NA	NA	NA	NA	NA	NA	NA	NA	NA	CXCL1	1.82228378976981	4	1	1.84855226684632	TRUE
LODO	results_final/stage_6A_paired_FAP_gene_LODO_summary.tsv	f1b9fbaa1eeb9683cea41b80d011a93223a831bccc5c41a70a7eb8da45a07006	NA	Stem_progenitor	NA	NA	NA	NA	NA	NA	NA	NA	NA	NA	NA	NA	NA	NA	NA	FRYL	-0.508421834250985	4	1	-0.524086642722075	TRUE
LODO	results_final/stage_6A_paired_FAP_gene_LODO_summary.tsv	f1b9fbaa1eeb9683cea41b80d011a93223a831bccc5c41a70a7eb8da45a07006	NA	Stem_progenitor	NA	NA	NA	NA	NA	NA	NA	NA	NA	NA	NA	NA	NA	NA	NA	HMGA2	-0.885347050757505	4	1	-0.963076459501905	TRUE
LODO	results_final/stage_6A_paired_FAP_gene_LODO_summary.tsv	f1b9fbaa1eeb9683cea41b80d011a93223a831bccc5c41a70a7eb8da45a07006	NA	Stem_progenitor	NA	NA	NA	NA	NA	NA	NA	NA	NA	NA	NA	NA	NA	NA	NA	MEIS1	-1.71555461988509	3	1	-1.82703954170978	TRUE
LODO	results_final/stage_6A_paired_FAP_gene_LODO_summary.tsv	f1b9fbaa1eeb9683cea41b80d011a93223a831bccc5c41a70a7eb8da45a07006	NA	Stem_progenitor	NA	NA	NA	NA	NA	NA	NA	NA	NA	NA	NA	NA	NA	NA	NA	NLK	-0.697764471856375	4	1	-0.712869779291442	TRUE
LODO	results_final/stage_6A_paired_FAP_gene_LODO_summary.tsv	f1b9fbaa1eeb9683cea41b80d011a93223a831bccc5c41a70a7eb8da45a07006	NA	Stem_progenitor	NA	NA	NA	NA	NA	NA	NA	NA	NA	NA	NA	NA	NA	NA	NA	NREP	-0.732895898902691	4	1	-0.741325764942474	TRUE
LODO	results_final/stage_6A_paired_FAP_gene_LODO_summary.tsv	f1b9fbaa1eeb9683cea41b80d011a93223a831bccc5c41a70a7eb8da45a07006	NA	Stem_progenitor	NA	NA	NA	NA	NA	NA	NA	NA	NA	NA	NA	NA	NA	NA	NA	OTUD7A	-0.667876622938626	4	1	-0.676624598019472	TRUE
LODO	results_final/stage_6A_paired_FAP_gene_LODO_summary.tsv	f1b9fbaa1eeb9683cea41b80d011a93223a831bccc5c41a70a7eb8da45a07006	NA	Stem_progenitor	NA	NA	NA	NA	NA	NA	NA	NA	NA	NA	NA	NA	NA	NA	NA	PLXNB1	0.900306510777494	4	1	0.924928683860805	TRUE
LODO	results_final/stage_6A_paired_FAP_gene_LODO_summary.tsv	f1b9fbaa1eeb9683cea41b80d011a93223a831bccc5c41a70a7eb8da45a07006	NA	Stem_progenitor	NA	NA	NA	NA	NA	NA	NA	NA	NA	NA	NA	NA	NA	NA	NA	RYBP	-0.645454726299991	4	1	-0.647909978921518	TRUE
LODO	results_final/stage_6A_paired_FAP_gene_LODO_summary.tsv	f1b9fbaa1eeb9683cea41b80d011a93223a831bccc5c41a70a7eb8da45a07006	NA	Stem_progenitor	NA	NA	NA	NA	NA	NA	NA	NA	NA	NA	NA	NA	NA	NA	NA	SLC41A2	-0.537053474453116	4	1	-0.54011514512738	TRUE
LODO	results_final/stage_6A_paired_FAP_gene_LODO_summary.tsv	f1b9fbaa1eeb9683cea41b80d011a93223a831bccc5c41a70a7eb8da45a07006	NA	Stem_progenitor	NA	NA	NA	NA	NA	NA	NA	NA	NA	NA	NA	NA	NA	NA	NA	SSBP2	-1.17643484328354	4	1	-1.16279615379616	TRUE
LODO	results_final/stage_6A_paired_FAP_gene_LODO_summary.tsv	f1b9fbaa1eeb9683cea41b80d011a93223a831bccc5c41a70a7eb8da45a07006	NA	Stem_progenitor	NA	NA	NA	NA	NA	NA	NA	NA	NA	NA	NA	NA	NA	NA	NA	TBXAS1	1.04652824812067	4	1	1.00021556232821	TRUE
LODO	results_final/stage_6A_paired_FAP_gene_LODO_summary.tsv	f1b9fbaa1eeb9683cea41b80d011a93223a831bccc5c41a70a7eb8da45a07006	NA	Stem_progenitor	NA	NA	NA	NA	NA	NA	NA	NA	NA	NA	NA	NA	NA	NA	NA	ADPRHL2	0.8271652496577	4	1	0.830307342985774	TRUE
LODO	results_final/stage_6A_paired_FAP_gene_LODO_summary.tsv	f1b9fbaa1eeb9683cea41b80d011a93223a831bccc5c41a70a7eb8da45a07006	NA	Stem_progenitor	NA	NA	NA	NA	NA	NA	NA	NA	NA	NA	NA	NA	NA	NA	NA	AGRN	1.18964803622602	4	1	1.22582925739425	TRUE
LODO	results_final/stage_6A_paired_FAP_gene_LODO_summary.tsv	f1b9fbaa1eeb9683cea41b80d011a93223a831bccc5c41a70a7eb8da45a07006	NA	Stem_progenitor	NA	NA	NA	NA	NA	NA	NA	NA	NA	NA	NA	NA	NA	NA	NA	CCHCR1	0.690594270868954	4	1	0.695282845011045	TRUE
LODO	results_final/stage_6A_paired_FAP_gene_LODO_summary.tsv	f1b9fbaa1eeb9683cea41b80d011a93223a831bccc5c41a70a7eb8da45a07006	NA	Stem_progenitor	NA	NA	NA	NA	NA	NA	NA	NA	NA	NA	NA	NA	NA	NA	NA	DAB2	1.30329491016285	4	1	1.32364000084421	TRUE
LODO	results_final/stage_6A_paired_FAP_gene_LODO_summary.tsv	f1b9fbaa1eeb9683cea41b80d011a93223a831bccc5c41a70a7eb8da45a07006	NA	Stem_progenitor	NA	NA	NA	NA	NA	NA	NA	NA	NA	NA	NA	NA	NA	NA	NA	GTF2IRD1	0.640790493956801	4	1	0.61563946475268	TRUE
LODO	results_final/stage_6A_paired_FAP_gene_LODO_summary.tsv	f1b9fbaa1eeb9683cea41b80d011a93223a831bccc5c41a70a7eb8da45a07006	NA	Stem_progenitor	NA	NA	NA	NA	NA	NA	NA	NA	NA	NA	NA	NA	NA	NA	NA	ID3	0.88826541165979	4	1	0.872512074993995	TRUE
LODO	results_final/stage_6A_paired_FAP_gene_LODO_summary.tsv	f1b9fbaa1eeb9683cea41b80d011a93223a831bccc5c41a70a7eb8da45a07006	NA	Stem_progenitor	NA	NA	NA	NA	NA	NA	NA	NA	NA	NA	NA	NA	NA	NA	NA	KCNQ1OT1	-0.613190184262461	4	1	-0.609068449406982	TRUE
LODO	results_final/stage_6A_paired_FAP_gene_LODO_summary.tsv	f1b9fbaa1eeb9683cea41b80d011a93223a831bccc5c41a70a7eb8da45a07006	NA	Stem_progenitor	NA	NA	NA	NA	NA	NA	NA	NA	NA	NA	NA	NA	NA	NA	NA	KLHL13	-0.756368173043487	4	1	-0.77874599216826	TRUE
LODO	results_final/stage_6A_paired_FAP_gene_LODO_summary.tsv	f1b9fbaa1eeb9683cea41b80d011a93223a831bccc5c41a70a7eb8da45a07006	NA	Stem_progenitor	NA	NA	NA	NA	NA	NA	NA	NA	NA	NA	NA	NA	NA	NA	NA	MYRF	0.974509120247937	4	1	0.906790355517871	TRUE
LODO	results_final/stage_6A_paired_FAP_gene_LODO_summary.tsv	f1b9fbaa1eeb9683cea41b80d011a93223a831bccc5c41a70a7eb8da45a07006	NA	Stem_progenitor	NA	NA	NA	NA	NA	NA	NA	NA	NA	NA	NA	NA	NA	NA	NA	NANS	-0.793534950958558	4	1	-0.819424630292759	TRUE
LODO	results_final/stage_6A_paired_FAP_gene_LODO_summary.tsv	f1b9fbaa1eeb9683cea41b80d011a93223a831bccc5c41a70a7eb8da45a07006	NA	Stem_progenitor	NA	NA	NA	NA	NA	NA	NA	NA	NA	NA	NA	NA	NA	NA	NA	NR1H4	-0.751465886847467	4	1	-0.790697899443201	TRUE
LODO	results_final/stage_6A_paired_FAP_gene_LODO_summary.tsv	f1b9fbaa1eeb9683cea41b80d011a93223a831bccc5c41a70a7eb8da45a07006	NA	Stem_progenitor	NA	NA	NA	NA	NA	NA	NA	NA	NA	NA	NA	NA	NA	NA	NA	NR6A1	-0.743381232504996	4	1	-0.784048864804033	TRUE
LODO	results_final/stage_6A_paired_FAP_gene_LODO_summary.tsv	f1b9fbaa1eeb9683cea41b80d011a93223a831bccc5c41a70a7eb8da45a07006	NA	Stem_progenitor	NA	NA	NA	NA	NA	NA	NA	NA	NA	NA	NA	NA	NA	NA	NA	PCED1A	0.802575240894985	4	1	0.811259197637891	TRUE
LODO	results_final/stage_6A_paired_FAP_gene_LODO_summary.tsv	f1b9fbaa1eeb9683cea41b80d011a93223a831bccc5c41a70a7eb8da45a07006	NA	Stem_progenitor	NA	NA	NA	NA	NA	NA	NA	NA	NA	NA	NA	NA	NA	NA	NA	PDSS1	-0.550511570994793	4	1	-0.5580718579726	TRUE
LODO	results_final/stage_6A_paired_FAP_gene_LODO_summary.tsv	f1b9fbaa1eeb9683cea41b80d011a93223a831bccc5c41a70a7eb8da45a07006	NA	Stem_progenitor	NA	NA	NA	NA	NA	NA	NA	NA	NA	NA	NA	NA	NA	NA	NA	PLAUR	1.05789595280873	4	1	1.11180582713822	TRUE
LODO	results_final/stage_6A_paired_FAP_gene_LODO_summary.tsv	f1b9fbaa1eeb9683cea41b80d011a93223a831bccc5c41a70a7eb8da45a07006	NA	Stem_progenitor	NA	NA	NA	NA	NA	NA	NA	NA	NA	NA	NA	NA	NA	NA	NA	PLCL1	-0.900578825775842	4	1	-0.900728412544925	TRUE
LODO	results_final/stage_6A_paired_FAP_gene_LODO_summary.tsv	f1b9fbaa1eeb9683cea41b80d011a93223a831bccc5c41a70a7eb8da45a07006	NA	Stem_progenitor	NA	NA	NA	NA	NA	NA	NA	NA	NA	NA	NA	NA	NA	NA	NA	RABL6	0.665426238174607	4	1	0.682759760803637	TRUE
LODO	results_final/stage_6A_paired_FAP_gene_LODO_summary.tsv	f1b9fbaa1eeb9683cea41b80d011a93223a831bccc5c41a70a7eb8da45a07006	NA	Stem_progenitor	NA	NA	NA	NA	NA	NA	NA	NA	NA	NA	NA	NA	NA	NA	NA	RASSF7	0.756188073097478	4	1	0.798916231322541	TRUE
LODO	results_final/stage_6A_paired_FAP_gene_LODO_summary.tsv	f1b9fbaa1eeb9683cea41b80d011a93223a831bccc5c41a70a7eb8da45a07006	NA	Stem_progenitor	NA	NA	NA	NA	NA	NA	NA	NA	NA	NA	NA	NA	NA	NA	NA	RGS6	1.24096104959375	4	1	1.22596936326347	TRUE
LODO	results_final/stage_6A_paired_FAP_gene_LODO_summary.tsv	f1b9fbaa1eeb9683cea41b80d011a93223a831bccc5c41a70a7eb8da45a07006	NA	Stem_progenitor	NA	NA	NA	NA	NA	NA	NA	NA	NA	NA	NA	NA	NA	NA	NA	RNF183	1.45698556594668	4	1	1.415395934685	TRUE
LODO	results_final/stage_6A_paired_FAP_gene_LODO_summary.tsv	f1b9fbaa1eeb9683cea41b80d011a93223a831bccc5c41a70a7eb8da45a07006	NA	Stem_progenitor	NA	NA	NA	NA	NA	NA	NA	NA	NA	NA	NA	NA	NA	NA	NA	RPS5	0.949951178496116	4	1	0.910351287172588	TRUE
LODO	results_final/stage_6A_paired_FAP_gene_LODO_summary.tsv	f1b9fbaa1eeb9683cea41b80d011a93223a831bccc5c41a70a7eb8da45a07006	NA	Stem_progenitor	NA	NA	NA	NA	NA	NA	NA	NA	NA	NA	NA	NA	NA	NA	NA	SAPCD2	1.30434811547566	4	1	1.29584862048314	TRUE
LODO	results_final/stage_6A_paired_FAP_gene_LODO_summary.tsv	f1b9fbaa1eeb9683cea41b80d011a93223a831bccc5c41a70a7eb8da45a07006	NA	Stem_progenitor	NA	NA	NA	NA	NA	NA	NA	NA	NA	NA	NA	NA	NA	NA	NA	C9orf16	1.11702132918214	4	1	1.13280525023745	TRUE
LODO	results_final/stage_6A_paired_FAP_gene_LODO_summary.tsv	f1b9fbaa1eeb9683cea41b80d011a93223a831bccc5c41a70a7eb8da45a07006	NA	Stem_progenitor	NA	NA	NA	NA	NA	NA	NA	NA	NA	NA	NA	NA	NA	NA	NA	AFF3	-1.41020722879491	4	1	-1.42067602989151	TRUE
LODO	results_final/stage_6A_paired_FAP_gene_LODO_summary.tsv	f1b9fbaa1eeb9683cea41b80d011a93223a831bccc5c41a70a7eb8da45a07006	NA	Stem_progenitor	NA	NA	NA	NA	NA	NA	NA	NA	NA	NA	NA	NA	NA	NA	NA	ANK3	-0.747215453216246	4	1	-0.78167519076764	TRUE
LODO	results_final/stage_6A_paired_FAP_gene_LODO_summary.tsv	f1b9fbaa1eeb9683cea41b80d011a93223a831bccc5c41a70a7eb8da45a07006	NA	Stem_progenitor	NA	NA	NA	NA	NA	NA	NA	NA	NA	NA	NA	NA	NA	NA	NA	EFNB2	-0.518914088472521	4	1	-0.522126296334316	TRUE
LODO	results_final/stage_6A_paired_FAP_gene_LODO_summary.tsv	f1b9fbaa1eeb9683cea41b80d011a93223a831bccc5c41a70a7eb8da45a07006	NA	Stem_progenitor	NA	NA	NA	NA	NA	NA	NA	NA	NA	NA	NA	NA	NA	NA	NA	GPSM2	0.849982467837724	4	1	0.892217232011273	TRUE
LODO	results_final/stage_6A_paired_FAP_gene_LODO_summary.tsv	f1b9fbaa1eeb9683cea41b80d011a93223a831bccc5c41a70a7eb8da45a07006	NA	Stem_progenitor	NA	NA	NA	NA	NA	NA	NA	NA	NA	NA	NA	NA	NA	NA	NA	HDGFL3	-2.05183751654735	4	1	-2.04434150762961	TRUE
LODO	results_final/stage_6A_paired_FAP_gene_LODO_summary.tsv	f1b9fbaa1eeb9683cea41b80d011a93223a831bccc5c41a70a7eb8da45a07006	NA	Stem_progenitor	NA	NA	NA	NA	NA	NA	NA	NA	NA	NA	NA	NA	NA	NA	NA	NAGLU	0.757235488985695	4	1	0.75095459617424	TRUE
LODO	results_final/stage_6A_paired_FAP_gene_LODO_summary.tsv	f1b9fbaa1eeb9683cea41b80d011a93223a831bccc5c41a70a7eb8da45a07006	NA	Stem_progenitor	NA	NA	NA	NA	NA	NA	NA	NA	NA	NA	NA	NA	NA	NA	NA	CNTN3	-0.70970519495377	4	1	-0.687931337754541	TRUE
LODO	results_final/stage_6A_paired_FAP_gene_LODO_summary.tsv	f1b9fbaa1eeb9683cea41b80d011a93223a831bccc5c41a70a7eb8da45a07006	NA	Stem_progenitor	NA	NA	NA	NA	NA	NA	NA	NA	NA	NA	NA	NA	NA	NA	NA	GALNT6	1.43422684099032	4	1	1.53868617140514	TRUE
LODO	results_final/stage_6A_paired_FAP_gene_LODO_summary.tsv	f1b9fbaa1eeb9683cea41b80d011a93223a831bccc5c41a70a7eb8da45a07006	NA	Stem_progenitor	NA	NA	NA	NA	NA	NA	NA	NA	NA	NA	NA	NA	NA	NA	NA	TSPO	0.893816359003379	4	1	0.926370766933605	TRUE
LODO	results_final/stage_6A_paired_FAP_gene_LODO_summary.tsv	f1b9fbaa1eeb9683cea41b80d011a93223a831bccc5c41a70a7eb8da45a07006	NA	Stem_progenitor	NA	NA	NA	NA	NA	NA	NA	NA	NA	NA	NA	NA	NA	NA	NA	TFG	-0.685592522482302	4	1	-0.690154945875361	TRUE
LODO	results_final/stage_6A_paired_FAP_gene_LODO_summary.tsv	f1b9fbaa1eeb9683cea41b80d011a93223a831bccc5c41a70a7eb8da45a07006	NA	Stem_progenitor	NA	NA	NA	NA	NA	NA	NA	NA	NA	NA	NA	NA	NA	NA	NA	ZFPM2	-1.39636577160629	4	1	-1.3832661131967	TRUE
LODO	results_final/stage_6A_paired_FAP_gene_LODO_summary.tsv	f1b9fbaa1eeb9683cea41b80d011a93223a831bccc5c41a70a7eb8da45a07006	NA	Stem_progenitor	NA	NA	NA	NA	NA	NA	NA	NA	NA	NA	NA	NA	NA	NA	NA	COL4A2	-1.62549866436035	4	1	-1.705992854762	TRUE
LODO	results_final/stage_6A_paired_FAP_gene_LODO_summary.tsv	f1b9fbaa1eeb9683cea41b80d011a93223a831bccc5c41a70a7eb8da45a07006	NA	Stem_progenitor	NA	NA	NA	NA	NA	NA	NA	NA	NA	NA	NA	NA	NA	NA	NA	CPXM2	-2.13389462110763	4	1	-2.31084222061345	TRUE
LODO	results_final/stage_6A_paired_FAP_gene_LODO_summary.tsv	f1b9fbaa1eeb9683cea41b80d011a93223a831bccc5c41a70a7eb8da45a07006	NA	Stem_progenitor	NA	NA	NA	NA	NA	NA	NA	NA	NA	NA	NA	NA	NA	NA	NA	LRRFIP2	-0.668997491267064	4	1	-0.698392845820122	TRUE
LODO	results_final/stage_6A_paired_FAP_gene_LODO_summary.tsv	f1b9fbaa1eeb9683cea41b80d011a93223a831bccc5c41a70a7eb8da45a07006	NA	Stem_progenitor	NA	NA	NA	NA	NA	NA	NA	NA	NA	NA	NA	NA	NA	NA	NA	MAN1A1	-0.77499807972607	4	1	-0.792471712641129	TRUE
LODO	results_final/stage_6A_paired_FAP_gene_LODO_summary.tsv	f1b9fbaa1eeb9683cea41b80d011a93223a831bccc5c41a70a7eb8da45a07006	NA	Stem_progenitor	NA	NA	NA	NA	NA	NA	NA	NA	NA	NA	NA	NA	NA	NA	NA	MYO15B	0.754897336186775	4	1	0.754131818642275	TRUE
LODO	results_final/stage_6A_paired_FAP_gene_LODO_summary.tsv	f1b9fbaa1eeb9683cea41b80d011a93223a831bccc5c41a70a7eb8da45a07006	NA	Stem_progenitor	NA	NA	NA	NA	NA	NA	NA	NA	NA	NA	NA	NA	NA	NA	NA	THSD4-AS1	0.92836920461668	4	1	0.962248734108776	TRUE
LODO	results_final/stage_6A_paired_FAP_gene_LODO_summary.tsv	f1b9fbaa1eeb9683cea41b80d011a93223a831bccc5c41a70a7eb8da45a07006	NA	Stem_progenitor	NA	NA	NA	NA	NA	NA	NA	NA	NA	NA	NA	NA	NA	NA	NA	TRPM5	1.65208366888355	4	1	1.64438261571663	TRUE
LODO	results_final/stage_6A_paired_FAP_gene_LODO_summary.tsv	f1b9fbaa1eeb9683cea41b80d011a93223a831bccc5c41a70a7eb8da45a07006	NA	Stem_progenitor	NA	NA	NA	NA	NA	NA	NA	NA	NA	NA	NA	NA	NA	NA	NA	TSPAN17	0.988371515934515	4	1	1.01831300793131	TRUE
LODO	results_final/stage_6A_paired_FAP_gene_LODO_summary.tsv	f1b9fbaa1eeb9683cea41b80d011a93223a831bccc5c41a70a7eb8da45a07006	NA	Stem_progenitor	NA	NA	NA	NA	NA	NA	NA	NA	NA	NA	NA	NA	NA	NA	NA	VPS28	0.726252393564035	4	1	0.746816286743087	TRUE
LODO	results_final/stage_6A_paired_FAP_gene_LODO_summary.tsv	f1b9fbaa1eeb9683cea41b80d011a93223a831bccc5c41a70a7eb8da45a07006	NA	Stem_progenitor	NA	NA	NA	NA	NA	NA	NA	NA	NA	NA	NA	NA	NA	NA	NA	SLC19A3	-0.90138377563802	4	1	-0.868869236766799	TRUE
LODO	results_final/stage_6A_paired_FAP_gene_LODO_summary.tsv	f1b9fbaa1eeb9683cea41b80d011a93223a831bccc5c41a70a7eb8da45a07006	NA	Stem_progenitor	NA	NA	NA	NA	NA	NA	NA	NA	NA	NA	NA	NA	NA	NA	NA	KCNG3	-1.27156886221345	4	1	-1.27458955080361	TRUE
LODO	results_final/stage_6A_paired_FAP_gene_LODO_summary.tsv	f1b9fbaa1eeb9683cea41b80d011a93223a831bccc5c41a70a7eb8da45a07006	NA	Stem_progenitor	NA	NA	NA	NA	NA	NA	NA	NA	NA	NA	NA	NA	NA	NA	NA	LINC00535	-1.5658957737141	4	1	-1.54398185270035	TRUE
LODO	results_final/stage_6A_paired_FAP_gene_LODO_summary.tsv	f1b9fbaa1eeb9683cea41b80d011a93223a831bccc5c41a70a7eb8da45a07006	NA	Stem_progenitor	NA	NA	NA	NA	NA	NA	NA	NA	NA	NA	NA	NA	NA	NA	NA	CDK9	0.917890957913905	4	1	0.891324901844488	TRUE
LODO	results_final/stage_6A_paired_FAP_gene_LODO_summary.tsv	f1b9fbaa1eeb9683cea41b80d011a93223a831bccc5c41a70a7eb8da45a07006	NA	Stem_progenitor	NA	NA	NA	NA	NA	NA	NA	NA	NA	NA	NA	NA	NA	NA	NA	AC009975.1	1.12169325604163	4	1	1.15497140848003	TRUE
LODO	results_final/stage_6A_paired_FAP_gene_LODO_summary.tsv	f1b9fbaa1eeb9683cea41b80d011a93223a831bccc5c41a70a7eb8da45a07006	NA	Stem_progenitor	NA	NA	NA	NA	NA	NA	NA	NA	NA	NA	NA	NA	NA	NA	NA	GRIK2	-1.28230314029334	4	1	-1.22948138313407	TRUE
LODO	results_final/stage_6A_paired_FAP_gene_LODO_summary.tsv	f1b9fbaa1eeb9683cea41b80d011a93223a831bccc5c41a70a7eb8da45a07006	NA	Stem_progenitor	NA	NA	NA	NA	NA	NA	NA	NA	NA	NA	NA	NA	NA	NA	NA	PCSK5	-1.51228500872787	4	1	-1.59413339907108	TRUE
LODO	results_final/stage_6A_paired_FAP_gene_LODO_summary.tsv	f1b9fbaa1eeb9683cea41b80d011a93223a831bccc5c41a70a7eb8da45a07006	NA	Stem_progenitor	NA	NA	NA	NA	NA	NA	NA	NA	NA	NA	NA	NA	NA	NA	NA	RPL3	0.830797611779969	4	1	0.792647141478219	TRUE
LODO	results_final/stage_6A_paired_FAP_gene_LODO_summary.tsv	f1b9fbaa1eeb9683cea41b80d011a93223a831bccc5c41a70a7eb8da45a07006	NA	Stem_progenitor	NA	NA	NA	NA	NA	NA	NA	NA	NA	NA	NA	NA	NA	NA	NA	TMEM9	0.977733716031027	4	1	0.952611085799304	TRUE
LODO	results_final/stage_6A_paired_FAP_gene_LODO_summary.tsv	f1b9fbaa1eeb9683cea41b80d011a93223a831bccc5c41a70a7eb8da45a07006	NA	Stem_progenitor	NA	NA	NA	NA	NA	NA	NA	NA	NA	NA	NA	NA	NA	NA	NA	AC068724.3	1.05665289426292	4	1	1.13038626451857	TRUE
LODO	results_final/stage_6A_paired_FAP_gene_LODO_summary.tsv	f1b9fbaa1eeb9683cea41b80d011a93223a831bccc5c41a70a7eb8da45a07006	NA	Stem_progenitor	NA	NA	NA	NA	NA	NA	NA	NA	NA	NA	NA	NA	NA	NA	NA	AES	0.570450952177619	4	1	0.573988026241894	TRUE
LODO	results_final/stage_6A_paired_FAP_gene_LODO_summary.tsv	f1b9fbaa1eeb9683cea41b80d011a93223a831bccc5c41a70a7eb8da45a07006	NA	Stem_progenitor	NA	NA	NA	NA	NA	NA	NA	NA	NA	NA	NA	NA	NA	NA	NA	AJM1	1.01946589209391	4	1	0.975988711521148	TRUE
LODO	results_final/stage_6A_paired_FAP_gene_LODO_summary.tsv	f1b9fbaa1eeb9683cea41b80d011a93223a831bccc5c41a70a7eb8da45a07006	NA	Stem_progenitor	NA	NA	NA	NA	NA	NA	NA	NA	NA	NA	NA	NA	NA	NA	NA	C19orf24	1.0073540089436	4	1	1.0183635871018	TRUE
LODO	results_final/stage_6A_paired_FAP_gene_LODO_summary.tsv	f1b9fbaa1eeb9683cea41b80d011a93223a831bccc5c41a70a7eb8da45a07006	NA	Stem_progenitor	NA	NA	NA	NA	NA	NA	NA	NA	NA	NA	NA	NA	NA	NA	NA	CAMK2D	-0.593285072752673	4	1	-0.611470011904769	TRUE
LODO	results_final/stage_6A_paired_FAP_gene_LODO_summary.tsv	f1b9fbaa1eeb9683cea41b80d011a93223a831bccc5c41a70a7eb8da45a07006	NA	Stem_progenitor	NA	NA	NA	NA	NA	NA	NA	NA	NA	NA	NA	NA	NA	NA	NA	CDKL2	-0.93193099653627	4	1	-0.9312333973035	TRUE
LODO	results_final/stage_6A_paired_FAP_gene_LODO_summary.tsv	f1b9fbaa1eeb9683cea41b80d011a93223a831bccc5c41a70a7eb8da45a07006	NA	Stem_progenitor	NA	NA	NA	NA	NA	NA	NA	NA	NA	NA	NA	NA	NA	NA	NA	DHX34	0.681724187129668	4	1	0.697764061411155	TRUE
LODO	results_final/stage_6A_paired_FAP_gene_LODO_summary.tsv	f1b9fbaa1eeb9683cea41b80d011a93223a831bccc5c41a70a7eb8da45a07006	NA	Stem_progenitor	NA	NA	NA	NA	NA	NA	NA	NA	NA	NA	NA	NA	NA	NA	NA	DLG1	-0.470917743300236	4	1	-0.462975564368794	TRUE
LODO	results_final/stage_6A_paired_FAP_gene_LODO_summary.tsv	f1b9fbaa1eeb9683cea41b80d011a93223a831bccc5c41a70a7eb8da45a07006	NA	Stem_progenitor	NA	NA	NA	NA	NA	NA	NA	NA	NA	NA	NA	NA	NA	NA	NA	HENMT1	1.34959436434396	4	1	1.29988115555183	TRUE
LODO	results_final/stage_6A_paired_FAP_gene_LODO_summary.tsv	f1b9fbaa1eeb9683cea41b80d011a93223a831bccc5c41a70a7eb8da45a07006	NA	Stem_progenitor	NA	NA	NA	NA	NA	NA	NA	NA	NA	NA	NA	NA	NA	NA	NA	KCTD1	-1.19384676543211	4	1	-1.28158844489054	TRUE
LODO	results_final/stage_6A_paired_FAP_gene_LODO_summary.tsv	f1b9fbaa1eeb9683cea41b80d011a93223a831bccc5c41a70a7eb8da45a07006	NA	Stem_progenitor	NA	NA	NA	NA	NA	NA	NA	NA	NA	NA	NA	NA	NA	NA	NA	LRP12	-0.969335420861785	4	1	-0.99485494509897	TRUE
LODO	results_final/stage_6A_paired_FAP_gene_LODO_summary.tsv	f1b9fbaa1eeb9683cea41b80d011a93223a831bccc5c41a70a7eb8da45a07006	NA	Stem_progenitor	NA	NA	NA	NA	NA	NA	NA	NA	NA	NA	NA	NA	NA	NA	NA	MBNL1	-0.554675298973974	4	1	-0.559978597138059	TRUE
LODO	results_final/stage_6A_paired_FAP_gene_LODO_summary.tsv	f1b9fbaa1eeb9683cea41b80d011a93223a831bccc5c41a70a7eb8da45a07006	NA	Stem_progenitor	NA	NA	NA	NA	NA	NA	NA	NA	NA	NA	NA	NA	NA	NA	NA	MGLL	0.549204145245659	4	1	0.557350559062691	TRUE
LODO	results_final/stage_6A_paired_FAP_gene_LODO_summary.tsv	f1b9fbaa1eeb9683cea41b80d011a93223a831bccc5c41a70a7eb8da45a07006	NA	Stem_progenitor	NA	NA	NA	NA	NA	NA	NA	NA	NA	NA	NA	NA	NA	NA	NA	MLLT6	0.526653555782943	4	1	0.526644577102901	TRUE
LODO	results_final/stage_6A_paired_FAP_gene_LODO_summary.tsv	f1b9fbaa1eeb9683cea41b80d011a93223a831bccc5c41a70a7eb8da45a07006	NA	Stem_progenitor	NA	NA	NA	NA	NA	NA	NA	NA	NA	NA	NA	NA	NA	NA	NA	NPM2	1.89032878360469	3	1	1.69376534720873	TRUE
LODO	results_final/stage_6A_paired_FAP_gene_LODO_summary.tsv	f1b9fbaa1eeb9683cea41b80d011a93223a831bccc5c41a70a7eb8da45a07006	NA	Stem_progenitor	NA	NA	NA	NA	NA	NA	NA	NA	NA	NA	NA	NA	NA	NA	NA	PABPC1L	0.759025953615106	4	1	0.753509105752677	TRUE
LODO	results_final/stage_6A_paired_FAP_gene_LODO_summary.tsv	f1b9fbaa1eeb9683cea41b80d011a93223a831bccc5c41a70a7eb8da45a07006	NA	Stem_progenitor	NA	NA	NA	NA	NA	NA	NA	NA	NA	NA	NA	NA	NA	NA	NA	PLAGL1	-0.772289937460827	4	1	-0.776807705780932	TRUE
LODO	results_final/stage_6A_paired_FAP_gene_LODO_summary.tsv	f1b9fbaa1eeb9683cea41b80d011a93223a831bccc5c41a70a7eb8da45a07006	NA	Stem_progenitor	NA	NA	NA	NA	NA	NA	NA	NA	NA	NA	NA	NA	NA	NA	NA	PLEKHS1	1.06057630196102	4	1	1.01601954727658	TRUE
LODO	results_final/stage_6A_paired_FAP_gene_LODO_summary.tsv	f1b9fbaa1eeb9683cea41b80d011a93223a831bccc5c41a70a7eb8da45a07006	NA	Stem_progenitor	NA	NA	NA	NA	NA	NA	NA	NA	NA	NA	NA	NA	NA	NA	NA	PPP1CB	-0.615235503119354	4	1	-0.617304335216508	TRUE
LODO	results_final/stage_6A_paired_FAP_gene_LODO_summary.tsv	f1b9fbaa1eeb9683cea41b80d011a93223a831bccc5c41a70a7eb8da45a07006	NA	Stem_progenitor	NA	NA	NA	NA	NA	NA	NA	NA	NA	NA	NA	NA	NA	NA	NA	PTEN	-0.638254504199733	4	1	-0.650434645330199	TRUE
LODO	results_final/stage_6A_paired_FAP_gene_LODO_summary.tsv	f1b9fbaa1eeb9683cea41b80d011a93223a831bccc5c41a70a7eb8da45a07006	NA	Stem_progenitor	NA	NA	NA	NA	NA	NA	NA	NA	NA	NA	NA	NA	NA	NA	NA	RCHY1	-0.783425070407953	4	1	-0.751550533775589	TRUE
LODO	results_final/stage_6A_paired_FAP_gene_LODO_summary.tsv	f1b9fbaa1eeb9683cea41b80d011a93223a831bccc5c41a70a7eb8da45a07006	NA	Stem_progenitor	NA	NA	NA	NA	NA	NA	NA	NA	NA	NA	NA	NA	NA	NA	NA	RHPN1	1.72131679228095	4	1	1.79631245323174	TRUE
LODO	results_final/stage_6A_paired_FAP_gene_LODO_summary.tsv	f1b9fbaa1eeb9683cea41b80d011a93223a831bccc5c41a70a7eb8da45a07006	NA	Stem_progenitor	NA	NA	NA	NA	NA	NA	NA	NA	NA	NA	NA	NA	NA	NA	NA	SGK3	-0.694899191539011	4	1	-0.74564179299593	TRUE
LODO	results_final/stage_6A_paired_FAP_gene_LODO_summary.tsv	f1b9fbaa1eeb9683cea41b80d011a93223a831bccc5c41a70a7eb8da45a07006	NA	Stem_progenitor	NA	NA	NA	NA	NA	NA	NA	NA	NA	NA	NA	NA	NA	NA	NA	SLC16A2	1.50817486952469	4	1	1.47121646612814	TRUE
LODO	results_final/stage_6A_paired_FAP_gene_LODO_summary.tsv	f1b9fbaa1eeb9683cea41b80d011a93223a831bccc5c41a70a7eb8da45a07006	NA	Stem_progenitor	NA	NA	NA	NA	NA	NA	NA	NA	NA	NA	NA	NA	NA	NA	NA	UNC5CL	1.25210138525748	4	1	1.18941160242805	TRUE
LODO	results_final/stage_6A_paired_FAP_gene_LODO_summary.tsv	f1b9fbaa1eeb9683cea41b80d011a93223a831bccc5c41a70a7eb8da45a07006	NA	Stem_progenitor	NA	NA	NA	NA	NA	NA	NA	NA	NA	NA	NA	NA	NA	NA	NA	ZNF532	1.04648186062309	4	1	1.03446408041395	TRUE
LODO	results_final/stage_6A_paired_FAP_gene_LODO_summary.tsv	f1b9fbaa1eeb9683cea41b80d011a93223a831bccc5c41a70a7eb8da45a07006	NA	Stem_progenitor	NA	NA	NA	NA	NA	NA	NA	NA	NA	NA	NA	NA	NA	NA	NA	ZNHIT1	0.885743272179949	4	1	0.898876588455029	TRUE
LODO	results_final/stage_6A_paired_FAP_gene_LODO_summary.tsv	f1b9fbaa1eeb9683cea41b80d011a93223a831bccc5c41a70a7eb8da45a07006	NA	Stem_progenitor	NA	NA	NA	NA	NA	NA	NA	NA	NA	NA	NA	NA	NA	NA	NA	AC123912.4	-1.18348971250424	4	1	-1.18184340792991	TRUE
LODO	results_final/stage_6A_paired_FAP_gene_LODO_summary.tsv	f1b9fbaa1eeb9683cea41b80d011a93223a831bccc5c41a70a7eb8da45a07006	NA	Stem_progenitor	NA	NA	NA	NA	NA	NA	NA	NA	NA	NA	NA	NA	NA	NA	NA	MITF	-1.15457107213692	4	1	-1.09910997224693	TRUE
LODO	results_final/stage_6A_paired_FAP_gene_LODO_summary.tsv	f1b9fbaa1eeb9683cea41b80d011a93223a831bccc5c41a70a7eb8da45a07006	NA	Stem_progenitor	NA	NA	NA	NA	NA	NA	NA	NA	NA	NA	NA	NA	NA	NA	NA	KCNK6	0.87247934911077	4	1	0.894554534448968	TRUE
LODO	results_final/stage_6A_paired_FAP_gene_LODO_summary.tsv	f1b9fbaa1eeb9683cea41b80d011a93223a831bccc5c41a70a7eb8da45a07006	NA	Stem_progenitor	NA	NA	NA	NA	NA	NA	NA	NA	NA	NA	NA	NA	NA	NA	NA	PDLIM1	-0.634191694071683	4	1	-0.624203489012574	TRUE
LODO	results_final/stage_6A_paired_FAP_gene_LODO_summary.tsv	f1b9fbaa1eeb9683cea41b80d011a93223a831bccc5c41a70a7eb8da45a07006	NA	Stem_progenitor	NA	NA	NA	NA	NA	NA	NA	NA	NA	NA	NA	NA	NA	NA	NA	ZBTB7C	-0.716176581430221	4	1	-0.767140689268841	TRUE
LODO	results_final/stage_6A_paired_FAP_gene_LODO_summary.tsv	f1b9fbaa1eeb9683cea41b80d011a93223a831bccc5c41a70a7eb8da45a07006	NA	Stem_progenitor	NA	NA	NA	NA	NA	NA	NA	NA	NA	NA	NA	NA	NA	NA	NA	DMD	-0.663071774519037	4	1	-0.692454967985273	TRUE
LODO	results_final/stage_6A_paired_FAP_gene_LODO_summary.tsv	f1b9fbaa1eeb9683cea41b80d011a93223a831bccc5c41a70a7eb8da45a07006	NA	Stem_progenitor	NA	NA	NA	NA	NA	NA	NA	NA	NA	NA	NA	NA	NA	NA	NA	KIF7	1.01427841979466	4	1	1.00604213416949	TRUE
LODO	results_final/stage_6A_paired_FAP_gene_LODO_summary.tsv	f1b9fbaa1eeb9683cea41b80d011a93223a831bccc5c41a70a7eb8da45a07006	NA	Stem_progenitor	NA	NA	NA	NA	NA	NA	NA	NA	NA	NA	NA	NA	NA	NA	NA	EEF1B2	0.774517474910549	4	1	0.739830581361884	TRUE
LODO	results_final/stage_6A_paired_FAP_gene_LODO_summary.tsv	f1b9fbaa1eeb9683cea41b80d011a93223a831bccc5c41a70a7eb8da45a07006	NA	Stem_progenitor	NA	NA	NA	NA	NA	NA	NA	NA	NA	NA	NA	NA	NA	NA	NA	GAS6-AS1	2.01789028591471	4	1	2.1178411235113	TRUE
LODO	results_final/stage_6A_paired_FAP_gene_LODO_summary.tsv	f1b9fbaa1eeb9683cea41b80d011a93223a831bccc5c41a70a7eb8da45a07006	NA	Stem_progenitor	NA	NA	NA	NA	NA	NA	NA	NA	NA	NA	NA	NA	NA	NA	NA	ZNF704	-0.599237680349901	4	1	-0.593085683370647	TRUE
LODO	results_final/stage_6A_paired_FAP_gene_LODO_summary.tsv	f1b9fbaa1eeb9683cea41b80d011a93223a831bccc5c41a70a7eb8da45a07006	NA	Stem_progenitor	NA	NA	NA	NA	NA	NA	NA	NA	NA	NA	NA	NA	NA	NA	NA	AC113383.1	-2.9384922245606	4	1	-2.97454487331953	TRUE
LODO	results_final/stage_6A_paired_FAP_gene_LODO_summary.tsv	f1b9fbaa1eeb9683cea41b80d011a93223a831bccc5c41a70a7eb8da45a07006	NA	Stem_progenitor	NA	NA	NA	NA	NA	NA	NA	NA	NA	NA	NA	NA	NA	NA	NA	CWH43	-1.23779245041039	4	1	-1.24189427250839	TRUE
LODO	results_final/stage_6A_paired_FAP_gene_LODO_summary.tsv	f1b9fbaa1eeb9683cea41b80d011a93223a831bccc5c41a70a7eb8da45a07006	NA	Stem_progenitor	NA	NA	NA	NA	NA	NA	NA	NA	NA	NA	NA	NA	NA	NA	NA	WDR7	-0.600681245379105	4	1	-0.596928576270486	TRUE
LODO	results_final/stage_6A_paired_FAP_gene_LODO_summary.tsv	f1b9fbaa1eeb9683cea41b80d011a93223a831bccc5c41a70a7eb8da45a07006	NA	Stem_progenitor	NA	NA	NA	NA	NA	NA	NA	NA	NA	NA	NA	NA	NA	NA	NA	TTYH3	0.87402012782302	4	1	0.879690920665055	TRUE
LODO	results_final/stage_6A_paired_FAP_gene_LODO_summary.tsv	f1b9fbaa1eeb9683cea41b80d011a93223a831bccc5c41a70a7eb8da45a07006	NA	Stem_progenitor	NA	NA	NA	NA	NA	NA	NA	NA	NA	NA	NA	NA	NA	NA	NA	COL16A1	1.22393220552463	4	1	1.18603061563893	TRUE
LODO	results_final/stage_6A_paired_FAP_gene_LODO_summary.tsv	f1b9fbaa1eeb9683cea41b80d011a93223a831bccc5c41a70a7eb8da45a07006	NA	Stem_progenitor	NA	NA	NA	NA	NA	NA	NA	NA	NA	NA	NA	NA	NA	NA	NA	ENTPD2	0.911871748760162	4	1	0.905916253032464	TRUE
LODO	results_final/stage_6A_paired_FAP_gene_LODO_summary.tsv	f1b9fbaa1eeb9683cea41b80d011a93223a831bccc5c41a70a7eb8da45a07006	NA	Stem_progenitor	NA	NA	NA	NA	NA	NA	NA	NA	NA	NA	NA	NA	NA	NA	NA	FAM160B2	0.775109928118846	4	1	0.788453541483384	TRUE
LODO	results_final/stage_6A_paired_FAP_gene_LODO_summary.tsv	f1b9fbaa1eeb9683cea41b80d011a93223a831bccc5c41a70a7eb8da45a07006	NA	Stem_progenitor	NA	NA	NA	NA	NA	NA	NA	NA	NA	NA	NA	NA	NA	NA	NA	RAC1	0.701827588083367	4	1	0.717788977410452	TRUE
LODO	results_final/stage_6A_paired_FAP_gene_LODO_summary.tsv	f1b9fbaa1eeb9683cea41b80d011a93223a831bccc5c41a70a7eb8da45a07006	NA	Stem_progenitor	NA	NA	NA	NA	NA	NA	NA	NA	NA	NA	NA	NA	NA	NA	NA	CD320	0.971452744851756	4	1	0.982112524423496	TRUE
LODO	results_final/stage_6A_paired_FAP_gene_LODO_summary.tsv	f1b9fbaa1eeb9683cea41b80d011a93223a831bccc5c41a70a7eb8da45a07006	NA	Stem_progenitor	NA	NA	NA	NA	NA	NA	NA	NA	NA	NA	NA	NA	NA	NA	NA	HOXB7	0.744194046793984	4	1	0.67507166873129	TRUE
LODO	results_final/stage_6A_paired_FAP_gene_LODO_summary.tsv	f1b9fbaa1eeb9683cea41b80d011a93223a831bccc5c41a70a7eb8da45a07006	NA	Stem_progenitor	NA	NA	NA	NA	NA	NA	NA	NA	NA	NA	NA	NA	NA	NA	NA	ABLIM2	0.599990947897969	4	1	0.592671861499193	TRUE
LODO	results_final/stage_6A_paired_FAP_gene_LODO_summary.tsv	f1b9fbaa1eeb9683cea41b80d011a93223a831bccc5c41a70a7eb8da45a07006	NA	Stem_progenitor	NA	NA	NA	NA	NA	NA	NA	NA	NA	NA	NA	NA	NA	NA	NA	TIMM13	1.10423396335335	4	1	1.15907675725005	TRUE
LODO	results_final/stage_6A_paired_FAP_gene_LODO_summary.tsv	f1b9fbaa1eeb9683cea41b80d011a93223a831bccc5c41a70a7eb8da45a07006	NA	Stem_progenitor	NA	NA	NA	NA	NA	NA	NA	NA	NA	NA	NA	NA	NA	NA	NA	ZMIZ2	0.84216923304604	4	1	0.877754290948859	TRUE
LODO	results_final/stage_6A_paired_FAP_gene_LODO_summary.tsv	f1b9fbaa1eeb9683cea41b80d011a93223a831bccc5c41a70a7eb8da45a07006	NA	Stem_progenitor	NA	NA	NA	NA	NA	NA	NA	NA	NA	NA	NA	NA	NA	NA	NA	SLC35F1	1.04824750346783	4	1	1.07737900816021	TRUE
LODO	results_final/stage_6A_paired_FAP_gene_LODO_summary.tsv	f1b9fbaa1eeb9683cea41b80d011a93223a831bccc5c41a70a7eb8da45a07006	NA	Stem_progenitor	NA	NA	NA	NA	NA	NA	NA	NA	NA	NA	NA	NA	NA	NA	NA	SLC25A21	-0.820534158239252	4	1	-0.840684205446129	TRUE
LODO	results_final/stage_6A_paired_FAP_gene_LODO_summary.tsv	f1b9fbaa1eeb9683cea41b80d011a93223a831bccc5c41a70a7eb8da45a07006	NA	Stem_progenitor	NA	NA	NA	NA	NA	NA	NA	NA	NA	NA	NA	NA	NA	NA	NA	TUFM	0.782316364556077	4	1	0.816894622306455	TRUE
LODO	results_final/stage_6A_paired_FAP_gene_LODO_summary.tsv	f1b9fbaa1eeb9683cea41b80d011a93223a831bccc5c41a70a7eb8da45a07006	NA	Stem_progenitor	NA	NA	NA	NA	NA	NA	NA	NA	NA	NA	NA	NA	NA	NA	NA	TAB2	-0.587684722941781	4	1	-0.595689620894497	TRUE
LODO	results_final/stage_6A_paired_FAP_gene_LODO_summary.tsv	f1b9fbaa1eeb9683cea41b80d011a93223a831bccc5c41a70a7eb8da45a07006	NA	Stem_progenitor	NA	NA	NA	NA	NA	NA	NA	NA	NA	NA	NA	NA	NA	NA	NA	ABI3BP	-1.51810050873759	4	1	-1.5146742184607	TRUE
LODO	results_final/stage_6A_paired_FAP_gene_LODO_summary.tsv	f1b9fbaa1eeb9683cea41b80d011a93223a831bccc5c41a70a7eb8da45a07006	NA	Stem_progenitor	NA	NA	NA	NA	NA	NA	NA	NA	NA	NA	NA	NA	NA	NA	NA	AL445433.2	1.13347819633025	4	1	1.13065758120141	TRUE
LODO	results_final/stage_6A_paired_FAP_gene_LODO_summary.tsv	f1b9fbaa1eeb9683cea41b80d011a93223a831bccc5c41a70a7eb8da45a07006	NA	Stem_progenitor	NA	NA	NA	NA	NA	NA	NA	NA	NA	NA	NA	NA	NA	NA	NA	IQGAP2	-0.519695966294691	4	1	-0.523839045639399	TRUE
LODO	results_final/stage_6A_paired_FAP_gene_LODO_summary.tsv	f1b9fbaa1eeb9683cea41b80d011a93223a831bccc5c41a70a7eb8da45a07006	NA	Stem_progenitor	NA	NA	NA	NA	NA	NA	NA	NA	NA	NA	NA	NA	NA	NA	NA	KIAA0319	0.934972199865921	4	1	0.930204293050628	TRUE
LODO	results_final/stage_6A_paired_FAP_gene_LODO_summary.tsv	f1b9fbaa1eeb9683cea41b80d011a93223a831bccc5c41a70a7eb8da45a07006	NA	Stem_progenitor	NA	NA	NA	NA	NA	NA	NA	NA	NA	NA	NA	NA	NA	NA	NA	YTHDF3	-0.55033809549914	4	1	-0.551317458806503	TRUE
LODO	results_final/stage_6A_paired_FAP_gene_LODO_summary.tsv	f1b9fbaa1eeb9683cea41b80d011a93223a831bccc5c41a70a7eb8da45a07006	NA	Stem_progenitor	NA	NA	NA	NA	NA	NA	NA	NA	NA	NA	NA	NA	NA	NA	NA	FP671120.1	0.863095898927588	4	1	0.807498373527543	TRUE
LODO	results_final/stage_6A_paired_FAP_gene_LODO_summary.tsv	f1b9fbaa1eeb9683cea41b80d011a93223a831bccc5c41a70a7eb8da45a07006	NA	Stem_progenitor	NA	NA	NA	NA	NA	NA	NA	NA	NA	NA	NA	NA	NA	NA	NA	GBF1	-0.476797423978426	4	1	-0.497049323975592	TRUE
LODO	results_final/stage_6A_paired_FAP_gene_LODO_summary.tsv	f1b9fbaa1eeb9683cea41b80d011a93223a831bccc5c41a70a7eb8da45a07006	NA	Stem_progenitor	NA	NA	NA	NA	NA	NA	NA	NA	NA	NA	NA	NA	NA	NA	NA	LAMP1	0.777719885942935	4	1	0.802837739071546	TRUE
LODO	results_final/stage_6A_paired_FAP_gene_LODO_summary.tsv	f1b9fbaa1eeb9683cea41b80d011a93223a831bccc5c41a70a7eb8da45a07006	NA	Stem_progenitor	NA	NA	NA	NA	NA	NA	NA	NA	NA	NA	NA	NA	NA	NA	NA	NFKB1	-0.575743761004242	4	1	-0.593261159090633	TRUE
LODO	results_final/stage_6A_paired_FAP_gene_LODO_summary.tsv	f1b9fbaa1eeb9683cea41b80d011a93223a831bccc5c41a70a7eb8da45a07006	NA	Stem_progenitor	NA	NA	NA	NA	NA	NA	NA	NA	NA	NA	NA	NA	NA	NA	NA	TCF7	0.892004979170237	4	1	0.903519968218574	TRUE
LODO	results_final/stage_6A_paired_FAP_gene_LODO_summary.tsv	f1b9fbaa1eeb9683cea41b80d011a93223a831bccc5c41a70a7eb8da45a07006	NA	Stem_progenitor	NA	NA	NA	NA	NA	NA	NA	NA	NA	NA	NA	NA	NA	NA	NA	UAP1L1	1.22664666285692	4	1	1.26954282968645	TRUE
LODO	results_final/stage_6A_paired_FAP_gene_LODO_summary.tsv	f1b9fbaa1eeb9683cea41b80d011a93223a831bccc5c41a70a7eb8da45a07006	NA	Stem_progenitor	NA	NA	NA	NA	NA	NA	NA	NA	NA	NA	NA	NA	NA	NA	NA	ACADVL	0.695706329296968	4	1	0.739435858384976	TRUE
LODO	results_final/stage_6A_paired_FAP_gene_LODO_summary.tsv	f1b9fbaa1eeb9683cea41b80d011a93223a831bccc5c41a70a7eb8da45a07006	NA	Stem_progenitor	NA	NA	NA	NA	NA	NA	NA	NA	NA	NA	NA	NA	NA	NA	NA	GADD45GIP1	1.07800252242681	4	1	1.06248829613648	TRUE
LODO	results_final/stage_6A_paired_FAP_gene_LODO_summary.tsv	f1b9fbaa1eeb9683cea41b80d011a93223a831bccc5c41a70a7eb8da45a07006	NA	Stem_progenitor	NA	NA	NA	NA	NA	NA	NA	NA	NA	NA	NA	NA	NA	NA	NA	GSDMD	0.725977413128902	4	1	0.757668504840733	TRUE
LODO	results_final/stage_6A_paired_FAP_gene_LODO_summary.tsv	f1b9fbaa1eeb9683cea41b80d011a93223a831bccc5c41a70a7eb8da45a07006	NA	Stem_progenitor	NA	NA	NA	NA	NA	NA	NA	NA	NA	NA	NA	NA	NA	NA	NA	IMPDH2	1.14657247124777	4	1	1.10802198452382	TRUE
LODO	results_final/stage_6A_paired_FAP_gene_LODO_summary.tsv	f1b9fbaa1eeb9683cea41b80d011a93223a831bccc5c41a70a7eb8da45a07006	NA	Stem_progenitor	NA	NA	NA	NA	NA	NA	NA	NA	NA	NA	NA	NA	NA	NA	NA	PLEKHA4	1.49118496485345	4	1	1.51101074083216	TRUE
LODO	results_final/stage_6A_paired_FAP_gene_LODO_summary.tsv	f1b9fbaa1eeb9683cea41b80d011a93223a831bccc5c41a70a7eb8da45a07006	NA	Stem_progenitor	NA	NA	NA	NA	NA	NA	NA	NA	NA	NA	NA	NA	NA	NA	NA	ACVR2A	-0.619866817352086	4	1	-0.618491087071329	TRUE
LODO	results_final/stage_6A_paired_FAP_gene_LODO_summary.tsv	f1b9fbaa1eeb9683cea41b80d011a93223a831bccc5c41a70a7eb8da45a07006	NA	Stem_progenitor	NA	NA	NA	NA	NA	NA	NA	NA	NA	NA	NA	NA	NA	NA	NA	ARMC8	-0.616724544300066	4	1	-0.630929866211956	TRUE
LODO	results_final/stage_6A_paired_FAP_gene_LODO_summary.tsv	f1b9fbaa1eeb9683cea41b80d011a93223a831bccc5c41a70a7eb8da45a07006	NA	Stem_progenitor	NA	NA	NA	NA	NA	NA	NA	NA	NA	NA	NA	NA	NA	NA	NA	BICDL1	0.808908024327996	4	1	0.7944780174603	TRUE
LODO	results_final/stage_6A_paired_FAP_gene_LODO_summary.tsv	f1b9fbaa1eeb9683cea41b80d011a93223a831bccc5c41a70a7eb8da45a07006	NA	Stem_progenitor	NA	NA	NA	NA	NA	NA	NA	NA	NA	NA	NA	NA	NA	NA	NA	BST1	-1.35420472868324	4	1	-1.37653184275953	TRUE
LODO	results_final/stage_6A_paired_FAP_gene_LODO_summary.tsv	f1b9fbaa1eeb9683cea41b80d011a93223a831bccc5c41a70a7eb8da45a07006	NA	Stem_progenitor	NA	NA	NA	NA	NA	NA	NA	NA	NA	NA	NA	NA	NA	NA	NA	CYP3A5	1.1219542847001	4	1	1.16211709462882	TRUE
LODO	results_final/stage_6A_paired_FAP_gene_LODO_summary.tsv	f1b9fbaa1eeb9683cea41b80d011a93223a831bccc5c41a70a7eb8da45a07006	NA	Stem_progenitor	NA	NA	NA	NA	NA	NA	NA	NA	NA	NA	NA	NA	NA	NA	NA	EEF1A1	0.496418913333453	4	1	0.502685341608255	TRUE
LODO	results_final/stage_6A_paired_FAP_gene_LODO_summary.tsv	f1b9fbaa1eeb9683cea41b80d011a93223a831bccc5c41a70a7eb8da45a07006	NA	Stem_progenitor	NA	NA	NA	NA	NA	NA	NA	NA	NA	NA	NA	NA	NA	NA	NA	LRRN2	-1.42966818622583	4	1	-1.53262601936778	TRUE
LODO	results_final/stage_6A_paired_FAP_gene_LODO_summary.tsv	f1b9fbaa1eeb9683cea41b80d011a93223a831bccc5c41a70a7eb8da45a07006	NA	Stem_progenitor	NA	NA	NA	NA	NA	NA	NA	NA	NA	NA	NA	NA	NA	NA	NA	MLF2	1.03622266700922	4	1	1.03914998983448	TRUE
LODO	results_final/stage_6A_paired_FAP_gene_LODO_summary.tsv	f1b9fbaa1eeb9683cea41b80d011a93223a831bccc5c41a70a7eb8da45a07006	NA	Stem_progenitor	NA	NA	NA	NA	NA	NA	NA	NA	NA	NA	NA	NA	NA	NA	NA	PPARGC1A	-0.66004448948495	4	1	-0.692173122797522	TRUE
LODO	results_final/stage_6A_paired_FAP_gene_LODO_summary.tsv	f1b9fbaa1eeb9683cea41b80d011a93223a831bccc5c41a70a7eb8da45a07006	NA	Stem_progenitor	NA	NA	NA	NA	NA	NA	NA	NA	NA	NA	NA	NA	NA	NA	NA	TBC1D17	0.748685616980985	4	1	0.777419423632314	TRUE
LODO	results_final/stage_6A_paired_FAP_gene_LODO_summary.tsv	f1b9fbaa1eeb9683cea41b80d011a93223a831bccc5c41a70a7eb8da45a07006	NA	Stem_progenitor	NA	NA	NA	NA	NA	NA	NA	NA	NA	NA	NA	NA	NA	NA	NA	UCHL5	-0.619621822240206	4	1	-0.636152459015261	TRUE
LODO	results_final/stage_6A_paired_FAP_gene_LODO_summary.tsv	f1b9fbaa1eeb9683cea41b80d011a93223a831bccc5c41a70a7eb8da45a07006	NA	Stem_progenitor	NA	NA	NA	NA	NA	NA	NA	NA	NA	NA	NA	NA	NA	NA	NA	WNK4	0.930877500719648	4	1	0.949616869973005	TRUE
LODO	results_final/stage_6A_paired_FAP_gene_LODO_summary.tsv	f1b9fbaa1eeb9683cea41b80d011a93223a831bccc5c41a70a7eb8da45a07006	NA	Stem_progenitor	NA	NA	NA	NA	NA	NA	NA	NA	NA	NA	NA	NA	NA	NA	NA	ZNF358	0.949472796508715	4	1	1.00770769940751	TRUE
LODO	results_final/stage_6A_paired_FAP_gene_LODO_summary.tsv	f1b9fbaa1eeb9683cea41b80d011a93223a831bccc5c41a70a7eb8da45a07006	NA	Stem_progenitor	NA	NA	NA	NA	NA	NA	NA	NA	NA	NA	NA	NA	NA	NA	NA	IGF1R	-0.742606695966744	4	1	-0.822577428791409	TRUE
LODO	results_final/stage_6A_paired_FAP_gene_LODO_summary.tsv	f1b9fbaa1eeb9683cea41b80d011a93223a831bccc5c41a70a7eb8da45a07006	NA	Stem_progenitor	NA	NA	NA	NA	NA	NA	NA	NA	NA	NA	NA	NA	NA	NA	NA	ABCC4	-0.617928910454277	4	1	-0.629120152108348	TRUE
LODO	results_final/stage_6A_paired_FAP_gene_LODO_summary.tsv	f1b9fbaa1eeb9683cea41b80d011a93223a831bccc5c41a70a7eb8da45a07006	NA	Stem_progenitor	NA	NA	NA	NA	NA	NA	NA	NA	NA	NA	NA	NA	NA	NA	NA	BCL2L11	-0.696227836501821	4	1	-0.685479595152134	TRUE
LODO	results_final/stage_6A_paired_FAP_gene_LODO_summary.tsv	f1b9fbaa1eeb9683cea41b80d011a93223a831bccc5c41a70a7eb8da45a07006	NA	Stem_progenitor	NA	NA	NA	NA	NA	NA	NA	NA	NA	NA	NA	NA	NA	NA	NA	MEF2C	-1.23602988931331	4	1	-1.26420753851155	TRUE
LODO	results_final/stage_6A_paired_FAP_gene_LODO_summary.tsv	f1b9fbaa1eeb9683cea41b80d011a93223a831bccc5c41a70a7eb8da45a07006	NA	Stem_progenitor	NA	NA	NA	NA	NA	NA	NA	NA	NA	NA	NA	NA	NA	NA	NA	MVB12B	-0.781662825202767	4	1	-0.854466610275237	TRUE
LODO	results_final/stage_6A_paired_FAP_gene_LODO_summary.tsv	f1b9fbaa1eeb9683cea41b80d011a93223a831bccc5c41a70a7eb8da45a07006	NA	Stem_progenitor	NA	NA	NA	NA	NA	NA	NA	NA	NA	NA	NA	NA	NA	NA	NA	STK25	0.784247222149887	4	1	0.84558128997021	TRUE
LODO	results_final/stage_6A_paired_FAP_gene_LODO_summary.tsv	f1b9fbaa1eeb9683cea41b80d011a93223a831bccc5c41a70a7eb8da45a07006	NA	Stem_progenitor	NA	NA	NA	NA	NA	NA	NA	NA	NA	NA	NA	NA	NA	NA	NA	FAM189A1	-0.880165280429736	4	1	-0.874943410767096	TRUE
LODO	results_final/stage_6A_paired_FAP_gene_LODO_summary.tsv	f1b9fbaa1eeb9683cea41b80d011a93223a831bccc5c41a70a7eb8da45a07006	NA	Stem_progenitor	NA	NA	NA	NA	NA	NA	NA	NA	NA	NA	NA	NA	NA	NA	NA	SLC40A1	1.1635815293605	4	1	1.11979418763053	TRUE
LODO	results_final/stage_6A_paired_FAP_gene_LODO_summary.tsv	f1b9fbaa1eeb9683cea41b80d011a93223a831bccc5c41a70a7eb8da45a07006	NA	Stem_progenitor	NA	NA	NA	NA	NA	NA	NA	NA	NA	NA	NA	NA	NA	NA	NA	KLF7	1.02037959627079	4	1	1.03413303882962	TRUE
LODO	results_final/stage_6A_paired_FAP_gene_LODO_summary.tsv	f1b9fbaa1eeb9683cea41b80d011a93223a831bccc5c41a70a7eb8da45a07006	NA	Stem_progenitor	NA	NA	NA	NA	NA	NA	NA	NA	NA	NA	NA	NA	NA	NA	NA	LRPPRC	-0.473356296061478	4	1	-0.48327365652441	TRUE
LODO	results_final/stage_6A_paired_FAP_gene_LODO_summary.tsv	f1b9fbaa1eeb9683cea41b80d011a93223a831bccc5c41a70a7eb8da45a07006	NA	Stem_progenitor	NA	NA	NA	NA	NA	NA	NA	NA	NA	NA	NA	NA	NA	NA	NA	RPL6	0.717883359135318	4	1	0.728479991351543	TRUE
LODO	results_final/stage_6A_paired_FAP_gene_LODO_summary.tsv	f1b9fbaa1eeb9683cea41b80d011a93223a831bccc5c41a70a7eb8da45a07006	NA	Stem_progenitor	NA	NA	NA	NA	NA	NA	NA	NA	NA	NA	NA	NA	NA	NA	NA	PIEZO1	0.796362515223732	4	1	0.783491739531397	TRUE
LODO	results_final/stage_6A_paired_FAP_gene_LODO_summary.tsv	f1b9fbaa1eeb9683cea41b80d011a93223a831bccc5c41a70a7eb8da45a07006	NA	Stem_progenitor	NA	NA	NA	NA	NA	NA	NA	NA	NA	NA	NA	NA	NA	NA	NA	COL17A1	0.917028200208358	4	1	0.906292785306537	TRUE
LODO	results_final/stage_6A_paired_FAP_gene_LODO_summary.tsv	f1b9fbaa1eeb9683cea41b80d011a93223a831bccc5c41a70a7eb8da45a07006	NA	Stem_progenitor	NA	NA	NA	NA	NA	NA	NA	NA	NA	NA	NA	NA	NA	NA	NA	TBC1D4	-0.477300254333165	4	1	-0.48668208101668	TRUE
LODO	results_final/stage_6A_paired_FAP_gene_LODO_summary.tsv	f1b9fbaa1eeb9683cea41b80d011a93223a831bccc5c41a70a7eb8da45a07006	NA	Stem_progenitor	NA	NA	NA	NA	NA	NA	NA	NA	NA	NA	NA	NA	NA	NA	NA	TSPOAP1	0.876402896515206	4	1	0.859671799966248	TRUE
LODO	results_final/stage_6A_paired_FAP_gene_LODO_summary.tsv	f1b9fbaa1eeb9683cea41b80d011a93223a831bccc5c41a70a7eb8da45a07006	NA	Stem_progenitor	NA	NA	NA	NA	NA	NA	NA	NA	NA	NA	NA	NA	NA	NA	NA	LRP1	0.746051271394718	4	1	0.781473799674127	TRUE
LODO	results_final/stage_6A_paired_FAP_gene_LODO_summary.tsv	f1b9fbaa1eeb9683cea41b80d011a93223a831bccc5c41a70a7eb8da45a07006	NA	Stem_progenitor	NA	NA	NA	NA	NA	NA	NA	NA	NA	NA	NA	NA	NA	NA	NA	TSPAN2	-1.48104366231887	3	1	-1.60138078445363	TRUE
LODO	results_final/stage_6A_paired_FAP_gene_LODO_summary.tsv	f1b9fbaa1eeb9683cea41b80d011a93223a831bccc5c41a70a7eb8da45a07006	NA	Stem_progenitor	NA	NA	NA	NA	NA	NA	NA	NA	NA	NA	NA	NA	NA	NA	NA	DRAM1	1.2982964059078	4	1	1.36235230383802	TRUE
LODO	results_final/stage_6A_paired_FAP_gene_LODO_summary.tsv	f1b9fbaa1eeb9683cea41b80d011a93223a831bccc5c41a70a7eb8da45a07006	NA	Stem_progenitor	NA	NA	NA	NA	NA	NA	NA	NA	NA	NA	NA	NA	NA	NA	NA	FAM69A	-0.494506924963615	4	1	-0.491995000014191	TRUE
LODO	results_final/stage_6A_paired_FAP_gene_LODO_summary.tsv	f1b9fbaa1eeb9683cea41b80d011a93223a831bccc5c41a70a7eb8da45a07006	NA	Stem_progenitor	NA	NA	NA	NA	NA	NA	NA	NA	NA	NA	NA	NA	NA	NA	NA	REP15	1.19472381440823	4	1	1.15234255386043	TRUE
LODO	results_final/stage_6A_paired_FAP_gene_LODO_summary.tsv	f1b9fbaa1eeb9683cea41b80d011a93223a831bccc5c41a70a7eb8da45a07006	NA	Stem_progenitor	NA	NA	NA	NA	NA	NA	NA	NA	NA	NA	NA	NA	NA	NA	NA	ACACB	-0.620338918087553	4	1	-0.625080050450393	TRUE
LODO	results_final/stage_6A_paired_FAP_gene_LODO_summary.tsv	f1b9fbaa1eeb9683cea41b80d011a93223a831bccc5c41a70a7eb8da45a07006	NA	Stem_progenitor	NA	NA	NA	NA	NA	NA	NA	NA	NA	NA	NA	NA	NA	NA	NA	DIO3OS	1.25775361259732	4	1	1.26657734995503	TRUE
LODO	results_final/stage_6A_paired_FAP_gene_LODO_summary.tsv	f1b9fbaa1eeb9683cea41b80d011a93223a831bccc5c41a70a7eb8da45a07006	NA	Stem_progenitor	NA	NA	NA	NA	NA	NA	NA	NA	NA	NA	NA	NA	NA	NA	NA	LINC01122	-1.59447800793505	4	1	-1.52812482114425	TRUE
LODO	results_final/stage_6A_paired_FAP_gene_LODO_summary.tsv	f1b9fbaa1eeb9683cea41b80d011a93223a831bccc5c41a70a7eb8da45a07006	NA	Stem_progenitor	NA	NA	NA	NA	NA	NA	NA	NA	NA	NA	NA	NA	NA	NA	NA	LSM7	0.676249779464125	4	1	0.669563145081183	TRUE
LODO	results_final/stage_6A_paired_FAP_gene_LODO_summary.tsv	f1b9fbaa1eeb9683cea41b80d011a93223a831bccc5c41a70a7eb8da45a07006	NA	Stem_progenitor	NA	NA	NA	NA	NA	NA	NA	NA	NA	NA	NA	NA	NA	NA	NA	PKP3	0.958794681288195	4	1	1.02055727503305	TRUE
LODO	results_final/stage_6A_paired_FAP_gene_LODO_summary.tsv	f1b9fbaa1eeb9683cea41b80d011a93223a831bccc5c41a70a7eb8da45a07006	NA	Stem_progenitor	NA	NA	NA	NA	NA	NA	NA	NA	NA	NA	NA	NA	NA	NA	NA	RNF213	0.697327649356104	4	1	0.74721426490108	TRUE
LODO	results_final/stage_6A_paired_FAP_gene_LODO_summary.tsv	f1b9fbaa1eeb9683cea41b80d011a93223a831bccc5c41a70a7eb8da45a07006	NA	Stem_progenitor	NA	NA	NA	NA	NA	NA	NA	NA	NA	NA	NA	NA	NA	NA	NA	VAV2	-0.867788694539321	4	1	-0.908120613749634	TRUE
LODO	results_final/stage_6A_paired_FAP_gene_LODO_summary.tsv	f1b9fbaa1eeb9683cea41b80d011a93223a831bccc5c41a70a7eb8da45a07006	NA	Stem_progenitor	NA	NA	NA	NA	NA	NA	NA	NA	NA	NA	NA	NA	NA	NA	NA	ZBTB20	-0.80811724779115	4	1	-0.854429463730075	TRUE
LODO	results_final/stage_6A_paired_FAP_gene_LODO_summary.tsv	f1b9fbaa1eeb9683cea41b80d011a93223a831bccc5c41a70a7eb8da45a07006	NA	Stem_progenitor	NA	NA	NA	NA	NA	NA	NA	NA	NA	NA	NA	NA	NA	NA	NA	MARCH1	-0.902988610871975	4	1	-0.921543780111083	TRUE
LODO	results_final/stage_6A_paired_FAP_gene_LODO_summary.tsv	f1b9fbaa1eeb9683cea41b80d011a93223a831bccc5c41a70a7eb8da45a07006	NA	Stem_progenitor	NA	NA	NA	NA	NA	NA	NA	NA	NA	NA	NA	NA	NA	NA	NA	NDUFV2	-0.719473803718077	4	1	-0.741615734599595	TRUE
LODO	results_final/stage_6A_paired_FAP_gene_LODO_summary.tsv	f1b9fbaa1eeb9683cea41b80d011a93223a831bccc5c41a70a7eb8da45a07006	NA	Stem_progenitor	NA	NA	NA	NA	NA	NA	NA	NA	NA	NA	NA	NA	NA	NA	NA	PPP3CA	-0.732697691550695	4	1	-0.799524391908127	TRUE
LODO	results_final/stage_6A_paired_FAP_gene_LODO_summary.tsv	f1b9fbaa1eeb9683cea41b80d011a93223a831bccc5c41a70a7eb8da45a07006	NA	Stem_progenitor	NA	NA	NA	NA	NA	NA	NA	NA	NA	NA	NA	NA	NA	NA	NA	TRAPPC8	-0.494274243287157	4	1	-0.511530304334338	TRUE
LODO	results_final/stage_6A_paired_FAP_gene_LODO_summary.tsv	f1b9fbaa1eeb9683cea41b80d011a93223a831bccc5c41a70a7eb8da45a07006	NA	Stem_progenitor	NA	NA	NA	NA	NA	NA	NA	NA	NA	NA	NA	NA	NA	NA	NA	SDC3	1.28807979384826	4	1	1.32259423615942	TRUE
LODO	results_final/stage_6A_paired_FAP_gene_LODO_summary.tsv	f1b9fbaa1eeb9683cea41b80d011a93223a831bccc5c41a70a7eb8da45a07006	NA	Stem_progenitor	NA	NA	NA	NA	NA	NA	NA	NA	NA	NA	NA	NA	NA	NA	NA	F12	2.06022012295074	4	1	1.92409815194401	TRUE
LODO	results_final/stage_6A_paired_FAP_gene_LODO_summary.tsv	f1b9fbaa1eeb9683cea41b80d011a93223a831bccc5c41a70a7eb8da45a07006	NA	Stem_progenitor	NA	NA	NA	NA	NA	NA	NA	NA	NA	NA	NA	NA	NA	NA	NA	PPP2R5E	-0.534851879213049	4	1	-0.549727805000379	TRUE
LODO	results_final/stage_6A_paired_FAP_gene_LODO_summary.tsv	f1b9fbaa1eeb9683cea41b80d011a93223a831bccc5c41a70a7eb8da45a07006	NA	Stem_progenitor	NA	NA	NA	NA	NA	NA	NA	NA	NA	NA	NA	NA	NA	NA	NA	CDKN2B-AS1	-1.9175176010561	4	1	-1.93203424401386	TRUE
LODO	results_final/stage_6A_paired_FAP_gene_LODO_summary.tsv	f1b9fbaa1eeb9683cea41b80d011a93223a831bccc5c41a70a7eb8da45a07006	NA	Stem_progenitor	NA	NA	NA	NA	NA	NA	NA	NA	NA	NA	NA	NA	NA	NA	NA	TMEM164	-0.489108804736315	4	1	-0.494188980849478	TRUE
LODO	results_final/stage_6A_paired_FAP_gene_LODO_summary.tsv	f1b9fbaa1eeb9683cea41b80d011a93223a831bccc5c41a70a7eb8da45a07006	NA	Stem_progenitor	NA	NA	NA	NA	NA	NA	NA	NA	NA	NA	NA	NA	NA	NA	NA	CDC25B	1.46827928283113	4	1	1.53017055304175	TRUE
LODO	results_final/stage_6A_paired_FAP_gene_LODO_summary.tsv	f1b9fbaa1eeb9683cea41b80d011a93223a831bccc5c41a70a7eb8da45a07006	NA	Stem_progenitor	NA	NA	NA	NA	NA	NA	NA	NA	NA	NA	NA	NA	NA	NA	NA	MYLK	-1.0439995278597	4	1	-1.1456188560975	TRUE
LODO	results_final/stage_6A_paired_FAP_gene_LODO_summary.tsv	f1b9fbaa1eeb9683cea41b80d011a93223a831bccc5c41a70a7eb8da45a07006	NA	Stem_progenitor	NA	NA	NA	NA	NA	NA	NA	NA	NA	NA	NA	NA	NA	NA	NA	CD2BP2	1.06630579058722	4	1	1.06095920610903	TRUE
LODO	results_final/stage_6A_paired_FAP_gene_LODO_summary.tsv	f1b9fbaa1eeb9683cea41b80d011a93223a831bccc5c41a70a7eb8da45a07006	NA	Stem_progenitor	NA	NA	NA	NA	NA	NA	NA	NA	NA	NA	NA	NA	NA	NA	NA	PIK3R1	-0.872087307283325	4	1	-0.93674123474805	TRUE
LODO	results_final/stage_6A_paired_FAP_gene_LODO_summary.tsv	f1b9fbaa1eeb9683cea41b80d011a93223a831bccc5c41a70a7eb8da45a07006	NA	Stem_progenitor	NA	NA	NA	NA	NA	NA	NA	NA	NA	NA	NA	NA	NA	NA	NA	MAPK10	0.922341976574207	4	1	0.918227252956018	TRUE
LODO	results_final/stage_6A_paired_FAP_gene_LODO_summary.tsv	f1b9fbaa1eeb9683cea41b80d011a93223a831bccc5c41a70a7eb8da45a07006	NA	Stem_progenitor	NA	NA	NA	NA	NA	NA	NA	NA	NA	NA	NA	NA	NA	NA	NA	NFIB	-0.656966910262839	4	1	-0.674761118026913	TRUE
LODO	results_final/stage_6A_paired_FAP_gene_LODO_summary.tsv	f1b9fbaa1eeb9683cea41b80d011a93223a831bccc5c41a70a7eb8da45a07006	NA	Stem_progenitor	NA	NA	NA	NA	NA	NA	NA	NA	NA	NA	NA	NA	NA	NA	NA	RCC2	0.608104540837475	4	1	0.597958873743195	TRUE
LODO	results_final/stage_6A_paired_FAP_gene_LODO_summary.tsv	f1b9fbaa1eeb9683cea41b80d011a93223a831bccc5c41a70a7eb8da45a07006	NA	Stem_progenitor	NA	NA	NA	NA	NA	NA	NA	NA	NA	NA	NA	NA	NA	NA	NA	FAM162A	-0.727527732325471	4	1	-0.754127385706749	TRUE
LODO	results_final/stage_6A_paired_FAP_gene_LODO_summary.tsv	f1b9fbaa1eeb9683cea41b80d011a93223a831bccc5c41a70a7eb8da45a07006	NA	Stem_progenitor	NA	NA	NA	NA	NA	NA	NA	NA	NA	NA	NA	NA	NA	NA	NA	TDRD3	-0.488666181088586	4	1	-0.499659018866857	TRUE
LODO	results_final/stage_6A_paired_FAP_gene_LODO_summary.tsv	f1b9fbaa1eeb9683cea41b80d011a93223a831bccc5c41a70a7eb8da45a07006	NA	Stem_progenitor	NA	NA	NA	NA	NA	NA	NA	NA	NA	NA	NA	NA	NA	NA	NA	AC007952.4	1.02482540660595	4	1	1.02306380632516	TRUE
LODO	results_final/stage_6A_paired_FAP_gene_LODO_summary.tsv	f1b9fbaa1eeb9683cea41b80d011a93223a831bccc5c41a70a7eb8da45a07006	NA	Stem_progenitor	NA	NA	NA	NA	NA	NA	NA	NA	NA	NA	NA	NA	NA	NA	NA	CTSH	0.948935891906953	4	1	0.978675268782477	TRUE
LODO	results_final/stage_6A_paired_FAP_gene_LODO_summary.tsv	f1b9fbaa1eeb9683cea41b80d011a93223a831bccc5c41a70a7eb8da45a07006	NA	Stem_progenitor	NA	NA	NA	NA	NA	NA	NA	NA	NA	NA	NA	NA	NA	NA	NA	IL33	1.78304142275856	3	1	1.62501503182817	TRUE
LODO	results_final/stage_6A_paired_FAP_gene_LODO_summary.tsv	f1b9fbaa1eeb9683cea41b80d011a93223a831bccc5c41a70a7eb8da45a07006	NA	Stem_progenitor	NA	NA	NA	NA	NA	NA	NA	NA	NA	NA	NA	NA	NA	NA	NA	CTDSP1	0.884791030400097	4	1	0.900758945507443	TRUE
LODO	results_final/stage_6A_paired_FAP_gene_LODO_summary.tsv	f1b9fbaa1eeb9683cea41b80d011a93223a831bccc5c41a70a7eb8da45a07006	NA	Stem_progenitor	NA	NA	NA	NA	NA	NA	NA	NA	NA	NA	NA	NA	NA	NA	NA	ENTPD5	-0.47277185693769	4	1	-0.472861161428653	TRUE
LODO	results_final/stage_6A_paired_FAP_gene_LODO_summary.tsv	f1b9fbaa1eeb9683cea41b80d011a93223a831bccc5c41a70a7eb8da45a07006	NA	Stem_progenitor	NA	NA	NA	NA	NA	NA	NA	NA	NA	NA	NA	NA	NA	NA	NA	GAB1	-0.571240098353322	4	1	-0.582328645503135	TRUE
LODO	results_final/stage_6A_paired_FAP_gene_LODO_summary.tsv	f1b9fbaa1eeb9683cea41b80d011a93223a831bccc5c41a70a7eb8da45a07006	NA	Stem_progenitor	NA	NA	NA	NA	NA	NA	NA	NA	NA	NA	NA	NA	NA	NA	NA	LINC00607	-2.01419106749249	4	1	-2.17654233627415	TRUE
LODO	results_final/stage_6A_paired_FAP_gene_LODO_summary.tsv	f1b9fbaa1eeb9683cea41b80d011a93223a831bccc5c41a70a7eb8da45a07006	NA	Stem_progenitor	NA	NA	NA	NA	NA	NA	NA	NA	NA	NA	NA	NA	NA	NA	NA	MAGI3	-0.512829551113321	4	1	-0.509308112905057	TRUE
LODO	results_final/stage_6A_paired_FAP_gene_LODO_summary.tsv	f1b9fbaa1eeb9683cea41b80d011a93223a831bccc5c41a70a7eb8da45a07006	NA	Stem_progenitor	NA	NA	NA	NA	NA	NA	NA	NA	NA	NA	NA	NA	NA	NA	NA	MED13L	-0.597086575993482	4	1	-0.611745893390444	TRUE
LODO	results_final/stage_6A_paired_FAP_gene_LODO_summary.tsv	f1b9fbaa1eeb9683cea41b80d011a93223a831bccc5c41a70a7eb8da45a07006	NA	Stem_progenitor	NA	NA	NA	NA	NA	NA	NA	NA	NA	NA	NA	NA	NA	NA	NA	RAB13	1.10585936204623	4	1	1.10772938034827	TRUE
LODO	results_final/stage_6A_paired_FAP_gene_LODO_summary.tsv	f1b9fbaa1eeb9683cea41b80d011a93223a831bccc5c41a70a7eb8da45a07006	NA	Stem_progenitor	NA	NA	NA	NA	NA	NA	NA	NA	NA	NA	NA	NA	NA	NA	NA	TMEM150C	-0.696317692385327	4	1	-0.675735136307559	TRUE
LODO	results_final/stage_6A_paired_FAP_gene_LODO_summary.tsv	f1b9fbaa1eeb9683cea41b80d011a93223a831bccc5c41a70a7eb8da45a07006	NA	Stem_progenitor	NA	NA	NA	NA	NA	NA	NA	NA	NA	NA	NA	NA	NA	NA	NA	ABCB7	-0.60746544833348	4	1	-0.617119879653795	TRUE
LODO	results_final/stage_6A_paired_FAP_gene_LODO_summary.tsv	f1b9fbaa1eeb9683cea41b80d011a93223a831bccc5c41a70a7eb8da45a07006	NA	Stem_progenitor	NA	NA	NA	NA	NA	NA	NA	NA	NA	NA	NA	NA	NA	NA	NA	ATOH8	1.41868651606105	4	1	1.45090885347731	TRUE
LODO	results_final/stage_6A_paired_FAP_gene_LODO_summary.tsv	f1b9fbaa1eeb9683cea41b80d011a93223a831bccc5c41a70a7eb8da45a07006	NA	Stem_progenitor	NA	NA	NA	NA	NA	NA	NA	NA	NA	NA	NA	NA	NA	NA	NA	AXIN2	1.73513569275974	4	1	1.88314992826236	TRUE
LODO	results_final/stage_6A_paired_FAP_gene_LODO_summary.tsv	f1b9fbaa1eeb9683cea41b80d011a93223a831bccc5c41a70a7eb8da45a07006	NA	Stem_progenitor	NA	NA	NA	NA	NA	NA	NA	NA	NA	NA	NA	NA	NA	NA	NA	PERP	0.619692213710804	4	1	0.616278147481384	TRUE
LODO	results_final/stage_6A_paired_FAP_gene_LODO_summary.tsv	f1b9fbaa1eeb9683cea41b80d011a93223a831bccc5c41a70a7eb8da45a07006	NA	Stem_progenitor	NA	NA	NA	NA	NA	NA	NA	NA	NA	NA	NA	NA	NA	NA	NA	RAB11B	0.680275758034096	4	1	0.657872827895383	TRUE
LODO	results_final/stage_6A_paired_FAP_gene_LODO_summary.tsv	f1b9fbaa1eeb9683cea41b80d011a93223a831bccc5c41a70a7eb8da45a07006	NA	Stem_progenitor	NA	NA	NA	NA	NA	NA	NA	NA	NA	NA	NA	NA	NA	NA	NA	RARRES1	-1.15294786888229	4	1	-1.21321399902239	TRUE
LODO	results_final/stage_6A_paired_FAP_gene_LODO_summary.tsv	f1b9fbaa1eeb9683cea41b80d011a93223a831bccc5c41a70a7eb8da45a07006	NA	Stem_progenitor	NA	NA	NA	NA	NA	NA	NA	NA	NA	NA	NA	NA	NA	NA	NA	RPL7A	0.707249369997993	4	1	0.710047303117109	TRUE
LODO	results_final/stage_6A_paired_FAP_gene_LODO_summary.tsv	f1b9fbaa1eeb9683cea41b80d011a93223a831bccc5c41a70a7eb8da45a07006	NA	Stem_progenitor	NA	NA	NA	NA	NA	NA	NA	NA	NA	NA	NA	NA	NA	NA	NA	STK11	0.770713669231969	4	1	0.814517308332021	TRUE
LODO	results_final/stage_6A_paired_FAP_gene_LODO_summary.tsv	f1b9fbaa1eeb9683cea41b80d011a93223a831bccc5c41a70a7eb8da45a07006	NA	Stem_progenitor	NA	NA	NA	NA	NA	NA	NA	NA	NA	NA	NA	NA	NA	NA	NA	TFCP2L1	-0.639217396240721	4	1	-0.657432262404206	TRUE
LODO	results_final/stage_6A_paired_FAP_gene_LODO_summary.tsv	f1b9fbaa1eeb9683cea41b80d011a93223a831bccc5c41a70a7eb8da45a07006	NA	Stem_progenitor	NA	NA	NA	NA	NA	NA	NA	NA	NA	NA	NA	NA	NA	NA	NA	TUSC3	-1.54694428952237	4	1	-1.57959920235528	TRUE
LODO	results_final/stage_6A_paired_FAP_gene_LODO_summary.tsv	f1b9fbaa1eeb9683cea41b80d011a93223a831bccc5c41a70a7eb8da45a07006	NA	Stem_progenitor	NA	NA	NA	NA	NA	NA	NA	NA	NA	NA	NA	NA	NA	NA	NA	EDF1	0.653859608646855	4	1	0.646962310097891	TRUE
LODO	results_final/stage_6A_paired_FAP_gene_LODO_summary.tsv	f1b9fbaa1eeb9683cea41b80d011a93223a831bccc5c41a70a7eb8da45a07006	NA	Stem_progenitor	NA	NA	NA	NA	NA	NA	NA	NA	NA	NA	NA	NA	NA	NA	NA	PNPLA2	0.752471959769766	4	1	0.730957230828159	TRUE
LODO	results_final/stage_6A_paired_FAP_gene_LODO_summary.tsv	f1b9fbaa1eeb9683cea41b80d011a93223a831bccc5c41a70a7eb8da45a07006	NA	Stem_progenitor	NA	NA	NA	NA	NA	NA	NA	NA	NA	NA	NA	NA	NA	NA	NA	EIF3G	0.886270288661419	4	1	0.924980098085873	TRUE
LODO	results_final/stage_6A_paired_FAP_gene_LODO_summary.tsv	f1b9fbaa1eeb9683cea41b80d011a93223a831bccc5c41a70a7eb8da45a07006	NA	Stem_progenitor	NA	NA	NA	NA	NA	NA	NA	NA	NA	NA	NA	NA	NA	NA	NA	LINC01239	-1.49237959865439	4	1	-1.60122645450129	TRUE
LODO	results_final/stage_6A_paired_FAP_gene_LODO_summary.tsv	f1b9fbaa1eeb9683cea41b80d011a93223a831bccc5c41a70a7eb8da45a07006	NA	Stem_progenitor	NA	NA	NA	NA	NA	NA	NA	NA	NA	NA	NA	NA	NA	NA	NA	PKDCC	-0.700031396730391	4	1	-0.722760476377422	TRUE
LODO	results_final/stage_6A_paired_FAP_gene_LODO_summary.tsv	f1b9fbaa1eeb9683cea41b80d011a93223a831bccc5c41a70a7eb8da45a07006	NA	Stem_progenitor	NA	NA	NA	NA	NA	NA	NA	NA	NA	NA	NA	NA	NA	NA	NA	KDM6A	-0.478852077432891	4	1	-0.493591620134069	TRUE
LODO	results_final/stage_6A_paired_FAP_gene_LODO_summary.tsv	f1b9fbaa1eeb9683cea41b80d011a93223a831bccc5c41a70a7eb8da45a07006	NA	Stem_progenitor	NA	NA	NA	NA	NA	NA	NA	NA	NA	NA	NA	NA	NA	NA	NA	CDC34	0.9542979515798	4	1	0.916192480977927	TRUE
LODO	results_final/stage_6A_paired_FAP_gene_LODO_summary.tsv	f1b9fbaa1eeb9683cea41b80d011a93223a831bccc5c41a70a7eb8da45a07006	NA	Stem_progenitor	NA	NA	NA	NA	NA	NA	NA	NA	NA	NA	NA	NA	NA	NA	NA	ADAMTS17	-0.849817766857616	4	1	-0.926231109769683	TRUE
LODO	results_final/stage_6A_paired_FAP_gene_LODO_summary.tsv	f1b9fbaa1eeb9683cea41b80d011a93223a831bccc5c41a70a7eb8da45a07006	NA	Stem_progenitor	NA	NA	NA	NA	NA	NA	NA	NA	NA	NA	NA	NA	NA	NA	NA	CYLD	-0.560461256794108	4	1	-0.563609519959146	TRUE
LODO	results_final/stage_6A_paired_FAP_gene_LODO_summary.tsv	f1b9fbaa1eeb9683cea41b80d011a93223a831bccc5c41a70a7eb8da45a07006	NA	Stem_progenitor	NA	NA	NA	NA	NA	NA	NA	NA	NA	NA	NA	NA	NA	NA	NA	DAPK3	0.854568569723485	4	1	0.844335520754536	TRUE
LODO	results_final/stage_6A_paired_FAP_gene_LODO_summary.tsv	f1b9fbaa1eeb9683cea41b80d011a93223a831bccc5c41a70a7eb8da45a07006	NA	Stem_progenitor	NA	NA	NA	NA	NA	NA	NA	NA	NA	NA	NA	NA	NA	NA	NA	HMGA1	0.812636862341611	4	1	0.847144434644408	TRUE
LODO	results_final/stage_6A_paired_FAP_gene_LODO_summary.tsv	f1b9fbaa1eeb9683cea41b80d011a93223a831bccc5c41a70a7eb8da45a07006	NA	Stem_progenitor	NA	NA	NA	NA	NA	NA	NA	NA	NA	NA	NA	NA	NA	NA	NA	PTPN13	1.46981506143891	4	1	1.40884619226232	TRUE
LODO	results_final/stage_6A_paired_FAP_gene_LODO_summary.tsv	f1b9fbaa1eeb9683cea41b80d011a93223a831bccc5c41a70a7eb8da45a07006	NA	Stem_progenitor	NA	NA	NA	NA	NA	NA	NA	NA	NA	NA	NA	NA	NA	NA	NA	RIN2	-0.477352345618143	4	1	-0.479809386524401	TRUE
LODO	results_final/stage_6A_paired_FAP_gene_LODO_summary.tsv	f1b9fbaa1eeb9683cea41b80d011a93223a831bccc5c41a70a7eb8da45a07006	NA	Stem_progenitor	NA	NA	NA	NA	NA	NA	NA	NA	NA	NA	NA	NA	NA	NA	NA	RPL13A	0.594266183216884	4	1	0.572378391291346	TRUE
LODO	results_final/stage_6A_paired_FAP_gene_LODO_summary.tsv	f1b9fbaa1eeb9683cea41b80d011a93223a831bccc5c41a70a7eb8da45a07006	NA	Stem_progenitor	NA	NA	NA	NA	NA	NA	NA	NA	NA	NA	NA	NA	NA	NA	NA	SLC12A4	1.54735709902596	4	1	1.543149413067	TRUE
LODO	results_final/stage_6A_paired_FAP_gene_LODO_summary.tsv	f1b9fbaa1eeb9683cea41b80d011a93223a831bccc5c41a70a7eb8da45a07006	NA	Stem_progenitor	NA	NA	NA	NA	NA	NA	NA	NA	NA	NA	NA	NA	NA	NA	NA	SNRPD2	0.938862590670996	4	1	0.946781201575247	TRUE
LODO	results_final/stage_6A_paired_FAP_gene_LODO_summary.tsv	f1b9fbaa1eeb9683cea41b80d011a93223a831bccc5c41a70a7eb8da45a07006	NA	Stem_progenitor	NA	NA	NA	NA	NA	NA	NA	NA	NA	NA	NA	NA	NA	NA	NA	CPT1B	1.72956632788608	4	1	1.66674915120893	TRUE
LODO	results_final/stage_6A_paired_FAP_gene_LODO_summary.tsv	f1b9fbaa1eeb9683cea41b80d011a93223a831bccc5c41a70a7eb8da45a07006	NA	Stem_progenitor	NA	NA	NA	NA	NA	NA	NA	NA	NA	NA	NA	NA	NA	NA	NA	MRPL28	0.95934317193557	4	1	0.959191231043685	TRUE
LODO	results_final/stage_6A_paired_FAP_gene_LODO_summary.tsv	f1b9fbaa1eeb9683cea41b80d011a93223a831bccc5c41a70a7eb8da45a07006	NA	Stem_progenitor	NA	NA	NA	NA	NA	NA	NA	NA	NA	NA	NA	NA	NA	NA	NA	CCDC88B	1.13639536854767	4	1	1.05592690813594	TRUE
LODO	results_final/stage_6A_paired_FAP_gene_LODO_summary.tsv	f1b9fbaa1eeb9683cea41b80d011a93223a831bccc5c41a70a7eb8da45a07006	NA	Stem_progenitor	NA	NA	NA	NA	NA	NA	NA	NA	NA	NA	NA	NA	NA	NA	NA	CLEC2D	-0.770902553644973	4	1	-0.740854386933382	TRUE
LODO	results_final/stage_6A_paired_FAP_gene_LODO_summary.tsv	f1b9fbaa1eeb9683cea41b80d011a93223a831bccc5c41a70a7eb8da45a07006	NA	Stem_progenitor	NA	NA	NA	NA	NA	NA	NA	NA	NA	NA	NA	NA	NA	NA	NA	EME2	0.810426352771233	4	1	0.853409019701216	TRUE
LODO	results_final/stage_6A_paired_FAP_gene_LODO_summary.tsv	f1b9fbaa1eeb9683cea41b80d011a93223a831bccc5c41a70a7eb8da45a07006	NA	Stem_progenitor	NA	NA	NA	NA	NA	NA	NA	NA	NA	NA	NA	NA	NA	NA	NA	IRAK2	1.15628800249884	4	1	1.16849834410984	TRUE
LODO	results_final/stage_6A_paired_FAP_gene_LODO_summary.tsv	f1b9fbaa1eeb9683cea41b80d011a93223a831bccc5c41a70a7eb8da45a07006	NA	Stem_progenitor	NA	NA	NA	NA	NA	NA	NA	NA	NA	NA	NA	NA	NA	NA	NA	KIFAP3	-0.736283166159018	4	1	-0.756267854300827	TRUE
LODO	results_final/stage_6A_paired_FAP_gene_LODO_summary.tsv	f1b9fbaa1eeb9683cea41b80d011a93223a831bccc5c41a70a7eb8da45a07006	NA	Stem_progenitor	NA	NA	NA	NA	NA	NA	NA	NA	NA	NA	NA	NA	NA	NA	NA	LEFTY1	-0.722168485357664	4	1	-0.714828782939879	TRUE
LODO	results_final/stage_6A_paired_FAP_gene_LODO_summary.tsv	f1b9fbaa1eeb9683cea41b80d011a93223a831bccc5c41a70a7eb8da45a07006	NA	Stem_progenitor	NA	NA	NA	NA	NA	NA	NA	NA	NA	NA	NA	NA	NA	NA	NA	MTUS1	-0.457995095988232	4	1	-0.453238278373503	TRUE
LODO	results_final/stage_6A_paired_FAP_gene_LODO_summary.tsv	f1b9fbaa1eeb9683cea41b80d011a93223a831bccc5c41a70a7eb8da45a07006	NA	Stem_progenitor	NA	NA	NA	NA	NA	NA	NA	NA	NA	NA	NA	NA	NA	NA	NA	NFYC	-0.698619645078047	4	1	-0.735752799984197	TRUE
LODO	results_final/stage_6A_paired_FAP_gene_LODO_summary.tsv	f1b9fbaa1eeb9683cea41b80d011a93223a831bccc5c41a70a7eb8da45a07006	NA	Stem_progenitor	NA	NA	NA	NA	NA	NA	NA	NA	NA	NA	NA	NA	NA	NA	NA	PLXNA3	0.970242347690028	4	1	1.03552571843591	TRUE
LODO	results_final/stage_6A_paired_FAP_gene_LODO_summary.tsv	f1b9fbaa1eeb9683cea41b80d011a93223a831bccc5c41a70a7eb8da45a07006	NA	Stem_progenitor	NA	NA	NA	NA	NA	NA	NA	NA	NA	NA	NA	NA	NA	NA	NA	RPL14	0.784330823344866	4	1	0.765749107557137	TRUE
LODO	results_final/stage_6A_paired_FAP_gene_LODO_summary.tsv	f1b9fbaa1eeb9683cea41b80d011a93223a831bccc5c41a70a7eb8da45a07006	NA	Stem_progenitor	NA	NA	NA	NA	NA	NA	NA	NA	NA	NA	NA	NA	NA	NA	NA	RPL18	0.86080841906132	4	1	0.792323871467372	TRUE
LODO	results_final/stage_6A_paired_FAP_gene_LODO_summary.tsv	f1b9fbaa1eeb9683cea41b80d011a93223a831bccc5c41a70a7eb8da45a07006	NA	Stem_progenitor	NA	NA	NA	NA	NA	NA	NA	NA	NA	NA	NA	NA	NA	NA	NA	TMEM135	-0.60374184049493	4	1	-0.627910914097703	TRUE
LODO	results_final/stage_6A_paired_FAP_gene_LODO_summary.tsv	f1b9fbaa1eeb9683cea41b80d011a93223a831bccc5c41a70a7eb8da45a07006	NA	Stem_progenitor	NA	NA	NA	NA	NA	NA	NA	NA	NA	NA	NA	NA	NA	NA	NA	TRMT9B	-0.754933005814862	4	1	-0.752815887325556	TRUE
LODO	results_final/stage_6A_paired_FAP_gene_LODO_summary.tsv	f1b9fbaa1eeb9683cea41b80d011a93223a831bccc5c41a70a7eb8da45a07006	NA	Stem_progenitor	NA	NA	NA	NA	NA	NA	NA	NA	NA	NA	NA	NA	NA	NA	NA	VARS2	1.04010433460406	4	1	1.12127422421135	TRUE
LODO	results_final/stage_6A_paired_FAP_gene_LODO_summary.tsv	f1b9fbaa1eeb9683cea41b80d011a93223a831bccc5c41a70a7eb8da45a07006	NA	Stem_progenitor	NA	NA	NA	NA	NA	NA	NA	NA	NA	NA	NA	NA	NA	NA	NA	ATF4	0.742765961440856	4	1	0.735740817148289	TRUE
LODO	results_final/stage_6A_paired_FAP_gene_LODO_summary.tsv	f1b9fbaa1eeb9683cea41b80d011a93223a831bccc5c41a70a7eb8da45a07006	NA	Stem_progenitor	NA	NA	NA	NA	NA	NA	NA	NA	NA	NA	NA	NA	NA	NA	NA	KCNMB4	-1.36684174754777	4	1	-1.46608794501224	TRUE
LODO	results_final/stage_6A_paired_FAP_gene_LODO_summary.tsv	f1b9fbaa1eeb9683cea41b80d011a93223a831bccc5c41a70a7eb8da45a07006	NA	Stem_progenitor	NA	NA	NA	NA	NA	NA	NA	NA	NA	NA	NA	NA	NA	NA	NA	B4GALT7	1.19499310924366	4	1	1.24740697398	TRUE
LODO	results_final/stage_6A_paired_FAP_gene_LODO_summary.tsv	f1b9fbaa1eeb9683cea41b80d011a93223a831bccc5c41a70a7eb8da45a07006	NA	Stem_progenitor	NA	NA	NA	NA	NA	NA	NA	NA	NA	NA	NA	NA	NA	NA	NA	FKBP4	1.00125701237766	4	1	1.01310824211522	TRUE
LODO	results_final/stage_6A_paired_FAP_gene_LODO_summary.tsv	f1b9fbaa1eeb9683cea41b80d011a93223a831bccc5c41a70a7eb8da45a07006	NA	Stem_progenitor	NA	NA	NA	NA	NA	NA	NA	NA	NA	NA	NA	NA	NA	NA	NA	GALE	0.784060411219569	4	1	0.842641993546249	TRUE
LODO	results_final/stage_6A_paired_FAP_gene_LODO_summary.tsv	f1b9fbaa1eeb9683cea41b80d011a93223a831bccc5c41a70a7eb8da45a07006	NA	Stem_progenitor	NA	NA	NA	NA	NA	NA	NA	NA	NA	NA	NA	NA	NA	NA	NA	GNAQ	-0.742054337481335	4	1	-0.772154103820754	TRUE
LODO	results_final/stage_6A_paired_FAP_gene_LODO_summary.tsv	f1b9fbaa1eeb9683cea41b80d011a93223a831bccc5c41a70a7eb8da45a07006	NA	Stem_progenitor	NA	NA	NA	NA	NA	NA	NA	NA	NA	NA	NA	NA	NA	NA	NA	SAC3D1	1.50136455105158	4	1	1.49158737694558	TRUE
LODO	results_final/stage_6A_paired_FAP_gene_LODO_summary.tsv	f1b9fbaa1eeb9683cea41b80d011a93223a831bccc5c41a70a7eb8da45a07006	NA	Stem_progenitor	NA	NA	NA	NA	NA	NA	NA	NA	NA	NA	NA	NA	NA	NA	NA	ZSCAN23	-1.43788041530678	4	1	-1.38697414490015	TRUE
LODO	results_final/stage_6A_paired_FAP_gene_LODO_summary.tsv	f1b9fbaa1eeb9683cea41b80d011a93223a831bccc5c41a70a7eb8da45a07006	NA	Stem_progenitor	NA	NA	NA	NA	NA	NA	NA	NA	NA	NA	NA	NA	NA	NA	NA	AC092142.1	-1.13939862165155	4	1	-1.19387388899611	TRUE
LODO	results_final/stage_6A_paired_FAP_gene_LODO_summary.tsv	f1b9fbaa1eeb9683cea41b80d011a93223a831bccc5c41a70a7eb8da45a07006	NA	Stem_progenitor	NA	NA	NA	NA	NA	NA	NA	NA	NA	NA	NA	NA	NA	NA	NA	CADM1	-1.1255657786578	4	1	-1.22476770695067	TRUE
LODO	results_final/stage_6A_paired_FAP_gene_LODO_summary.tsv	f1b9fbaa1eeb9683cea41b80d011a93223a831bccc5c41a70a7eb8da45a07006	NA	Stem_progenitor	NA	NA	NA	NA	NA	NA	NA	NA	NA	NA	NA	NA	NA	NA	NA	ZNF793	-0.845196412181461	4	1	-0.877104016155401	TRUE
LODO	results_final/stage_6A_paired_FAP_gene_LODO_summary.tsv	f1b9fbaa1eeb9683cea41b80d011a93223a831bccc5c41a70a7eb8da45a07006	NA	Stem_progenitor	NA	NA	NA	NA	NA	NA	NA	NA	NA	NA	NA	NA	NA	NA	NA	Z94721.1	-0.551695023330633	4	1	-0.57534741655841	TRUE
LODO	results_final/stage_6A_paired_FAP_gene_LODO_summary.tsv	f1b9fbaa1eeb9683cea41b80d011a93223a831bccc5c41a70a7eb8da45a07006	NA	Stem_progenitor	NA	NA	NA	NA	NA	NA	NA	NA	NA	NA	NA	NA	NA	NA	NA	AC096711.2	-1.24551195423169	4	1	-1.28083367897163	TRUE
LODO	results_final/stage_6A_paired_FAP_gene_LODO_summary.tsv	f1b9fbaa1eeb9683cea41b80d011a93223a831bccc5c41a70a7eb8da45a07006	NA	Stem_progenitor	NA	NA	NA	NA	NA	NA	NA	NA	NA	NA	NA	NA	NA	NA	NA	AZIN2	-0.977293340690551	4	1	-0.991730348668577	TRUE
LODO	results_final/stage_6A_paired_FAP_gene_LODO_summary.tsv	f1b9fbaa1eeb9683cea41b80d011a93223a831bccc5c41a70a7eb8da45a07006	NA	Stem_progenitor	NA	NA	NA	NA	NA	NA	NA	NA	NA	NA	NA	NA	NA	NA	NA	BAX	0.8363368234365	4	1	0.825895541275691	TRUE
LODO	results_final/stage_6A_paired_FAP_gene_LODO_summary.tsv	f1b9fbaa1eeb9683cea41b80d011a93223a831bccc5c41a70a7eb8da45a07006	NA	Stem_progenitor	NA	NA	NA	NA	NA	NA	NA	NA	NA	NA	NA	NA	NA	NA	NA	C7orf31	-0.879319111231187	4	1	-0.913069183296062	TRUE
LODO	results_final/stage_6A_paired_FAP_gene_LODO_summary.tsv	f1b9fbaa1eeb9683cea41b80d011a93223a831bccc5c41a70a7eb8da45a07006	NA	Stem_progenitor	NA	NA	NA	NA	NA	NA	NA	NA	NA	NA	NA	NA	NA	NA	NA	D2HGDH	0.498559970782499	4	1	0.500220409206875	TRUE
LODO	results_final/stage_6A_paired_FAP_gene_LODO_summary.tsv	f1b9fbaa1eeb9683cea41b80d011a93223a831bccc5c41a70a7eb8da45a07006	NA	Stem_progenitor	NA	NA	NA	NA	NA	NA	NA	NA	NA	NA	NA	NA	NA	NA	NA	FLAD1	0.770008587613613	4	1	0.743789766875273	TRUE
LODO	results_final/stage_6A_paired_FAP_gene_LODO_summary.tsv	f1b9fbaa1eeb9683cea41b80d011a93223a831bccc5c41a70a7eb8da45a07006	NA	Stem_progenitor	NA	NA	NA	NA	NA	NA	NA	NA	NA	NA	NA	NA	NA	NA	NA	KIAA1211	-0.539501953438904	4	1	-0.56707875757918	TRUE
LODO	results_final/stage_6A_paired_FAP_gene_LODO_summary.tsv	f1b9fbaa1eeb9683cea41b80d011a93223a831bccc5c41a70a7eb8da45a07006	NA	Stem_progenitor	NA	NA	NA	NA	NA	NA	NA	NA	NA	NA	NA	NA	NA	NA	NA	PDCD7	0.833155410627722	4	1	0.892641908318331	TRUE
LODO	results_final/stage_6A_paired_FAP_gene_LODO_summary.tsv	f1b9fbaa1eeb9683cea41b80d011a93223a831bccc5c41a70a7eb8da45a07006	NA	Stem_progenitor	NA	NA	NA	NA	NA	NA	NA	NA	NA	NA	NA	NA	NA	NA	NA	SUPT20H	-0.480121485571277	4	1	-0.488428293354252	TRUE
LODO	results_final/stage_6A_paired_FAP_gene_LODO_summary.tsv	f1b9fbaa1eeb9683cea41b80d011a93223a831bccc5c41a70a7eb8da45a07006	NA	Stem_progenitor	NA	NA	NA	NA	NA	NA	NA	NA	NA	NA	NA	NA	NA	NA	NA	TM7SF2	1.06600781150767	4	1	1.14261676245724	TRUE
LODO	results_final/stage_6A_paired_FAP_gene_LODO_summary.tsv	f1b9fbaa1eeb9683cea41b80d011a93223a831bccc5c41a70a7eb8da45a07006	NA	Stem_progenitor	NA	NA	NA	NA	NA	NA	NA	NA	NA	NA	NA	NA	NA	NA	NA	EIF3B	0.512279879844996	4	1	0.508625520296524	TRUE
LODO	results_final/stage_6A_paired_FAP_gene_LODO_summary.tsv	f1b9fbaa1eeb9683cea41b80d011a93223a831bccc5c41a70a7eb8da45a07006	NA	Stem_progenitor	NA	NA	NA	NA	NA	NA	NA	NA	NA	NA	NA	NA	NA	NA	NA	KIF14	1.42891615932008	4	1	1.45342891014095	TRUE
LODO	results_final/stage_6A_paired_FAP_gene_LODO_summary.tsv	f1b9fbaa1eeb9683cea41b80d011a93223a831bccc5c41a70a7eb8da45a07006	NA	Stem_progenitor	NA	NA	NA	NA	NA	NA	NA	NA	NA	NA	NA	NA	NA	NA	NA	HOTAIRM1	-0.916809021131389	4	1	-0.929248156916508	TRUE
LODO	results_final/stage_6A_paired_FAP_gene_LODO_summary.tsv	f1b9fbaa1eeb9683cea41b80d011a93223a831bccc5c41a70a7eb8da45a07006	NA	Stem_progenitor	NA	NA	NA	NA	NA	NA	NA	NA	NA	NA	NA	NA	NA	NA	NA	SERTAD2	-0.687959218185546	4	1	-0.70630320317811	TRUE
LODO	results_final/stage_6A_paired_FAP_gene_LODO_summary.tsv	f1b9fbaa1eeb9683cea41b80d011a93223a831bccc5c41a70a7eb8da45a07006	NA	Stem_progenitor	NA	NA	NA	NA	NA	NA	NA	NA	NA	NA	NA	NA	NA	NA	NA	CAP2	-0.928281929996323	4	1	-0.984900350381974	TRUE
LODO	results_final/stage_6A_paired_FAP_gene_LODO_summary.tsv	f1b9fbaa1eeb9683cea41b80d011a93223a831bccc5c41a70a7eb8da45a07006	NA	Stem_progenitor	NA	NA	NA	NA	NA	NA	NA	NA	NA	NA	NA	NA	NA	NA	NA	FAM50A	1.12358246687429	4	1	1.20735857449588	TRUE
LODO	results_final/stage_6A_paired_FAP_gene_LODO_summary.tsv	f1b9fbaa1eeb9683cea41b80d011a93223a831bccc5c41a70a7eb8da45a07006	NA	Stem_progenitor	NA	NA	NA	NA	NA	NA	NA	NA	NA	NA	NA	NA	NA	NA	NA	MELTF-AS1	1.3120373243843	4	1	1.2551766743847	TRUE
LODO	results_final/stage_6A_paired_FAP_gene_LODO_summary.tsv	f1b9fbaa1eeb9683cea41b80d011a93223a831bccc5c41a70a7eb8da45a07006	NA	Stem_progenitor	NA	NA	NA	NA	NA	NA	NA	NA	NA	NA	NA	NA	NA	NA	NA	RNF208	1.46197293865505	4	1	1.50967871552304	TRUE
LODO	results_final/stage_6A_paired_FAP_gene_LODO_summary.tsv	f1b9fbaa1eeb9683cea41b80d011a93223a831bccc5c41a70a7eb8da45a07006	NA	Stem_progenitor	NA	NA	NA	NA	NA	NA	NA	NA	NA	NA	NA	NA	NA	NA	NA	NPIPA1	0.681770770867448	4	1	0.652474211626257	TRUE
LODO	results_final/stage_6A_paired_FAP_gene_LODO_summary.tsv	f1b9fbaa1eeb9683cea41b80d011a93223a831bccc5c41a70a7eb8da45a07006	NA	Stem_progenitor	NA	NA	NA	NA	NA	NA	NA	NA	NA	NA	NA	NA	NA	NA	NA	TCOF1	0.72358475805421	4	1	0.715315272764764	TRUE
LODO	results_final/stage_6A_paired_FAP_gene_LODO_summary.tsv	f1b9fbaa1eeb9683cea41b80d011a93223a831bccc5c41a70a7eb8da45a07006	NA	Stem_progenitor	NA	NA	NA	NA	NA	NA	NA	NA	NA	NA	NA	NA	NA	NA	NA	AP1S1	1.08168107777111	4	1	1.13824996443366	TRUE
LODO	results_final/stage_6A_paired_FAP_gene_LODO_summary.tsv	f1b9fbaa1eeb9683cea41b80d011a93223a831bccc5c41a70a7eb8da45a07006	NA	Stem_progenitor	NA	NA	NA	NA	NA	NA	NA	NA	NA	NA	NA	NA	NA	NA	NA	PHF13	1.17291819428955	4	1	1.22436653296103	TRUE
LODO	results_final/stage_6A_paired_FAP_gene_LODO_summary.tsv	f1b9fbaa1eeb9683cea41b80d011a93223a831bccc5c41a70a7eb8da45a07006	NA	Stem_progenitor	NA	NA	NA	NA	NA	NA	NA	NA	NA	NA	NA	NA	NA	NA	NA	ACTN1	0.511943442484506	4	1	0.513779704710765	TRUE
LODO	results_final/stage_6A_paired_FAP_gene_LODO_summary.tsv	f1b9fbaa1eeb9683cea41b80d011a93223a831bccc5c41a70a7eb8da45a07006	NA	Stem_progenitor	NA	NA	NA	NA	NA	NA	NA	NA	NA	NA	NA	NA	NA	NA	NA	MMP23B	1.3155309061669	4	1	1.330511079479	TRUE
LODO	results_final/stage_6A_paired_FAP_gene_LODO_summary.tsv	f1b9fbaa1eeb9683cea41b80d011a93223a831bccc5c41a70a7eb8da45a07006	NA	Stem_progenitor	NA	NA	NA	NA	NA	NA	NA	NA	NA	NA	NA	NA	NA	NA	NA	REX1BD	0.736355877981091	4	1	0.719051561677177	TRUE
LODO	results_final/stage_6A_paired_FAP_gene_LODO_summary.tsv	f1b9fbaa1eeb9683cea41b80d011a93223a831bccc5c41a70a7eb8da45a07006	NA	Stem_progenitor	NA	NA	NA	NA	NA	NA	NA	NA	NA	NA	NA	NA	NA	NA	NA	ADAM22	-0.678412472211895	4	1	-0.68557494591823	TRUE
LODO	results_final/stage_6A_paired_FAP_gene_LODO_summary.tsv	f1b9fbaa1eeb9683cea41b80d011a93223a831bccc5c41a70a7eb8da45a07006	NA	Stem_progenitor	NA	NA	NA	NA	NA	NA	NA	NA	NA	NA	NA	NA	NA	NA	NA	CABP4	1.71587218085651	4	1	1.77138686297743	TRUE
LODO	results_final/stage_6A_paired_FAP_gene_LODO_summary.tsv	f1b9fbaa1eeb9683cea41b80d011a93223a831bccc5c41a70a7eb8da45a07006	NA	Stem_progenitor	NA	NA	NA	NA	NA	NA	NA	NA	NA	NA	NA	NA	NA	NA	NA	DDX39A	0.843291520032841	4	1	0.809080695723713	TRUE
LODO	results_final/stage_6A_paired_FAP_gene_LODO_summary.tsv	f1b9fbaa1eeb9683cea41b80d011a93223a831bccc5c41a70a7eb8da45a07006	NA	Stem_progenitor	NA	NA	NA	NA	NA	NA	NA	NA	NA	NA	NA	NA	NA	NA	NA	KPNA3	-0.533185467806812	4	1	-0.509616793330376	TRUE
LODO	results_final/stage_6A_paired_FAP_gene_LODO_summary.tsv	f1b9fbaa1eeb9683cea41b80d011a93223a831bccc5c41a70a7eb8da45a07006	NA	Stem_progenitor	NA	NA	NA	NA	NA	NA	NA	NA	NA	NA	NA	NA	NA	NA	NA	TAPT1	-0.514175798701607	4	1	-0.530834786360456	TRUE
LODO	results_final/stage_6A_paired_FAP_gene_LODO_summary.tsv	f1b9fbaa1eeb9683cea41b80d011a93223a831bccc5c41a70a7eb8da45a07006	NA	Stem_progenitor	NA	NA	NA	NA	NA	NA	NA	NA	NA	NA	NA	NA	NA	NA	NA	SAT2	0.791883924720905	4	1	0.804799664623993	TRUE
LODO	results_final/stage_6A_paired_FAP_gene_LODO_summary.tsv	f1b9fbaa1eeb9683cea41b80d011a93223a831bccc5c41a70a7eb8da45a07006	NA	Stem_progenitor	NA	NA	NA	NA	NA	NA	NA	NA	NA	NA	NA	NA	NA	NA	NA	SYNPO2	-1.22285699580963	4	1	-1.31473954169839	TRUE
LODO	results_final/stage_6A_paired_FAP_gene_LODO_summary.tsv	f1b9fbaa1eeb9683cea41b80d011a93223a831bccc5c41a70a7eb8da45a07006	NA	Stem_progenitor	NA	NA	NA	NA	NA	NA	NA	NA	NA	NA	NA	NA	NA	NA	NA	NDUFS4	-0.688034227739975	4	1	-0.745140331541119	TRUE
LODO	results_final/stage_6A_paired_FAP_gene_LODO_summary.tsv	f1b9fbaa1eeb9683cea41b80d011a93223a831bccc5c41a70a7eb8da45a07006	NA	Stem_progenitor	NA	NA	NA	NA	NA	NA	NA	NA	NA	NA	NA	NA	NA	NA	NA	OPA1	-0.522847837957256	4	1	-0.53750158362531	TRUE
LODO	results_final/stage_6A_paired_FAP_gene_LODO_summary.tsv	f1b9fbaa1eeb9683cea41b80d011a93223a831bccc5c41a70a7eb8da45a07006	NA	Stem_progenitor	NA	NA	NA	NA	NA	NA	NA	NA	NA	NA	NA	NA	NA	NA	NA	MAPKAP1	-0.510948981214394	4	1	-0.516480842162244	TRUE
LODO	results_final/stage_6A_paired_FAP_gene_LODO_summary.tsv	f1b9fbaa1eeb9683cea41b80d011a93223a831bccc5c41a70a7eb8da45a07006	NA	Stem_progenitor	NA	NA	NA	NA	NA	NA	NA	NA	NA	NA	NA	NA	NA	NA	NA	AC018709.1	-0.652509509551611	4	1	-0.686177753230995	TRUE
LODO	results_final/stage_6A_paired_FAP_gene_LODO_summary.tsv	f1b9fbaa1eeb9683cea41b80d011a93223a831bccc5c41a70a7eb8da45a07006	NA	Stem_progenitor	NA	NA	NA	NA	NA	NA	NA	NA	NA	NA	NA	NA	NA	NA	NA	AC087741.1	0.769553604256403	4	1	0.737163634930708	TRUE
LODO	results_final/stage_6A_paired_FAP_gene_LODO_summary.tsv	f1b9fbaa1eeb9683cea41b80d011a93223a831bccc5c41a70a7eb8da45a07006	NA	Stem_progenitor	NA	NA	NA	NA	NA	NA	NA	NA	NA	NA	NA	NA	NA	NA	NA	B4GALT2	0.996769398443926	4	1	0.957691220898454	TRUE
LODO	results_final/stage_6A_paired_FAP_gene_LODO_summary.tsv	f1b9fbaa1eeb9683cea41b80d011a93223a831bccc5c41a70a7eb8da45a07006	NA	Stem_progenitor	NA	NA	NA	NA	NA	NA	NA	NA	NA	NA	NA	NA	NA	NA	NA	EHBP1L1	0.731516112023048	4	1	0.731013364613885	TRUE
LODO	results_final/stage_6A_paired_FAP_gene_LODO_summary.tsv	f1b9fbaa1eeb9683cea41b80d011a93223a831bccc5c41a70a7eb8da45a07006	NA	Stem_progenitor	NA	NA	NA	NA	NA	NA	NA	NA	NA	NA	NA	NA	NA	NA	NA	FLVCR2	-1.42971650906782	4	1	-1.55091522008837	TRUE
LODO	results_final/stage_6A_paired_FAP_gene_LODO_summary.tsv	f1b9fbaa1eeb9683cea41b80d011a93223a831bccc5c41a70a7eb8da45a07006	NA	Stem_progenitor	NA	NA	NA	NA	NA	NA	NA	NA	NA	NA	NA	NA	NA	NA	NA	FRMD4B	-0.55504902647018	4	1	-0.588428428841661	TRUE
LODO	results_final/stage_6A_paired_FAP_gene_LODO_summary.tsv	f1b9fbaa1eeb9683cea41b80d011a93223a831bccc5c41a70a7eb8da45a07006	NA	Stem_progenitor	NA	NA	NA	NA	NA	NA	NA	NA	NA	NA	NA	NA	NA	NA	NA	H2AFY	0.625542825914335	4	1	0.652351691735146	TRUE
LODO	results_final/stage_6A_paired_FAP_gene_LODO_summary.tsv	f1b9fbaa1eeb9683cea41b80d011a93223a831bccc5c41a70a7eb8da45a07006	NA	Stem_progenitor	NA	NA	NA	NA	NA	NA	NA	NA	NA	NA	NA	NA	NA	NA	NA	IRAK1	0.838488658966585	4	1	0.835525891886658	TRUE
LODO	results_final/stage_6A_paired_FAP_gene_LODO_summary.tsv	f1b9fbaa1eeb9683cea41b80d011a93223a831bccc5c41a70a7eb8da45a07006	NA	Stem_progenitor	NA	NA	NA	NA	NA	NA	NA	NA	NA	NA	NA	NA	NA	NA	NA	NDST3	-1.22537714614807	4	1	-1.27216487464954	TRUE
LODO	results_final/stage_6A_paired_FAP_gene_LODO_summary.tsv	f1b9fbaa1eeb9683cea41b80d011a93223a831bccc5c41a70a7eb8da45a07006	NA	Stem_progenitor	NA	NA	NA	NA	NA	NA	NA	NA	NA	NA	NA	NA	NA	NA	NA	PHTF2	-0.634550376493828	4	1	-0.642875988501456	TRUE
LODO	results_final/stage_6A_paired_FAP_gene_LODO_summary.tsv	f1b9fbaa1eeb9683cea41b80d011a93223a831bccc5c41a70a7eb8da45a07006	NA	Stem_progenitor	NA	NA	NA	NA	NA	NA	NA	NA	NA	NA	NA	NA	NA	NA	NA	CLDN15	-0.726741027078372	4	1	-0.727598724169157	TRUE
LODO	results_final/stage_6A_paired_FAP_gene_LODO_summary.tsv	f1b9fbaa1eeb9683cea41b80d011a93223a831bccc5c41a70a7eb8da45a07006	NA	Stem_progenitor	NA	NA	NA	NA	NA	NA	NA	NA	NA	NA	NA	NA	NA	NA	NA	KLF12	-0.851210705105746	4	1	-0.885487629369575	TRUE
LODO	results_final/stage_6A_paired_FAP_gene_LODO_summary.tsv	f1b9fbaa1eeb9683cea41b80d011a93223a831bccc5c41a70a7eb8da45a07006	NA	Stem_progenitor	NA	NA	NA	NA	NA	NA	NA	NA	NA	NA	NA	NA	NA	NA	NA	NOXO1	0.930107717686917	4	1	0.982334393010897	TRUE
LODO	results_final/stage_6A_paired_FAP_gene_LODO_summary.tsv	f1b9fbaa1eeb9683cea41b80d011a93223a831bccc5c41a70a7eb8da45a07006	NA	Stem_progenitor	NA	NA	NA	NA	NA	NA	NA	NA	NA	NA	NA	NA	NA	NA	NA	ZFPM1	0.842123581711364	4	1	0.841183869145409	TRUE
LODO	results_final/stage_6A_paired_FAP_gene_LODO_summary.tsv	f1b9fbaa1eeb9683cea41b80d011a93223a831bccc5c41a70a7eb8da45a07006	NA	Stem_progenitor	NA	NA	NA	NA	NA	NA	NA	NA	NA	NA	NA	NA	NA	NA	NA	CLIC6	-0.82573099316192	4	1	-0.868452149186555	TRUE
LODO	results_final/stage_6A_paired_FAP_gene_LODO_summary.tsv	f1b9fbaa1eeb9683cea41b80d011a93223a831bccc5c41a70a7eb8da45a07006	NA	Stem_progenitor	NA	NA	NA	NA	NA	NA	NA	NA	NA	NA	NA	NA	NA	NA	NA	VWA8	-0.505025308493625	4	1	-0.4870322088344	TRUE
LODO	results_final/stage_6A_paired_FAP_gene_LODO_summary.tsv	f1b9fbaa1eeb9683cea41b80d011a93223a831bccc5c41a70a7eb8da45a07006	NA	Stem_progenitor	NA	NA	NA	NA	NA	NA	NA	NA	NA	NA	NA	NA	NA	NA	NA	INTS1	0.705615210995294	4	1	0.736346327850302	TRUE
LODO	results_final/stage_6A_paired_FAP_gene_LODO_summary.tsv	f1b9fbaa1eeb9683cea41b80d011a93223a831bccc5c41a70a7eb8da45a07006	NA	Stem_progenitor	NA	NA	NA	NA	NA	NA	NA	NA	NA	NA	NA	NA	NA	NA	NA	COA3	0.758483489331476	4	1	0.741581783376957	TRUE
LODO	results_final/stage_6A_paired_FAP_gene_LODO_summary.tsv	f1b9fbaa1eeb9683cea41b80d011a93223a831bccc5c41a70a7eb8da45a07006	NA	Stem_progenitor	NA	NA	NA	NA	NA	NA	NA	NA	NA	NA	NA	NA	NA	NA	NA	PDGFC	-1.4485791490444	4	1	-1.43725209866123	TRUE
LODO	results_final/stage_6A_paired_FAP_gene_LODO_summary.tsv	f1b9fbaa1eeb9683cea41b80d011a93223a831bccc5c41a70a7eb8da45a07006	NA	Stem_progenitor	NA	NA	NA	NA	NA	NA	NA	NA	NA	NA	NA	NA	NA	NA	NA	ABTB1	0.994979988825436	4	1	0.986635370995633	TRUE
LODO	results_final/stage_6A_paired_FAP_gene_LODO_summary.tsv	f1b9fbaa1eeb9683cea41b80d011a93223a831bccc5c41a70a7eb8da45a07006	NA	Stem_progenitor	NA	NA	NA	NA	NA	NA	NA	NA	NA	NA	NA	NA	NA	NA	NA	CA7	-1.33332359316736	4	1	-1.33583317217239	TRUE
LODO	results_final/stage_6A_paired_FAP_gene_LODO_summary.tsv	f1b9fbaa1eeb9683cea41b80d011a93223a831bccc5c41a70a7eb8da45a07006	NA	Stem_progenitor	NA	NA	NA	NA	NA	NA	NA	NA	NA	NA	NA	NA	NA	NA	NA	CYBA	0.567928438649327	4	1	0.55028255940864	TRUE
LODO	results_final/stage_6A_paired_FAP_gene_LODO_summary.tsv	f1b9fbaa1eeb9683cea41b80d011a93223a831bccc5c41a70a7eb8da45a07006	NA	Stem_progenitor	NA	NA	NA	NA	NA	NA	NA	NA	NA	NA	NA	NA	NA	NA	NA	SLC22A23	-0.468551538332887	4	1	-0.470406428281773	TRUE
LODO	results_final/stage_6A_paired_FAP_gene_LODO_summary.tsv	f1b9fbaa1eeb9683cea41b80d011a93223a831bccc5c41a70a7eb8da45a07006	NA	Stem_progenitor	NA	NA	NA	NA	NA	NA	NA	NA	NA	NA	NA	NA	NA	NA	NA	GPX4	0.735888951027439	4	1	0.754453911653487	TRUE
LODO	results_final/stage_6A_paired_FAP_gene_LODO_summary.tsv	f1b9fbaa1eeb9683cea41b80d011a93223a831bccc5c41a70a7eb8da45a07006	NA	Stem_progenitor	NA	NA	NA	NA	NA	NA	NA	NA	NA	NA	NA	NA	NA	NA	NA	C19orf70	0.897894824453086	4	1	0.864091407657982	TRUE
LODO	results_final/stage_6A_paired_FAP_gene_LODO_summary.tsv	f1b9fbaa1eeb9683cea41b80d011a93223a831bccc5c41a70a7eb8da45a07006	NA	Stem_progenitor	NA	NA	NA	NA	NA	NA	NA	NA	NA	NA	NA	NA	NA	NA	NA	IFT140	0.71976483089009	4	1	0.719111848892448	TRUE
LODO	results_final/stage_6A_paired_FAP_gene_LODO_summary.tsv	f1b9fbaa1eeb9683cea41b80d011a93223a831bccc5c41a70a7eb8da45a07006	NA	Stem_progenitor	NA	NA	NA	NA	NA	NA	NA	NA	NA	NA	NA	NA	NA	NA	NA	AL133523.1	0.910530031681273	4	1	0.889557996156546	TRUE
LODO	results_final/stage_6A_paired_FAP_gene_LODO_summary.tsv	f1b9fbaa1eeb9683cea41b80d011a93223a831bccc5c41a70a7eb8da45a07006	NA	Stem_progenitor	NA	NA	NA	NA	NA	NA	NA	NA	NA	NA	NA	NA	NA	NA	NA	CARMIL3	1.62320958084008	4	1	1.52104957512061	TRUE
LODO	results_final/stage_6A_paired_FAP_gene_LODO_summary.tsv	f1b9fbaa1eeb9683cea41b80d011a93223a831bccc5c41a70a7eb8da45a07006	NA	Stem_progenitor	NA	NA	NA	NA	NA	NA	NA	NA	NA	NA	NA	NA	NA	NA	NA	FAM214A	-0.529818499960185	4	1	-0.525329594514253	TRUE
LODO	results_final/stage_6A_paired_FAP_gene_LODO_summary.tsv	f1b9fbaa1eeb9683cea41b80d011a93223a831bccc5c41a70a7eb8da45a07006	NA	Stem_progenitor	NA	NA	NA	NA	NA	NA	NA	NA	NA	NA	NA	NA	NA	NA	NA	H1F0	0.814695037891244	4	1	0.845824096648241	TRUE
LODO	results_final/stage_6A_paired_FAP_gene_LODO_summary.tsv	f1b9fbaa1eeb9683cea41b80d011a93223a831bccc5c41a70a7eb8da45a07006	NA	Stem_progenitor	NA	NA	NA	NA	NA	NA	NA	NA	NA	NA	NA	NA	NA	NA	NA	LRRC75B	1.0050709131932	4	1	1.03176412568515	TRUE
LODO	results_final/stage_6A_paired_FAP_gene_LODO_summary.tsv	f1b9fbaa1eeb9683cea41b80d011a93223a831bccc5c41a70a7eb8da45a07006	NA	Stem_progenitor	NA	NA	NA	NA	NA	NA	NA	NA	NA	NA	NA	NA	NA	NA	NA	NUDT14	1.19166507935525	4	1	1.24689298998379	TRUE
LODO	results_final/stage_6A_paired_FAP_gene_LODO_summary.tsv	f1b9fbaa1eeb9683cea41b80d011a93223a831bccc5c41a70a7eb8da45a07006	NA	Stem_progenitor	NA	NA	NA	NA	NA	NA	NA	NA	NA	NA	NA	NA	NA	NA	NA	SNED1	0.612538228730402	4	1	0.611163951952461	TRUE
LODO	results_final/stage_6A_paired_FAP_gene_LODO_summary.tsv	f1b9fbaa1eeb9683cea41b80d011a93223a831bccc5c41a70a7eb8da45a07006	NA	Stem_progenitor	NA	NA	NA	NA	NA	NA	NA	NA	NA	NA	NA	NA	NA	NA	NA	VTI1A	-0.595911241508906	4	1	-0.629239513104102	TRUE
LODO	results_final/stage_6A_paired_FAP_gene_LODO_summary.tsv	f1b9fbaa1eeb9683cea41b80d011a93223a831bccc5c41a70a7eb8da45a07006	NA	Stem_progenitor	NA	NA	NA	NA	NA	NA	NA	NA	NA	NA	NA	NA	NA	NA	NA	NFKB2	0.927235162286197	4	1	0.9479851761072	TRUE
LODO	results_final/stage_6A_paired_FAP_gene_LODO_summary.tsv	f1b9fbaa1eeb9683cea41b80d011a93223a831bccc5c41a70a7eb8da45a07006	NA	Stem_progenitor	NA	NA	NA	NA	NA	NA	NA	NA	NA	NA	NA	NA	NA	NA	NA	PALLD	-0.710175884523328	4	1	-0.756660541053952	TRUE
LODO	results_final/stage_6A_paired_FAP_gene_LODO_summary.tsv	f1b9fbaa1eeb9683cea41b80d011a93223a831bccc5c41a70a7eb8da45a07006	NA	Stem_progenitor	NA	NA	NA	NA	NA	NA	NA	NA	NA	NA	NA	NA	NA	NA	NA	PRRC2A	0.60390608569186	4	1	0.596873342437836	TRUE
LODO	results_final/stage_6A_paired_FAP_gene_LODO_summary.tsv	f1b9fbaa1eeb9683cea41b80d011a93223a831bccc5c41a70a7eb8da45a07006	NA	Stem_progenitor	NA	NA	NA	NA	NA	NA	NA	NA	NA	NA	NA	NA	NA	NA	NA	AATBC	1.82809983362679	4	1	1.84652341484718	TRUE
LODO	results_final/stage_6A_paired_FAP_gene_LODO_summary.tsv	f1b9fbaa1eeb9683cea41b80d011a93223a831bccc5c41a70a7eb8da45a07006	NA	Stem_progenitor	NA	NA	NA	NA	NA	NA	NA	NA	NA	NA	NA	NA	NA	NA	NA	AC124067.4	1.16968679650111	4	1	1.15684362497557	TRUE
LODO	results_final/stage_6A_paired_FAP_gene_LODO_summary.tsv	f1b9fbaa1eeb9683cea41b80d011a93223a831bccc5c41a70a7eb8da45a07006	NA	Stem_progenitor	NA	NA	NA	NA	NA	NA	NA	NA	NA	NA	NA	NA	NA	NA	NA	DENND5B	-0.580447591834132	4	1	-0.596198417234523	TRUE
LODO	results_final/stage_6A_paired_FAP_gene_LODO_summary.tsv	f1b9fbaa1eeb9683cea41b80d011a93223a831bccc5c41a70a7eb8da45a07006	NA	Stem_progenitor	NA	NA	NA	NA	NA	NA	NA	NA	NA	NA	NA	NA	NA	NA	NA	PLCE1	-0.615505095887634	4	1	-0.666269091574697	TRUE
LODO	results_final/stage_6A_paired_FAP_gene_LODO_summary.tsv	f1b9fbaa1eeb9683cea41b80d011a93223a831bccc5c41a70a7eb8da45a07006	NA	Stem_progenitor	NA	NA	NA	NA	NA	NA	NA	NA	NA	NA	NA	NA	NA	NA	NA	SULT1A2	-1.24124276447474	4	1	-1.16386310036114	TRUE
LODO	results_final/stage_6A_paired_FAP_gene_LODO_summary.tsv	f1b9fbaa1eeb9683cea41b80d011a93223a831bccc5c41a70a7eb8da45a07006	NA	Stem_progenitor	NA	NA	NA	NA	NA	NA	NA	NA	NA	NA	NA	NA	NA	NA	NA	APOOL	-0.634586564513903	4	1	-0.620507496784518	TRUE
LODO	results_final/stage_6A_paired_FAP_gene_LODO_summary.tsv	f1b9fbaa1eeb9683cea41b80d011a93223a831bccc5c41a70a7eb8da45a07006	NA	Stem_progenitor	NA	NA	NA	NA	NA	NA	NA	NA	NA	NA	NA	NA	NA	NA	NA	EVA1C	-0.601444952340046	4	1	-0.581799564733789	TRUE
LODO	results_final/stage_6A_paired_FAP_gene_LODO_summary.tsv	f1b9fbaa1eeb9683cea41b80d011a93223a831bccc5c41a70a7eb8da45a07006	NA	Stem_progenitor	NA	NA	NA	NA	NA	NA	NA	NA	NA	NA	NA	NA	NA	NA	NA	ARID5A	1.20896972712356	4	1	1.16463657443557	TRUE
LODO	results_final/stage_6A_paired_FAP_gene_LODO_summary.tsv	f1b9fbaa1eeb9683cea41b80d011a93223a831bccc5c41a70a7eb8da45a07006	NA	Stem_progenitor	NA	NA	NA	NA	NA	NA	NA	NA	NA	NA	NA	NA	NA	NA	NA	EPB41L3	-1.58598492498976	4	1	-1.53754728729599	TRUE
LODO	results_final/stage_6A_paired_FAP_gene_LODO_summary.tsv	f1b9fbaa1eeb9683cea41b80d011a93223a831bccc5c41a70a7eb8da45a07006	NA	Stem_progenitor	NA	NA	NA	NA	NA	NA	NA	NA	NA	NA	NA	NA	NA	NA	NA	SHISA5	0.858305770968799	4	1	0.875798485687	TRUE
LODO	results_final/stage_6A_paired_FAP_gene_LODO_summary.tsv	f1b9fbaa1eeb9683cea41b80d011a93223a831bccc5c41a70a7eb8da45a07006	NA	Stem_progenitor	NA	NA	NA	NA	NA	NA	NA	NA	NA	NA	NA	NA	NA	NA	NA	ST3GAL5	1.16977055787351	4	1	1.06658496863659	TRUE
LODO	results_final/stage_6A_paired_FAP_gene_LODO_summary.tsv	f1b9fbaa1eeb9683cea41b80d011a93223a831bccc5c41a70a7eb8da45a07006	NA	Stem_progenitor	NA	NA	NA	NA	NA	NA	NA	NA	NA	NA	NA	NA	NA	NA	NA	TPD52L2	0.629571856795249	4	1	0.6466651681342	TRUE
LODO	results_final/stage_6A_paired_FAP_gene_LODO_summary.tsv	f1b9fbaa1eeb9683cea41b80d011a93223a831bccc5c41a70a7eb8da45a07006	NA	Stem_progenitor	NA	NA	NA	NA	NA	NA	NA	NA	NA	NA	NA	NA	NA	NA	NA	INAFM1	0.995945483346458	4	1	0.984569142850219	TRUE
LODO	results_final/stage_6A_paired_FAP_gene_LODO_summary.tsv	f1b9fbaa1eeb9683cea41b80d011a93223a831bccc5c41a70a7eb8da45a07006	NA	Stem_progenitor	NA	NA	NA	NA	NA	NA	NA	NA	NA	NA	NA	NA	NA	NA	NA	NCAM2	-1.87319776417431	4	1	-2.07229128109651	TRUE
LODO	results_final/stage_6A_paired_FAP_gene_LODO_summary.tsv	f1b9fbaa1eeb9683cea41b80d011a93223a831bccc5c41a70a7eb8da45a07006	NA	Stem_progenitor	NA	NA	NA	NA	NA	NA	NA	NA	NA	NA	NA	NA	NA	NA	NA	DPT	-1.5568656443388	2	1	-1.6597187993174	TRUE
LODO	results_final/stage_6A_paired_FAP_gene_LODO_summary.tsv	f1b9fbaa1eeb9683cea41b80d011a93223a831bccc5c41a70a7eb8da45a07006	NA	Stem_progenitor	NA	NA	NA	NA	NA	NA	NA	NA	NA	NA	NA	NA	NA	NA	NA	NAALADL2	-0.545255717937994	4	1	-0.565321510505012	TRUE
LODO	results_final/stage_6A_paired_FAP_gene_LODO_summary.tsv	f1b9fbaa1eeb9683cea41b80d011a93223a831bccc5c41a70a7eb8da45a07006	NA	Stem_progenitor	NA	NA	NA	NA	NA	NA	NA	NA	NA	NA	NA	NA	NA	NA	NA	PUF60	0.829493698244477	4	1	0.831167365980139	TRUE
LODO	results_final/stage_6A_paired_FAP_gene_LODO_summary.tsv	f1b9fbaa1eeb9683cea41b80d011a93223a831bccc5c41a70a7eb8da45a07006	NA	Stem_progenitor	NA	NA	NA	NA	NA	NA	NA	NA	NA	NA	NA	NA	NA	NA	NA	ABCD3	-0.52907832716405	4	1	-0.521997508775052	TRUE
LODO	results_final/stage_6A_paired_FAP_gene_LODO_summary.tsv	f1b9fbaa1eeb9683cea41b80d011a93223a831bccc5c41a70a7eb8da45a07006	NA	Stem_progenitor	NA	NA	NA	NA	NA	NA	NA	NA	NA	NA	NA	NA	NA	NA	NA	AP001157.1	-1.11308949737328	4	1	-1.12035952070775	TRUE
LODO	results_final/stage_6A_paired_FAP_gene_LODO_summary.tsv	f1b9fbaa1eeb9683cea41b80d011a93223a831bccc5c41a70a7eb8da45a07006	NA	Stem_progenitor	NA	NA	NA	NA	NA	NA	NA	NA	NA	NA	NA	NA	NA	NA	NA	ATP13A4	-1.46964574600069	4	1	-1.53145273039245	TRUE
LODO	results_final/stage_6A_paired_FAP_gene_LODO_summary.tsv	f1b9fbaa1eeb9683cea41b80d011a93223a831bccc5c41a70a7eb8da45a07006	NA	Stem_progenitor	NA	NA	NA	NA	NA	NA	NA	NA	NA	NA	NA	NA	NA	NA	NA	CLYBL	-0.464180003492066	4	1	-0.470758796517294	TRUE
LODO	results_final/stage_6A_paired_FAP_gene_LODO_summary.tsv	f1b9fbaa1eeb9683cea41b80d011a93223a831bccc5c41a70a7eb8da45a07006	NA	Stem_progenitor	NA	NA	NA	NA	NA	NA	NA	NA	NA	NA	NA	NA	NA	NA	NA	AC034195.1	-0.871444249569164	4	1	-0.917585842571679	TRUE
LODO	results_final/stage_6A_paired_FAP_gene_LODO_summary.tsv	f1b9fbaa1eeb9683cea41b80d011a93223a831bccc5c41a70a7eb8da45a07006	NA	Stem_progenitor	NA	NA	NA	NA	NA	NA	NA	NA	NA	NA	NA	NA	NA	NA	NA	AC090791.1	-1.07227591832744	4	1	-1.06576817402025	TRUE
LODO	results_final/stage_6A_paired_FAP_gene_LODO_summary.tsv	f1b9fbaa1eeb9683cea41b80d011a93223a831bccc5c41a70a7eb8da45a07006	NA	Stem_progenitor	NA	NA	NA	NA	NA	NA	NA	NA	NA	NA	NA	NA	NA	NA	NA	EXOC6B	-0.463472353919278	4	1	-0.489730684674784	TRUE
LODO	results_final/stage_6A_paired_FAP_gene_LODO_summary.tsv	f1b9fbaa1eeb9683cea41b80d011a93223a831bccc5c41a70a7eb8da45a07006	NA	Stem_progenitor	NA	NA	NA	NA	NA	NA	NA	NA	NA	NA	NA	NA	NA	NA	NA	GPR108	1.26642900295037	4	1	1.27856824769505	TRUE
LODO	results_final/stage_6A_paired_FAP_gene_LODO_summary.tsv	f1b9fbaa1eeb9683cea41b80d011a93223a831bccc5c41a70a7eb8da45a07006	NA	Stem_progenitor	NA	NA	NA	NA	NA	NA	NA	NA	NA	NA	NA	NA	NA	NA	NA	HDAC10	0.948134702265999	4	1	0.989377918447156	TRUE
LODO	results_final/stage_6A_paired_FAP_gene_LODO_summary.tsv	f1b9fbaa1eeb9683cea41b80d011a93223a831bccc5c41a70a7eb8da45a07006	NA	Stem_progenitor	NA	NA	NA	NA	NA	NA	NA	NA	NA	NA	NA	NA	NA	NA	NA	HOXD3	-1.76938952746823	4	1	-1.73529185719483	TRUE
LODO	results_final/stage_6A_paired_FAP_gene_LODO_summary.tsv	f1b9fbaa1eeb9683cea41b80d011a93223a831bccc5c41a70a7eb8da45a07006	NA	Stem_progenitor	NA	NA	NA	NA	NA	NA	NA	NA	NA	NA	NA	NA	NA	NA	NA	LCORL	-0.51850904282974	4	1	-0.493338162323597	TRUE
LODO	results_final/stage_6A_paired_FAP_gene_LODO_summary.tsv	f1b9fbaa1eeb9683cea41b80d011a93223a831bccc5c41a70a7eb8da45a07006	NA	Stem_progenitor	NA	NA	NA	NA	NA	NA	NA	NA	NA	NA	NA	NA	NA	NA	NA	PCDH7	-1.30869487711032	4	1	-1.44246702206033	TRUE
LODO	results_final/stage_6A_paired_FAP_gene_LODO_summary.tsv	f1b9fbaa1eeb9683cea41b80d011a93223a831bccc5c41a70a7eb8da45a07006	NA	Stem_progenitor	NA	NA	NA	NA	NA	NA	NA	NA	NA	NA	NA	NA	NA	NA	NA	SRGAP2C	-1.46549716539271	3	1	-1.64406662955569	TRUE
LODO	results_final/stage_6A_paired_FAP_gene_LODO_summary.tsv	f1b9fbaa1eeb9683cea41b80d011a93223a831bccc5c41a70a7eb8da45a07006	NA	Stem_progenitor	NA	NA	NA	NA	NA	NA	NA	NA	NA	NA	NA	NA	NA	NA	NA	WDR34	0.946663686962711	4	1	1.04042632877248	TRUE
